Season,Section,Date,Home,Score,Away,Stadium,Home_Goals,Away_Goals,Home_Rest_Days,Away_Rest_Days,Away_Travel_Distance_km,Home_Formation,Away_Formation,Home_Current_Rank,Away_Current_Rank,Rank_Diff,Home_Rank_Delta_3,Away_Rank_Delta_3,Home_Elo_Before,Away_Elo_Before,Elo_Diff,Home_Market_Value,Away_Market_Value,Market_Value_Diff,Home_Manager_Tenure,Away_Manager_Tenure,Home_Current_Points,Away_Current_Points,Home_Rolling_Points_5,Away_Rolling_Points_5,Home_Rolling_xG,Away_Rolling_xG,Home_AGI,Home_KAGI,Away_AGI,Away_KAGI,H2H_Score_Avg,Capacity,Goal_Diff,Match_Result,Home_Prev_Total Shots,Home_Prev_Shots on Target,Home_Prev_Total Shots Against,Home_Prev_Total Goals,Home_Prev_Total Goals Against,Home_Prev_Clean Sheets,Home_Prev_Total Passes,Home_Prev_Total Dribbles,Home_Prev_Total Through Passes,Home_Prev_Total Crosses,Home_Prev_Total Clearances,Home_Prev_Total Tackles,Home_Prev_Total Blocks,Home_Prev_Total Fouls,Home_Prev_Total Interceptions,Home_Prev_Aerial Duels Won,Home_Prev_Yellow Cards,Home_Prev_Red Cards,Home_Prev_Average Possession,Home_Prev_Chances Created,Home_Prev_Duels Won,Home_Prev_Recoveries,Home_Prev_Expected Goals,Home_Prev_Expected Goals Against,Home_Prev_Avg Distance Covered,Home_Prev_Avg Sprints,Home_Prev_Distance Covered (In Possession),Home_Prev_Sprints (In Possession),Home_Prev_Distance Covered (Out of Possession),Home_Prev_Sprints (Out of Possession),Away_Prev_Total Shots,Away_Prev_Shots on Target,Away_Prev_Total Shots Against,Away_Prev_Total Goals,Away_Prev_Total Goals Against,Away_Prev_Clean Sheets,Away_Prev_Total Passes,Away_Prev_Total Dribbles,Away_Prev_Total Through Passes,Away_Prev_Total Crosses,Away_Prev_Total Clearances,Away_Prev_Total Tackles,Away_Prev_Total Blocks,Away_Prev_Total Fouls,Away_Prev_Total Interceptions,Away_Prev_Aerial Duels Won,Away_Prev_Yellow Cards,Away_Prev_Red Cards,Away_Prev_Average Possession,Away_Prev_Chances Created,Away_Prev_Duels Won,Away_Prev_Recoveries,Away_Prev_Expected Goals,Away_Prev_Expected Goals Against,Away_Prev_Avg Distance Covered,Away_Prev_Avg Sprints,Away_Prev_Distance Covered (In Possession),Away_Prev_Sprints (In Possession),Away_Prev_Distance Covered (Out of Possession),Away_Prev_Sprints (Out of Possession),is_Mirror_Game,Home_DF_count,Home_MF_count,Home_FW_count,Away_DF_count,Away_MF_count,Away_FW_count,Home_Midfield_Advantage,Defense_Margin_Home,Defense_Margin_Away,Backline_Matchup,Home_Prev_Goal PK,Home_Prev_Goal Direct Set Piece,Home_Prev_Goal Indirect Set Piece,Home_Prev_Goal Cross,Home_Prev_Goal Through Pass,Home_Prev_Goal from pass within 30m,Home_Prev_Goal from pass farther than 30m,Home_Prev_Goal from Dribble,Home_Prev_Goal from Ball Lost,Home_Prev_Goal Other,Home_Prev_Set-piece Index,Home_Prev_Left Attack Index,Home_Prev_Center Attack Index,Home_Prev_Right Attack Index,Home_Prev_Short Counter,Home_Prev_Long Counter,Home_Prev_Opponent Area Possession,Home_Prev_My Area Possession,Away_Prev_Goal PK,Away_Prev_Goal Direct Set Piece,Away_Prev_Goal Indirect Set Piece,Away_Prev_Goal Cross,Away_Prev_Goal Through Pass,Away_Prev_Goal from pass within 30m,Away_Prev_Goal from pass farther than 30m,Away_Prev_Goal from Dribble,Away_Prev_Goal from Ball Lost,Away_Prev_Goal Other,Away_Prev_Set-piece Index,Away_Prev_Left Attack Index,Away_Prev_Center Attack Index,Away_Prev_Right Attack Index,Away_Prev_Short Counter,Away_Prev_Long Counter,Away_Prev_Opponent Area Possession,Away_Prev_My Area Possession,Home_Season_Progress,Home_Urgency_Score,Away_Season_Progress,Away_Urgency_Score,Backline_Matchup_3_vs_3,Backline_Matchup_3_vs_4,Backline_Matchup_4_vs_3,Backline_Matchup_4_vs_4,Home_Formation_3-1-4-2,Home_Formation_3-3-2-2,Home_Formation_3-4-2-1,Home_Formation_4-1-2-3,Home_Formation_4-2-1-3,Home_Formation_4-2-3-1,Home_Formation_4-4-2,Away_Formation_3-1-4-2,Away_Formation_3-3-2-2,Away_Formation_3-4-2-1,Away_Formation_4-1-2-3,Away_Formation_4-2-1-3,Away_Formation_4-2-3-1,Away_Formation_4-4-2,season,league,competition,category,section,match_date,kickoff_time,home_team,away_team,status,match_id,feature_as_of,season_key,feature_snapshot_source
2026_27,1,2026-08-07,y-fm,0-0,kasm,Ajinomoto Stadium,0,0,6.0,7.0,289.2,4-2-3-1,4-4-2,6.0,4.0,2.0,0.0,0.0,1553.7084627416564,1555.0464607669046,-1.3379980252482255,14.1,21.43,-7.33,0.0,88.0,24.0,32.0,7.0,8.0,1.416,2.945,42.2,48.6,51.4,57.8,0.0,0.0,0,0,15.705882352941176,5.205882352941177,12.676470588235292,2.0294117647058822,1.1764705882352942,0.2647058823529412,607.2647058823529,11.852941176470589,17.205882352941178,18.294117647058822,18.647058823529413,16.973684210526315,19.11764705882353,11.842105263157896,1.5294117647058822,11.078947368421051,1.1842105263157894,0.0789473684210526,57.9,14.882352941176473,15.921052631578949,33.026315789473685,1.8088235294117647,1.3558823529411763,118.0,184.0,48.0,89.0,44.0,90.0,12.941176470588236,4.176470588235294,11.147058823529411,1.5789473684210529,1.0789473684210529,0.3947368421052631,424.11764705882354,10.852941176470589,12.264705882352942,15.078947368421051,21.91176470588235,18.68421052631579,19.97058823529412,11.894736842105264,2.0,18.81578947368421,1.411764705882353,0.0588235294117647,50.1,11.5,17.36842105263158,33.55263157894737,1.2868421052631578,1.2078947368421051,112.0,167.0,40.0,80.0,45.0,86.0,0.0,4.0,3.0,3.0,4.0,4.0,2.0,-1.0,2.0,2.0,4_vs_4,0.0,0.0,0.0,0.0,0.0,0.0,0.0,0.0,0.0,0.0,0.0,0.0,0.0,0.0,0.0,0.0,0.0,0.0,0.0789473684210526,0.0,0.3823529411764705,0.2941176470588235,0.088235294117647,0.2631578947368421,0.0294117647058823,0.0588235294117647,0.1764705882352941,0.088235294117647,50.0,48.0,58.0,56.0,54.0,62.0,50.0,40.0,0.5,0.0339335180055401,0.5,0.0348904267589388,0,0,0,0,0,0,0,0,0,0,0,0,0,0,0,0,0,0,2026_27,J1,明治安田J1リーグ,j1,1.0,2026-08-07,19:25,y-fm,kasm,unplayed,2026_27-j1-1-y-fm-vs-kasm,20260812_074327,2026_27_j1,weekly_prediction_snapshot
2026_27,1,2026-08-07,g-os,0-0,uraw,Ajinomoto Stadium,0,0,7.0,7.0,234.7,4-2-3-1,4-1-2-3,12.0,8.0,4.0,0.0,0.0,1484.87429753502,1527.74338246438,-42.869084929359815,15.35,14.0,1.3499999999999996,93.0,99.0,20.0,25.0,5.0,7.0,1.038,2.553,57.9,28.6,71.4,42.1,0.0,0.0,0,0,12.763157894736842,4.088235294117647,14.911764705882351,1.1176470588235294,1.2894736842105263,0.3421052631578947,473.8157894736842,9.470588235294118,10.794117647058824,13.058823529411764,23.029411764705884,17.13157894736842,20.289473684210527,11.558823529411764,1.7941176470588236,17.676470588235293,1.0526315789473684,0.0294117647058823,48.1,11.176470588235292,16.91176470588235,31.789473684210527,1.2352941176470589,1.576470588235294,113.0,157.0,38.0,67.0,50.0,83.0,12.029411764705882,3.941176470588235,12.578947368421051,1.2647058823529411,1.1470588235294117,0.3157894736842105,486.5,9.973684210526317,13.205882352941176,12.86842105263158,20.91176470588235,17.735294117647058,19.23529411764705,10.105263157894736,1.763157894736842,13.894736842105264,1.105263157894737,0.0294117647058823,52.7,10.558823529411764,16.81578947368421,30.47058823529412,1.363157894736842,1.1823529411764706,111.0,163.0,39.0,78.0,45.0,83.0,0.0,4.0,4.0,2.0,4.0,5.0,1.0,-1.0,2.0,2.0,4_vs_4,0.131578947368421,0.0263157894736842,0.2631578947368421,0.1764705882352941,0.0588235294117647,0.1764705882352941,0.0263157894736842,0.1470588235294117,0.1470588235294117,0.0294117647058823,41.0,45.0,49.0,49.0,43.0,47.0,55.0,47.0,0.1842105263157894,0.0294117647058823,0.2352941176470588,0.2352941176470588,0.1176470588235294,0.2368421052631578,0.0263157894736842,0.0526315789473684,0.1470588235294117,0.0263157894736842,46.0,43.0,52.0,42.0,42.0,45.0,53.0,63.0,0.5,0.0373961218836565,0.5,0.0208333333333333,0,0,0,0,0,0,0,0,0,0,0,0,0,0,0,0,0,0,2026_27,J1,明治安田J1リーグ,j1,1.0,2026-08-07,19:30,g-os,uraw,unplayed,2026_27-j1-1-g-os-vs-uraw,20260812_074327,2026_27_j1,weekly_prediction_snapshot
2026_27,1,2026-08-08,kasw,0-0,mito,Ajinomoto Stadium,0,0,6.0,5.5,357.7,3-4-2-1,3-4-2-1,10.0,8.0,2.0,0.0,0.0,1475.6111733703474,1490.2875056389225,-14.676332268575152,17.85,10.8,7.050000000000001,101.0,80.0,19.0,7.5,6.0,4.0,1.09,1.947,46.0,57.2,42.8,54.0,0.0,0.0,0,0,12.552631578947368,4.0588235294117645,11.382352941176473,1.0263157894736843,1.3529411764705883,0.2105263157894736,422.1315789473685,9.941176470588236,13.263157894736842,14.588235294117649,22.647058823529413,17.794117647058822,19.92105263157895,12.676470588235292,1.7352941176470589,16.441176470588236,1.588235294117647,0.0526315789473684,46.0,11.473684210526317,15.205882352941176,32.44117647058823,1.2289473684210528,1.181578947368421,113.0,163.0,39.0,80.0,47.0,82.0,10.6,3.1,11.25,0.95,1.8,0.1,427.6,10.8,11.647058823529411,11.3,19.55,14.4,18.6,10.15,1.6,13.3,1.55,0.3,2.54,8.3,14.15,30.25,0.975,1.33,5.9,6.35,35.0,64.0,38.0,72.0,0.0,3.0,5.0,2.0,4.0,4.0,2.0,1.0,2.0,2.0,3_vs_3,0.0526315789473684,0.0,0.1842105263157894,0.2105263157894736,0.2058823529411764,0.1842105263157894,0.0588235294117647,0.0588235294117647,0.1764705882352941,0.0588235294117647,50.0,43.0,54.0,45.0,55.0,63.0,43.0,43.0,0.0526315789473684,0.0,0.2105263157894736,0.2105263157894736,0.0588235294117647,0.1842105263157894,0.0,0.0588235294117647,0.1052631578947368,0.0294117647058823,45.0,44.0,47.0,44.0,45.0,44.5,44.0,44.0,0.5,0.0292387543252595,0.4,0.00721153846153845,0,0,0,0,0,0,0,0,0,0,0,0,0,0,0,0,0,0,2026_27,J1,明治安田J1リーグ,j1,1.0,2026-08-08,19:00,kasw,mito,unplayed,2026_27-j1-1-kasw-vs-mito,20260812_074327,2026_27_j1,weekly_prediction_snapshot
2026_27,1,2026-08-08,FCtk,0-0,mcd,Ajinomoto Stadium,0,0,7.0,7.0,145.05,4-4-2,3-4-2-1,9.0,3.0,6.0,0.0,0.0,1502.9687564818937,1541.9609084585081,-38.99215197661442,17.15,18.4,-1.25,0.0,0.0,22.0,24.5,6.0,8.0,0.998,1.924,41.1,46.9,53.1,58.9,0.0,0.0,0,0,0.0,0.0,0.0,0.0,0.0,0.0,0.0,0.0,0.0,0.0,0.0,0.0,0.0,0.0,0.0,0.0,0.0,0.0,0.0,0.0,0.0,0.0,0.0,0.0,0.0,0.0,0.0,0.0,0.0,0.0,11.1,3.263157894736842,10.842105263157896,1.25,0.8947368421052632,0.35,328.63157894736844,11.45,5.25,11.2,17.15,15.31578947368421,17.026315789473685,9.95,1.2,12.8,1.15,0.05,2.26,8.4,17.15,28.7,1.11,0.9605263157894736,5.9,5.65,14.0,31.0,18.0,31.5,0.0,4.0,3.0,3.0,3.0,6.0,1.0,-1.0,2.0,2.0,4_vs_3,0.0,0.0,0.0,0.0,0.0,0.0,0.0,0.0,0.0,0.0,0.0,0.0,0.0,0.0,0.0,0.0,0.0,0.0,0.0,0.0,0.0,0.0,0.0,0.0,0.0,0.0,0.0,0.0,0.0,0.0,0.0,0.0,0.0,0.0,0.0,0.0,0.5,0.0249307479224376,0.475,0.03670329670329665,0,0,0,0,0,0,0,0,0,0,0,0,0,0,0,0,0,0,2026_27,J1,明治安田J1リーグ,j1,1.0,2026-08-08,19:00,FCtk,mcd,unplayed,2026_27-j1-1-FCtk-vs-mcd,20260812_074327,2026_27_j1,weekly_prediction_snapshot
2026_27,1,2026-08-08,nago,0-0,shim,Ajinomoto Stadium,0,0,7.0,7.0,222.2,3-4-2-1,4-1-2-3,8.0,13.0,-5.0,0.0,0.0,1521.2102994510724,1478.0354137476809,43.17488570339151,13.35,13.83,-0.4800000000000004,114.0,85.0,26.0,16.0,7.0,4.0,1.037,1.52,65.3,42.5,57.5,34.7,0.0,0.0,0,0,11.205882352941176,3.8947368421052633,11.735294117647058,1.1578947368421053,1.0294117647058822,0.3823529411764705,403.1764705882353,11.676470588235292,10.705882352941176,13.441176470588236,21.647058823529413,18.58823529411765,18.94117647058824,10.176470588235292,1.7941176470588236,14.763157894736842,1.0,0.0588235294117647,46.2,8.973684210526315,17.294117647058822,30.289473684210527,1.1823529411764706,1.1176470588235294,114.0,155.0,39.0,74.0,48.0,79.0,11.342105263157896,3.5,12.0,0.9736842105263158,1.4210526315789471,0.1176470588235294,407.60526315789474,9.157894736842104,8.421052631578947,13.342105263157896,21.47058823529412,15.263157894736842,19.07894736842105,8.894736842105264,1.9705882352941173,12.176470588235292,0.631578947368421,0.0263157894736842,43.5,8.973684210526315,14.052631578947368,29.44736842105263,1.0578947368421054,1.0842105263157895,113.0,156.0,39.0,71.0,49.0,83.0,0.0,3.0,6.0,1.0,4.0,4.0,2.0,1.0,2.0,2.0,3_vs_4,0.0588235294117647,0.0294117647058823,0.2647058823529412,0.2058823529411764,0.0294117647058823,0.1842105263157894,0.0,0.1052631578947368,0.1470588235294117,0.0526315789473684,51.0,50.0,38.0,45.0,47.0,44.0,43.0,46.0,0.0,0.0,0.3421052631578947,0.2105263157894736,0.0,0.131578947368421,0.0,0.0526315789473684,0.088235294117647,0.088235294117647,35.0,34.0,47.0,47.0,36.0,44.0,42.0,53.0,0.4736842105263157,0.028365650969529,0.45,0.032,0,0,0,0,0,0,0,0,0,0,0,0,0,0,0,0,0,0,2026_27,J1,明治安田J1リーグ,j1,1.0,2026-08-08,19:00,nago,shim,unplayed,2026_27-j1-1-nago-vs-shim,20260812_074327,2026_27_j1,weekly_prediction_snapshot
2026_27,1,2026-08-08,c-os,0-0,okay,Ajinomoto Stadium,0,0,7.0,6.0,0.0,3-4-2-1,3-4-2-1,7.0,9.0,-2.0,0.0,1.0,1510.635587565086,1494.8528330726735,15.78275449241255,12.5,10.48,2.0199999999999996,99.0,127.0,23.0,18.0,7.0,6.0,0.595,2.493,39.0,36.8,63.2,61.0,0.0,0.0,0,0,13.394736842105264,3.868421052631579,12.18421052631579,1.236842105263158,1.1764705882352942,0.2894736842105263,455.8157894736842,10.823529411764708,11.105263157894736,15.289473684210526,20.5,15.5,18.38235294117647,9.157894736842104,1.605263157894737,13.941176470588236,0.7368421052631579,0.0294117647058823,50.4,10.763157894736842,15.441176470588236,31.88235294117647,1.258823529411765,1.1973684210526316,114.0,129.0,41.0,62.0,48.0,66.0,0.0,0.0,0.0,0.0,0.0,0.0,0.0,0.0,0.0,0.0,0.0,0.0,0.0,0.0,0.0,0.0,0.0,0.0,0.0,0.0,0.0,0.0,0.0,0.0,0.0,0.0,0.0,0.0,0.0,0.0,0.0,4.0,4.0,2.0,3.0,6.0,1.0,-1.0,2.0,2.0,3_vs_3,0.088235294117647,0.0,0.2894736842105263,0.2894736842105263,0.0526315789473684,0.2368421052631578,0.0294117647058823,0.0789473684210526,0.088235294117647,0.0588235294117647,56.0,45.0,45.0,49.0,46.0,44.0,50.0,55.0,0.0,0.0,0.0,0.0,0.0,0.0,0.0,0.0,0.0,0.0,0.0,0.0,0.0,0.0,0.0,0.0,0.0,0.0,0.5,0.0280470914127423,0.5,0.0225,0,0,0,0,0,0,0,0,0,0,0,0,0,0,0,0,0,0,2026_27,J1,明治安田J1リーグ,j1,1.0,2026-08-08,19:00,c-os,okay,unplayed,2026_27-j1-1-c-os-vs-okay,20260812_074327,2026_27_j1,weekly_prediction_snapshot
2026_27,1,2026-08-08,fuku,0-0,kobe,Ajinomoto Stadium,0,0,7.0,7.0,412.8,3-4-2-1,4-1-2-3,10.0,4.0,6.0,0.0,0.0,1502.0577783078763,1568.9211136856622,-66.86333537778592,12.03,16.6,-4.570000000000002,113.0,96.0,19.0,27.0,5.0,9.0,0.769,1.011,50.0,48.1,51.9,50.0,0.0,0.0,0,0,10.5,3.176470588235294,11.157894736842104,0.868421052631579,1.0,0.3235294117647059,336.8684210526316,10.529411764705882,9.657894736842104,14.052631578947368,24.61764705882353,19.529411764705884,18.44117647058824,13.058823529411764,1.6176470588235294,18.61764705882353,1.4411764705882353,0.0263157894736842,42.7,8.368421052631579,17.5,32.28947368421053,1.0558823529411765,1.0323529411764707,109.0,120.0,26.0,52.0,38.0,67.0,12.411764705882351,4.176470588235294,11.852941176470589,1.605263157894737,0.9473684210526316,0.3421052631578947,518.9411764705883,11.470588235294118,12.411764705882351,14.235294117647058,21.86842105263158,16.794117647058822,18.473684210526315,9.911764705882351,2.210526315789474,16.92105263157895,0.9736842105263158,0.0294117647058823,53.7,11.382352941176473,16.605263157894736,31.94117647058824,1.3941176470588237,1.1088235294117648,113.0,163.0,42.0,70.0,44.0,88.0,0.0,3.0,6.0,1.0,4.0,3.0,3.0,0.0,2.0,2.0,3_vs_4,0.0526315789473684,0.0263157894736842,0.2105263157894736,0.2105263157894736,0.0263157894736842,0.2058823529411764,0.0,0.0263157894736842,0.0789473684210526,0.0263157894736842,42.0,45.0,44.0,47.0,54.0,51.0,40.0,34.0,0.0789473684210526,0.0263157894736842,0.2941176470588235,0.3823529411764705,0.1052631578947368,0.2105263157894736,0.0789473684210526,0.0789473684210526,0.1052631578947368,0.0294117647058823,57.0,56.0,47.0,43.0,45.0,39.0,54.0,61.0,0.45,0.0218144044321329,0.4736842105263157,0.0423875432525951,0,0,0,0,0,0,0,0,0,0,0,0,0,0,0,0,0,0,2026_27,J1,明治安田J1リーグ,j1,1.0,2026-08-08,19:00,fuku,kobe,unplayed,2026_27-j1-1-fuku-vs-kobe,20260812_074327,2026_27_j1,weekly_prediction_snapshot
2026_27,1,2026-08-08,hiro,0-0,chib,Ajinomoto Stadium,0,0,7.0,6.5,357.7,3-4-2-1,3-4-2-1,6.0,9.5,-3.5,0.0,0.0,1537.0103290322477,1468.4504174736203,68.55991155862739,19.05,13.3,5.75,113.0,80.0,26.0,9.0,7.0,3.5,2.689,0.481,56.8,67.6,32.4,43.2,0.0,0.0,0,0,14.705882352941176,4.676470588235294,10.921052631578949,1.3529411764705883,1.105263157894737,0.3235294117647059,481.1470588235294,10.470588235294118,14.705882352941176,16.764705882352942,18.352941176470587,18.657894736842103,18.647058823529413,11.794117647058824,1.7352941176470589,16.86842105263158,0.9117647058823528,0.0294117647058823,49.5,13.117647058823527,18.176470588235293,33.3235294117647,1.4088235294117646,1.068421052631579,112.0,164.0,40.0,76.0,46.0,87.0,10.75,3.45,15.65,1.0,1.65,0.1,394.6,11.1,11.647058823529411,11.6,27.0,15.85,16.7,11.35,1.7,13.6,1.55,0.05,2.355,7.95,15.1,28.35,1.135,1.65,5.95,6.05,35.0,64.0,38.0,72.0,0.0,3.0,6.0,1.0,4.0,4.0,2.0,1.0,2.0,2.0,3_vs_3,0.1052631578947368,0.0526315789473684,0.3421052631578947,0.2941176470588235,0.1764705882352941,0.2352941176470588,0.0526315789473684,0.088235294117647,0.1176470588235294,0.0294117647058823,72.0,60.0,54.0,66.0,74.0,62.0,54.0,41.0,0.0526315789473684,0.0,0.2105263157894736,0.2105263157894736,0.0588235294117647,0.1842105263157894,0.0,0.0588235294117647,0.1052631578947368,0.0294117647058823,45.0,44.0,47.0,44.0,45.0,44.5,44.0,44.0,0.5,0.0223059812160158,0.525,0.0103854166666666,0,0,0,0,0,0,0,0,0,0,0,0,0,0,0,0,0,0,2026_27,J1,明治安田J1リーグ,j1,1.0,2026-08-08,19:15,hiro,chib,unplayed,2026_27-j1-1-hiro-vs-chib,20260812_074327,2026_27_j1,weekly_prediction_snapshot
2026_27,1,2026-08-09,tk-v,0-0,ka-f,Ajinomoto Stadium,0,0,7.0,7.0,233.7,3-4-2-1,4-2-3-1,13.0,6.0,7.0,0.0,0.0,1506.3841338687366,1554.9684351975595,-48.5843013288229,9.33,19.05,-9.72,120.5,127.0,20.0,26.0,7.0,8.0,2.064,1.501,48.6,42.7,57.3,51.3,0.0,0.0,0,0,9.2,2.65,9.8,1.0,1.3,0.3,353.25,8.25,6.052631578947368,10.2,22.1,18.05263157894737,18.710526315789476,11.05,1.4,16.05,1.0,0.0,2.2,7.4,14.3,26.8,0.8400000000000001,1.065,5.95,7.2,15.0,26.5,19.0,33.5,14.657894736842104,4.947368421052632,10.235294117647058,1.911764705882353,1.2352941176470589,0.3235294117647059,578.9705882352941,11.552631578947368,15.68421052631579,13.617647058823527,20.294117647058822,18.94117647058824,20.0,9.794117647058824,2.2058823529411766,13.588235294117649,1.1470588235294117,0.088235294117647,54.9,14.078947368421051,17.5,32.47058823529412,1.6473684210526316,1.052941176470588,111.0,157.0,42.0,70.0,44.0,82.0,0.0,3.0,6.0,1.0,4.0,3.0,3.0,1.0,2.0,2.0,3_vs_4,0.0789473684210526,0.0394736842105263,0.1973684210526315,0.0789473684210526,0.0657894736842105,0.0789473684210526,0.0,0.0789473684210526,0.0394736842105263,0.0131578947368421,22.5,22.5,23.0,19.5,22.5,21.0,22.0,25.0,0.1764705882352941,0.0294117647058823,0.3421052631578947,0.4117647058823529,0.131578947368421,0.3529411764705882,0.0294117647058823,0.088235294117647,0.1764705882352941,0.1176470588235294,51.0,63.0,59.0,53.0,51.0,41.0,73.0,53.0,0.48684210526315785,0.023057390439661853,0.5,0.032840909090909,0,0,0,0,0,0,0,0,0,0,0,0,0,0,0,0,0,0,2026_27,J1,明治安田J1リーグ,j1,1.0,2026-08-09,18:00,tk-v,ka-f,unplayed,2026_27-j1-1-tk-v-vs-ka-f,20260812_074327,2026_27_j1,weekly_prediction_snapshot
2026_27,1,2026-08-09,ngsk,0-0,kyot,Ajinomoto Stadium,0,0,7.0,7.0,367.5,3-4-2-1,4-2-3-1,8.5,12.0,-3.5,0.5,0.0,1486.5869419238666,1487.110875027563,-0.5239331036964359,13.75,14.98,-1.2300000000000004,82.0,110.5,12.0,17.0,4.0,6.0,1.515,0.847,57.0,48.6,51.4,42.9,0.0,0.0,0,0,10.4,3.3,14.25,1.05,1.4,0.2,388.0,9.45,11.647058823529411,9.35,25.9,14.65,19.7,9.45,2.3,15.25,1.1,0.05,2.38,8.4,14.1,31.8,1.175,1.575,5.65,6.7,35.0,64.0,38.0,72.0,11.911764705882351,3.176470588235294,12.823529411764708,1.05,1.3235294117647058,0.2352941176470588,337.52941176470586,10.441176470588236,10.43498452012384,13.5,23.7,17.15,21.15,13.205882352941176,1.3,17.8,1.5263157894736843,0.0789473684210526,46.2,10.0,15.8,33.94117647058823,1.1588235294117646,1.4352941176470588,113.0,133.0,27.0,53.0,36.5,80.0,0.0,3.0,6.0,1.0,4.0,3.0,3.0,0.5,2.0,2.0,3_vs_4,0.0526315789473684,0.0,0.2105263157894736,0.2105263157894736,0.0588235294117647,0.1842105263157894,0.0,0.0588235294117647,0.1052631578947368,0.0294117647058823,45.0,44.0,47.0,44.0,45.0,44.5,44.0,44.0,0.0278637770897832,0.0,0.2376160990712074,0.2105263157894736,0.0704334365325076,0.0588235294117647,0.0,0.0719814241486068,0.1176470588235294,0.0147058823529411,56.0,35.5,54.5,60.0,56.0,46.0,36.0,38.0,0.47500000000000003,0.02306318681318675,0.4705882352941176,0.03751730103806225,0,0,0,0,0,0,0,0,0,0,0,0,0,0,0,0,0,0,2026_27,J1,明治安田J1リーグ,j1,1.0,2026-08-09,19:00,ngsk,kyot,unplayed,2026_27-j1-1-ngsk-vs-kyot,20260812_074327,2026_27_j1,weekly_prediction_snapshot
2026_27,2,2026-08-14,tk-v,0-0,kasw,Ajinomoto Stadium,0,0,7.0,7.0,242.7,3-4-2-1,3-4-2-1,13.0,10.0,3.0,0.0,0.0,1506.3841338687366,1481.948214723065,24.435919145671733,9.33,17.85,-8.520000000000001,120.5,96.0,20.0,19.0,7.0,6.0,2.064,1.09,48.6,42.7,46.0,57.2,0.0,0.0,0,0,9.2,2.65,9.8,1.0,1.3,0.3,353.25,8.25,6.052631578947368,10.2,22.1,18.05263157894737,18.710526315789476,11.05,1.4,16.05,1.0,0.0,2.2,7.4,14.3,26.8,0.8400000000000001,1.065,5.95,7.2,15.0,26.5,19.0,33.5,12.552631578947368,4.0588235294117645,11.382352941176473,1.0263157894736843,1.3529411764705883,0.2105263157894736,422.1315789473685,9.941176470588236,13.263157894736842,14.588235294117649,22.647058823529413,17.794117647058822,19.92105263157895,12.676470588235292,1.7352941176470589,16.441176470588236,1.588235294117647,0.0526315789473684,46.0,11.473684210526317,15.205882352941176,32.44117647058823,1.2289473684210528,1.181578947368421,113.0,163.0,39.0,80.0,47.0,82.0,0.0,3.0,6.0,1.0,3.0,5.0,2.0,1.0,2.0,2.0,3_vs_3,0.0789473684210526,0.0394736842105263,0.1973684210526315,0.0789473684210526,0.0657894736842105,0.0789473684210526,0.0,0.0789473684210526,0.0394736842105263,0.0131578947368421,22.5,22.5,23.0,19.5,22.5,21.0,22.0,25.0,0.0526315789473684,0.0,0.1842105263157894,0.2105263157894736,0.2058823529411764,0.1842105263157894,0.0588235294117647,0.0588235294117647,0.1764705882352941,0.0588235294117647,50.0,43.0,54.0,45.0,55.0,63.0,43.0,43.0,0.48684210526315785,0.023057390439661853,0.4705882352941176,0.0282583621683967,0,0,0,0,0,0,0,0,0,0,0,0,0,0,0,0,0,0,2026_27,J1,明治安田J1リーグ,j1,2.0,2026-08-14,19:00,tk-v,kasw,unplayed,2026_27-j1-2-tk-v-vs-kasw,20260812_074327,2026_27_j1,weekly_prediction_snapshot
2026_27,2,2026-08-15,kasm,0-0,nago,Ajinomoto Stadium,0,0,7.0,7.0,230.3,4-4-2,3-4-2-1,4.0,9.0,-5.0,0.0,0.0,1556.0187819361674,1519.4628165308918,36.55596540527563,21.43,13.35,8.08,86.0,120.0,30.0,25.0,9.0,7.0,2.945,1.037,51.4,57.8,65.3,42.5,0.0,0.0,0,0,12.941176470588236,4.176470588235294,11.147058823529411,1.5789473684210529,1.0789473684210529,0.3947368421052631,424.11764705882354,10.852941176470589,12.264705882352942,15.078947368421051,21.91176470588235,18.68421052631579,19.97058823529412,11.894736842105264,2.0,18.81578947368421,1.411764705882353,0.0588235294117647,50.1,11.5,17.36842105263158,33.55263157894737,1.2868421052631578,1.2078947368421051,112.0,167.0,40.0,80.0,45.0,86.0,11.205882352941176,3.8947368421052633,11.735294117647058,1.1578947368421053,1.0294117647058822,0.3823529411764705,403.1764705882353,11.676470588235292,10.705882352941176,13.441176470588236,21.647058823529413,18.58823529411765,18.94117647058824,10.176470588235292,1.7941176470588236,14.763157894736842,1.0,0.0588235294117647,46.2,8.973684210526315,17.294117647058822,30.289473684210527,1.1823529411764706,1.1176470588235294,114.0,155.0,39.0,74.0,48.0,79.0,0.0,4.0,4.0,2.0,3.0,6.0,1.0,-1.0,2.0,2.0,4_vs_3,0.0789473684210526,0.0,0.3823529411764705,0.2941176470588235,0.088235294117647,0.2631578947368421,0.0294117647058823,0.0588235294117647,0.1764705882352941,0.088235294117647,50.0,48.0,58.0,56.0,54.0,62.0,50.0,40.0,0.0588235294117647,0.0294117647058823,0.2647058823529412,0.2058823529411764,0.0294117647058823,0.1842105263157894,0.0,0.1052631578947368,0.1470588235294117,0.0526315789473684,51.0,50.0,38.0,45.0,47.0,44.0,43.0,46.0,0.4705882352941176,0.0353474145891043,0.5,0.0289285714285714,0,0,0,0,0,0,0,0,0,0,0,0,0,0,0,0,0,0,2026_27,J1,明治安田J1リーグ,j1,2.0,2026-08-15,18:00,kasm,nago,unplayed,2026_27-j1-2-kasm-vs-nago,20260812_074327,2026_27_j1,weekly_prediction_snapshot
2026_27,2,2026-08-15,mito,0-0,g-os,Ajinomoto Stadium,0,0,7.0,6.0,383.2,3-4-2-1,4-2-3-1,9.0,12.0,-3.0,1.0,0.0,1481.3682664890543,1486.29287547773,-4.924608988675573,10.8,15.35,-4.549999999999999,82.0,85.0,10.5,20.0,3.5,6.0,1.947,1.038,42.8,54.0,57.9,28.6,0.0,0.0,0,0,10.6,3.1,11.25,0.95,1.8,0.1,427.6,10.8,11.647058823529411,11.3,19.55,14.4,18.6,10.15,1.6,13.3,1.55,0.3,2.54,8.3,14.15,30.25,0.975,1.33,5.9,6.35,35.0,64.0,38.0,72.0,12.763157894736842,4.088235294117647,14.911764705882351,1.1176470588235294,1.2894736842105263,0.3421052631578947,473.8157894736842,9.470588235294118,10.794117647058824,13.058823529411764,23.029411764705884,17.13157894736842,20.289473684210527,11.558823529411764,1.7941176470588236,17.676470588235293,1.0526315789473684,0.0294117647058823,48.1,11.176470588235292,16.91176470588235,31.789473684210527,1.2352941176470589,1.576470588235294,113.0,157.0,38.0,67.0,50.0,83.0,0.0,4.0,4.0,2.0,4.0,4.0,2.0,-0.5,2.0,2.0,3_vs_4,0.0526315789473684,0.0,0.2105263157894736,0.2105263157894736,0.0588235294117647,0.1842105263157894,0.0,0.0588235294117647,0.1052631578947368,0.0294117647058823,45.0,44.0,47.0,44.0,45.0,44.5,44.0,44.0,0.131578947368421,0.0263157894736842,0.2631578947368421,0.1764705882352941,0.0588235294117647,0.1764705882352941,0.0263157894736842,0.1470588235294117,0.1470588235294117,0.0294117647058823,41.0,45.0,49.0,49.0,43.0,47.0,55.0,47.0,0.55,0.01095238095238095,0.4473684210526316,0.0339335180055401,0,0,0,0,0,0,0,0,0,0,0,0,0,0,0,0,0,0,2026_27,J1,明治安田J1リーグ,j1,2.0,2026-08-15,18:00,mito,g-os,unplayed,2026_27-j1-2-mito-vs-g-os,20260812_074327,2026_27_j1,weekly_prediction_snapshot
2026_27,2,2026-08-15,shim,0-0,y-fm,Ajinomoto Stadium,0,0,7.0,7.0,230.3,4-1-2-3,4-2-3-1,13.0,7.0,6.0,0.0,0.0,1477.4441154138574,1570.7264926415494,-93.282377227692,13.83,14.1,-0.2699999999999996,78.0,0.0,19.0,24.0,5.0,7.0,1.52,1.416,57.5,34.7,42.2,48.6,0.0,0.0,0,0,11.342105263157896,3.5,12.0,0.9736842105263158,1.4210526315789471,0.1176470588235294,407.60526315789474,9.157894736842104,8.421052631578947,13.342105263157896,21.47058823529412,15.263157894736842,19.07894736842105,8.894736842105264,1.9705882352941173,12.176470588235292,0.631578947368421,0.0263157894736842,43.5,8.973684210526315,14.052631578947368,29.44736842105263,1.0578947368421054,1.0842105263157895,113.0,156.0,39.0,71.0,49.0,83.0,15.705882352941176,5.205882352941177,12.676470588235292,2.0294117647058822,1.1764705882352942,0.2647058823529412,607.2647058823529,11.852941176470589,17.205882352941178,18.294117647058822,18.647058823529413,16.973684210526315,19.11764705882353,11.842105263157896,1.5294117647058822,11.078947368421051,1.1842105263157894,0.0789473684210526,57.9,14.882352941176473,15.921052631578949,33.026315789473685,1.8088235294117647,1.3558823529411763,118.0,184.0,48.0,89.0,44.0,90.0,0.0,4.0,4.0,2.0,4.0,3.0,3.0,0.0,2.0,2.0,4_vs_4,0.0,0.0,0.3421052631578947,0.2105263157894736,0.0,0.131578947368421,0.0,0.0526315789473684,0.088235294117647,0.088235294117647,35.0,34.0,47.0,47.0,36.0,44.0,42.0,53.0,0.0,0.0,0.0,0.0,0.0,0.0,0.0,0.0,0.0,0.0,0.0,0.0,0.0,0.0,0.0,0.0,0.0,0.0,0.5294117647058824,0.0381752077562327,0.4736842105263157,0.0339335180055401,0,0,0,0,0,0,0,0,0,0,0,0,0,0,0,0,0,0,2026_27,J1,明治安田J1リーグ,j1,2.0,2026-08-15,18:30,shim,y-fm,unplayed,2026_27-j1-2-shim-vs-y-fm,20260812_074327,2026_27_j1,weekly_prediction_snapshot
2026_27,2,2026-08-15,okay,0-0,ngsk,Ajinomoto Stadium,0,0,7.0,6.5,357.7,3-4-2-1,3-4-2-1,9.0,7.0,2.0,0.0,0.0,1499.4001333498045,1482.2412986905829,17.15883465922161,10.48,13.75,-3.2699999999999996,100.0,80.0,18.0,12.0,6.0,6.0,2.493,1.515,63.2,61.0,57.0,48.6,0.0,0.0,0,0,0.0,0.0,0.0,0.0,0.0,0.0,0.0,0.0,0.0,0.0,0.0,0.0,0.0,0.0,0.0,0.0,0.0,0.0,0.0,0.0,0.0,0.0,0.0,0.0,0.0,0.0,0.0,0.0,0.0,0.0,10.4,3.3,14.25,1.05,1.4,0.2,388.0,9.45,11.647058823529411,9.35,25.9,14.65,19.7,9.45,2.3,15.25,1.1,0.05,2.38,8.4,14.1,31.8,1.175,1.575,5.65,6.7,35.0,64.0,38.0,72.0,0.0,3.0,6.0,1.0,3.0,6.0,1.0,1.0,2.0,2.0,3_vs_3,0.0,0.0,0.0,0.0,0.0,0.0,0.0,0.0,0.0,0.0,0.0,0.0,0.0,0.0,0.0,0.0,0.0,0.0,0.0526315789473684,0.0,0.2105263157894736,0.2105263157894736,0.0588235294117647,0.1842105263157894,0.0,0.0588235294117647,0.1052631578947368,0.0294117647058823,45.0,44.0,47.0,44.0,45.0,44.5,44.0,44.0,0.4473684210526316,0.0279316712834718,0.475,0.0197403846153846,0,0,0,0,0,0,0,0,0,0,0,0,0,0,0,0,0,0,2026_27,J1,明治安田J1リーグ,j1,2.0,2026-08-15,18:55,okay,ngsk,unplayed,2026_27-j1-2-okay-vs-ngsk,20260812_074327,2026_27_j1,weekly_prediction_snapshot
2026_27,2,2026-08-15,uraw,0-0,hiro,Ajinomoto Stadium,0,0,6.0,7.0,639.0,4-1-2-3,3-4-2-1,8.0,5.0,3.0,0.0,0.0,1527.1329713906612,1548.059515531813,-20.926544141151908,14.0,19.05,-5.050000000000001,93.0,117.0,24.0,29.0,7.0,8.0,2.553,2.689,71.4,42.1,56.8,67.6,0.0,0.0,0,0,12.029411764705882,3.941176470588235,12.578947368421051,1.2647058823529411,1.1470588235294117,0.3157894736842105,486.5,9.973684210526317,13.205882352941176,12.86842105263158,20.91176470588235,17.735294117647058,19.23529411764705,10.105263157894736,1.763157894736842,13.894736842105264,1.105263157894737,0.0294117647058823,52.7,10.558823529411764,16.81578947368421,30.47058823529412,1.363157894736842,1.1823529411764706,111.0,163.0,39.0,78.0,45.0,83.0,14.705882352941176,4.676470588235294,10.921052631578949,1.3529411764705883,1.105263157894737,0.3235294117647059,481.1470588235294,10.470588235294118,14.705882352941176,16.764705882352942,18.352941176470587,18.657894736842103,18.647058823529413,11.794117647058824,1.7352941176470589,16.86842105263158,0.9117647058823528,0.0294117647058823,49.5,13.117647058823527,18.176470588235293,33.3235294117647,1.4088235294117646,1.068421052631579,112.0,164.0,40.0,76.0,46.0,87.0,0.0,4.0,5.0,1.0,3.0,6.0,1.0,0.0,2.0,2.0,4_vs_3,0.1842105263157894,0.0294117647058823,0.2352941176470588,0.2352941176470588,0.1176470588235294,0.2368421052631578,0.0263157894736842,0.0526315789473684,0.1470588235294117,0.0263157894736842,46.0,43.0,52.0,42.0,42.0,45.0,53.0,63.0,0.1052631578947368,0.0526315789473684,0.3421052631578947,0.2941176470588235,0.1764705882352941,0.2352941176470588,0.0526315789473684,0.088235294117647,0.1176470588235294,0.0294117647058823,72.0,60.0,54.0,66.0,74.0,62.0,54.0,41.0,0.4705882352941176,0.0207612456747404,0.4736842105263157,0.0276816608996539,0,0,0,0,0,0,0,0,0,0,0,0,0,0,0,0,0,0,2026_27,J1,明治安田J1リーグ,j1,2.0,2026-08-15,19:00,uraw,hiro,unplayed,2026_27-j1-2-uraw-vs-hiro,20260812_074327,2026_27_j1,weekly_prediction_snapshot
2026_27,2,2026-08-15,chib,0-0,mcd,Ajinomoto Stadium,0,0,7.0,7.0,145.05,3-4-2-1,3-4-2-1,10.0,3.0,7.0,0.0,0.0,1469.3397806394082,1541.9609084585081,-72.62112781909991,13.3,18.4,-5.099999999999998,82.0,0.0,6.5,24.5,3.0,8.0,0.481,1.924,32.4,43.2,53.1,58.9,0.0,0.0,0,0,10.75,3.45,15.65,1.0,1.65,0.1,394.6,11.1,11.647058823529411,11.6,27.0,15.85,16.7,11.35,1.7,13.6,1.55,0.05,2.355,7.95,15.1,28.35,1.135,1.65,5.95,6.05,35.0,64.0,38.0,72.0,11.1,3.263157894736842,10.842105263157896,1.25,0.8947368421052632,0.35,328.63157894736844,11.45,5.25,11.2,17.15,15.31578947368421,17.026315789473685,9.95,1.2,12.8,1.15,0.05,2.26,8.4,17.15,28.7,1.11,0.9605263157894736,5.9,5.65,14.0,31.0,18.0,31.5,0.0,4.0,4.0,2.0,3.0,6.0,1.0,-0.5,2.0,2.0,3_vs_3,0.0526315789473684,0.0,0.2105263157894736,0.2105263157894736,0.0588235294117647,0.1842105263157894,0.0,0.0588235294117647,0.1052631578947368,0.0294117647058823,45.0,44.0,47.0,44.0,45.0,44.5,44.0,44.0,0.0,0.0,0.0,0.0,0.0,0.0,0.0,0.0,0.0,0.0,0.0,0.0,0.0,0.0,0.0,0.0,0.0,0.0,0.42500000000000004,0.0081944444444444,0.475,0.03670329670329665,0,0,0,0,0,0,0,0,0,0,0,0,0,0,0,0,0,0,2026_27,J1,明治安田J1リーグ,j1,2.0,2026-08-15,19:00,chib,mcd,unplayed,2026_27-j1-2-chib-vs-mcd,20260812_074327,2026_27_j1,weekly_prediction_snapshot
2026_27,2,2026-08-15,ka-f,0-0,kyot,Ajinomoto Stadium,0,0,6.0,7.0,367.5,4-2-3-1,4-2-3-1,6.0,12.0,-6.0,0.0,0.0,1552.3375348771292,1487.110875027563,65.2266598495662,19.05,14.98,4.07,114.0,110.5,25.0,17.0,7.0,6.0,1.501,0.847,57.3,51.3,51.4,42.9,0.0,0.0,0,0,14.657894736842104,4.947368421052632,10.235294117647058,1.911764705882353,1.2352941176470589,0.3235294117647059,578.9705882352941,11.552631578947368,15.68421052631579,13.617647058823527,20.294117647058822,18.94117647058824,20.0,9.794117647058824,2.2058823529411766,13.588235294117649,1.1470588235294117,0.088235294117647,54.9,14.078947368421051,17.5,32.47058823529412,1.6473684210526316,1.052941176470588,111.0,157.0,42.0,70.0,44.0,82.0,11.911764705882351,3.176470588235294,12.823529411764708,1.05,1.3235294117647058,0.2352941176470588,337.52941176470586,10.441176470588236,10.43498452012384,13.5,23.7,17.15,21.15,13.205882352941176,1.3,17.8,1.5263157894736843,0.0789473684210526,46.2,10.0,15.8,33.94117647058823,1.1588235294117646,1.4352941176470588,113.0,133.0,27.0,53.0,36.5,80.0,0.0,4.0,3.0,3.0,4.0,3.0,3.0,-1.0,2.0,2.0,4_vs_4,0.1764705882352941,0.0294117647058823,0.3421052631578947,0.4117647058823529,0.131578947368421,0.3529411764705882,0.0294117647058823,0.088235294117647,0.1764705882352941,0.1176470588235294,51.0,63.0,59.0,53.0,51.0,41.0,73.0,53.0,0.0278637770897832,0.0,0.2376160990712074,0.2105263157894736,0.0704334365325076,0.0588235294117647,0.0,0.0719814241486068,0.1176470588235294,0.0147058823529411,56.0,35.5,54.5,60.0,56.0,46.0,36.0,38.0,0.45,0.0350346020761245,0.4705882352941176,0.03751730103806225,0,0,0,0,0,0,0,0,0,0,0,0,0,0,0,0,0,0,2026_27,J1,明治安田J1リーグ,j1,2.0,2026-08-15,19:00,ka-f,kyot,unplayed,2026_27-j1-2-ka-f-vs-kyot,20260812_074327,2026_27_j1,weekly_prediction_snapshot
2026_27,2,2026-08-15,kobe,0-0,FCtk,Ajinomoto Stadium,0,0,6.0,7.0,225.6,4-1-2-3,4-4-2,4.0,8.0,-4.0,0.0,0.0,1568.2524919881544,1504.7254200609143,63.52707192724006,16.6,17.15,-0.5499999999999972,93.0,0.0,26.0,23.0,8.0,7.0,1.011,0.998,51.9,50.0,41.1,46.9,0.0,0.0,0,0,12.411764705882351,4.176470588235294,11.852941176470589,1.605263157894737,0.9473684210526316,0.3421052631578947,518.9411764705883,11.470588235294118,12.411764705882351,14.235294117647058,21.86842105263158,16.794117647058822,18.473684210526315,9.911764705882351,2.210526315789474,16.92105263157895,0.9736842105263158,0.0294117647058823,53.7,11.382352941176473,16.605263157894736,31.94117647058824,1.3941176470588237,1.1088235294117648,113.0,163.0,42.0,70.0,44.0,88.0,0.0,0.0,0.0,0.0,0.0,0.0,0.0,0.0,0.0,0.0,0.0,0.0,0.0,0.0,0.0,0.0,0.0,0.0,0.0,0.0,0.0,0.0,0.0,0.0,0.0,0.0,0.0,0.0,0.0,0.0,0.0,4.0,3.0,3.0,4.0,3.0,3.0,-1.0,2.0,2.0,4_vs_4,0.0789473684210526,0.0263157894736842,0.2941176470588235,0.3823529411764705,0.1052631578947368,0.2105263157894736,0.0789473684210526,0.0789473684210526,0.1052631578947368,0.0294117647058823,57.0,56.0,47.0,43.0,45.0,39.0,54.0,61.0,0.0,0.0,0.0,0.0,0.0,0.0,0.0,0.0,0.0,0.0,0.0,0.0,0.0,0.0,0.0,0.0,0.0,0.0,0.5,0.0472372065898819,0.4736842105263157,0.0222925735391109,0,0,0,0,0,0,0,0,0,0,0,0,0,0,0,0,0,0,2026_27,J1,明治安田J1リーグ,j1,2.0,2026-08-15,19:00,kobe,FCtk,unplayed,2026_27-j1-2-kobe-vs-FCtk,20260812_074327,2026_27_j1,weekly_prediction_snapshot
2026_27,2,2026-08-15,fuku,0-0,c-os,Ajinomoto Stadium,0,0,7.0,6.0,385.9,3-4-2-1,3-4-2-1,10.0,8.0,2.0,0.0,0.0,1502.0577783078763,1509.1673593438288,-7.109581035952488,12.03,12.5,-0.47000000000000064,113.0,93.0,19.0,24.0,5.0,6.0,0.769,0.595,50.0,48.1,39.0,36.8,0.0,0.0,0,0,10.5,3.176470588235294,11.157894736842104,0.868421052631579,1.0,0.3235294117647059,336.8684210526316,10.529411764705882,9.657894736842104,14.052631578947368,24.61764705882353,19.529411764705884,18.44117647058824,13.058823529411764,1.6176470588235294,18.61764705882353,1.4411764705882353,0.0263157894736842,42.7,8.368421052631579,17.5,32.28947368421053,1.0558823529411765,1.0323529411764707,109.0,120.0,26.0,52.0,38.0,67.0,13.394736842105264,3.868421052631579,12.18421052631579,1.236842105263158,1.1764705882352942,0.2894736842105263,455.8157894736842,10.823529411764708,11.105263157894736,15.289473684210526,20.5,15.5,18.38235294117647,9.157894736842104,1.605263157894737,13.941176470588236,0.7368421052631579,0.0294117647058823,50.4,10.763157894736842,15.441176470588236,31.88235294117647,1.258823529411765,1.1973684210526316,114.0,129.0,41.0,62.0,48.0,66.0,0.0,3.0,6.0,1.0,4.0,4.0,2.0,0.0,2.0,2.0,3_vs_3,0.0526315789473684,0.0263157894736842,0.2105263157894736,0.2105263157894736,0.0263157894736842,0.2058823529411764,0.0,0.0263157894736842,0.0789473684210526,0.0263157894736842,42.0,45.0,44.0,47.0,54.0,51.0,40.0,34.0,0.088235294117647,0.0,0.2894736842105263,0.2894736842105263,0.0526315789473684,0.2368421052631578,0.0294117647058823,0.0789473684210526,0.088235294117647,0.0588235294117647,56.0,45.0,45.0,49.0,46.0,44.0,50.0,55.0,0.45,0.0218144044321329,0.4736842105263157,0.0293452222517966,0,0,0,0,0,0,0,0,0,0,0,0,0,0,0,0,0,0,2026_27,J1,明治安田J1リーグ,j1,2.0,2026-08-15,19:00,fuku,c-os,unplayed,2026_27-j1-2-fuku-vs-c-os,20260812_074327,2026_27_j1,weekly_prediction_snapshot
2026_27,3,2026-08-21,kasw,0-0,ngsk,Ajinomoto Stadium,0,0,6.0,6.5,357.7,3-4-2-1,3-4-2-1,10.0,7.0,3.0,0.0,0.0,1475.6111733703474,1482.2412986905829,-6.630125320235493,17.85,13.75,4.100000000000001,101.0,80.0,19.0,12.0,6.0,6.0,1.09,1.515,46.0,57.2,57.0,48.6,0.0,0.0,0,0,12.552631578947368,4.0588235294117645,11.382352941176473,1.0263157894736843,1.3529411764705883,0.2105263157894736,422.1315789473685,9.941176470588236,13.263157894736842,14.588235294117649,22.647058823529413,17.794117647058822,19.92105263157895,12.676470588235292,1.7352941176470589,16.441176470588236,1.588235294117647,0.0526315789473684,46.0,11.473684210526317,15.205882352941176,32.44117647058823,1.2289473684210528,1.181578947368421,113.0,163.0,39.0,80.0,47.0,82.0,10.4,3.3,14.25,1.05,1.4,0.2,388.0,9.45,11.647058823529411,9.35,25.9,14.65,19.7,9.45,2.3,15.25,1.1,0.05,2.38,8.4,14.1,31.8,1.175,1.575,5.65,6.7,35.0,64.0,38.0,72.0,0.0,3.0,5.0,2.0,3.0,6.0,1.0,1.0,2.0,2.0,3_vs_3,0.0526315789473684,0.0,0.1842105263157894,0.2105263157894736,0.2058823529411764,0.1842105263157894,0.0588235294117647,0.0588235294117647,0.1764705882352941,0.0588235294117647,50.0,43.0,54.0,45.0,55.0,63.0,43.0,43.0,0.0526315789473684,0.0,0.2105263157894736,0.2105263157894736,0.0588235294117647,0.1842105263157894,0.0,0.0588235294117647,0.1052631578947368,0.0294117647058823,45.0,44.0,47.0,44.0,45.0,44.5,44.0,44.0,0.5,0.0292387543252595,0.475,0.0197403846153846,0,0,0,0,0,0,0,0,0,0,0,0,0,0,0,0,0,0,2026_27,J1,明治安田J1リーグ,j1,3.0,2026-08-21,19:00,kasw,ngsk,unplayed,2026_27-j1-3-kasw-vs-ngsk,20260812_074327,2026_27_j1,weekly_prediction_snapshot
2026_27,3,2026-08-21,FCtk,0-0,chib,Ajinomoto Stadium,0,0,7.0,6.5,357.7,4-4-2,3-4-2-1,9.0,9.5,-0.5,0.0,0.0,1502.9687564818937,1468.4504174736203,34.518339008273415,17.15,13.3,3.849999999999998,0.0,80.0,22.0,9.0,6.0,3.5,0.998,0.481,41.1,46.9,32.4,43.2,0.0,0.0,0,0,0.0,0.0,0.0,0.0,0.0,0.0,0.0,0.0,0.0,0.0,0.0,0.0,0.0,0.0,0.0,0.0,0.0,0.0,0.0,0.0,0.0,0.0,0.0,0.0,0.0,0.0,0.0,0.0,0.0,0.0,10.75,3.45,15.65,1.0,1.65,0.1,394.6,11.1,11.647058823529411,11.6,27.0,15.85,16.7,11.35,1.7,13.6,1.55,0.05,2.355,7.95,15.1,28.35,1.135,1.65,5.95,6.05,35.0,64.0,38.0,72.0,0.0,4.0,3.0,3.0,4.0,4.0,2.0,-1.0,2.0,2.0,4_vs_3,0.0,0.0,0.0,0.0,0.0,0.0,0.0,0.0,0.0,0.0,0.0,0.0,0.0,0.0,0.0,0.0,0.0,0.0,0.0526315789473684,0.0,0.2105263157894736,0.2105263157894736,0.0588235294117647,0.1842105263157894,0.0,0.0588235294117647,0.1052631578947368,0.0294117647058823,45.0,44.0,47.0,44.0,45.0,44.5,44.0,44.0,0.5,0.0249307479224376,0.525,0.0103854166666666,0,0,0,0,0,0,0,0,0,0,0,0,0,0,0,0,0,0,2026_27,J1,明治安田J1リーグ,j1,3.0,2026-08-21,19:30,FCtk,chib,unplayed,2026_27-j1-3-FCtk-vs-chib,20260812_074327,2026_27_j1,weekly_prediction_snapshot
2026_27,3,2026-08-22,kasm,0-0,fuku,Ajinomoto Stadium,0,0,7.0,7.0,843.1,4-4-2,3-4-2-1,4.0,10.0,-6.0,0.0,0.0,1556.0187819361674,1504.43640562365,51.582376312517454,21.43,12.03,9.4,86.0,121.0,30.0,21.0,9.0,7.0,2.945,0.769,51.4,57.8,50.0,48.1,0.0,0.0,0,0,12.941176470588236,4.176470588235294,11.147058823529411,1.5789473684210529,1.0789473684210529,0.3947368421052631,424.11764705882354,10.852941176470589,12.264705882352942,15.078947368421051,21.91176470588235,18.68421052631579,19.97058823529412,11.894736842105264,2.0,18.81578947368421,1.411764705882353,0.0588235294117647,50.1,11.5,17.36842105263158,33.55263157894737,1.2868421052631578,1.2078947368421051,112.0,167.0,40.0,80.0,45.0,86.0,10.5,3.176470588235294,11.157894736842104,0.868421052631579,1.0,0.3235294117647059,336.8684210526316,10.529411764705882,9.657894736842104,14.052631578947368,24.61764705882353,19.529411764705884,18.44117647058824,13.058823529411764,1.6176470588235294,18.61764705882353,1.4411764705882353,0.0263157894736842,42.7,8.368421052631579,17.5,32.28947368421053,1.0558823529411765,1.0323529411764707,109.0,120.0,26.0,52.0,38.0,67.0,0.0,4.0,4.0,2.0,3.0,6.0,1.0,-1.0,2.0,2.0,4_vs_3,0.0789473684210526,0.0,0.3823529411764705,0.2941176470588235,0.088235294117647,0.2631578947368421,0.0294117647058823,0.0588235294117647,0.1764705882352941,0.088235294117647,50.0,48.0,58.0,56.0,54.0,62.0,50.0,40.0,0.0526315789473684,0.0263157894736842,0.2105263157894736,0.2105263157894736,0.0263157894736842,0.2058823529411764,0.0,0.0263157894736842,0.0789473684210526,0.0263157894736842,42.0,45.0,44.0,47.0,54.0,51.0,40.0,34.0,0.4705882352941176,0.0353474145891043,0.5,0.0240403640680649,0,0,0,0,0,0,0,0,0,0,0,0,0,0,0,0,0,0,2026_27,J1,明治安田J1リーグ,j1,3.0,2026-08-22,18:00,kasm,fuku,unplayed,2026_27-j1-3-kasm-vs-fuku,20260812_074327,2026_27_j1,weekly_prediction_snapshot
2026_27,3,2026-08-22,okay,0-0,tk-v,Ajinomoto Stadium,0,0,7.0,6.0,0.0,3-4-2-1,3-4-2-1,9.0,13.0,-4.0,0.0,0.0,1499.4001333498045,1507.9523244100073,-8.552191060202858,10.48,9.33,1.1500000000000004,100.0,118.5,18.0,21.0,6.0,7.0,2.493,2.064,63.2,61.0,48.6,42.7,0.0,0.0,0,0,0.0,0.0,0.0,0.0,0.0,0.0,0.0,0.0,0.0,0.0,0.0,0.0,0.0,0.0,0.0,0.0,0.0,0.0,0.0,0.0,0.0,0.0,0.0,0.0,0.0,0.0,0.0,0.0,0.0,0.0,9.2,2.65,9.8,1.0,1.3,0.3,353.25,8.25,6.052631578947368,10.2,22.1,18.05263157894737,18.710526315789476,11.05,1.4,16.05,1.0,0.0,2.2,7.4,14.3,26.8,0.8400000000000001,1.065,5.95,7.2,15.0,26.5,19.0,33.5,0.0,3.0,6.0,1.0,3.0,6.0,1.0,1.0,2.0,2.0,3_vs_3,0.0,0.0,0.0,0.0,0.0,0.0,0.0,0.0,0.0,0.0,0.0,0.0,0.0,0.0,0.0,0.0,0.0,0.0,0.0789473684210526,0.0394736842105263,0.1973684210526315,0.0789473684210526,0.0657894736842105,0.0789473684210526,0.0,0.0789473684210526,0.0394736842105263,0.0131578947368421,22.5,22.5,23.0,19.5,22.5,21.0,22.0,25.0,0.4473684210526316,0.0279316712834718,0.48684210526315785,0.027239150507848503,0,0,0,0,0,0,0,0,0,0,0,0,0,0,0,0,0,0,2026_27,J1,明治安田J1リーグ,j1,3.0,2026-08-22,18:30,okay,tk-v,unplayed,2026_27-j1-3-okay-vs-tk-v,20260812_074327,2026_27_j1,weekly_prediction_snapshot
2026_27,3,2026-08-22,nago,0-0,g-os,Ajinomoto Stadium,0,0,7.0,6.0,383.2,3-4-2-1,4-2-3-1,8.0,12.0,-4.0,0.0,0.0,1521.2102994510724,1486.29287547773,34.917423973342466,13.35,15.35,-2.0,114.0,85.0,26.0,20.0,7.0,6.0,1.037,1.038,65.3,42.5,57.9,28.6,0.0,0.0,0,0,11.205882352941176,3.8947368421052633,11.735294117647058,1.1578947368421053,1.0294117647058822,0.3823529411764705,403.1764705882353,11.676470588235292,10.705882352941176,13.441176470588236,21.647058823529413,18.58823529411765,18.94117647058824,10.176470588235292,1.7941176470588236,14.763157894736842,1.0,0.0588235294117647,46.2,8.973684210526315,17.294117647058822,30.289473684210527,1.1823529411764706,1.1176470588235294,114.0,155.0,39.0,74.0,48.0,79.0,12.763157894736842,4.088235294117647,14.911764705882351,1.1176470588235294,1.2894736842105263,0.3421052631578947,473.8157894736842,9.470588235294118,10.794117647058824,13.058823529411764,23.029411764705884,17.13157894736842,20.289473684210527,11.558823529411764,1.7941176470588236,17.676470588235293,1.0526315789473684,0.0294117647058823,48.1,11.176470588235292,16.91176470588235,31.789473684210527,1.2352941176470589,1.576470588235294,113.0,157.0,38.0,67.0,50.0,83.0,0.0,3.0,6.0,1.0,4.0,4.0,2.0,1.0,2.0,2.0,3_vs_4,0.0588235294117647,0.0294117647058823,0.2647058823529412,0.2058823529411764,0.0294117647058823,0.1842105263157894,0.0,0.1052631578947368,0.1470588235294117,0.0526315789473684,51.0,50.0,38.0,45.0,47.0,44.0,43.0,46.0,0.131578947368421,0.0263157894736842,0.2631578947368421,0.1764705882352941,0.0588235294117647,0.1764705882352941,0.0263157894736842,0.1470588235294117,0.1470588235294117,0.0294117647058823,41.0,45.0,49.0,49.0,43.0,47.0,55.0,47.0,0.4736842105263157,0.028365650969529,0.4473684210526316,0.0339335180055401,0,0,0,0,0,0,0,0,0,0,0,0,0,0,0,0,0,0,2026_27,J1,明治安田J1リーグ,j1,3.0,2026-08-22,19:00,nago,g-os,unplayed,2026_27-j1-3-nago-vs-g-os,20260812_074327,2026_27_j1,weekly_prediction_snapshot
2026_27,3,2026-08-22,kyot,0-0,mito,Ajinomoto Stadium,0,0,7.0,5.5,357.7,4-2-3-1,3-4-2-1,11.5,8.0,3.5,0.0,0.0,1482.0426018308194,1490.2875056389225,-8.244903808103118,14.98,10.8,4.18,127.5,80.0,18.5,7.5,5.5,4.0,0.847,1.947,51.4,42.9,42.8,54.0,0.0,0.0,0,0,11.911764705882351,3.176470588235294,12.823529411764708,1.05,1.3235294117647058,0.2352941176470588,337.52941176470586,10.441176470588236,10.43498452012384,13.5,23.7,17.15,21.15,13.205882352941176,1.3,17.8,1.5263157894736843,0.0789473684210526,46.2,10.0,15.8,33.94117647058823,1.1588235294117646,1.4352941176470588,113.0,133.0,27.0,53.0,36.5,80.0,10.6,3.1,11.25,0.95,1.8,0.1,427.6,10.8,11.647058823529411,11.3,19.55,14.4,18.6,10.15,1.6,13.3,1.55,0.3,2.54,8.3,14.15,30.25,0.975,1.33,5.9,6.35,35.0,64.0,38.0,72.0,0.0,4.0,3.0,3.0,4.0,4.0,2.0,-2.0,2.0,2.0,4_vs_3,0.0278637770897832,0.0,0.2376160990712074,0.2105263157894736,0.0704334365325076,0.0588235294117647,0.0,0.0719814241486068,0.1176470588235294,0.0147058823529411,56.0,35.5,54.5,60.0,56.0,46.0,36.0,38.0,0.0526315789473684,0.0,0.2105263157894736,0.2105263157894736,0.0588235294117647,0.1842105263157894,0.0,0.0588235294117647,0.1052631578947368,0.0294117647058823,45.0,44.0,47.0,44.0,45.0,44.5,44.0,44.0,0.5,0.049528879425073155,0.4,0.00721153846153845,0,0,0,0,0,0,0,0,0,0,0,0,0,0,0,0,0,0,2026_27,J1,明治安田J1リーグ,j1,3.0,2026-08-22,19:00,kyot,mito,unplayed,2026_27-j1-3-kyot-vs-mito,20260812_074327,2026_27_j1,weekly_prediction_snapshot
2026_27,3,2026-08-22,c-os,0-0,shim,Ajinomoto Stadium,0,0,7.0,7.0,222.2,3-4-2-1,4-1-2-3,7.0,13.0,-6.0,0.0,0.0,1510.635587565086,1478.0354137476809,32.60017381740522,12.5,13.83,-1.33,99.0,85.0,23.0,16.0,7.0,4.0,0.595,1.52,39.0,36.8,57.5,34.7,0.0,0.0,0,0,13.394736842105264,3.868421052631579,12.18421052631579,1.236842105263158,1.1764705882352942,0.2894736842105263,455.8157894736842,10.823529411764708,11.105263157894736,15.289473684210526,20.5,15.5,18.38235294117647,9.157894736842104,1.605263157894737,13.941176470588236,0.7368421052631579,0.0294117647058823,50.4,10.763157894736842,15.441176470588236,31.88235294117647,1.258823529411765,1.1973684210526316,114.0,129.0,41.0,62.0,48.0,66.0,11.342105263157896,3.5,12.0,0.9736842105263158,1.4210526315789471,0.1176470588235294,407.60526315789474,9.157894736842104,8.421052631578947,13.342105263157896,21.47058823529412,15.263157894736842,19.07894736842105,8.894736842105264,1.9705882352941173,12.176470588235292,0.631578947368421,0.0263157894736842,43.5,8.973684210526315,14.052631578947368,29.44736842105263,1.0578947368421054,1.0842105263157895,113.0,156.0,39.0,71.0,49.0,83.0,0.0,4.0,4.0,2.0,4.0,4.0,2.0,-1.0,2.0,2.0,3_vs_4,0.088235294117647,0.0,0.2894736842105263,0.2894736842105263,0.0526315789473684,0.2368421052631578,0.0294117647058823,0.0789473684210526,0.088235294117647,0.0588235294117647,56.0,45.0,45.0,49.0,46.0,44.0,50.0,55.0,0.0,0.0,0.3421052631578947,0.2105263157894736,0.0,0.131578947368421,0.0,0.0526315789473684,0.088235294117647,0.088235294117647,35.0,34.0,47.0,47.0,36.0,44.0,42.0,53.0,0.5,0.0280470914127423,0.45,0.032,0,0,0,0,0,0,0,0,0,0,0,0,0,0,0,0,0,0,2026_27,J1,明治安田J1リーグ,j1,3.0,2026-08-22,19:00,c-os,shim,unplayed,2026_27-j1-3-c-os-vs-shim,20260812_074327,2026_27_j1,weekly_prediction_snapshot
2026_27,3,2026-08-22,hiro,0-0,ka-f,Ajinomoto Stadium,0,0,7.0,7.0,233.7,3-4-2-1,4-2-3-1,6.0,6.0,0.0,0.0,0.0,1537.0103290322477,1554.9684351975595,-17.958106165311847,19.05,19.05,0.0,113.0,127.0,26.0,26.0,7.0,8.0,2.689,1.501,56.8,67.6,57.3,51.3,0.0,0.0,0,0,14.705882352941176,4.676470588235294,10.921052631578949,1.3529411764705883,1.105263157894737,0.3235294117647059,481.1470588235294,10.470588235294118,14.705882352941176,16.764705882352942,18.352941176470587,18.657894736842103,18.647058823529413,11.794117647058824,1.7352941176470589,16.86842105263158,0.9117647058823528,0.0294117647058823,49.5,13.117647058823527,18.176470588235293,33.3235294117647,1.4088235294117646,1.068421052631579,112.0,164.0,40.0,76.0,46.0,87.0,14.657894736842104,4.947368421052632,10.235294117647058,1.911764705882353,1.2352941176470589,0.3235294117647059,578.9705882352941,11.552631578947368,15.68421052631579,13.617647058823527,20.294117647058822,18.94117647058824,20.0,9.794117647058824,2.2058823529411766,13.588235294117649,1.1470588235294117,0.088235294117647,54.9,14.078947368421051,17.5,32.47058823529412,1.6473684210526316,1.052941176470588,111.0,157.0,42.0,70.0,44.0,82.0,0.0,3.0,6.0,1.0,4.0,3.0,3.0,1.0,2.0,2.0,3_vs_4,0.1052631578947368,0.0526315789473684,0.3421052631578947,0.2941176470588235,0.1764705882352941,0.2352941176470588,0.0526315789473684,0.088235294117647,0.1176470588235294,0.0294117647058823,72.0,60.0,54.0,66.0,74.0,62.0,54.0,41.0,0.1764705882352941,0.0294117647058823,0.3421052631578947,0.4117647058823529,0.131578947368421,0.3529411764705882,0.0294117647058823,0.088235294117647,0.1764705882352941,0.1176470588235294,51.0,63.0,59.0,53.0,51.0,41.0,73.0,53.0,0.5,0.0223059812160158,0.5,0.032840909090909,0,0,0,0,0,0,0,0,0,0,0,0,0,0,0,0,0,0,2026_27,J1,明治安田J1リーグ,j1,3.0,2026-08-22,19:15,hiro,ka-f,unplayed,2026_27-j1-3-hiro-vs-ka-f,20260812_074327,2026_27_j1,weekly_prediction_snapshot
2026_27,3,2026-08-22,y-fm,0-0,kobe,Ajinomoto Stadium,0,0,6.0,7.0,412.8,4-2-3-1,4-1-2-3,6.0,4.0,2.0,0.0,0.0,1553.7084627416564,1568.9211136856622,-15.212650944005873,14.1,16.6,-2.5000000000000018,0.0,96.0,24.0,27.0,7.0,9.0,1.416,1.011,42.2,48.6,51.9,50.0,0.0,0.0,0,0,15.705882352941176,5.205882352941177,12.676470588235292,2.0294117647058822,1.1764705882352942,0.2647058823529412,607.2647058823529,11.852941176470589,17.205882352941178,18.294117647058822,18.647058823529413,16.973684210526315,19.11764705882353,11.842105263157896,1.5294117647058822,11.078947368421051,1.1842105263157894,0.0789473684210526,57.9,14.882352941176473,15.921052631578949,33.026315789473685,1.8088235294117647,1.3558823529411763,118.0,184.0,48.0,89.0,44.0,90.0,12.411764705882351,4.176470588235294,11.852941176470589,1.605263157894737,0.9473684210526316,0.3421052631578947,518.9411764705883,11.470588235294118,12.411764705882351,14.235294117647058,21.86842105263158,16.794117647058822,18.473684210526315,9.911764705882351,2.210526315789474,16.92105263157895,0.9736842105263158,0.0294117647058823,53.7,11.382352941176473,16.605263157894736,31.94117647058824,1.3941176470588237,1.1088235294117648,113.0,163.0,42.0,70.0,44.0,88.0,0.0,4.0,3.0,3.0,4.0,3.0,3.0,-1.0,2.0,2.0,4_vs_4,0.0,0.0,0.0,0.0,0.0,0.0,0.0,0.0,0.0,0.0,0.0,0.0,0.0,0.0,0.0,0.0,0.0,0.0,0.0789473684210526,0.0263157894736842,0.2941176470588235,0.3823529411764705,0.1052631578947368,0.2105263157894736,0.0789473684210526,0.0789473684210526,0.1052631578947368,0.0294117647058823,57.0,56.0,47.0,43.0,45.0,39.0,54.0,61.0,0.5,0.0339335180055401,0.4736842105263157,0.0423875432525951,0,0,0,0,0,0,0,0,0,0,0,0,0,0,0,0,0,0,2026_27,J1,明治安田J1リーグ,j1,3.0,2026-08-22,19:30,y-fm,kobe,unplayed,2026_27-j1-3-y-fm-vs-kobe,20260812_074327,2026_27_j1,weekly_prediction_snapshot
2026_27,3,2026-08-23,mcd,0-0,uraw,Ajinomoto Stadium,0,0,6.0,7.0,234.7,3-4-2-1,4-1-2-3,3.0,8.0,-5.0,0.0,0.0,1539.9974199689445,1527.74338246438,12.254037504564621,18.4,14.0,4.399999999999999,0.0,99.0,27.5,25.0,8.0,7.0,1.924,2.553,53.1,58.9,71.4,42.1,0.0,0.0,0,0,11.1,3.263157894736842,10.842105263157896,1.25,0.8947368421052632,0.35,328.63157894736844,11.45,5.25,11.2,17.15,15.31578947368421,17.026315789473685,9.95,1.2,12.8,1.15,0.05,2.26,8.4,17.15,28.7,1.11,0.9605263157894736,5.9,5.65,14.0,31.0,18.0,31.5,12.029411764705882,3.941176470588235,12.578947368421051,1.2647058823529411,1.1470588235294117,0.3157894736842105,486.5,9.973684210526317,13.205882352941176,12.86842105263158,20.91176470588235,17.735294117647058,19.23529411764705,10.105263157894736,1.763157894736842,13.894736842105264,1.105263157894737,0.0294117647058823,52.7,10.558823529411764,16.81578947368421,30.47058823529412,1.363157894736842,1.1823529411764706,111.0,163.0,39.0,78.0,45.0,83.0,0.0,3.0,6.0,1.0,4.0,5.0,1.0,1.0,2.0,2.0,3_vs_4,0.0,0.0,0.0,0.0,0.0,0.0,0.0,0.0,0.0,0.0,0.0,0.0,0.0,0.0,0.0,0.0,0.0,0.0,0.1842105263157894,0.0294117647058823,0.2352941176470588,0.2352941176470588,0.1176470588235294,0.2368421052631578,0.0263157894736842,0.0526315789473684,0.1470588235294117,0.0263157894736842,46.0,43.0,52.0,42.0,42.0,45.0,53.0,63.0,0.48684210526315785,0.04772884663812635,0.5,0.0208333333333333,0,0,0,0,0,0,0,0,0,0,0,0,0,0,0,0,0,0,2026_27,J1,明治安田J1リーグ,j1,3.0,2026-08-23,19:30,mcd,uraw,unplayed,2026_27-j1-3-mcd-vs-uraw,20260812_074327,2026_27_j1,weekly_prediction_snapshot
2026_27,4,2026-08-29,mito,0-0,mcd,Ajinomoto Stadium,0,0,7.0,7.0,145.05,3-4-2-1,3-4-2-1,9.0,3.0,6.0,1.0,0.0,1481.3682664890543,1541.9609084585081,-60.59264196945378,10.8,18.4,-7.599999999999998,82.0,0.0,10.5,24.5,3.5,8.0,1.947,1.924,42.8,54.0,53.1,58.9,0.0,0.0,0,0,10.6,3.1,11.25,0.95,1.8,0.1,427.6,10.8,11.647058823529411,11.3,19.55,14.4,18.6,10.15,1.6,13.3,1.55,0.3,2.54,8.3,14.15,30.25,0.975,1.33,5.9,6.35,35.0,64.0,38.0,72.0,11.1,3.263157894736842,10.842105263157896,1.25,0.8947368421052632,0.35,328.63157894736844,11.45,5.25,11.2,17.15,15.31578947368421,17.026315789473685,9.95,1.2,12.8,1.15,0.05,2.26,8.4,17.15,28.7,1.11,0.9605263157894736,5.9,5.65,14.0,31.0,18.0,31.5,0.0,4.0,4.0,2.0,3.0,6.0,1.0,-0.5,2.0,2.0,3_vs_3,0.0526315789473684,0.0,0.2105263157894736,0.2105263157894736,0.0588235294117647,0.1842105263157894,0.0,0.0588235294117647,0.1052631578947368,0.0294117647058823,45.0,44.0,47.0,44.0,45.0,44.5,44.0,44.0,0.0,0.0,0.0,0.0,0.0,0.0,0.0,0.0,0.0,0.0,0.0,0.0,0.0,0.0,0.0,0.0,0.0,0.0,0.55,0.01095238095238095,0.475,0.03670329670329665,0,0,0,0,0,0,0,0,0,0,0,0,0,0,0,0,0,0,2026_27,J1,明治安田J1リーグ,j1,4.0,2026-08-29,18:00,mito,mcd,unplayed,2026_27-j1-4-mito-vs-mcd,20260812_074327,2026_27_j1,weekly_prediction_snapshot
2026_27,4,2026-08-29,g-os,0-0,hiro,Ajinomoto Stadium,0,0,7.0,7.0,639.0,4-2-3-1,3-4-2-1,12.0,5.0,7.0,0.0,0.0,1484.87429753502,1548.059515531813,-63.18521799679297,15.35,19.05,-3.700000000000001,93.0,117.0,20.0,29.0,5.0,8.0,1.038,2.689,57.9,28.6,56.8,67.6,0.0,0.0,0,0,12.763157894736842,4.088235294117647,14.911764705882351,1.1176470588235294,1.2894736842105263,0.3421052631578947,473.8157894736842,9.470588235294118,10.794117647058824,13.058823529411764,23.029411764705884,17.13157894736842,20.289473684210527,11.558823529411764,1.7941176470588236,17.676470588235293,1.0526315789473684,0.0294117647058823,48.1,11.176470588235292,16.91176470588235,31.789473684210527,1.2352941176470589,1.576470588235294,113.0,157.0,38.0,67.0,50.0,83.0,14.705882352941176,4.676470588235294,10.921052631578949,1.3529411764705883,1.105263157894737,0.3235294117647059,481.1470588235294,10.470588235294118,14.705882352941176,16.764705882352942,18.352941176470587,18.657894736842103,18.647058823529413,11.794117647058824,1.7352941176470589,16.86842105263158,0.9117647058823528,0.0294117647058823,49.5,13.117647058823527,18.176470588235293,33.3235294117647,1.4088235294117646,1.068421052631579,112.0,164.0,40.0,76.0,46.0,87.0,0.0,4.0,4.0,2.0,3.0,6.0,1.0,-1.0,2.0,2.0,4_vs_3,0.131578947368421,0.0263157894736842,0.2631578947368421,0.1764705882352941,0.0588235294117647,0.1764705882352941,0.0263157894736842,0.1470588235294117,0.1470588235294117,0.0294117647058823,41.0,45.0,49.0,49.0,43.0,47.0,55.0,47.0,0.1052631578947368,0.0526315789473684,0.3421052631578947,0.2941176470588235,0.1764705882352941,0.2352941176470588,0.0526315789473684,0.088235294117647,0.1176470588235294,0.0294117647058823,72.0,60.0,54.0,66.0,74.0,62.0,54.0,41.0,0.5,0.0373961218836565,0.4736842105263157,0.0276816608996539,0,0,0,0,0,0,0,0,0,0,0,0,0,0,0,0,0,0,2026_27,J1,明治安田J1リーグ,j1,4.0,2026-08-29,18:00,g-os,hiro,unplayed,2026_27-j1-4-g-os-vs-hiro,20260812_074327,2026_27_j1,weekly_prediction_snapshot
2026_27,4,2026-08-29,shim,0-0,kasw,Ajinomoto Stadium,0,0,7.0,7.0,242.7,4-1-2-3,3-4-2-1,13.0,10.0,3.0,0.0,0.0,1477.4441154138574,1481.948214723065,-4.504099309207504,13.83,17.85,-4.020000000000001,78.0,96.0,19.0,19.0,5.0,6.0,1.52,1.09,57.5,34.7,46.0,57.2,0.0,0.0,0,0,11.342105263157896,3.5,12.0,0.9736842105263158,1.4210526315789471,0.1176470588235294,407.60526315789474,9.157894736842104,8.421052631578947,13.342105263157896,21.47058823529412,15.263157894736842,19.07894736842105,8.894736842105264,1.9705882352941173,12.176470588235292,0.631578947368421,0.0263157894736842,43.5,8.973684210526315,14.052631578947368,29.44736842105263,1.0578947368421054,1.0842105263157895,113.0,156.0,39.0,71.0,49.0,83.0,12.552631578947368,4.0588235294117645,11.382352941176473,1.0263157894736843,1.3529411764705883,0.2105263157894736,422.1315789473685,9.941176470588236,13.263157894736842,14.588235294117649,22.647058823529413,17.794117647058822,19.92105263157895,12.676470588235292,1.7352941176470589,16.441176470588236,1.588235294117647,0.0526315789473684,46.0,11.473684210526317,15.205882352941176,32.44117647058823,1.2289473684210528,1.181578947368421,113.0,163.0,39.0,80.0,47.0,82.0,0.0,4.0,4.0,2.0,3.0,5.0,2.0,0.0,2.0,2.0,4_vs_3,0.0,0.0,0.3421052631578947,0.2105263157894736,0.0,0.131578947368421,0.0,0.0526315789473684,0.088235294117647,0.088235294117647,35.0,34.0,47.0,47.0,36.0,44.0,42.0,53.0,0.0526315789473684,0.0,0.1842105263157894,0.2105263157894736,0.2058823529411764,0.1842105263157894,0.0588235294117647,0.0588235294117647,0.1764705882352941,0.0588235294117647,50.0,43.0,54.0,45.0,55.0,63.0,43.0,43.0,0.5294117647058824,0.0381752077562327,0.4705882352941176,0.0282583621683967,0,0,0,0,0,0,0,0,0,0,0,0,0,0,0,0,0,0,2026_27,J1,明治安田J1リーグ,j1,4.0,2026-08-29,18:30,shim,kasw,unplayed,2026_27-j1-4-shim-vs-kasw,20260812_074327,2026_27_j1,weekly_prediction_snapshot
2026_27,4,2026-08-29,ngsk,0-0,FCtk,Ajinomoto Stadium,0,0,7.0,7.0,225.6,3-4-2-1,4-4-2,8.5,8.0,0.5,0.5,0.0,1486.5869419238666,1504.7254200609143,-18.13847813704774,13.75,17.15,-3.3999999999999986,82.0,0.0,12.0,23.0,4.0,7.0,1.515,0.998,57.0,48.6,41.1,46.9,0.0,0.0,0,0,10.4,3.3,14.25,1.05,1.4,0.2,388.0,9.45,11.647058823529411,9.35,25.9,14.65,19.7,9.45,2.3,15.25,1.1,0.05,2.38,8.4,14.1,31.8,1.175,1.575,5.65,6.7,35.0,64.0,38.0,72.0,0.0,0.0,0.0,0.0,0.0,0.0,0.0,0.0,0.0,0.0,0.0,0.0,0.0,0.0,0.0,0.0,0.0,0.0,0.0,0.0,0.0,0.0,0.0,0.0,0.0,0.0,0.0,0.0,0.0,0.0,0.0,3.0,6.0,1.0,4.0,3.0,3.0,0.5,2.0,2.0,3_vs_4,0.0526315789473684,0.0,0.2105263157894736,0.2105263157894736,0.0588235294117647,0.1842105263157894,0.0,0.0588235294117647,0.1052631578947368,0.0294117647058823,45.0,44.0,47.0,44.0,45.0,44.5,44.0,44.0,0.0,0.0,0.0,0.0,0.0,0.0,0.0,0.0,0.0,0.0,0.0,0.0,0.0,0.0,0.0,0.0,0.0,0.0,0.47500000000000003,0.02306318681318675,0.4736842105263157,0.0222925735391109,0,0,0,0,0,0,0,0,0,0,0,0,0,0,0,0,0,0,2026_27,J1,明治安田J1リーグ,j1,4.0,2026-08-29,18:30,ngsk,FCtk,unplayed,2026_27-j1-4-ngsk-vs-FCtk,20260812_074327,2026_27_j1,weekly_prediction_snapshot
2026_27,4,2026-08-29,uraw,0-0,y-fm,Ajinomoto Stadium,0,0,6.0,7.0,230.3,4-1-2-3,4-2-3-1,8.0,7.0,1.0,0.0,0.0,1527.1329713906612,1570.7264926415494,-43.593521250888216,14.0,14.1,-0.09999999999999964,93.0,0.0,24.0,24.0,7.0,7.0,2.553,1.416,71.4,42.1,42.2,48.6,0.0,0.0,0,0,12.029411764705882,3.941176470588235,12.578947368421051,1.2647058823529411,1.1470588235294117,0.3157894736842105,486.5,9.973684210526317,13.205882352941176,12.86842105263158,20.91176470588235,17.735294117647058,19.23529411764705,10.105263157894736,1.763157894736842,13.894736842105264,1.105263157894737,0.0294117647058823,52.7,10.558823529411764,16.81578947368421,30.47058823529412,1.363157894736842,1.1823529411764706,111.0,163.0,39.0,78.0,45.0,83.0,15.705882352941176,5.205882352941177,12.676470588235292,2.0294117647058822,1.1764705882352942,0.2647058823529412,607.2647058823529,11.852941176470589,17.205882352941178,18.294117647058822,18.647058823529413,16.973684210526315,19.11764705882353,11.842105263157896,1.5294117647058822,11.078947368421051,1.1842105263157894,0.0789473684210526,57.9,14.882352941176473,15.921052631578949,33.026315789473685,1.8088235294117647,1.3558823529411763,118.0,184.0,48.0,89.0,44.0,90.0,0.0,4.0,5.0,1.0,4.0,3.0,3.0,0.0,2.0,2.0,4_vs_4,0.1842105263157894,0.0294117647058823,0.2352941176470588,0.2352941176470588,0.1176470588235294,0.2368421052631578,0.0263157894736842,0.0526315789473684,0.1470588235294117,0.0263157894736842,46.0,43.0,52.0,42.0,42.0,45.0,53.0,63.0,0.0,0.0,0.0,0.0,0.0,0.0,0.0,0.0,0.0,0.0,0.0,0.0,0.0,0.0,0.0,0.0,0.0,0.0,0.4705882352941176,0.0207612456747404,0.4736842105263157,0.0339335180055401,0,0,0,0,0,0,0,0,0,0,0,0,0,0,0,0,0,0,2026_27,J1,明治安田J1リーグ,j1,4.0,2026-08-29,19:00,uraw,y-fm,unplayed,2026_27-j1-4-uraw-vs-y-fm,20260812_074327,2026_27_j1,weekly_prediction_snapshot
2026_27,4,2026-08-29,tk-v,0-0,kasm,Ajinomoto Stadium,0,0,7.0,7.0,289.2,3-4-2-1,4-4-2,13.0,4.0,9.0,0.0,0.0,1506.3841338687366,1555.0464607669046,-48.662326898167976,9.33,21.43,-12.1,120.5,88.0,20.0,32.0,7.0,8.0,2.064,2.945,48.6,42.7,51.4,57.8,0.0,0.0,0,0,9.2,2.65,9.8,1.0,1.3,0.3,353.25,8.25,6.052631578947368,10.2,22.1,18.05263157894737,18.710526315789476,11.05,1.4,16.05,1.0,0.0,2.2,7.4,14.3,26.8,0.8400000000000001,1.065,5.95,7.2,15.0,26.5,19.0,33.5,12.941176470588236,4.176470588235294,11.147058823529411,1.5789473684210529,1.0789473684210529,0.3947368421052631,424.11764705882354,10.852941176470589,12.264705882352942,15.078947368421051,21.91176470588235,18.68421052631579,19.97058823529412,11.894736842105264,2.0,18.81578947368421,1.411764705882353,0.0588235294117647,50.1,11.5,17.36842105263158,33.55263157894737,1.2868421052631578,1.2078947368421051,112.0,167.0,40.0,80.0,45.0,86.0,0.0,3.0,6.0,1.0,4.0,4.0,2.0,1.0,2.0,2.0,3_vs_4,0.0789473684210526,0.0394736842105263,0.1973684210526315,0.0789473684210526,0.0657894736842105,0.0789473684210526,0.0,0.0789473684210526,0.0394736842105263,0.0131578947368421,22.5,22.5,23.0,19.5,22.5,21.0,22.0,25.0,0.0789473684210526,0.0,0.3823529411764705,0.2941176470588235,0.088235294117647,0.2631578947368421,0.0294117647058823,0.0588235294117647,0.1764705882352941,0.088235294117647,50.0,48.0,58.0,56.0,54.0,62.0,50.0,40.0,0.48684210526315785,0.023057390439661853,0.5,0.0348904267589388,0,0,0,0,0,0,0,0,0,0,0,0,0,0,0,0,0,0,2026_27,J1,明治安田J1リーグ,j1,4.0,2026-08-29,19:00,tk-v,kasm,unplayed,2026_27-j1-4-tk-v-vs-kasm,20260812_074327,2026_27_j1,weekly_prediction_snapshot
2026_27,4,2026-08-29,ka-f,0-0,chib,Ajinomoto Stadium,0,0,6.0,6.5,357.7,4-2-3-1,3-4-2-1,6.0,9.5,-3.5,0.0,0.0,1552.3375348771292,1468.4504174736203,83.88711740350891,19.05,13.3,5.75,114.0,80.0,25.0,9.0,7.0,3.5,1.501,0.481,57.3,51.3,32.4,43.2,0.0,0.0,0,0,14.657894736842104,4.947368421052632,10.235294117647058,1.911764705882353,1.2352941176470589,0.3235294117647059,578.9705882352941,11.552631578947368,15.68421052631579,13.617647058823527,20.294117647058822,18.94117647058824,20.0,9.794117647058824,2.2058823529411766,13.588235294117649,1.1470588235294117,0.088235294117647,54.9,14.078947368421051,17.5,32.47058823529412,1.6473684210526316,1.052941176470588,111.0,157.0,42.0,70.0,44.0,82.0,10.75,3.45,15.65,1.0,1.65,0.1,394.6,11.1,11.647058823529411,11.6,27.0,15.85,16.7,11.35,1.7,13.6,1.55,0.05,2.355,7.95,15.1,28.35,1.135,1.65,5.95,6.05,35.0,64.0,38.0,72.0,0.0,4.0,3.0,3.0,4.0,4.0,2.0,-1.0,2.0,2.0,4_vs_3,0.1764705882352941,0.0294117647058823,0.3421052631578947,0.4117647058823529,0.131578947368421,0.3529411764705882,0.0294117647058823,0.088235294117647,0.1764705882352941,0.1176470588235294,51.0,63.0,59.0,53.0,51.0,41.0,73.0,53.0,0.0526315789473684,0.0,0.2105263157894736,0.2105263157894736,0.0588235294117647,0.1842105263157894,0.0,0.0588235294117647,0.1052631578947368,0.0294117647058823,45.0,44.0,47.0,44.0,45.0,44.5,44.0,44.0,0.45,0.0350346020761245,0.525,0.0103854166666666,0,0,0,0,0,0,0,0,0,0,0,0,0,0,0,0,0,0,2026_27,J1,明治安田J1リーグ,j1,4.0,2026-08-29,19:00,ka-f,chib,unplayed,2026_27-j1-4-ka-f-vs-chib,20260812_074327,2026_27_j1,weekly_prediction_snapshot
2026_27,4,2026-08-29,nago,0-0,okay,Ajinomoto Stadium,0,0,7.0,6.0,0.0,3-4-2-1,3-4-2-1,8.0,9.0,-1.0,0.0,1.0,1521.2102994510724,1494.8528330726735,26.35746637839884,13.35,10.48,2.869999999999999,114.0,127.0,26.0,18.0,7.0,6.0,1.037,2.493,65.3,42.5,63.2,61.0,0.0,0.0,0,0,11.205882352941176,3.8947368421052633,11.735294117647058,1.1578947368421053,1.0294117647058822,0.3823529411764705,403.1764705882353,11.676470588235292,10.705882352941176,13.441176470588236,21.647058823529413,18.58823529411765,18.94117647058824,10.176470588235292,1.7941176470588236,14.763157894736842,1.0,0.0588235294117647,46.2,8.973684210526315,17.294117647058822,30.289473684210527,1.1823529411764706,1.1176470588235294,114.0,155.0,39.0,74.0,48.0,79.0,0.0,0.0,0.0,0.0,0.0,0.0,0.0,0.0,0.0,0.0,0.0,0.0,0.0,0.0,0.0,0.0,0.0,0.0,0.0,0.0,0.0,0.0,0.0,0.0,0.0,0.0,0.0,0.0,0.0,0.0,0.0,3.0,6.0,1.0,3.0,6.0,1.0,1.0,2.0,2.0,3_vs_3,0.0588235294117647,0.0294117647058823,0.2647058823529412,0.2058823529411764,0.0294117647058823,0.1842105263157894,0.0,0.1052631578947368,0.1470588235294117,0.0526315789473684,51.0,50.0,38.0,45.0,47.0,44.0,43.0,46.0,0.0,0.0,0.0,0.0,0.0,0.0,0.0,0.0,0.0,0.0,0.0,0.0,0.0,0.0,0.0,0.0,0.0,0.0,0.4736842105263157,0.028365650969529,0.5,0.0225,0,0,0,0,0,0,0,0,0,0,0,0,0,0,0,0,0,0,2026_27,J1,明治安田J1リーグ,j1,4.0,2026-08-29,19:00,nago,okay,unplayed,2026_27-j1-4-nago-vs-okay,20260812_074327,2026_27_j1,weekly_prediction_snapshot
2026_27,4,2026-08-29,kyot,0-0,fuku,Ajinomoto Stadium,0,0,7.0,7.0,843.1,4-2-3-1,3-4-2-1,11.5,10.0,1.5,0.0,0.0,1482.0426018308194,1504.43640562365,-22.393803792830568,14.98,12.03,2.950000000000001,127.5,121.0,18.5,21.0,5.5,7.0,0.847,0.769,51.4,42.9,50.0,48.1,0.0,0.0,0,0,11.911764705882351,3.176470588235294,12.823529411764708,1.05,1.3235294117647058,0.2352941176470588,337.52941176470586,10.441176470588236,10.43498452012384,13.5,23.7,17.15,21.15,13.205882352941176,1.3,17.8,1.5263157894736843,0.0789473684210526,46.2,10.0,15.8,33.94117647058823,1.1588235294117646,1.4352941176470588,113.0,133.0,27.0,53.0,36.5,80.0,10.5,3.176470588235294,11.157894736842104,0.868421052631579,1.0,0.3235294117647059,336.8684210526316,10.529411764705882,9.657894736842104,14.052631578947368,24.61764705882353,19.529411764705884,18.44117647058824,13.058823529411764,1.6176470588235294,18.61764705882353,1.4411764705882353,0.0263157894736842,42.7,8.368421052631579,17.5,32.28947368421053,1.0558823529411765,1.0323529411764707,109.0,120.0,26.0,52.0,38.0,67.0,0.0,4.0,3.0,3.0,3.0,6.0,1.0,-2.0,2.0,2.0,4_vs_3,0.0278637770897832,0.0,0.2376160990712074,0.2105263157894736,0.0704334365325076,0.0588235294117647,0.0,0.0719814241486068,0.1176470588235294,0.0147058823529411,56.0,35.5,54.5,60.0,56.0,46.0,36.0,38.0,0.0526315789473684,0.0263157894736842,0.2105263157894736,0.2105263157894736,0.0263157894736842,0.2058823529411764,0.0,0.0263157894736842,0.0789473684210526,0.0263157894736842,42.0,45.0,44.0,47.0,54.0,51.0,40.0,34.0,0.5,0.049528879425073155,0.5,0.0240403640680649,0,0,0,0,0,0,0,0,0,0,0,0,0,0,0,0,0,0,2026_27,J1,明治安田J1リーグ,j1,4.0,2026-08-29,19:00,kyot,fuku,unplayed,2026_27-j1-4-kyot-vs-fuku,20260812_074327,2026_27_j1,weekly_prediction_snapshot
2026_27,4,2026-08-29,kobe,0-0,c-os,Ajinomoto Stadium,0,0,6.0,6.0,385.9,4-1-2-3,3-4-2-1,4.0,8.0,-4.0,0.0,0.0,1568.2524919881544,1509.1673593438288,59.08513264432554,16.6,12.5,4.100000000000001,93.0,93.0,26.0,24.0,8.0,6.0,1.011,0.595,51.9,50.0,39.0,36.8,0.0,0.0,0,0,12.411764705882351,4.176470588235294,11.852941176470589,1.605263157894737,0.9473684210526316,0.3421052631578947,518.9411764705883,11.470588235294118,12.411764705882351,14.235294117647058,21.86842105263158,16.794117647058822,18.473684210526315,9.911764705882351,2.210526315789474,16.92105263157895,0.9736842105263158,0.0294117647058823,53.7,11.382352941176473,16.605263157894736,31.94117647058824,1.3941176470588237,1.1088235294117648,113.0,163.0,42.0,70.0,44.0,88.0,13.394736842105264,3.868421052631579,12.18421052631579,1.236842105263158,1.1764705882352942,0.2894736842105263,455.8157894736842,10.823529411764708,11.105263157894736,15.289473684210526,20.5,15.5,18.38235294117647,9.157894736842104,1.605263157894737,13.941176470588236,0.7368421052631579,0.0294117647058823,50.4,10.763157894736842,15.441176470588236,31.88235294117647,1.258823529411765,1.1973684210526316,114.0,129.0,41.0,62.0,48.0,66.0,0.0,4.0,3.0,3.0,4.0,4.0,2.0,-1.0,2.0,2.0,4_vs_3,0.0789473684210526,0.0263157894736842,0.2941176470588235,0.3823529411764705,0.1052631578947368,0.2105263157894736,0.0789473684210526,0.0789473684210526,0.1052631578947368,0.0294117647058823,57.0,56.0,47.0,43.0,45.0,39.0,54.0,61.0,0.088235294117647,0.0,0.2894736842105263,0.2894736842105263,0.0526315789473684,0.2368421052631578,0.0294117647058823,0.0789473684210526,0.088235294117647,0.0588235294117647,56.0,45.0,45.0,49.0,46.0,44.0,50.0,55.0,0.5,0.0472372065898819,0.4736842105263157,0.0293452222517966,0,0,0,0,0,0,0,0,0,0,0,0,0,0,0,0,0,0,2026_27,J1,明治安田J1リーグ,j1,4.0,2026-08-29,19:00,kobe,c-os,unplayed,2026_27-j1-4-kobe-vs-c-os,20260812_074327,2026_27_j1,weekly_prediction_snapshot
2026_27,5,2026-09-02,mito,0-0,kasm,Ajinomoto Stadium,0,0,7.0,7.0,289.2,3-4-2-1,4-4-2,9.0,4.0,5.0,1.0,0.0,1481.3682664890543,1555.0464607669046,-73.67819427785025,10.8,21.43,-10.629999999999999,82.0,88.0,10.5,32.0,3.5,8.0,1.947,2.945,42.8,54.0,51.4,57.8,0.0,0.0,0,0,10.6,3.1,11.25,0.95,1.8,0.1,427.6,10.8,11.647058823529411,11.3,19.55,14.4,18.6,10.15,1.6,13.3,1.55,0.3,2.54,8.3,14.15,30.25,0.975,1.33,5.9,6.35,35.0,64.0,38.0,72.0,12.941176470588236,4.176470588235294,11.147058823529411,1.5789473684210529,1.0789473684210529,0.3947368421052631,424.11764705882354,10.852941176470589,12.264705882352942,15.078947368421051,21.91176470588235,18.68421052631579,19.97058823529412,11.894736842105264,2.0,18.81578947368421,1.411764705882353,0.0588235294117647,50.1,11.5,17.36842105263158,33.55263157894737,1.2868421052631578,1.2078947368421051,112.0,167.0,40.0,80.0,45.0,86.0,0.0,4.0,4.0,2.0,4.0,4.0,2.0,-0.5,2.0,2.0,3_vs_4,0.0526315789473684,0.0,0.2105263157894736,0.2105263157894736,0.0588235294117647,0.1842105263157894,0.0,0.0588235294117647,0.1052631578947368,0.0294117647058823,45.0,44.0,47.0,44.0,45.0,44.5,44.0,44.0,0.0789473684210526,0.0,0.3823529411764705,0.2941176470588235,0.088235294117647,0.2631578947368421,0.0294117647058823,0.0588235294117647,0.1764705882352941,0.088235294117647,50.0,48.0,58.0,56.0,54.0,62.0,50.0,40.0,0.55,0.01095238095238095,0.5,0.0348904267589388,0,0,0,0,0,0,0,0,0,0,0,0,0,0,0,0,0,0,2026_27,J1,明治安田J1リーグ,j1,5.0,2026-09-02,19:00,mito,kasm,unplayed,2026_27-j1-5-mito-vs-kasm,20260812_074327,2026_27_j1,weekly_prediction_snapshot
2026_27,5,2026-09-02,chib,0-0,okay,Ajinomoto Stadium,0,0,7.0,6.0,0.0,3-4-2-1,3-4-2-1,10.0,9.0,1.0,0.0,1.0,1469.3397806394082,1494.8528330726735,-25.51305243326533,13.3,10.48,2.8200000000000003,82.0,127.0,6.5,18.0,3.0,6.0,0.481,2.493,32.4,43.2,63.2,61.0,0.0,0.0,0,0,10.75,3.45,15.65,1.0,1.65,0.1,394.6,11.1,11.647058823529411,11.6,27.0,15.85,16.7,11.35,1.7,13.6,1.55,0.05,2.355,7.95,15.1,28.35,1.135,1.65,5.95,6.05,35.0,64.0,38.0,72.0,0.0,0.0,0.0,0.0,0.0,0.0,0.0,0.0,0.0,0.0,0.0,0.0,0.0,0.0,0.0,0.0,0.0,0.0,0.0,0.0,0.0,0.0,0.0,0.0,0.0,0.0,0.0,0.0,0.0,0.0,0.0,4.0,4.0,2.0,3.0,6.0,1.0,-0.5,2.0,2.0,3_vs_3,0.0526315789473684,0.0,0.2105263157894736,0.2105263157894736,0.0588235294117647,0.1842105263157894,0.0,0.0588235294117647,0.1052631578947368,0.0294117647058823,45.0,44.0,47.0,44.0,45.0,44.5,44.0,44.0,0.0,0.0,0.0,0.0,0.0,0.0,0.0,0.0,0.0,0.0,0.0,0.0,0.0,0.0,0.0,0.0,0.0,0.0,0.42500000000000004,0.0081944444444444,0.5,0.0225,0,0,0,0,0,0,0,0,0,0,0,0,0,0,0,0,0,0,2026_27,J1,明治安田J1リーグ,j1,5.0,2026-09-02,19:00,chib,okay,unplayed,2026_27-j1-5-chib-vs-okay,20260812_074327,2026_27_j1,weekly_prediction_snapshot
2026_27,5,2026-09-02,tk-v,0-0,kobe,Ajinomoto Stadium,0,0,7.0,7.0,412.8,3-4-2-1,4-1-2-3,13.0,4.0,9.0,0.0,0.0,1506.3841338687366,1568.9211136856622,-62.53697981692562,9.33,16.6,-7.270000000000001,120.5,96.0,20.0,27.0,7.0,9.0,2.064,1.011,48.6,42.7,51.9,50.0,0.0,0.0,0,0,9.2,2.65,9.8,1.0,1.3,0.3,353.25,8.25,6.052631578947368,10.2,22.1,18.05263157894737,18.710526315789476,11.05,1.4,16.05,1.0,0.0,2.2,7.4,14.3,26.8,0.8400000000000001,1.065,5.95,7.2,15.0,26.5,19.0,33.5,12.411764705882351,4.176470588235294,11.852941176470589,1.605263157894737,0.9473684210526316,0.3421052631578947,518.9411764705883,11.470588235294118,12.411764705882351,14.235294117647058,21.86842105263158,16.794117647058822,18.473684210526315,9.911764705882351,2.210526315789474,16.92105263157895,0.9736842105263158,0.0294117647058823,53.7,11.382352941176473,16.605263157894736,31.94117647058824,1.3941176470588237,1.1088235294117648,113.0,163.0,42.0,70.0,44.0,88.0,0.0,3.0,6.0,1.0,4.0,3.0,3.0,1.0,2.0,2.0,3_vs_4,0.0789473684210526,0.0394736842105263,0.1973684210526315,0.0789473684210526,0.0657894736842105,0.0789473684210526,0.0,0.0789473684210526,0.0394736842105263,0.0131578947368421,22.5,22.5,23.0,19.5,22.5,21.0,22.0,25.0,0.0789473684210526,0.0263157894736842,0.2941176470588235,0.3823529411764705,0.1052631578947368,0.2105263157894736,0.0789473684210526,0.0789473684210526,0.1052631578947368,0.0294117647058823,57.0,56.0,47.0,43.0,45.0,39.0,54.0,61.0,0.48684210526315785,0.023057390439661853,0.4736842105263157,0.0423875432525951,0,0,0,0,0,0,0,0,0,0,0,0,0,0,0,0,0,0,2026_27,J1,明治安田J1リーグ,j1,5.0,2026-09-02,19:00,tk-v,kobe,unplayed,2026_27-j1-5-tk-v-vs-kobe,20260812_074327,2026_27_j1,weekly_prediction_snapshot
2026_27,5,2026-09-02,mcd,0-0,ka-f,Ajinomoto Stadium,0,0,6.0,7.0,233.7,3-4-2-1,4-2-3-1,3.0,6.0,-3.0,0.0,0.0,1539.9974199689445,1554.9684351975595,-14.971015228614988,18.4,19.05,-0.6500000000000021,0.0,127.0,27.5,26.0,8.0,8.0,1.924,1.501,53.1,58.9,57.3,51.3,0.0,0.0,0,0,11.1,3.263157894736842,10.842105263157896,1.25,0.8947368421052632,0.35,328.63157894736844,11.45,5.25,11.2,17.15,15.31578947368421,17.026315789473685,9.95,1.2,12.8,1.15,0.05,2.26,8.4,17.15,28.7,1.11,0.9605263157894736,5.9,5.65,14.0,31.0,18.0,31.5,14.657894736842104,4.947368421052632,10.235294117647058,1.911764705882353,1.2352941176470589,0.3235294117647059,578.9705882352941,11.552631578947368,15.68421052631579,13.617647058823527,20.294117647058822,18.94117647058824,20.0,9.794117647058824,2.2058823529411766,13.588235294117649,1.1470588235294117,0.088235294117647,54.9,14.078947368421051,17.5,32.47058823529412,1.6473684210526316,1.052941176470588,111.0,157.0,42.0,70.0,44.0,82.0,0.0,3.0,6.0,1.0,4.0,3.0,3.0,1.0,2.0,2.0,3_vs_4,0.0,0.0,0.0,0.0,0.0,0.0,0.0,0.0,0.0,0.0,0.0,0.0,0.0,0.0,0.0,0.0,0.0,0.0,0.1764705882352941,0.0294117647058823,0.3421052631578947,0.4117647058823529,0.131578947368421,0.3529411764705882,0.0294117647058823,0.088235294117647,0.1764705882352941,0.1176470588235294,51.0,63.0,59.0,53.0,51.0,41.0,73.0,53.0,0.48684210526315785,0.04772884663812635,0.5,0.032840909090909,0,0,0,0,0,0,0,0,0,0,0,0,0,0,0,0,0,0,2026_27,J1,明治安田J1リーグ,j1,5.0,2026-09-02,19:00,mcd,ka-f,unplayed,2026_27-j1-5-mcd-vs-ka-f,20260812_074327,2026_27_j1,weekly_prediction_snapshot
2026_27,5,2026-09-02,y-fm,0-0,kyot,Ajinomoto Stadium,0,0,6.0,7.0,367.5,4-2-3-1,4-2-3-1,6.0,12.0,-6.0,0.0,0.0,1553.7084627416564,1487.110875027563,66.59758771409338,14.1,14.98,-0.8800000000000008,0.0,110.5,24.0,17.0,7.0,6.0,1.416,0.847,42.2,48.6,51.4,42.9,0.0,0.0,0,0,15.705882352941176,5.205882352941177,12.676470588235292,2.0294117647058822,1.1764705882352942,0.2647058823529412,607.2647058823529,11.852941176470589,17.205882352941178,18.294117647058822,18.647058823529413,16.973684210526315,19.11764705882353,11.842105263157896,1.5294117647058822,11.078947368421051,1.1842105263157894,0.0789473684210526,57.9,14.882352941176473,15.921052631578949,33.026315789473685,1.8088235294117647,1.3558823529411763,118.0,184.0,48.0,89.0,44.0,90.0,11.911764705882351,3.176470588235294,12.823529411764708,1.05,1.3235294117647058,0.2352941176470588,337.52941176470586,10.441176470588236,10.43498452012384,13.5,23.7,17.15,21.15,13.205882352941176,1.3,17.8,1.5263157894736843,0.0789473684210526,46.2,10.0,15.8,33.94117647058823,1.1588235294117646,1.4352941176470588,113.0,133.0,27.0,53.0,36.5,80.0,0.0,4.0,3.0,3.0,4.0,3.0,3.0,-1.0,2.0,2.0,4_vs_4,0.0,0.0,0.0,0.0,0.0,0.0,0.0,0.0,0.0,0.0,0.0,0.0,0.0,0.0,0.0,0.0,0.0,0.0,0.0278637770897832,0.0,0.2376160990712074,0.2105263157894736,0.0704334365325076,0.0588235294117647,0.0,0.0719814241486068,0.1176470588235294,0.0147058823529411,56.0,35.5,54.5,60.0,56.0,46.0,36.0,38.0,0.5,0.0339335180055401,0.4705882352941176,0.03751730103806225,0,0,0,0,0,0,0,0,0,0,0,0,0,0,0,0,0,0,2026_27,J1,明治安田J1リーグ,j1,5.0,2026-09-02,19:00,y-fm,kyot,unplayed,2026_27-j1-5-y-fm-vs-kyot,20260812_074327,2026_27_j1,weekly_prediction_snapshot
2026_27,5,2026-09-02,shim,0-0,FCtk,Ajinomoto Stadium,0,0,7.0,7.0,225.6,4-1-2-3,4-4-2,13.0,8.0,5.0,0.0,0.0,1477.4441154138574,1504.7254200609143,-27.281304647056913,13.83,17.15,-3.3199999999999985,78.0,0.0,19.0,23.0,5.0,7.0,1.52,0.998,57.5,34.7,41.1,46.9,0.0,0.0,0,0,11.342105263157896,3.5,12.0,0.9736842105263158,1.4210526315789471,0.1176470588235294,407.60526315789474,9.157894736842104,8.421052631578947,13.342105263157896,21.47058823529412,15.263157894736842,19.07894736842105,8.894736842105264,1.9705882352941173,12.176470588235292,0.631578947368421,0.0263157894736842,43.5,8.973684210526315,14.052631578947368,29.44736842105263,1.0578947368421054,1.0842105263157895,113.0,156.0,39.0,71.0,49.0,83.0,0.0,0.0,0.0,0.0,0.0,0.0,0.0,0.0,0.0,0.0,0.0,0.0,0.0,0.0,0.0,0.0,0.0,0.0,0.0,0.0,0.0,0.0,0.0,0.0,0.0,0.0,0.0,0.0,0.0,0.0,0.0,4.0,4.0,2.0,4.0,3.0,3.0,0.0,2.0,2.0,4_vs_4,0.0,0.0,0.3421052631578947,0.2105263157894736,0.0,0.131578947368421,0.0,0.0526315789473684,0.088235294117647,0.088235294117647,35.0,34.0,47.0,47.0,36.0,44.0,42.0,53.0,0.0,0.0,0.0,0.0,0.0,0.0,0.0,0.0,0.0,0.0,0.0,0.0,0.0,0.0,0.0,0.0,0.0,0.0,0.5294117647058824,0.0381752077562327,0.4736842105263157,0.0222925735391109,0,0,0,0,0,0,0,0,0,0,0,0,0,0,0,0,0,0,2026_27,J1,明治安田J1リーグ,j1,5.0,2026-09-02,19:00,shim,FCtk,unplayed,2026_27-j1-5-shim-vs-FCtk,20260812_074327,2026_27_j1,weekly_prediction_snapshot
2026_27,5,2026-09-02,c-os,0-0,kasw,Ajinomoto Stadium,0,0,7.0,7.0,242.7,3-4-2-1,3-4-2-1,7.0,10.0,-3.0,0.0,0.0,1510.635587565086,1481.948214723065,28.687372842021205,12.5,17.85,-5.350000000000001,99.0,96.0,23.0,19.0,7.0,6.0,0.595,1.09,39.0,36.8,46.0,57.2,0.0,0.0,0,0,13.394736842105264,3.868421052631579,12.18421052631579,1.236842105263158,1.1764705882352942,0.2894736842105263,455.8157894736842,10.823529411764708,11.105263157894736,15.289473684210526,20.5,15.5,18.38235294117647,9.157894736842104,1.605263157894737,13.941176470588236,0.7368421052631579,0.0294117647058823,50.4,10.763157894736842,15.441176470588236,31.88235294117647,1.258823529411765,1.1973684210526316,114.0,129.0,41.0,62.0,48.0,66.0,12.552631578947368,4.0588235294117645,11.382352941176473,1.0263157894736843,1.3529411764705883,0.2105263157894736,422.1315789473685,9.941176470588236,13.263157894736842,14.588235294117649,22.647058823529413,17.794117647058822,19.92105263157895,12.676470588235292,1.7352941176470589,16.441176470588236,1.588235294117647,0.0526315789473684,46.0,11.473684210526317,15.205882352941176,32.44117647058823,1.2289473684210528,1.181578947368421,113.0,163.0,39.0,80.0,47.0,82.0,0.0,4.0,4.0,2.0,3.0,5.0,2.0,-1.0,2.0,2.0,3_vs_3,0.088235294117647,0.0,0.2894736842105263,0.2894736842105263,0.0526315789473684,0.2368421052631578,0.0294117647058823,0.0789473684210526,0.088235294117647,0.0588235294117647,56.0,45.0,45.0,49.0,46.0,44.0,50.0,55.0,0.0526315789473684,0.0,0.1842105263157894,0.2105263157894736,0.2058823529411764,0.1842105263157894,0.0588235294117647,0.0588235294117647,0.1764705882352941,0.0588235294117647,50.0,43.0,54.0,45.0,55.0,63.0,43.0,43.0,0.5,0.0280470914127423,0.4705882352941176,0.0282583621683967,0,0,0,0,0,0,0,0,0,0,0,0,0,0,0,0,0,0,2026_27,J1,明治安田J1リーグ,j1,5.0,2026-09-02,19:00,c-os,kasw,unplayed,2026_27-j1-5-c-os-vs-kasw,20260812_074327,2026_27_j1,weekly_prediction_snapshot
2026_27,5,2026-09-02,hiro,0-0,nago,Ajinomoto Stadium,0,0,7.0,7.0,230.3,3-4-2-1,3-4-2-1,6.0,9.0,-3.0,0.0,0.0,1537.0103290322477,1519.4628165308918,17.547512501355868,19.05,13.35,5.700000000000001,113.0,120.0,26.0,25.0,7.0,7.0,2.689,1.037,56.8,67.6,65.3,42.5,0.0,0.0,0,0,14.705882352941176,4.676470588235294,10.921052631578949,1.3529411764705883,1.105263157894737,0.3235294117647059,481.1470588235294,10.470588235294118,14.705882352941176,16.764705882352942,18.352941176470587,18.657894736842103,18.647058823529413,11.794117647058824,1.7352941176470589,16.86842105263158,0.9117647058823528,0.0294117647058823,49.5,13.117647058823527,18.176470588235293,33.3235294117647,1.4088235294117646,1.068421052631579,112.0,164.0,40.0,76.0,46.0,87.0,11.205882352941176,3.8947368421052633,11.735294117647058,1.1578947368421053,1.0294117647058822,0.3823529411764705,403.1764705882353,11.676470588235292,10.705882352941176,13.441176470588236,21.647058823529413,18.58823529411765,18.94117647058824,10.176470588235292,1.7941176470588236,14.763157894736842,1.0,0.0588235294117647,46.2,8.973684210526315,17.294117647058822,30.289473684210527,1.1823529411764706,1.1176470588235294,114.0,155.0,39.0,74.0,48.0,79.0,0.0,3.0,6.0,1.0,3.0,6.0,1.0,1.0,2.0,2.0,3_vs_3,0.1052631578947368,0.0526315789473684,0.3421052631578947,0.2941176470588235,0.1764705882352941,0.2352941176470588,0.0526315789473684,0.088235294117647,0.1176470588235294,0.0294117647058823,72.0,60.0,54.0,66.0,74.0,62.0,54.0,41.0,0.0588235294117647,0.0294117647058823,0.2647058823529412,0.2058823529411764,0.0294117647058823,0.1842105263157894,0.0,0.1052631578947368,0.1470588235294117,0.0526315789473684,51.0,50.0,38.0,45.0,47.0,44.0,43.0,46.0,0.5,0.0223059812160158,0.5,0.0289285714285714,0,0,0,0,0,0,0,0,0,0,0,0,0,0,0,0,0,0,2026_27,J1,明治安田J1リーグ,j1,5.0,2026-09-02,19:00,hiro,nago,unplayed,2026_27-j1-5-hiro-vs-nago,20260812_074327,2026_27_j1,weekly_prediction_snapshot
2026_27,5,2026-09-02,fuku,0-0,uraw,Ajinomoto Stadium,0,0,7.0,7.0,234.7,3-4-2-1,4-1-2-3,10.0,8.0,2.0,0.0,0.0,1502.0577783078763,1527.74338246438,-25.685604156503587,12.03,14.0,-1.9700000000000006,113.0,99.0,19.0,25.0,5.0,7.0,0.769,2.553,50.0,48.1,71.4,42.1,0.0,0.0,0,0,10.5,3.176470588235294,11.157894736842104,0.868421052631579,1.0,0.3235294117647059,336.8684210526316,10.529411764705882,9.657894736842104,14.052631578947368,24.61764705882353,19.529411764705884,18.44117647058824,13.058823529411764,1.6176470588235294,18.61764705882353,1.4411764705882353,0.0263157894736842,42.7,8.368421052631579,17.5,32.28947368421053,1.0558823529411765,1.0323529411764707,109.0,120.0,26.0,52.0,38.0,67.0,12.029411764705882,3.941176470588235,12.578947368421051,1.2647058823529411,1.1470588235294117,0.3157894736842105,486.5,9.973684210526317,13.205882352941176,12.86842105263158,20.91176470588235,17.735294117647058,19.23529411764705,10.105263157894736,1.763157894736842,13.894736842105264,1.105263157894737,0.0294117647058823,52.7,10.558823529411764,16.81578947368421,30.47058823529412,1.363157894736842,1.1823529411764706,111.0,163.0,39.0,78.0,45.0,83.0,0.0,3.0,6.0,1.0,4.0,5.0,1.0,0.0,2.0,2.0,3_vs_4,0.0526315789473684,0.0263157894736842,0.2105263157894736,0.2105263157894736,0.0263157894736842,0.2058823529411764,0.0,0.0263157894736842,0.0789473684210526,0.0263157894736842,42.0,45.0,44.0,47.0,54.0,51.0,40.0,34.0,0.1842105263157894,0.0294117647058823,0.2352941176470588,0.2352941176470588,0.1176470588235294,0.2368421052631578,0.0263157894736842,0.0526315789473684,0.1470588235294117,0.0263157894736842,46.0,43.0,52.0,42.0,42.0,45.0,53.0,63.0,0.45,0.0218144044321329,0.5,0.0208333333333333,0,0,0,0,0,0,0,0,0,0,0,0,0,0,0,0,0,0,2026_27,J1,明治安田J1リーグ,j1,5.0,2026-09-02,19:00,fuku,uraw,unplayed,2026_27-j1-5-fuku-vs-uraw,20260812_074327,2026_27_j1,weekly_prediction_snapshot
2026_27,5,2026-09-02,ngsk,0-0,g-os,Ajinomoto Stadium,0,0,7.0,6.0,383.2,3-4-2-1,4-2-3-1,8.5,12.0,-3.5,0.5,0.0,1486.5869419238666,1486.29287547773,0.29406644613663957,13.75,15.35,-1.5999999999999996,82.0,85.0,12.0,20.0,4.0,6.0,1.515,1.038,57.0,48.6,57.9,28.6,0.0,0.0,0,0,10.4,3.3,14.25,1.05,1.4,0.2,388.0,9.45,11.647058823529411,9.35,25.9,14.65,19.7,9.45,2.3,15.25,1.1,0.05,2.38,8.4,14.1,31.8,1.175,1.575,5.65,6.7,35.0,64.0,38.0,72.0,12.763157894736842,4.088235294117647,14.911764705882351,1.1176470588235294,1.2894736842105263,0.3421052631578947,473.8157894736842,9.470588235294118,10.794117647058824,13.058823529411764,23.029411764705884,17.13157894736842,20.289473684210527,11.558823529411764,1.7941176470588236,17.676470588235293,1.0526315789473684,0.0294117647058823,48.1,11.176470588235292,16.91176470588235,31.789473684210527,1.2352941176470589,1.576470588235294,113.0,157.0,38.0,67.0,50.0,83.0,0.0,3.0,6.0,1.0,4.0,4.0,2.0,0.5,2.0,2.0,3_vs_4,0.0526315789473684,0.0,0.2105263157894736,0.2105263157894736,0.0588235294117647,0.1842105263157894,0.0,0.0588235294117647,0.1052631578947368,0.0294117647058823,45.0,44.0,47.0,44.0,45.0,44.5,44.0,44.0,0.131578947368421,0.0263157894736842,0.2631578947368421,0.1764705882352941,0.0588235294117647,0.1764705882352941,0.0263157894736842,0.1470588235294117,0.1470588235294117,0.0294117647058823,41.0,45.0,49.0,49.0,43.0,47.0,55.0,47.0,0.47500000000000003,0.02306318681318675,0.4473684210526316,0.0339335180055401,0,0,0,0,0,0,0,0,0,0,0,0,0,0,0,0,0,0,2026_27,J1,明治安田J1リーグ,j1,5.0,2026-09-02,19:00,ngsk,g-os,unplayed,2026_27-j1-5-ngsk-vs-g-os,20260812_074327,2026_27_j1,weekly_prediction_snapshot
2026_27,6,2026-09-05,fuku,0-0,mito,Ajinomoto Stadium,0,0,7.0,5.5,357.7,3-4-2-1,3-4-2-1,10.0,8.0,2.0,0.0,0.0,1502.0577783078763,1490.2875056389225,11.770272668953794,12.03,10.8,1.2299999999999986,113.0,80.0,19.0,7.5,5.0,4.0,0.769,1.947,50.0,48.1,42.8,54.0,0.0,0.0,0,0,10.5,3.176470588235294,11.157894736842104,0.868421052631579,1.0,0.3235294117647059,336.8684210526316,10.529411764705882,9.657894736842104,14.052631578947368,24.61764705882353,19.529411764705884,18.44117647058824,13.058823529411764,1.6176470588235294,18.61764705882353,1.4411764705882353,0.0263157894736842,42.7,8.368421052631579,17.5,32.28947368421053,1.0558823529411765,1.0323529411764707,109.0,120.0,26.0,52.0,38.0,67.0,10.6,3.1,11.25,0.95,1.8,0.1,427.6,10.8,11.647058823529411,11.3,19.55,14.4,18.6,10.15,1.6,13.3,1.55,0.3,2.54,8.3,14.15,30.25,0.975,1.33,5.9,6.35,35.0,64.0,38.0,72.0,0.0,3.0,6.0,1.0,4.0,4.0,2.0,0.0,2.0,2.0,3_vs_3,0.0526315789473684,0.0263157894736842,0.2105263157894736,0.2105263157894736,0.0263157894736842,0.2058823529411764,0.0,0.0263157894736842,0.0789473684210526,0.0263157894736842,42.0,45.0,44.0,47.0,54.0,51.0,40.0,34.0,0.0526315789473684,0.0,0.2105263157894736,0.2105263157894736,0.0588235294117647,0.1842105263157894,0.0,0.0588235294117647,0.1052631578947368,0.0294117647058823,45.0,44.0,47.0,44.0,45.0,44.5,44.0,44.0,0.45,0.0218144044321329,0.4,0.00721153846153845,0,0,0,0,0,0,0,0,0,0,0,0,0,0,0,0,0,0,2026_27,J1,明治安田J1リーグ,j1,6.0,2026-09-05,19:00,fuku,mito,unplayed,2026_27-j1-6-fuku-vs-mito,20260812_074327,2026_27_j1,weekly_prediction_snapshot
2026_27,6,2026-09-06,kasm,0-0,uraw,Ajinomoto Stadium,0,0,7.0,7.0,234.7,4-4-2,4-1-2-3,4.0,8.0,-4.0,0.0,0.0,1556.0187819361674,1527.74338246438,28.275399471787523,21.43,14.0,7.43,86.0,99.0,30.0,25.0,9.0,7.0,2.945,2.553,51.4,57.8,71.4,42.1,0.0,0.0,0,0,12.941176470588236,4.176470588235294,11.147058823529411,1.5789473684210529,1.0789473684210529,0.3947368421052631,424.11764705882354,10.852941176470589,12.264705882352942,15.078947368421051,21.91176470588235,18.68421052631579,19.97058823529412,11.894736842105264,2.0,18.81578947368421,1.411764705882353,0.0588235294117647,50.1,11.5,17.36842105263158,33.55263157894737,1.2868421052631578,1.2078947368421051,112.0,167.0,40.0,80.0,45.0,86.0,12.029411764705882,3.941176470588235,12.578947368421051,1.2647058823529411,1.1470588235294117,0.3157894736842105,486.5,9.973684210526317,13.205882352941176,12.86842105263158,20.91176470588235,17.735294117647058,19.23529411764705,10.105263157894736,1.763157894736842,13.894736842105264,1.105263157894737,0.0294117647058823,52.7,10.558823529411764,16.81578947368421,30.47058823529412,1.363157894736842,1.1823529411764706,111.0,163.0,39.0,78.0,45.0,83.0,0.0,4.0,4.0,2.0,4.0,5.0,1.0,-1.0,2.0,2.0,4_vs_4,0.0789473684210526,0.0,0.3823529411764705,0.2941176470588235,0.088235294117647,0.2631578947368421,0.0294117647058823,0.0588235294117647,0.1764705882352941,0.088235294117647,50.0,48.0,58.0,56.0,54.0,62.0,50.0,40.0,0.1842105263157894,0.0294117647058823,0.2352941176470588,0.2352941176470588,0.1176470588235294,0.2368421052631578,0.0263157894736842,0.0526315789473684,0.1470588235294117,0.0263157894736842,46.0,43.0,52.0,42.0,42.0,45.0,53.0,63.0,0.4705882352941176,0.0353474145891043,0.5,0.0208333333333333,0,0,0,0,0,0,0,0,0,0,0,0,0,0,0,0,0,0,2026_27,J1,明治安田J1リーグ,j1,6.0,2026-09-06,18:00,kasm,uraw,unplayed,2026_27-j1-6-kasm-vs-uraw,20260812_074327,2026_27_j1,weekly_prediction_snapshot
2026_27,6,2026-09-06,chib,0-0,g-os,Ajinomoto Stadium,0,0,7.0,6.0,383.2,3-4-2-1,4-2-3-1,10.0,12.0,-2.0,0.0,0.0,1469.3397806394082,1486.29287547773,-16.953094838321704,13.3,15.35,-2.049999999999999,82.0,85.0,6.5,20.0,3.0,6.0,0.481,1.038,32.4,43.2,57.9,28.6,0.0,0.0,0,0,10.75,3.45,15.65,1.0,1.65,0.1,394.6,11.1,11.647058823529411,11.6,27.0,15.85,16.7,11.35,1.7,13.6,1.55,0.05,2.355,7.95,15.1,28.35,1.135,1.65,5.95,6.05,35.0,64.0,38.0,72.0,12.763157894736842,4.088235294117647,14.911764705882351,1.1176470588235294,1.2894736842105263,0.3421052631578947,473.8157894736842,9.470588235294118,10.794117647058824,13.058823529411764,23.029411764705884,17.13157894736842,20.289473684210527,11.558823529411764,1.7941176470588236,17.676470588235293,1.0526315789473684,0.0294117647058823,48.1,11.176470588235292,16.91176470588235,31.789473684210527,1.2352941176470589,1.576470588235294,113.0,157.0,38.0,67.0,50.0,83.0,0.0,4.0,4.0,2.0,4.0,4.0,2.0,-0.5,2.0,2.0,3_vs_4,0.0526315789473684,0.0,0.2105263157894736,0.2105263157894736,0.0588235294117647,0.1842105263157894,0.0,0.0588235294117647,0.1052631578947368,0.0294117647058823,45.0,44.0,47.0,44.0,45.0,44.5,44.0,44.0,0.131578947368421,0.0263157894736842,0.2631578947368421,0.1764705882352941,0.0588235294117647,0.1764705882352941,0.0263157894736842,0.1470588235294117,0.1470588235294117,0.0294117647058823,41.0,45.0,49.0,49.0,43.0,47.0,55.0,47.0,0.42500000000000004,0.0081944444444444,0.4473684210526316,0.0339335180055401,0,0,0,0,0,0,0,0,0,0,0,0,0,0,0,0,0,0,2026_27,J1,明治安田J1リーグ,j1,6.0,2026-09-06,18:00,chib,g-os,unplayed,2026_27-j1-6-chib-vs-g-os,20260812_074327,2026_27_j1,weekly_prediction_snapshot
2026_27,6,2026-09-06,nago,0-0,mcd,Ajinomoto Stadium,0,0,7.0,7.0,145.05,3-4-2-1,3-4-2-1,8.0,3.0,5.0,0.0,0.0,1521.2102994510724,1541.9609084585081,-20.75060900743574,13.35,18.4,-5.049999999999999,114.0,0.0,26.0,24.5,7.0,8.0,1.037,1.924,65.3,42.5,53.1,58.9,0.0,0.0,0,0,11.205882352941176,3.8947368421052633,11.735294117647058,1.1578947368421053,1.0294117647058822,0.3823529411764705,403.1764705882353,11.676470588235292,10.705882352941176,13.441176470588236,21.647058823529413,18.58823529411765,18.94117647058824,10.176470588235292,1.7941176470588236,14.763157894736842,1.0,0.0588235294117647,46.2,8.973684210526315,17.294117647058822,30.289473684210527,1.1823529411764706,1.1176470588235294,114.0,155.0,39.0,74.0,48.0,79.0,11.1,3.263157894736842,10.842105263157896,1.25,0.8947368421052632,0.35,328.63157894736844,11.45,5.25,11.2,17.15,15.31578947368421,17.026315789473685,9.95,1.2,12.8,1.15,0.05,2.26,8.4,17.15,28.7,1.11,0.9605263157894736,5.9,5.65,14.0,31.0,18.0,31.5,0.0,3.0,6.0,1.0,3.0,6.0,1.0,1.0,2.0,2.0,3_vs_3,0.0588235294117647,0.0294117647058823,0.2647058823529412,0.2058823529411764,0.0294117647058823,0.1842105263157894,0.0,0.1052631578947368,0.1470588235294117,0.0526315789473684,51.0,50.0,38.0,45.0,47.0,44.0,43.0,46.0,0.0,0.0,0.0,0.0,0.0,0.0,0.0,0.0,0.0,0.0,0.0,0.0,0.0,0.0,0.0,0.0,0.0,0.0,0.4736842105263157,0.028365650969529,0.475,0.03670329670329665,0,0,0,0,0,0,0,0,0,0,0,0,0,0,0,0,0,0,2026_27,J1,明治安田J1リーグ,j1,6.0,2026-09-06,18:00,nago,mcd,unplayed,2026_27-j1-6-nago-vs-mcd,20260812_074327,2026_27_j1,weekly_prediction_snapshot
2026_27,6,2026-09-06,okay,0-0,hiro,Ajinomoto Stadium,0,0,7.0,7.0,639.0,3-4-2-1,3-4-2-1,9.0,5.0,4.0,0.0,0.0,1499.4001333498045,1548.059515531813,-48.659382182008585,10.48,19.05,-8.57,100.0,117.0,18.0,29.0,6.0,8.0,2.493,2.689,63.2,61.0,56.8,67.6,0.0,0.0,0,0,0.0,0.0,0.0,0.0,0.0,0.0,0.0,0.0,0.0,0.0,0.0,0.0,0.0,0.0,0.0,0.0,0.0,0.0,0.0,0.0,0.0,0.0,0.0,0.0,0.0,0.0,0.0,0.0,0.0,0.0,14.705882352941176,4.676470588235294,10.921052631578949,1.3529411764705883,1.105263157894737,0.3235294117647059,481.1470588235294,10.470588235294118,14.705882352941176,16.764705882352942,18.352941176470587,18.657894736842103,18.647058823529413,11.794117647058824,1.7352941176470589,16.86842105263158,0.9117647058823528,0.0294117647058823,49.5,13.117647058823527,18.176470588235293,33.3235294117647,1.4088235294117646,1.068421052631579,112.0,164.0,40.0,76.0,46.0,87.0,0.0,3.0,6.0,1.0,3.0,6.0,1.0,1.0,2.0,2.0,3_vs_3,0.0,0.0,0.0,0.0,0.0,0.0,0.0,0.0,0.0,0.0,0.0,0.0,0.0,0.0,0.0,0.0,0.0,0.0,0.1052631578947368,0.0526315789473684,0.3421052631578947,0.2941176470588235,0.1764705882352941,0.2352941176470588,0.0526315789473684,0.088235294117647,0.1176470588235294,0.0294117647058823,72.0,60.0,54.0,66.0,74.0,62.0,54.0,41.0,0.4473684210526316,0.0279316712834718,0.4736842105263157,0.0276816608996539,0,0,0,0,0,0,0,0,0,0,0,0,0,0,0,0,0,0,2026_27,J1,明治安田J1リーグ,j1,6.0,2026-09-06,18:00,okay,hiro,unplayed,2026_27-j1-6-okay-vs-hiro,20260812_074327,2026_27_j1,weekly_prediction_snapshot
2026_27,6,2026-09-06,kasw,0-0,y-fm,Ajinomoto Stadium,0,0,6.0,7.0,230.3,3-4-2-1,4-2-3-1,10.0,7.0,3.0,0.0,0.0,1475.6111733703474,1570.7264926415494,-95.115319271202,17.85,14.1,3.7500000000000018,101.0,0.0,19.0,24.0,6.0,7.0,1.09,1.416,46.0,57.2,42.2,48.6,0.0,0.0,0,0,12.552631578947368,4.0588235294117645,11.382352941176473,1.0263157894736843,1.3529411764705883,0.2105263157894736,422.1315789473685,9.941176470588236,13.263157894736842,14.588235294117649,22.647058823529413,17.794117647058822,19.92105263157895,12.676470588235292,1.7352941176470589,16.441176470588236,1.588235294117647,0.0526315789473684,46.0,11.473684210526317,15.205882352941176,32.44117647058823,1.2289473684210528,1.181578947368421,113.0,163.0,39.0,80.0,47.0,82.0,15.705882352941176,5.205882352941177,12.676470588235292,2.0294117647058822,1.1764705882352942,0.2647058823529412,607.2647058823529,11.852941176470589,17.205882352941178,18.294117647058822,18.647058823529413,16.973684210526315,19.11764705882353,11.842105263157896,1.5294117647058822,11.078947368421051,1.1842105263157894,0.0789473684210526,57.9,14.882352941176473,15.921052631578949,33.026315789473685,1.8088235294117647,1.3558823529411763,118.0,184.0,48.0,89.0,44.0,90.0,0.0,3.0,5.0,2.0,4.0,3.0,3.0,1.0,2.0,2.0,3_vs_4,0.0526315789473684,0.0,0.1842105263157894,0.2105263157894736,0.2058823529411764,0.1842105263157894,0.0588235294117647,0.0588235294117647,0.1764705882352941,0.0588235294117647,50.0,43.0,54.0,45.0,55.0,63.0,43.0,43.0,0.0,0.0,0.0,0.0,0.0,0.0,0.0,0.0,0.0,0.0,0.0,0.0,0.0,0.0,0.0,0.0,0.0,0.0,0.5,0.0292387543252595,0.4736842105263157,0.0339335180055401,0,0,0,0,0,0,0,0,0,0,0,0,0,0,0,0,0,0,2026_27,J1,明治安田J1リーグ,j1,6.0,2026-09-06,19:00,kasw,y-fm,unplayed,2026_27-j1-6-kasw-vs-y-fm,20260812_074327,2026_27_j1,weekly_prediction_snapshot
2026_27,6,2026-09-06,ka-f,0-0,shim,Ajinomoto Stadium,0,0,6.0,7.0,222.2,4-2-3-1,4-1-2-3,6.0,13.0,-7.0,0.0,0.0,1552.3375348771292,1478.0354137476809,74.30212112944832,19.05,13.83,5.220000000000001,114.0,85.0,25.0,16.0,7.0,4.0,1.501,1.52,57.3,51.3,57.5,34.7,0.0,0.0,0,0,14.657894736842104,4.947368421052632,10.235294117647058,1.911764705882353,1.2352941176470589,0.3235294117647059,578.9705882352941,11.552631578947368,15.68421052631579,13.617647058823527,20.294117647058822,18.94117647058824,20.0,9.794117647058824,2.2058823529411766,13.588235294117649,1.1470588235294117,0.088235294117647,54.9,14.078947368421051,17.5,32.47058823529412,1.6473684210526316,1.052941176470588,111.0,157.0,42.0,70.0,44.0,82.0,11.342105263157896,3.5,12.0,0.9736842105263158,1.4210526315789471,0.1176470588235294,407.60526315789474,9.157894736842104,8.421052631578947,13.342105263157896,21.47058823529412,15.263157894736842,19.07894736842105,8.894736842105264,1.9705882352941173,12.176470588235292,0.631578947368421,0.0263157894736842,43.5,8.973684210526315,14.052631578947368,29.44736842105263,1.0578947368421054,1.0842105263157895,113.0,156.0,39.0,71.0,49.0,83.0,0.0,4.0,3.0,3.0,4.0,4.0,2.0,-1.0,2.0,2.0,4_vs_4,0.1764705882352941,0.0294117647058823,0.3421052631578947,0.4117647058823529,0.131578947368421,0.3529411764705882,0.0294117647058823,0.088235294117647,0.1764705882352941,0.1176470588235294,51.0,63.0,59.0,53.0,51.0,41.0,73.0,53.0,0.0,0.0,0.3421052631578947,0.2105263157894736,0.0,0.131578947368421,0.0,0.0526315789473684,0.088235294117647,0.088235294117647,35.0,34.0,47.0,47.0,36.0,44.0,42.0,53.0,0.45,0.0350346020761245,0.45,0.032,0,0,0,0,0,0,0,0,0,0,0,0,0,0,0,0,0,0,2026_27,J1,明治安田J1リーグ,j1,6.0,2026-09-06,19:00,ka-f,shim,unplayed,2026_27-j1-6-ka-f-vs-shim,20260812_074327,2026_27_j1,weekly_prediction_snapshot
2026_27,6,2026-09-06,c-os,0-0,tk-v,Ajinomoto Stadium,0,0,7.0,6.0,0.0,3-4-2-1,3-4-2-1,7.0,13.0,-6.0,0.0,0.0,1510.635587565086,1507.9523244100073,2.6832631550787482,12.5,9.33,3.17,99.0,118.5,23.0,21.0,7.0,7.0,0.595,2.064,39.0,36.8,48.6,42.7,0.0,0.0,0,0,13.394736842105264,3.868421052631579,12.18421052631579,1.236842105263158,1.1764705882352942,0.2894736842105263,455.8157894736842,10.823529411764708,11.105263157894736,15.289473684210526,20.5,15.5,18.38235294117647,9.157894736842104,1.605263157894737,13.941176470588236,0.7368421052631579,0.0294117647058823,50.4,10.763157894736842,15.441176470588236,31.88235294117647,1.258823529411765,1.1973684210526316,114.0,129.0,41.0,62.0,48.0,66.0,9.2,2.65,9.8,1.0,1.3,0.3,353.25,8.25,6.052631578947368,10.2,22.1,18.05263157894737,18.710526315789476,11.05,1.4,16.05,1.0,0.0,2.2,7.4,14.3,26.8,0.8400000000000001,1.065,5.95,7.2,15.0,26.5,19.0,33.5,0.0,4.0,4.0,2.0,3.0,6.0,1.0,-1.0,2.0,2.0,3_vs_3,0.088235294117647,0.0,0.2894736842105263,0.2894736842105263,0.0526315789473684,0.2368421052631578,0.0294117647058823,0.0789473684210526,0.088235294117647,0.0588235294117647,56.0,45.0,45.0,49.0,46.0,44.0,50.0,55.0,0.0789473684210526,0.0394736842105263,0.1973684210526315,0.0789473684210526,0.0657894736842105,0.0789473684210526,0.0,0.0789473684210526,0.0394736842105263,0.0131578947368421,22.5,22.5,23.0,19.5,22.5,21.0,22.0,25.0,0.5,0.0280470914127423,0.48684210526315785,0.027239150507848503,0,0,0,0,0,0,0,0,0,0,0,0,0,0,0,0,0,0,2026_27,J1,明治安田J1リーグ,j1,6.0,2026-09-06,19:00,c-os,tk-v,unplayed,2026_27-j1-6-c-os-vs-tk-v,20260812_074327,2026_27_j1,weekly_prediction_snapshot
2026_27,6,2026-09-06,kobe,0-0,ngsk,Ajinomoto Stadium,0,0,6.0,6.5,357.7,4-1-2-3,3-4-2-1,4.0,7.0,-3.0,0.0,0.0,1568.2524919881544,1482.2412986905829,86.01119329757148,16.6,13.75,2.8500000000000014,93.0,80.0,26.0,12.0,8.0,6.0,1.011,1.515,51.9,50.0,57.0,48.6,0.0,0.0,0,0,12.411764705882351,4.176470588235294,11.852941176470589,1.605263157894737,0.9473684210526316,0.3421052631578947,518.9411764705883,11.470588235294118,12.411764705882351,14.235294117647058,21.86842105263158,16.794117647058822,18.473684210526315,9.911764705882351,2.210526315789474,16.92105263157895,0.9736842105263158,0.0294117647058823,53.7,11.382352941176473,16.605263157894736,31.94117647058824,1.3941176470588237,1.1088235294117648,113.0,163.0,42.0,70.0,44.0,88.0,10.4,3.3,14.25,1.05,1.4,0.2,388.0,9.45,11.647058823529411,9.35,25.9,14.65,19.7,9.45,2.3,15.25,1.1,0.05,2.38,8.4,14.1,31.8,1.175,1.575,5.65,6.7,35.0,64.0,38.0,72.0,0.0,4.0,3.0,3.0,3.0,6.0,1.0,-1.0,2.0,2.0,4_vs_3,0.0789473684210526,0.0263157894736842,0.2941176470588235,0.3823529411764705,0.1052631578947368,0.2105263157894736,0.0789473684210526,0.0789473684210526,0.1052631578947368,0.0294117647058823,57.0,56.0,47.0,43.0,45.0,39.0,54.0,61.0,0.0526315789473684,0.0,0.2105263157894736,0.2105263157894736,0.0588235294117647,0.1842105263157894,0.0,0.0588235294117647,0.1052631578947368,0.0294117647058823,45.0,44.0,47.0,44.0,45.0,44.5,44.0,44.0,0.5,0.0472372065898819,0.475,0.0197403846153846,0,0,0,0,0,0,0,0,0,0,0,0,0,0,0,0,0,0,2026_27,J1,明治安田J1リーグ,j1,6.0,2026-09-06,19:00,kobe,ngsk,unplayed,2026_27-j1-6-kobe-vs-ngsk,20260812_074327,2026_27_j1,weekly_prediction_snapshot
2026_27,6,2026-09-06,FCtk,0-0,kyot,Ajinomoto Stadium,0,0,7.0,7.0,367.5,4-4-2,4-2-3-1,9.0,12.0,-3.0,0.0,0.0,1502.9687564818937,1487.110875027563,15.857881454330709,17.15,14.98,2.169999999999998,0.0,110.5,22.0,17.0,6.0,6.0,0.998,0.847,41.1,46.9,51.4,42.9,0.0,0.0,0,0,0.0,0.0,0.0,0.0,0.0,0.0,0.0,0.0,0.0,0.0,0.0,0.0,0.0,0.0,0.0,0.0,0.0,0.0,0.0,0.0,0.0,0.0,0.0,0.0,0.0,0.0,0.0,0.0,0.0,0.0,11.911764705882351,3.176470588235294,12.823529411764708,1.05,1.3235294117647058,0.2352941176470588,337.52941176470586,10.441176470588236,10.43498452012384,13.5,23.7,17.15,21.15,13.205882352941176,1.3,17.8,1.5263157894736843,0.0789473684210526,46.2,10.0,15.8,33.94117647058823,1.1588235294117646,1.4352941176470588,113.0,133.0,27.0,53.0,36.5,80.0,0.0,4.0,3.0,3.0,4.0,3.0,3.0,-1.0,2.0,2.0,4_vs_4,0.0,0.0,0.0,0.0,0.0,0.0,0.0,0.0,0.0,0.0,0.0,0.0,0.0,0.0,0.0,0.0,0.0,0.0,0.0278637770897832,0.0,0.2376160990712074,0.2105263157894736,0.0704334365325076,0.0588235294117647,0.0,0.0719814241486068,0.1176470588235294,0.0147058823529411,56.0,35.5,54.5,60.0,56.0,46.0,36.0,38.0,0.5,0.0249307479224376,0.4705882352941176,0.03751730103806225,0,0,0,0,0,0,0,0,0,0,0,0,0,0,0,0,0,0,2026_27,J1,明治安田J1リーグ,j1,6.0,2026-09-06,19:30,FCtk,kyot,unplayed,2026_27-j1-6-FCtk-vs-kyot,20260812_074327,2026_27_j1,weekly_prediction_snapshot
2026_27,7,2026-09-12,kyot,0-0,kasw,Ajinomoto Stadium,0,0,7.0,7.0,242.7,4-2-3-1,3-4-2-1,11.5,10.0,1.5,0.0,0.0,1482.0426018308194,1481.948214723065,0.09438710775452819,14.98,17.85,-2.870000000000001,127.5,96.0,18.5,19.0,5.5,6.0,0.847,1.09,51.4,42.9,46.0,57.2,0.0,0.0,0,0,11.911764705882351,3.176470588235294,12.823529411764708,1.05,1.3235294117647058,0.2352941176470588,337.52941176470586,10.441176470588236,10.43498452012384,13.5,23.7,17.15,21.15,13.205882352941176,1.3,17.8,1.5263157894736843,0.0789473684210526,46.2,10.0,15.8,33.94117647058823,1.1588235294117646,1.4352941176470588,113.0,133.0,27.0,53.0,36.5,80.0,12.552631578947368,4.0588235294117645,11.382352941176473,1.0263157894736843,1.3529411764705883,0.2105263157894736,422.1315789473685,9.941176470588236,13.263157894736842,14.588235294117649,22.647058823529413,17.794117647058822,19.92105263157895,12.676470588235292,1.7352941176470589,16.441176470588236,1.588235294117647,0.0526315789473684,46.0,11.473684210526317,15.205882352941176,32.44117647058823,1.2289473684210528,1.181578947368421,113.0,163.0,39.0,80.0,47.0,82.0,0.0,4.0,3.0,3.0,3.0,5.0,2.0,-2.0,2.0,2.0,4_vs_3,0.0278637770897832,0.0,0.2376160990712074,0.2105263157894736,0.0704334365325076,0.0588235294117647,0.0,0.0719814241486068,0.1176470588235294,0.0147058823529411,56.0,35.5,54.5,60.0,56.0,46.0,36.0,38.0,0.0526315789473684,0.0,0.1842105263157894,0.2105263157894736,0.2058823529411764,0.1842105263157894,0.0588235294117647,0.0588235294117647,0.1764705882352941,0.0588235294117647,50.0,43.0,54.0,45.0,55.0,63.0,43.0,43.0,0.5,0.049528879425073155,0.4705882352941176,0.0282583621683967,0,0,0,0,0,0,0,0,0,0,0,0,0,0,0,0,0,0,2026_27,J1,明治安田J1リーグ,j1,7.0,2026-09-12,,kyot,kasw,unplayed,2026_27-j1-7-kyot-vs-kasw,20260812_074327,2026_27_j1,weekly_prediction_snapshot
2026_27,7,2026-09-12,kobe,0-0,kasm,Ajinomoto Stadium,0,0,6.0,7.0,289.2,4-1-2-3,4-4-2,4.0,4.0,0.0,0.0,0.0,1568.2524919881544,1555.0464607669046,13.20603122124976,16.6,21.43,-4.829999999999998,93.0,88.0,26.0,32.0,8.0,8.0,1.011,2.945,51.9,50.0,51.4,57.8,0.0,0.0,0,0,12.411764705882351,4.176470588235294,11.852941176470589,1.605263157894737,0.9473684210526316,0.3421052631578947,518.9411764705883,11.470588235294118,12.411764705882351,14.235294117647058,21.86842105263158,16.794117647058822,18.473684210526315,9.911764705882351,2.210526315789474,16.92105263157895,0.9736842105263158,0.0294117647058823,53.7,11.382352941176473,16.605263157894736,31.94117647058824,1.3941176470588237,1.1088235294117648,113.0,163.0,42.0,70.0,44.0,88.0,12.941176470588236,4.176470588235294,11.147058823529411,1.5789473684210529,1.0789473684210529,0.3947368421052631,424.11764705882354,10.852941176470589,12.264705882352942,15.078947368421051,21.91176470588235,18.68421052631579,19.97058823529412,11.894736842105264,2.0,18.81578947368421,1.411764705882353,0.0588235294117647,50.1,11.5,17.36842105263158,33.55263157894737,1.2868421052631578,1.2078947368421051,112.0,167.0,40.0,80.0,45.0,86.0,0.0,4.0,3.0,3.0,4.0,4.0,2.0,-1.0,2.0,2.0,4_vs_4,0.0789473684210526,0.0263157894736842,0.2941176470588235,0.3823529411764705,0.1052631578947368,0.2105263157894736,0.0789473684210526,0.0789473684210526,0.1052631578947368,0.0294117647058823,57.0,56.0,47.0,43.0,45.0,39.0,54.0,61.0,0.0789473684210526,0.0,0.3823529411764705,0.2941176470588235,0.088235294117647,0.2631578947368421,0.0294117647058823,0.0588235294117647,0.1764705882352941,0.088235294117647,50.0,48.0,58.0,56.0,54.0,62.0,50.0,40.0,0.5,0.0472372065898819,0.5,0.0348904267589388,0,0,0,0,0,0,0,0,0,0,0,0,0,0,0,0,0,0,2026_27,J1,明治安田J1リーグ,j1,7.0,2026-09-12,,kobe,kasm,unplayed,2026_27-j1-7-kobe-vs-kasm,20260812_074327,2026_27_j1,weekly_prediction_snapshot
2026_27,7,2026-09-12,mito,0-0,ka-f,Ajinomoto Stadium,0,0,7.0,7.0,233.7,3-4-2-1,4-2-3-1,9.0,6.0,3.0,1.0,0.0,1481.3682664890543,1554.9684351975595,-73.60016870850518,10.8,19.05,-8.25,82.0,127.0,10.5,26.0,3.5,8.0,1.947,1.501,42.8,54.0,57.3,51.3,0.0,0.0,0,0,10.6,3.1,11.25,0.95,1.8,0.1,427.6,10.8,11.647058823529411,11.3,19.55,14.4,18.6,10.15,1.6,13.3,1.55,0.3,2.54,8.3,14.15,30.25,0.975,1.33,5.9,6.35,35.0,64.0,38.0,72.0,14.657894736842104,4.947368421052632,10.235294117647058,1.911764705882353,1.2352941176470589,0.3235294117647059,578.9705882352941,11.552631578947368,15.68421052631579,13.617647058823527,20.294117647058822,18.94117647058824,20.0,9.794117647058824,2.2058823529411766,13.588235294117649,1.1470588235294117,0.088235294117647,54.9,14.078947368421051,17.5,32.47058823529412,1.6473684210526316,1.052941176470588,111.0,157.0,42.0,70.0,44.0,82.0,0.0,4.0,4.0,2.0,4.0,3.0,3.0,-0.5,2.0,2.0,3_vs_4,0.0526315789473684,0.0,0.2105263157894736,0.2105263157894736,0.0588235294117647,0.1842105263157894,0.0,0.0588235294117647,0.1052631578947368,0.0294117647058823,45.0,44.0,47.0,44.0,45.0,44.5,44.0,44.0,0.1764705882352941,0.0294117647058823,0.3421052631578947,0.4117647058823529,0.131578947368421,0.3529411764705882,0.0294117647058823,0.088235294117647,0.1764705882352941,0.1176470588235294,51.0,63.0,59.0,53.0,51.0,41.0,73.0,53.0,0.55,0.01095238095238095,0.5,0.032840909090909,0,0,0,0,0,0,0,0,0,0,0,0,0,0,0,0,0,0,2026_27,J1,明治安田J1リーグ,j1,7.0,2026-09-12,18:00,mito,ka-f,unplayed,2026_27-j1-7-mito-vs-ka-f,20260812_074327,2026_27_j1,weekly_prediction_snapshot
2026_27,7,2026-09-12,shim,0-0,fuku,Ajinomoto Stadium,0,0,7.0,7.0,843.1,4-1-2-3,3-4-2-1,13.0,10.0,3.0,0.0,0.0,1477.4441154138574,1504.43640562365,-26.9922902097926,13.83,12.03,1.8000000000000007,78.0,121.0,19.0,21.0,5.0,7.0,1.52,0.769,57.5,34.7,50.0,48.1,0.0,0.0,0,0,11.342105263157896,3.5,12.0,0.9736842105263158,1.4210526315789471,0.1176470588235294,407.60526315789474,9.157894736842104,8.421052631578947,13.342105263157896,21.47058823529412,15.263157894736842,19.07894736842105,8.894736842105264,1.9705882352941173,12.176470588235292,0.631578947368421,0.0263157894736842,43.5,8.973684210526315,14.052631578947368,29.44736842105263,1.0578947368421054,1.0842105263157895,113.0,156.0,39.0,71.0,49.0,83.0,10.5,3.176470588235294,11.157894736842104,0.868421052631579,1.0,0.3235294117647059,336.8684210526316,10.529411764705882,9.657894736842104,14.052631578947368,24.61764705882353,19.529411764705884,18.44117647058824,13.058823529411764,1.6176470588235294,18.61764705882353,1.4411764705882353,0.0263157894736842,42.7,8.368421052631579,17.5,32.28947368421053,1.0558823529411765,1.0323529411764707,109.0,120.0,26.0,52.0,38.0,67.0,0.0,4.0,4.0,2.0,3.0,6.0,1.0,0.0,2.0,2.0,4_vs_3,0.0,0.0,0.3421052631578947,0.2105263157894736,0.0,0.131578947368421,0.0,0.0526315789473684,0.088235294117647,0.088235294117647,35.0,34.0,47.0,47.0,36.0,44.0,42.0,53.0,0.0526315789473684,0.0263157894736842,0.2105263157894736,0.2105263157894736,0.0263157894736842,0.2058823529411764,0.0,0.0263157894736842,0.0789473684210526,0.0263157894736842,42.0,45.0,44.0,47.0,54.0,51.0,40.0,34.0,0.5294117647058824,0.0381752077562327,0.5,0.0240403640680649,0,0,0,0,0,0,0,0,0,0,0,0,0,0,0,0,0,0,2026_27,J1,明治安田J1リーグ,j1,7.0,2026-09-12,18:30,shim,fuku,unplayed,2026_27-j1-7-shim-vs-fuku,20260812_074327,2026_27_j1,weekly_prediction_snapshot
2026_27,7,2026-09-12,mcd,0-0,y-fm,Ajinomoto Stadium,0,0,6.0,7.0,230.3,3-4-2-1,4-2-3-1,3.0,7.0,-4.0,0.0,0.0,1539.9974199689445,1570.7264926415494,-30.729072672604843,18.4,14.1,4.299999999999999,0.0,0.0,27.5,24.0,8.0,7.0,1.924,1.416,53.1,58.9,42.2,48.6,0.0,0.0,0,0,11.1,3.263157894736842,10.842105263157896,1.25,0.8947368421052632,0.35,328.63157894736844,11.45,5.25,11.2,17.15,15.31578947368421,17.026315789473685,9.95,1.2,12.8,1.15,0.05,2.26,8.4,17.15,28.7,1.11,0.9605263157894736,5.9,5.65,14.0,31.0,18.0,31.5,15.705882352941176,5.205882352941177,12.676470588235292,2.0294117647058822,1.1764705882352942,0.2647058823529412,607.2647058823529,11.852941176470589,17.205882352941178,18.294117647058822,18.647058823529413,16.973684210526315,19.11764705882353,11.842105263157896,1.5294117647058822,11.078947368421051,1.1842105263157894,0.0789473684210526,57.9,14.882352941176473,15.921052631578949,33.026315789473685,1.8088235294117647,1.3558823529411763,118.0,184.0,48.0,89.0,44.0,90.0,0.0,3.0,6.0,1.0,4.0,3.0,3.0,1.0,2.0,2.0,3_vs_4,0.0,0.0,0.0,0.0,0.0,0.0,0.0,0.0,0.0,0.0,0.0,0.0,0.0,0.0,0.0,0.0,0.0,0.0,0.0,0.0,0.0,0.0,0.0,0.0,0.0,0.0,0.0,0.0,0.0,0.0,0.0,0.0,0.0,0.0,0.0,0.0,0.48684210526315785,0.04772884663812635,0.4736842105263157,0.0339335180055401,0,0,0,0,0,0,0,0,0,0,0,0,0,0,0,0,0,0,2026_27,J1,明治安田J1リーグ,j1,7.0,2026-09-12,19:00,mcd,y-fm,unplayed,2026_27-j1-7-mcd-vs-y-fm,20260812_074327,2026_27_j1,weekly_prediction_snapshot
2026_27,7,2026-09-12,g-os,0-0,FCtk,Ajinomoto Stadium,0,0,7.0,7.0,225.6,4-2-3-1,4-4-2,12.0,8.0,4.0,0.0,0.0,1484.87429753502,1504.7254200609143,-19.851122525894198,15.35,17.15,-1.799999999999999,93.0,0.0,20.0,23.0,5.0,7.0,1.038,0.998,57.9,28.6,41.1,46.9,0.0,0.0,0,0,12.763157894736842,4.088235294117647,14.911764705882351,1.1176470588235294,1.2894736842105263,0.3421052631578947,473.8157894736842,9.470588235294118,10.794117647058824,13.058823529411764,23.029411764705884,17.13157894736842,20.289473684210527,11.558823529411764,1.7941176470588236,17.676470588235293,1.0526315789473684,0.0294117647058823,48.1,11.176470588235292,16.91176470588235,31.789473684210527,1.2352941176470589,1.576470588235294,113.0,157.0,38.0,67.0,50.0,83.0,0.0,0.0,0.0,0.0,0.0,0.0,0.0,0.0,0.0,0.0,0.0,0.0,0.0,0.0,0.0,0.0,0.0,0.0,0.0,0.0,0.0,0.0,0.0,0.0,0.0,0.0,0.0,0.0,0.0,0.0,0.0,4.0,4.0,2.0,4.0,3.0,3.0,-1.0,2.0,2.0,4_vs_4,0.131578947368421,0.0263157894736842,0.2631578947368421,0.1764705882352941,0.0588235294117647,0.1764705882352941,0.0263157894736842,0.1470588235294117,0.1470588235294117,0.0294117647058823,41.0,45.0,49.0,49.0,43.0,47.0,55.0,47.0,0.0,0.0,0.0,0.0,0.0,0.0,0.0,0.0,0.0,0.0,0.0,0.0,0.0,0.0,0.0,0.0,0.0,0.0,0.5,0.0373961218836565,0.4736842105263157,0.0222925735391109,0,0,0,0,0,0,0,0,0,0,0,0,0,0,0,0,0,0,2026_27,J1,明治安田J1リーグ,j1,7.0,2026-09-12,19:00,g-os,FCtk,unplayed,2026_27-j1-7-g-os-vs-FCtk,20260812_074327,2026_27_j1,weekly_prediction_snapshot
2026_27,7,2026-09-12,hiro,0-0,c-os,Ajinomoto Stadium,0,0,7.0,6.0,385.9,3-4-2-1,3-4-2-1,6.0,8.0,-2.0,0.0,0.0,1537.0103290322477,1509.1673593438288,27.84296968841886,19.05,12.5,6.550000000000001,113.0,93.0,26.0,24.0,7.0,6.0,2.689,0.595,56.8,67.6,39.0,36.8,0.0,0.0,0,0,14.705882352941176,4.676470588235294,10.921052631578949,1.3529411764705883,1.105263157894737,0.3235294117647059,481.1470588235294,10.470588235294118,14.705882352941176,16.764705882352942,18.352941176470587,18.657894736842103,18.647058823529413,11.794117647058824,1.7352941176470589,16.86842105263158,0.9117647058823528,0.0294117647058823,49.5,13.117647058823527,18.176470588235293,33.3235294117647,1.4088235294117646,1.068421052631579,112.0,164.0,40.0,76.0,46.0,87.0,13.394736842105264,3.868421052631579,12.18421052631579,1.236842105263158,1.1764705882352942,0.2894736842105263,455.8157894736842,10.823529411764708,11.105263157894736,15.289473684210526,20.5,15.5,18.38235294117647,9.157894736842104,1.605263157894737,13.941176470588236,0.7368421052631579,0.0294117647058823,50.4,10.763157894736842,15.441176470588236,31.88235294117647,1.258823529411765,1.1973684210526316,114.0,129.0,41.0,62.0,48.0,66.0,0.0,3.0,6.0,1.0,4.0,4.0,2.0,1.0,2.0,2.0,3_vs_3,0.1052631578947368,0.0526315789473684,0.3421052631578947,0.2941176470588235,0.1764705882352941,0.2352941176470588,0.0526315789473684,0.088235294117647,0.1176470588235294,0.0294117647058823,72.0,60.0,54.0,66.0,74.0,62.0,54.0,41.0,0.088235294117647,0.0,0.2894736842105263,0.2894736842105263,0.0526315789473684,0.2368421052631578,0.0294117647058823,0.0789473684210526,0.088235294117647,0.0588235294117647,56.0,45.0,45.0,49.0,46.0,44.0,50.0,55.0,0.5,0.0223059812160158,0.4736842105263157,0.0293452222517966,0,0,0,0,0,0,0,0,0,0,0,0,0,0,0,0,0,0,2026_27,J1,明治安田J1リーグ,j1,7.0,2026-09-12,19:00,hiro,c-os,unplayed,2026_27-j1-7-hiro-vs-c-os,20260812_074327,2026_27_j1,weekly_prediction_snapshot
2026_27,7,2026-09-12,ngsk,0-0,nago,Ajinomoto Stadium,0,0,7.0,7.0,230.3,3-4-2-1,3-4-2-1,8.5,9.0,-0.5,0.5,0.0,1486.5869419238666,1519.4628165308918,-32.87587460702525,13.75,13.35,0.40000000000000036,82.0,120.0,12.0,25.0,4.0,7.0,1.515,1.037,57.0,48.6,65.3,42.5,0.0,0.0,0,0,10.4,3.3,14.25,1.05,1.4,0.2,388.0,9.45,11.647058823529411,9.35,25.9,14.65,19.7,9.45,2.3,15.25,1.1,0.05,2.38,8.4,14.1,31.8,1.175,1.575,5.65,6.7,35.0,64.0,38.0,72.0,11.205882352941176,3.8947368421052633,11.735294117647058,1.1578947368421053,1.0294117647058822,0.3823529411764705,403.1764705882353,11.676470588235292,10.705882352941176,13.441176470588236,21.647058823529413,18.58823529411765,18.94117647058824,10.176470588235292,1.7941176470588236,14.763157894736842,1.0,0.0588235294117647,46.2,8.973684210526315,17.294117647058822,30.289473684210527,1.1823529411764706,1.1176470588235294,114.0,155.0,39.0,74.0,48.0,79.0,0.0,3.0,6.0,1.0,3.0,6.0,1.0,0.5,2.0,2.0,3_vs_3,0.0526315789473684,0.0,0.2105263157894736,0.2105263157894736,0.0588235294117647,0.1842105263157894,0.0,0.0588235294117647,0.1052631578947368,0.0294117647058823,45.0,44.0,47.0,44.0,45.0,44.5,44.0,44.0,0.0588235294117647,0.0294117647058823,0.2647058823529412,0.2058823529411764,0.0294117647058823,0.1842105263157894,0.0,0.1052631578947368,0.1470588235294117,0.0526315789473684,51.0,50.0,38.0,45.0,47.0,44.0,43.0,46.0,0.47500000000000003,0.02306318681318675,0.5,0.0289285714285714,0,0,0,0,0,0,0,0,0,0,0,0,0,0,0,0,0,0,2026_27,J1,明治安田J1リーグ,j1,7.0,2026-09-12,19:00,ngsk,nago,unplayed,2026_27-j1-7-ngsk-vs-nago,20260812_074327,2026_27_j1,weekly_prediction_snapshot
2026_27,7,2026-09-13,tk-v,0-0,chib,Ajinomoto Stadium,0,0,7.0,6.5,357.7,3-4-2-1,3-4-2-1,13.0,9.5,3.5,0.0,0.0,1506.3841338687366,1468.4504174736203,37.933716395116335,9.33,13.3,-3.9700000000000006,120.5,80.0,20.0,9.0,7.0,3.5,2.064,0.481,48.6,42.7,32.4,43.2,0.0,0.0,0,0,9.2,2.65,9.8,1.0,1.3,0.3,353.25,8.25,6.052631578947368,10.2,22.1,18.05263157894737,18.710526315789476,11.05,1.4,16.05,1.0,0.0,2.2,7.4,14.3,26.8,0.8400000000000001,1.065,5.95,7.2,15.0,26.5,19.0,33.5,10.75,3.45,15.65,1.0,1.65,0.1,394.6,11.1,11.647058823529411,11.6,27.0,15.85,16.7,11.35,1.7,13.6,1.55,0.05,2.355,7.95,15.1,28.35,1.135,1.65,5.95,6.05,35.0,64.0,38.0,72.0,0.0,3.0,6.0,1.0,4.0,4.0,2.0,1.0,2.0,2.0,3_vs_3,0.0789473684210526,0.0394736842105263,0.1973684210526315,0.0789473684210526,0.0657894736842105,0.0789473684210526,0.0,0.0789473684210526,0.0394736842105263,0.0131578947368421,22.5,22.5,23.0,19.5,22.5,21.0,22.0,25.0,0.0526315789473684,0.0,0.2105263157894736,0.2105263157894736,0.0588235294117647,0.1842105263157894,0.0,0.0588235294117647,0.1052631578947368,0.0294117647058823,45.0,44.0,47.0,44.0,45.0,44.5,44.0,44.0,0.48684210526315785,0.023057390439661853,0.525,0.0103854166666666,0,0,0,0,0,0,0,0,0,0,0,0,0,0,0,0,0,0,2026_27,J1,明治安田J1リーグ,j1,7.0,2026-09-13,18:00,tk-v,chib,unplayed,2026_27-j1-7-tk-v-vs-chib,20260812_074327,2026_27_j1,weekly_prediction_snapshot
2026_27,7,2026-09-13,uraw,0-0,okay,Ajinomoto Stadium,0,0,6.0,6.0,0.0,4-1-2-3,3-4-2-1,8.0,9.0,-1.0,0.0,1.0,1527.1329713906612,1494.8528330726735,32.28013831798762,14.0,10.48,3.5199999999999996,93.0,127.0,24.0,18.0,7.0,6.0,2.553,2.493,71.4,42.1,63.2,61.0,0.0,0.0,0,0,12.029411764705882,3.941176470588235,12.578947368421051,1.2647058823529411,1.1470588235294117,0.3157894736842105,486.5,9.973684210526317,13.205882352941176,12.86842105263158,20.91176470588235,17.735294117647058,19.23529411764705,10.105263157894736,1.763157894736842,13.894736842105264,1.105263157894737,0.0294117647058823,52.7,10.558823529411764,16.81578947368421,30.47058823529412,1.363157894736842,1.1823529411764706,111.0,163.0,39.0,78.0,45.0,83.0,0.0,0.0,0.0,0.0,0.0,0.0,0.0,0.0,0.0,0.0,0.0,0.0,0.0,0.0,0.0,0.0,0.0,0.0,0.0,0.0,0.0,0.0,0.0,0.0,0.0,0.0,0.0,0.0,0.0,0.0,0.0,4.0,5.0,1.0,3.0,6.0,1.0,0.0,2.0,2.0,4_vs_3,0.1842105263157894,0.0294117647058823,0.2352941176470588,0.2352941176470588,0.1176470588235294,0.2368421052631578,0.0263157894736842,0.0526315789473684,0.1470588235294117,0.0263157894736842,46.0,43.0,52.0,42.0,42.0,45.0,53.0,63.0,0.0,0.0,0.0,0.0,0.0,0.0,0.0,0.0,0.0,0.0,0.0,0.0,0.0,0.0,0.0,0.0,0.0,0.0,0.4705882352941176,0.0207612456747404,0.5,0.0225,0,0,0,0,0,0,0,0,0,0,0,0,0,0,0,0,0,0,2026_27,J1,明治安田J1リーグ,j1,7.0,2026-09-13,18:30,uraw,okay,unplayed,2026_27-j1-7-uraw-vs-okay,20260812_074327,2026_27_j1,weekly_prediction_snapshot
2026_27,8,2026-09-19,ka-f,0-0,kasm,Ajinomoto Stadium,0,0,6.0,7.0,289.2,4-2-3-1,4-4-2,6.0,4.0,2.0,0.0,0.0,1552.3375348771292,1555.0464607669046,-2.7089258897754007,19.05,21.43,-2.379999999999999,114.0,88.0,25.0,32.0,7.0,8.0,1.501,2.945,57.3,51.3,51.4,57.8,0.0,0.0,0,0,14.657894736842104,4.947368421052632,10.235294117647058,1.911764705882353,1.2352941176470589,0.3235294117647059,578.9705882352941,11.552631578947368,15.68421052631579,13.617647058823527,20.294117647058822,18.94117647058824,20.0,9.794117647058824,2.2058823529411766,13.588235294117649,1.1470588235294117,0.088235294117647,54.9,14.078947368421051,17.5,32.47058823529412,1.6473684210526316,1.052941176470588,111.0,157.0,42.0,70.0,44.0,82.0,12.941176470588236,4.176470588235294,11.147058823529411,1.5789473684210529,1.0789473684210529,0.3947368421052631,424.11764705882354,10.852941176470589,12.264705882352942,15.078947368421051,21.91176470588235,18.68421052631579,19.97058823529412,11.894736842105264,2.0,18.81578947368421,1.411764705882353,0.0588235294117647,50.1,11.5,17.36842105263158,33.55263157894737,1.2868421052631578,1.2078947368421051,112.0,167.0,40.0,80.0,45.0,86.0,0.0,4.0,3.0,3.0,4.0,4.0,2.0,-1.0,2.0,2.0,4_vs_4,0.1764705882352941,0.0294117647058823,0.3421052631578947,0.4117647058823529,0.131578947368421,0.3529411764705882,0.0294117647058823,0.088235294117647,0.1764705882352941,0.1176470588235294,51.0,63.0,59.0,53.0,51.0,41.0,73.0,53.0,0.0789473684210526,0.0,0.3823529411764705,0.2941176470588235,0.088235294117647,0.2631578947368421,0.0294117647058823,0.0588235294117647,0.1764705882352941,0.088235294117647,50.0,48.0,58.0,56.0,54.0,62.0,50.0,40.0,0.45,0.0350346020761245,0.5,0.0348904267589388,0,0,0,0,0,0,0,0,0,0,0,0,0,0,0,0,0,0,2026_27,J1,明治安田J1リーグ,j1,8.0,2026-09-19,,ka-f,kasm,unplayed,2026_27-j1-8-ka-f-vs-kasm,20260812_074327,2026_27_j1,weekly_prediction_snapshot
2026_27,8,2026-09-19,fuku,0-0,hiro,Ajinomoto Stadium,0,0,7.0,7.0,639.0,3-4-2-1,3-4-2-1,10.0,5.0,5.0,0.0,0.0,1502.0577783078763,1548.059515531813,-46.00173722393674,12.03,19.05,-7.020000000000001,113.0,117.0,19.0,29.0,5.0,8.0,0.769,2.689,50.0,48.1,56.8,67.6,0.0,0.0,0,0,10.5,3.176470588235294,11.157894736842104,0.868421052631579,1.0,0.3235294117647059,336.8684210526316,10.529411764705882,9.657894736842104,14.052631578947368,24.61764705882353,19.529411764705884,18.44117647058824,13.058823529411764,1.6176470588235294,18.61764705882353,1.4411764705882353,0.0263157894736842,42.7,8.368421052631579,17.5,32.28947368421053,1.0558823529411765,1.0323529411764707,109.0,120.0,26.0,52.0,38.0,67.0,14.705882352941176,4.676470588235294,10.921052631578949,1.3529411764705883,1.105263157894737,0.3235294117647059,481.1470588235294,10.470588235294118,14.705882352941176,16.764705882352942,18.352941176470587,18.657894736842103,18.647058823529413,11.794117647058824,1.7352941176470589,16.86842105263158,0.9117647058823528,0.0294117647058823,49.5,13.117647058823527,18.176470588235293,33.3235294117647,1.4088235294117646,1.068421052631579,112.0,164.0,40.0,76.0,46.0,87.0,0.0,3.0,6.0,1.0,3.0,6.0,1.0,0.0,2.0,2.0,3_vs_3,0.0526315789473684,0.0263157894736842,0.2105263157894736,0.2105263157894736,0.0263157894736842,0.2058823529411764,0.0,0.0263157894736842,0.0789473684210526,0.0263157894736842,42.0,45.0,44.0,47.0,54.0,51.0,40.0,34.0,0.1052631578947368,0.0526315789473684,0.3421052631578947,0.2941176470588235,0.1764705882352941,0.2352941176470588,0.0526315789473684,0.088235294117647,0.1176470588235294,0.0294117647058823,72.0,60.0,54.0,66.0,74.0,62.0,54.0,41.0,0.45,0.0218144044321329,0.4736842105263157,0.0276816608996539,0,0,0,0,0,0,0,0,0,0,0,0,0,0,0,0,0,0,2026_27,J1,明治安田J1リーグ,j1,8.0,2026-09-19,18:00,fuku,hiro,unplayed,2026_27-j1-8-fuku-vs-hiro,20260812_074327,2026_27_j1,weekly_prediction_snapshot
2026_27,8,2026-09-19,uraw,0-0,tk-v,Ajinomoto Stadium,0,0,6.0,6.0,0.0,4-1-2-3,3-4-2-1,8.0,13.0,-5.0,0.0,0.0,1527.1329713906612,1507.9523244100073,19.18064698065382,14.0,9.33,4.67,93.0,118.5,24.0,21.0,7.0,7.0,2.553,2.064,71.4,42.1,48.6,42.7,0.0,0.0,0,0,12.029411764705882,3.941176470588235,12.578947368421051,1.2647058823529411,1.1470588235294117,0.3157894736842105,486.5,9.973684210526317,13.205882352941176,12.86842105263158,20.91176470588235,17.735294117647058,19.23529411764705,10.105263157894736,1.763157894736842,13.894736842105264,1.105263157894737,0.0294117647058823,52.7,10.558823529411764,16.81578947368421,30.47058823529412,1.363157894736842,1.1823529411764706,111.0,163.0,39.0,78.0,45.0,83.0,9.2,2.65,9.8,1.0,1.3,0.3,353.25,8.25,6.052631578947368,10.2,22.1,18.05263157894737,18.710526315789476,11.05,1.4,16.05,1.0,0.0,2.2,7.4,14.3,26.8,0.8400000000000001,1.065,5.95,7.2,15.0,26.5,19.0,33.5,0.0,4.0,5.0,1.0,3.0,6.0,1.0,0.0,2.0,2.0,4_vs_3,0.1842105263157894,0.0294117647058823,0.2352941176470588,0.2352941176470588,0.1176470588235294,0.2368421052631578,0.0263157894736842,0.0526315789473684,0.1470588235294117,0.0263157894736842,46.0,43.0,52.0,42.0,42.0,45.0,53.0,63.0,0.0789473684210526,0.0394736842105263,0.1973684210526315,0.0789473684210526,0.0657894736842105,0.0789473684210526,0.0,0.0789473684210526,0.0394736842105263,0.0131578947368421,22.5,22.5,23.0,19.5,22.5,21.0,22.0,25.0,0.4705882352941176,0.0207612456747404,0.48684210526315785,0.027239150507848503,0,0,0,0,0,0,0,0,0,0,0,0,0,0,0,0,0,0,2026_27,J1,明治安田J1リーグ,j1,8.0,2026-09-19,18:30,uraw,tk-v,unplayed,2026_27-j1-8-uraw-vs-tk-v,20260812_074327,2026_27_j1,weekly_prediction_snapshot
2026_27,8,2026-09-19,shim,0-0,chib,Ajinomoto Stadium,0,0,7.0,6.5,357.7,4-1-2-3,3-4-2-1,13.0,9.5,3.5,0.0,0.0,1477.4441154138574,1468.4504174736203,8.993697940237098,13.83,13.3,0.5299999999999994,78.0,80.0,19.0,9.0,5.0,3.5,1.52,0.481,57.5,34.7,32.4,43.2,0.0,0.0,0,0,11.342105263157896,3.5,12.0,0.9736842105263158,1.4210526315789471,0.1176470588235294,407.60526315789474,9.157894736842104,8.421052631578947,13.342105263157896,21.47058823529412,15.263157894736842,19.07894736842105,8.894736842105264,1.9705882352941173,12.176470588235292,0.631578947368421,0.0263157894736842,43.5,8.973684210526315,14.052631578947368,29.44736842105263,1.0578947368421054,1.0842105263157895,113.0,156.0,39.0,71.0,49.0,83.0,10.75,3.45,15.65,1.0,1.65,0.1,394.6,11.1,11.647058823529411,11.6,27.0,15.85,16.7,11.35,1.7,13.6,1.55,0.05,2.355,7.95,15.1,28.35,1.135,1.65,5.95,6.05,35.0,64.0,38.0,72.0,0.0,4.0,4.0,2.0,4.0,4.0,2.0,0.0,2.0,2.0,4_vs_3,0.0,0.0,0.3421052631578947,0.2105263157894736,0.0,0.131578947368421,0.0,0.0526315789473684,0.088235294117647,0.088235294117647,35.0,34.0,47.0,47.0,36.0,44.0,42.0,53.0,0.0526315789473684,0.0,0.2105263157894736,0.2105263157894736,0.0588235294117647,0.1842105263157894,0.0,0.0588235294117647,0.1052631578947368,0.0294117647058823,45.0,44.0,47.0,44.0,45.0,44.5,44.0,44.0,0.5294117647058824,0.0381752077562327,0.525,0.0103854166666666,0,0,0,0,0,0,0,0,0,0,0,0,0,0,0,0,0,0,2026_27,J1,明治安田J1リーグ,j1,8.0,2026-09-19,18:30,shim,chib,unplayed,2026_27-j1-8-shim-vs-chib,20260812_074327,2026_27_j1,weekly_prediction_snapshot
2026_27,8,2026-09-19,ngsk,0-0,c-os,Ajinomoto Stadium,0,0,7.0,6.0,385.9,3-4-2-1,3-4-2-1,8.5,8.0,0.5,0.5,0.0,1486.5869419238666,1509.1673593438288,-22.58041741996226,13.75,12.5,1.25,82.0,93.0,12.0,24.0,4.0,6.0,1.515,0.595,57.0,48.6,39.0,36.8,0.0,0.0,0,0,10.4,3.3,14.25,1.05,1.4,0.2,388.0,9.45,11.647058823529411,9.35,25.9,14.65,19.7,9.45,2.3,15.25,1.1,0.05,2.38,8.4,14.1,31.8,1.175,1.575,5.65,6.7,35.0,64.0,38.0,72.0,13.394736842105264,3.868421052631579,12.18421052631579,1.236842105263158,1.1764705882352942,0.2894736842105263,455.8157894736842,10.823529411764708,11.105263157894736,15.289473684210526,20.5,15.5,18.38235294117647,9.157894736842104,1.605263157894737,13.941176470588236,0.7368421052631579,0.0294117647058823,50.4,10.763157894736842,15.441176470588236,31.88235294117647,1.258823529411765,1.1973684210526316,114.0,129.0,41.0,62.0,48.0,66.0,0.0,3.0,6.0,1.0,4.0,4.0,2.0,0.5,2.0,2.0,3_vs_3,0.0526315789473684,0.0,0.2105263157894736,0.2105263157894736,0.0588235294117647,0.1842105263157894,0.0,0.0588235294117647,0.1052631578947368,0.0294117647058823,45.0,44.0,47.0,44.0,45.0,44.5,44.0,44.0,0.088235294117647,0.0,0.2894736842105263,0.2894736842105263,0.0526315789473684,0.2368421052631578,0.0294117647058823,0.0789473684210526,0.088235294117647,0.0588235294117647,56.0,45.0,45.0,49.0,46.0,44.0,50.0,55.0,0.47500000000000003,0.02306318681318675,0.4736842105263157,0.0293452222517966,0,0,0,0,0,0,0,0,0,0,0,0,0,0,0,0,0,0,2026_27,J1,明治安田J1リーグ,j1,8.0,2026-09-19,18:30,ngsk,c-os,unplayed,2026_27-j1-8-ngsk-vs-c-os,20260812_074327,2026_27_j1,weekly_prediction_snapshot
2026_27,8,2026-09-19,FCtk,0-0,nago,Ajinomoto Stadium,0,0,7.0,7.0,230.3,4-4-2,3-4-2-1,9.0,9.0,0.0,0.0,0.0,1502.9687564818937,1519.4628165308918,-16.494060048998108,17.15,13.35,3.799999999999999,0.0,120.0,22.0,25.0,6.0,7.0,0.998,1.037,41.1,46.9,65.3,42.5,0.0,0.0,0,0,0.0,0.0,0.0,0.0,0.0,0.0,0.0,0.0,0.0,0.0,0.0,0.0,0.0,0.0,0.0,0.0,0.0,0.0,0.0,0.0,0.0,0.0,0.0,0.0,0.0,0.0,0.0,0.0,0.0,0.0,11.205882352941176,3.8947368421052633,11.735294117647058,1.1578947368421053,1.0294117647058822,0.3823529411764705,403.1764705882353,11.676470588235292,10.705882352941176,13.441176470588236,21.647058823529413,18.58823529411765,18.94117647058824,10.176470588235292,1.7941176470588236,14.763157894736842,1.0,0.0588235294117647,46.2,8.973684210526315,17.294117647058822,30.289473684210527,1.1823529411764706,1.1176470588235294,114.0,155.0,39.0,74.0,48.0,79.0,0.0,4.0,3.0,3.0,3.0,6.0,1.0,-1.0,2.0,2.0,4_vs_3,0.0,0.0,0.0,0.0,0.0,0.0,0.0,0.0,0.0,0.0,0.0,0.0,0.0,0.0,0.0,0.0,0.0,0.0,0.0588235294117647,0.0294117647058823,0.2647058823529412,0.2058823529411764,0.0294117647058823,0.1842105263157894,0.0,0.1052631578947368,0.1470588235294117,0.0526315789473684,51.0,50.0,38.0,45.0,47.0,44.0,43.0,46.0,0.5,0.0249307479224376,0.5,0.0289285714285714,0,0,0,0,0,0,0,0,0,0,0,0,0,0,0,0,0,0,2026_27,J1,明治安田J1リーグ,j1,8.0,2026-09-19,19:00,FCtk,nago,unplayed,2026_27-j1-8-FCtk-vs-nago,20260812_074327,2026_27_j1,weekly_prediction_snapshot
2026_27,8,2026-09-19,okay,0-0,kyot,Ajinomoto Stadium,0,0,7.0,7.0,367.5,3-4-2-1,4-2-3-1,9.0,12.0,-3.0,0.0,0.0,1499.4001333498045,1487.110875027563,12.289258322241494,10.48,14.98,-4.5,100.0,110.5,18.0,17.0,6.0,6.0,2.493,0.847,63.2,61.0,51.4,42.9,0.0,0.0,0,0,0.0,0.0,0.0,0.0,0.0,0.0,0.0,0.0,0.0,0.0,0.0,0.0,0.0,0.0,0.0,0.0,0.0,0.0,0.0,0.0,0.0,0.0,0.0,0.0,0.0,0.0,0.0,0.0,0.0,0.0,11.911764705882351,3.176470588235294,12.823529411764708,1.05,1.3235294117647058,0.2352941176470588,337.52941176470586,10.441176470588236,10.43498452012384,13.5,23.7,17.15,21.15,13.205882352941176,1.3,17.8,1.5263157894736843,0.0789473684210526,46.2,10.0,15.8,33.94117647058823,1.1588235294117646,1.4352941176470588,113.0,133.0,27.0,53.0,36.5,80.0,0.0,3.0,6.0,1.0,4.0,3.0,3.0,1.0,2.0,2.0,3_vs_4,0.0,0.0,0.0,0.0,0.0,0.0,0.0,0.0,0.0,0.0,0.0,0.0,0.0,0.0,0.0,0.0,0.0,0.0,0.0278637770897832,0.0,0.2376160990712074,0.2105263157894736,0.0704334365325076,0.0588235294117647,0.0,0.0719814241486068,0.1176470588235294,0.0147058823529411,56.0,35.5,54.5,60.0,56.0,46.0,36.0,38.0,0.4473684210526316,0.0279316712834718,0.4705882352941176,0.03751730103806225,0,0,0,0,0,0,0,0,0,0,0,0,0,0,0,0,0,0,2026_27,J1,明治安田J1リーグ,j1,8.0,2026-09-19,19:00,okay,kyot,unplayed,2026_27-j1-8-okay-vs-kyot,20260812_074327,2026_27_j1,weekly_prediction_snapshot
2026_27,8,2026-09-19,y-fm,0-0,mito,Ajinomoto Stadium,0,0,6.0,5.5,357.7,4-2-3-1,3-4-2-1,6.0,8.0,-2.0,0.0,0.0,1553.7084627416564,1490.2875056389225,63.42095710273384,14.1,10.8,3.299999999999999,0.0,80.0,24.0,7.5,7.0,4.0,1.416,1.947,42.2,48.6,42.8,54.0,0.0,0.0,0,0,15.705882352941176,5.205882352941177,12.676470588235292,2.0294117647058822,1.1764705882352942,0.2647058823529412,607.2647058823529,11.852941176470589,17.205882352941178,18.294117647058822,18.647058823529413,16.973684210526315,19.11764705882353,11.842105263157896,1.5294117647058822,11.078947368421051,1.1842105263157894,0.0789473684210526,57.9,14.882352941176473,15.921052631578949,33.026315789473685,1.8088235294117647,1.3558823529411763,118.0,184.0,48.0,89.0,44.0,90.0,10.6,3.1,11.25,0.95,1.8,0.1,427.6,10.8,11.647058823529411,11.3,19.55,14.4,18.6,10.15,1.6,13.3,1.55,0.3,2.54,8.3,14.15,30.25,0.975,1.33,5.9,6.35,35.0,64.0,38.0,72.0,0.0,4.0,3.0,3.0,4.0,4.0,2.0,-1.0,2.0,2.0,4_vs_3,0.0,0.0,0.0,0.0,0.0,0.0,0.0,0.0,0.0,0.0,0.0,0.0,0.0,0.0,0.0,0.0,0.0,0.0,0.0526315789473684,0.0,0.2105263157894736,0.2105263157894736,0.0588235294117647,0.1842105263157894,0.0,0.0588235294117647,0.1052631578947368,0.0294117647058823,45.0,44.0,47.0,44.0,45.0,44.5,44.0,44.0,0.5,0.0339335180055401,0.4,0.00721153846153845,0,0,0,0,0,0,0,0,0,0,0,0,0,0,0,0,0,0,2026_27,J1,明治安田J1リーグ,j1,8.0,2026-09-19,19:30,y-fm,mito,unplayed,2026_27-j1-8-y-fm-vs-mito,20260812_074327,2026_27_j1,weekly_prediction_snapshot
2026_27,8,2026-09-20,mcd,0-0,kasw,Ajinomoto Stadium,0,0,6.0,7.0,242.7,3-4-2-1,3-4-2-1,3.0,10.0,-7.0,0.0,0.0,1539.9974199689445,1481.948214723065,58.04920524587965,18.4,17.85,0.5499999999999972,0.0,96.0,27.5,19.0,8.0,6.0,1.924,1.09,53.1,58.9,46.0,57.2,0.0,0.0,0,0,11.1,3.263157894736842,10.842105263157896,1.25,0.8947368421052632,0.35,328.63157894736844,11.45,5.25,11.2,17.15,15.31578947368421,17.026315789473685,9.95,1.2,12.8,1.15,0.05,2.26,8.4,17.15,28.7,1.11,0.9605263157894736,5.9,5.65,14.0,31.0,18.0,31.5,12.552631578947368,4.0588235294117645,11.382352941176473,1.0263157894736843,1.3529411764705883,0.2105263157894736,422.1315789473685,9.941176470588236,13.263157894736842,14.588235294117649,22.647058823529413,17.794117647058822,19.92105263157895,12.676470588235292,1.7352941176470589,16.441176470588236,1.588235294117647,0.0526315789473684,46.0,11.473684210526317,15.205882352941176,32.44117647058823,1.2289473684210528,1.181578947368421,113.0,163.0,39.0,80.0,47.0,82.0,0.0,3.0,6.0,1.0,3.0,5.0,2.0,1.0,2.0,2.0,3_vs_3,0.0,0.0,0.0,0.0,0.0,0.0,0.0,0.0,0.0,0.0,0.0,0.0,0.0,0.0,0.0,0.0,0.0,0.0,0.0526315789473684,0.0,0.1842105263157894,0.2105263157894736,0.2058823529411764,0.1842105263157894,0.0588235294117647,0.0588235294117647,0.1764705882352941,0.0588235294117647,50.0,43.0,54.0,45.0,55.0,63.0,43.0,43.0,0.48684210526315785,0.04772884663812635,0.4705882352941176,0.0282583621683967,0,0,0,0,0,0,0,0,0,0,0,0,0,0,0,0,0,0,2026_27,J1,明治安田J1リーグ,j1,8.0,2026-09-20,17:00,mcd,kasw,unplayed,2026_27-j1-8-mcd-vs-kasw,20260812_074327,2026_27_j1,weekly_prediction_snapshot
2026_27,8,2026-09-20,g-os,0-0,kobe,Ajinomoto Stadium,0,0,7.0,7.0,412.8,4-2-3-1,4-1-2-3,12.0,4.0,8.0,0.0,0.0,1484.87429753502,1568.9211136856622,-84.04681615064214,15.35,16.6,-1.2500000000000018,93.0,96.0,20.0,27.0,5.0,9.0,1.038,1.011,57.9,28.6,51.9,50.0,0.0,0.0,0,0,12.763157894736842,4.088235294117647,14.911764705882351,1.1176470588235294,1.2894736842105263,0.3421052631578947,473.8157894736842,9.470588235294118,10.794117647058824,13.058823529411764,23.029411764705884,17.13157894736842,20.289473684210527,11.558823529411764,1.7941176470588236,17.676470588235293,1.0526315789473684,0.0294117647058823,48.1,11.176470588235292,16.91176470588235,31.789473684210527,1.2352941176470589,1.576470588235294,113.0,157.0,38.0,67.0,50.0,83.0,12.411764705882351,4.176470588235294,11.852941176470589,1.605263157894737,0.9473684210526316,0.3421052631578947,518.9411764705883,11.470588235294118,12.411764705882351,14.235294117647058,21.86842105263158,16.794117647058822,18.473684210526315,9.911764705882351,2.210526315789474,16.92105263157895,0.9736842105263158,0.0294117647058823,53.7,11.382352941176473,16.605263157894736,31.94117647058824,1.3941176470588237,1.1088235294117648,113.0,163.0,42.0,70.0,44.0,88.0,0.0,4.0,4.0,2.0,4.0,3.0,3.0,-1.0,2.0,2.0,4_vs_4,0.131578947368421,0.0263157894736842,0.2631578947368421,0.1764705882352941,0.0588235294117647,0.1764705882352941,0.0263157894736842,0.1470588235294117,0.1470588235294117,0.0294117647058823,41.0,45.0,49.0,49.0,43.0,47.0,55.0,47.0,0.0789473684210526,0.0263157894736842,0.2941176470588235,0.3823529411764705,0.1052631578947368,0.2105263157894736,0.0789473684210526,0.0789473684210526,0.1052631578947368,0.0294117647058823,57.0,56.0,47.0,43.0,45.0,39.0,54.0,61.0,0.5,0.0373961218836565,0.4736842105263157,0.0423875432525951,0,0,0,0,0,0,0,0,0,0,0,0,0,0,0,0,0,0,2026_27,J1,明治安田J1リーグ,j1,8.0,2026-09-20,17:00,g-os,kobe,unplayed,2026_27-j1-8-g-os-vs-kobe,20260812_074327,2026_27_j1,weekly_prediction_snapshot
2026_27,9,2026-10-09,kasw,0-0,kobe,Ajinomoto Stadium,0,0,6.0,7.0,412.8,3-4-2-1,4-1-2-3,10.0,4.0,6.0,0.0,0.0,1475.6111733703474,1568.9211136856622,-93.30994031531486,17.85,16.6,1.25,101.0,96.0,19.0,27.0,6.0,9.0,1.09,1.011,46.0,57.2,51.9,50.0,0.0,0.0,0,0,12.552631578947368,4.0588235294117645,11.382352941176473,1.0263157894736843,1.3529411764705883,0.2105263157894736,422.1315789473685,9.941176470588236,13.263157894736842,14.588235294117649,22.647058823529413,17.794117647058822,19.92105263157895,12.676470588235292,1.7352941176470589,16.441176470588236,1.588235294117647,0.0526315789473684,46.0,11.473684210526317,15.205882352941176,32.44117647058823,1.2289473684210528,1.181578947368421,113.0,163.0,39.0,80.0,47.0,82.0,12.411764705882351,4.176470588235294,11.852941176470589,1.605263157894737,0.9473684210526316,0.3421052631578947,518.9411764705883,11.470588235294118,12.411764705882351,14.235294117647058,21.86842105263158,16.794117647058822,18.473684210526315,9.911764705882351,2.210526315789474,16.92105263157895,0.9736842105263158,0.0294117647058823,53.7,11.382352941176473,16.605263157894736,31.94117647058824,1.3941176470588237,1.1088235294117648,113.0,163.0,42.0,70.0,44.0,88.0,0.0,3.0,5.0,2.0,4.0,3.0,3.0,1.0,2.0,2.0,3_vs_4,0.0526315789473684,0.0,0.1842105263157894,0.2105263157894736,0.2058823529411764,0.1842105263157894,0.0588235294117647,0.0588235294117647,0.1764705882352941,0.0588235294117647,50.0,43.0,54.0,45.0,55.0,63.0,43.0,43.0,0.0789473684210526,0.0263157894736842,0.2941176470588235,0.3823529411764705,0.1052631578947368,0.2105263157894736,0.0789473684210526,0.0789473684210526,0.1052631578947368,0.0294117647058823,57.0,56.0,47.0,43.0,45.0,39.0,54.0,61.0,0.5,0.0292387543252595,0.4736842105263157,0.0423875432525951,0,0,0,0,0,0,0,0,0,0,0,0,0,0,0,0,0,0,2026_27,J1,明治安田J1リーグ,j1,9.0,2026-10-09,19:00,kasw,kobe,unplayed,2026_27-j1-9-kasw-vs-kobe,20260812_074327,2026_27_j1,weekly_prediction_snapshot
2026_27,9,2026-10-10,kasm,0-0,g-os,Ajinomoto Stadium,0,0,7.0,6.0,383.2,4-4-2,4-2-3-1,4.0,12.0,-8.0,0.0,0.0,1556.0187819361674,1486.29287547773,69.72590645843752,21.43,15.35,6.08,86.0,85.0,30.0,20.0,9.0,6.0,2.945,1.038,51.4,57.8,57.9,28.6,0.0,0.0,0,0,12.941176470588236,4.176470588235294,11.147058823529411,1.5789473684210529,1.0789473684210529,0.3947368421052631,424.11764705882354,10.852941176470589,12.264705882352942,15.078947368421051,21.91176470588235,18.68421052631579,19.97058823529412,11.894736842105264,2.0,18.81578947368421,1.411764705882353,0.0588235294117647,50.1,11.5,17.36842105263158,33.55263157894737,1.2868421052631578,1.2078947368421051,112.0,167.0,40.0,80.0,45.0,86.0,12.763157894736842,4.088235294117647,14.911764705882351,1.1176470588235294,1.2894736842105263,0.3421052631578947,473.8157894736842,9.470588235294118,10.794117647058824,13.058823529411764,23.029411764705884,17.13157894736842,20.289473684210527,11.558823529411764,1.7941176470588236,17.676470588235293,1.0526315789473684,0.0294117647058823,48.1,11.176470588235292,16.91176470588235,31.789473684210527,1.2352941176470589,1.576470588235294,113.0,157.0,38.0,67.0,50.0,83.0,0.0,4.0,4.0,2.0,4.0,4.0,2.0,-1.0,2.0,2.0,4_vs_4,0.0789473684210526,0.0,0.3823529411764705,0.2941176470588235,0.088235294117647,0.2631578947368421,0.0294117647058823,0.0588235294117647,0.1764705882352941,0.088235294117647,50.0,48.0,58.0,56.0,54.0,62.0,50.0,40.0,0.131578947368421,0.0263157894736842,0.2631578947368421,0.1764705882352941,0.0588235294117647,0.1764705882352941,0.0263157894736842,0.1470588235294117,0.1470588235294117,0.0294117647058823,41.0,45.0,49.0,49.0,43.0,47.0,55.0,47.0,0.4705882352941176,0.0353474145891043,0.4473684210526316,0.0339335180055401,0,0,0,0,0,0,0,0,0,0,0,0,0,0,0,0,0,0,2026_27,J1,明治安田J1リーグ,j1,9.0,2026-10-10,,kasm,g-os,unplayed,2026_27-j1-9-kasm-vs-g-os,20260812_074327,2026_27_j1,weekly_prediction_snapshot
2026_27,9,2026-10-10,kyot,0-0,mcd,Ajinomoto Stadium,0,0,7.0,7.0,145.05,4-2-3-1,3-4-2-1,11.5,3.0,8.5,0.0,0.0,1482.0426018308194,1541.9609084585081,-59.91830662768871,14.98,18.4,-3.419999999999998,127.5,0.0,18.5,24.5,5.5,8.0,0.847,1.924,51.4,42.9,53.1,58.9,0.0,0.0,0,0,11.911764705882351,3.176470588235294,12.823529411764708,1.05,1.3235294117647058,0.2352941176470588,337.52941176470586,10.441176470588236,10.43498452012384,13.5,23.7,17.15,21.15,13.205882352941176,1.3,17.8,1.5263157894736843,0.0789473684210526,46.2,10.0,15.8,33.94117647058823,1.1588235294117646,1.4352941176470588,113.0,133.0,27.0,53.0,36.5,80.0,11.1,3.263157894736842,10.842105263157896,1.25,0.8947368421052632,0.35,328.63157894736844,11.45,5.25,11.2,17.15,15.31578947368421,17.026315789473685,9.95,1.2,12.8,1.15,0.05,2.26,8.4,17.15,28.7,1.11,0.9605263157894736,5.9,5.65,14.0,31.0,18.0,31.5,0.0,4.0,3.0,3.0,3.0,6.0,1.0,-2.0,2.0,2.0,4_vs_3,0.0278637770897832,0.0,0.2376160990712074,0.2105263157894736,0.0704334365325076,0.0588235294117647,0.0,0.0719814241486068,0.1176470588235294,0.0147058823529411,56.0,35.5,54.5,60.0,56.0,46.0,36.0,38.0,0.0,0.0,0.0,0.0,0.0,0.0,0.0,0.0,0.0,0.0,0.0,0.0,0.0,0.0,0.0,0.0,0.0,0.0,0.5,0.049528879425073155,0.475,0.03670329670329665,0,0,0,0,0,0,0,0,0,0,0,0,0,0,0,0,0,0,2026_27,J1,明治安田J1リーグ,j1,9.0,2026-10-10,,kyot,mcd,unplayed,2026_27-j1-9-kyot-vs-mcd,20260812_074327,2026_27_j1,weekly_prediction_snapshot
2026_27,9,2026-10-10,c-os,0-0,y-fm,Ajinomoto Stadium,0,0,7.0,7.0,230.3,3-4-2-1,4-2-3-1,7.0,7.0,0.0,0.0,0.0,1510.635587565086,1570.7264926415494,-60.09090507646329,12.5,14.1,-1.5999999999999996,99.0,0.0,23.0,24.0,7.0,7.0,0.595,1.416,39.0,36.8,42.2,48.6,0.0,0.0,0,0,13.394736842105264,3.868421052631579,12.18421052631579,1.236842105263158,1.1764705882352942,0.2894736842105263,455.8157894736842,10.823529411764708,11.105263157894736,15.289473684210526,20.5,15.5,18.38235294117647,9.157894736842104,1.605263157894737,13.941176470588236,0.7368421052631579,0.0294117647058823,50.4,10.763157894736842,15.441176470588236,31.88235294117647,1.258823529411765,1.1973684210526316,114.0,129.0,41.0,62.0,48.0,66.0,15.705882352941176,5.205882352941177,12.676470588235292,2.0294117647058822,1.1764705882352942,0.2647058823529412,607.2647058823529,11.852941176470589,17.205882352941178,18.294117647058822,18.647058823529413,16.973684210526315,19.11764705882353,11.842105263157896,1.5294117647058822,11.078947368421051,1.1842105263157894,0.0789473684210526,57.9,14.882352941176473,15.921052631578949,33.026315789473685,1.8088235294117647,1.3558823529411763,118.0,184.0,48.0,89.0,44.0,90.0,0.0,4.0,4.0,2.0,4.0,3.0,3.0,-1.0,2.0,2.0,3_vs_4,0.088235294117647,0.0,0.2894736842105263,0.2894736842105263,0.0526315789473684,0.2368421052631578,0.0294117647058823,0.0789473684210526,0.088235294117647,0.0588235294117647,56.0,45.0,45.0,49.0,46.0,44.0,50.0,55.0,0.0,0.0,0.0,0.0,0.0,0.0,0.0,0.0,0.0,0.0,0.0,0.0,0.0,0.0,0.0,0.0,0.0,0.0,0.5,0.0280470914127423,0.4736842105263157,0.0339335180055401,0,0,0,0,0,0,0,0,0,0,0,0,0,0,0,0,0,0,2026_27,J1,明治安田J1リーグ,j1,9.0,2026-10-10,14:00,c-os,y-fm,unplayed,2026_27-j1-9-c-os-vs-y-fm,20260812_074327,2026_27_j1,weekly_prediction_snapshot
2026_27,9,2026-10-10,FCtk,0-0,uraw,Ajinomoto Stadium,0,0,7.0,7.0,234.7,4-4-2,4-1-2-3,9.0,8.0,1.0,0.0,0.0,1502.9687564818937,1527.74338246438,-24.774625982486214,17.15,14.0,3.1499999999999986,0.0,99.0,22.0,25.0,6.0,7.0,0.998,2.553,41.1,46.9,71.4,42.1,0.0,0.0,0,0,0.0,0.0,0.0,0.0,0.0,0.0,0.0,0.0,0.0,0.0,0.0,0.0,0.0,0.0,0.0,0.0,0.0,0.0,0.0,0.0,0.0,0.0,0.0,0.0,0.0,0.0,0.0,0.0,0.0,0.0,12.029411764705882,3.941176470588235,12.578947368421051,1.2647058823529411,1.1470588235294117,0.3157894736842105,486.5,9.973684210526317,13.205882352941176,12.86842105263158,20.91176470588235,17.735294117647058,19.23529411764705,10.105263157894736,1.763157894736842,13.894736842105264,1.105263157894737,0.0294117647058823,52.7,10.558823529411764,16.81578947368421,30.47058823529412,1.363157894736842,1.1823529411764706,111.0,163.0,39.0,78.0,45.0,83.0,0.0,4.0,3.0,3.0,4.0,5.0,1.0,-1.0,2.0,2.0,4_vs_4,0.0,0.0,0.0,0.0,0.0,0.0,0.0,0.0,0.0,0.0,0.0,0.0,0.0,0.0,0.0,0.0,0.0,0.0,0.1842105263157894,0.0294117647058823,0.2352941176470588,0.2352941176470588,0.1176470588235294,0.2368421052631578,0.0263157894736842,0.0526315789473684,0.1470588235294117,0.0263157894736842,46.0,43.0,52.0,42.0,42.0,45.0,53.0,63.0,0.5,0.0249307479224376,0.5,0.0208333333333333,0,0,0,0,0,0,0,0,0,0,0,0,0,0,0,0,0,0,2026_27,J1,明治安田J1リーグ,j1,9.0,2026-10-10,15:00,FCtk,uraw,unplayed,2026_27-j1-9-FCtk-vs-uraw,20260812_074327,2026_27_j1,weekly_prediction_snapshot
2026_27,9,2026-10-10,fuku,0-0,okay,Ajinomoto Stadium,0,0,7.0,6.0,0.0,3-4-2-1,3-4-2-1,10.0,9.0,1.0,0.0,1.0,1502.0577783078763,1494.8528330726735,7.204945235202786,12.03,10.48,1.549999999999999,113.0,127.0,19.0,18.0,5.0,6.0,0.769,2.493,50.0,48.1,63.2,61.0,0.0,0.0,0,0,10.5,3.176470588235294,11.157894736842104,0.868421052631579,1.0,0.3235294117647059,336.8684210526316,10.529411764705882,9.657894736842104,14.052631578947368,24.61764705882353,19.529411764705884,18.44117647058824,13.058823529411764,1.6176470588235294,18.61764705882353,1.4411764705882353,0.0263157894736842,42.7,8.368421052631579,17.5,32.28947368421053,1.0558823529411765,1.0323529411764707,109.0,120.0,26.0,52.0,38.0,67.0,0.0,0.0,0.0,0.0,0.0,0.0,0.0,0.0,0.0,0.0,0.0,0.0,0.0,0.0,0.0,0.0,0.0,0.0,0.0,0.0,0.0,0.0,0.0,0.0,0.0,0.0,0.0,0.0,0.0,0.0,0.0,3.0,6.0,1.0,3.0,6.0,1.0,0.0,2.0,2.0,3_vs_3,0.0526315789473684,0.0263157894736842,0.2105263157894736,0.2105263157894736,0.0263157894736842,0.2058823529411764,0.0,0.0263157894736842,0.0789473684210526,0.0263157894736842,42.0,45.0,44.0,47.0,54.0,51.0,40.0,34.0,0.0,0.0,0.0,0.0,0.0,0.0,0.0,0.0,0.0,0.0,0.0,0.0,0.0,0.0,0.0,0.0,0.0,0.0,0.45,0.0218144044321329,0.5,0.0225,0,0,0,0,0,0,0,0,0,0,0,0,0,0,0,0,0,0,2026_27,J1,明治安田J1リーグ,j1,9.0,2026-10-10,15:00,fuku,okay,unplayed,2026_27-j1-9-fuku-vs-okay,20260812_074327,2026_27_j1,weekly_prediction_snapshot
2026_27,9,2026-10-11,chib,0-0,ngsk,Ajinomoto Stadium,0,0,7.0,6.5,357.7,3-4-2-1,3-4-2-1,10.0,7.0,3.0,0.0,0.0,1469.3397806394082,1482.2412986905829,-12.901518051174662,13.3,13.75,-0.4499999999999993,82.0,80.0,6.5,12.0,3.0,6.0,0.481,1.515,32.4,43.2,57.0,48.6,0.0,0.0,0,0,10.75,3.45,15.65,1.0,1.65,0.1,394.6,11.1,11.647058823529411,11.6,27.0,15.85,16.7,11.35,1.7,13.6,1.55,0.05,2.355,7.95,15.1,28.35,1.135,1.65,5.95,6.05,35.0,64.0,38.0,72.0,10.4,3.3,14.25,1.05,1.4,0.2,388.0,9.45,11.647058823529411,9.35,25.9,14.65,19.7,9.45,2.3,15.25,1.1,0.05,2.38,8.4,14.1,31.8,1.175,1.575,5.65,6.7,35.0,64.0,38.0,72.0,0.0,4.0,4.0,2.0,3.0,6.0,1.0,-0.5,2.0,2.0,3_vs_3,0.0526315789473684,0.0,0.2105263157894736,0.2105263157894736,0.0588235294117647,0.1842105263157894,0.0,0.0588235294117647,0.1052631578947368,0.0294117647058823,45.0,44.0,47.0,44.0,45.0,44.5,44.0,44.0,0.0526315789473684,0.0,0.2105263157894736,0.2105263157894736,0.0588235294117647,0.1842105263157894,0.0,0.0588235294117647,0.1052631578947368,0.0294117647058823,45.0,44.0,47.0,44.0,45.0,44.5,44.0,44.0,0.42500000000000004,0.0081944444444444,0.475,0.0197403846153846,0,0,0,0,0,0,0,0,0,0,0,0,0,0,0,0,0,0,2026_27,J1,明治安田J1リーグ,j1,9.0,2026-10-11,14:00,chib,ngsk,unplayed,2026_27-j1-9-chib-vs-ngsk,20260812_074327,2026_27_j1,weekly_prediction_snapshot
2026_27,9,2026-10-11,mito,0-0,shim,Ajinomoto Stadium,0,0,7.0,7.0,222.2,3-4-2-1,4-1-2-3,9.0,13.0,-4.0,1.0,0.0,1481.3682664890543,1478.0354137476809,3.332852741373472,10.8,13.83,-3.0299999999999994,82.0,85.0,10.5,16.0,3.5,4.0,1.947,1.52,42.8,54.0,57.5,34.7,0.0,0.0,0,0,10.6,3.1,11.25,0.95,1.8,0.1,427.6,10.8,11.647058823529411,11.3,19.55,14.4,18.6,10.15,1.6,13.3,1.55,0.3,2.54,8.3,14.15,30.25,0.975,1.33,5.9,6.35,35.0,64.0,38.0,72.0,11.342105263157896,3.5,12.0,0.9736842105263158,1.4210526315789471,0.1176470588235294,407.60526315789474,9.157894736842104,8.421052631578947,13.342105263157896,21.47058823529412,15.263157894736842,19.07894736842105,8.894736842105264,1.9705882352941173,12.176470588235292,0.631578947368421,0.0263157894736842,43.5,8.973684210526315,14.052631578947368,29.44736842105263,1.0578947368421054,1.0842105263157895,113.0,156.0,39.0,71.0,49.0,83.0,0.0,4.0,4.0,2.0,4.0,4.0,2.0,-0.5,2.0,2.0,3_vs_4,0.0526315789473684,0.0,0.2105263157894736,0.2105263157894736,0.0588235294117647,0.1842105263157894,0.0,0.0588235294117647,0.1052631578947368,0.0294117647058823,45.0,44.0,47.0,44.0,45.0,44.5,44.0,44.0,0.0,0.0,0.3421052631578947,0.2105263157894736,0.0,0.131578947368421,0.0,0.0526315789473684,0.088235294117647,0.088235294117647,35.0,34.0,47.0,47.0,36.0,44.0,42.0,53.0,0.55,0.01095238095238095,0.45,0.032,0,0,0,0,0,0,0,0,0,0,0,0,0,0,0,0,0,0,2026_27,J1,明治安田J1リーグ,j1,9.0,2026-10-11,15:00,mito,shim,unplayed,2026_27-j1-9-mito-vs-shim,20260812_074327,2026_27_j1,weekly_prediction_snapshot
2026_27,9,2026-10-11,tk-v,0-0,hiro,Ajinomoto Stadium,0,0,7.0,7.0,639.0,3-4-2-1,3-4-2-1,13.0,5.0,8.0,0.0,0.0,1506.3841338687366,1548.059515531813,-41.67538166307645,9.33,19.05,-9.72,120.5,117.0,20.0,29.0,7.0,8.0,2.064,2.689,48.6,42.7,56.8,67.6,0.0,0.0,0,0,9.2,2.65,9.8,1.0,1.3,0.3,353.25,8.25,6.052631578947368,10.2,22.1,18.05263157894737,18.710526315789476,11.05,1.4,16.05,1.0,0.0,2.2,7.4,14.3,26.8,0.8400000000000001,1.065,5.95,7.2,15.0,26.5,19.0,33.5,14.705882352941176,4.676470588235294,10.921052631578949,1.3529411764705883,1.105263157894737,0.3235294117647059,481.1470588235294,10.470588235294118,14.705882352941176,16.764705882352942,18.352941176470587,18.657894736842103,18.647058823529413,11.794117647058824,1.7352941176470589,16.86842105263158,0.9117647058823528,0.0294117647058823,49.5,13.117647058823527,18.176470588235293,33.3235294117647,1.4088235294117646,1.068421052631579,112.0,164.0,40.0,76.0,46.0,87.0,0.0,3.0,6.0,1.0,3.0,6.0,1.0,1.0,2.0,2.0,3_vs_3,0.0789473684210526,0.0394736842105263,0.1973684210526315,0.0789473684210526,0.0657894736842105,0.0789473684210526,0.0,0.0789473684210526,0.0394736842105263,0.0131578947368421,22.5,22.5,23.0,19.5,22.5,21.0,22.0,25.0,0.1052631578947368,0.0526315789473684,0.3421052631578947,0.2941176470588235,0.1764705882352941,0.2352941176470588,0.0526315789473684,0.088235294117647,0.1176470588235294,0.0294117647058823,72.0,60.0,54.0,66.0,74.0,62.0,54.0,41.0,0.48684210526315785,0.023057390439661853,0.4736842105263157,0.0276816608996539,0,0,0,0,0,0,0,0,0,0,0,0,0,0,0,0,0,0,2026_27,J1,明治安田J1リーグ,j1,9.0,2026-10-11,15:00,tk-v,hiro,unplayed,2026_27-j1-9-tk-v-vs-hiro,20260812_074327,2026_27_j1,weekly_prediction_snapshot
2026_27,9,2026-10-11,ka-f,0-0,nago,Ajinomoto Stadium,0,0,6.0,7.0,230.3,4-2-3-1,3-4-2-1,6.0,9.0,-3.0,0.0,0.0,1552.3375348771292,1519.4628165308918,32.87471834623739,19.05,13.35,5.700000000000001,114.0,120.0,25.0,25.0,7.0,7.0,1.501,1.037,57.3,51.3,65.3,42.5,0.0,0.0,0,0,14.657894736842104,4.947368421052632,10.235294117647058,1.911764705882353,1.2352941176470589,0.3235294117647059,578.9705882352941,11.552631578947368,15.68421052631579,13.617647058823527,20.294117647058822,18.94117647058824,20.0,9.794117647058824,2.2058823529411766,13.588235294117649,1.1470588235294117,0.088235294117647,54.9,14.078947368421051,17.5,32.47058823529412,1.6473684210526316,1.052941176470588,111.0,157.0,42.0,70.0,44.0,82.0,11.205882352941176,3.8947368421052633,11.735294117647058,1.1578947368421053,1.0294117647058822,0.3823529411764705,403.1764705882353,11.676470588235292,10.705882352941176,13.441176470588236,21.647058823529413,18.58823529411765,18.94117647058824,10.176470588235292,1.7941176470588236,14.763157894736842,1.0,0.0588235294117647,46.2,8.973684210526315,17.294117647058822,30.289473684210527,1.1823529411764706,1.1176470588235294,114.0,155.0,39.0,74.0,48.0,79.0,0.0,4.0,3.0,3.0,3.0,6.0,1.0,-1.0,2.0,2.0,4_vs_3,0.1764705882352941,0.0294117647058823,0.3421052631578947,0.4117647058823529,0.131578947368421,0.3529411764705882,0.0294117647058823,0.088235294117647,0.1764705882352941,0.1176470588235294,51.0,63.0,59.0,53.0,51.0,41.0,73.0,53.0,0.0588235294117647,0.0294117647058823,0.2647058823529412,0.2058823529411764,0.0294117647058823,0.1842105263157894,0.0,0.1052631578947368,0.1470588235294117,0.0526315789473684,51.0,50.0,38.0,45.0,47.0,44.0,43.0,46.0,0.45,0.0350346020761245,0.5,0.0289285714285714,0,0,0,0,0,0,0,0,0,0,0,0,0,0,0,0,0,0,2026_27,J1,明治安田J1リーグ,j1,9.0,2026-10-11,16:00,ka-f,nago,unplayed,2026_27-j1-9-ka-f-vs-nago,20260812_074327,2026_27_j1,weekly_prediction_snapshot
2026_27,10,2026-10-17,kasw,0-0,nago,Ajinomoto Stadium,0,0,6.0,7.0,230.3,3-4-2-1,3-4-2-1,10.0,9.0,1.0,0.0,0.0,1475.6111733703474,1519.4628165308918,-43.85164316054443,17.85,13.35,4.500000000000002,101.0,120.0,19.0,25.0,6.0,7.0,1.09,1.037,46.0,57.2,65.3,42.5,0.0,0.0,0,0,12.552631578947368,4.0588235294117645,11.382352941176473,1.0263157894736843,1.3529411764705883,0.2105263157894736,422.1315789473685,9.941176470588236,13.263157894736842,14.588235294117649,22.647058823529413,17.794117647058822,19.92105263157895,12.676470588235292,1.7352941176470589,16.441176470588236,1.588235294117647,0.0526315789473684,46.0,11.473684210526317,15.205882352941176,32.44117647058823,1.2289473684210528,1.181578947368421,113.0,163.0,39.0,80.0,47.0,82.0,11.205882352941176,3.8947368421052633,11.735294117647058,1.1578947368421053,1.0294117647058822,0.3823529411764705,403.1764705882353,11.676470588235292,10.705882352941176,13.441176470588236,21.647058823529413,18.58823529411765,18.94117647058824,10.176470588235292,1.7941176470588236,14.763157894736842,1.0,0.0588235294117647,46.2,8.973684210526315,17.294117647058822,30.289473684210527,1.1823529411764706,1.1176470588235294,114.0,155.0,39.0,74.0,48.0,79.0,0.0,3.0,5.0,2.0,3.0,6.0,1.0,1.0,2.0,2.0,3_vs_3,0.0526315789473684,0.0,0.1842105263157894,0.2105263157894736,0.2058823529411764,0.1842105263157894,0.0588235294117647,0.0588235294117647,0.1764705882352941,0.0588235294117647,50.0,43.0,54.0,45.0,55.0,63.0,43.0,43.0,0.0588235294117647,0.0294117647058823,0.2647058823529412,0.2058823529411764,0.0294117647058823,0.1842105263157894,0.0,0.1052631578947368,0.1470588235294117,0.0526315789473684,51.0,50.0,38.0,45.0,47.0,44.0,43.0,46.0,0.5,0.0292387543252595,0.5,0.0289285714285714,0,0,0,0,0,0,0,0,0,0,0,0,0,0,0,0,0,0,2026_27,J1,明治安田J1リーグ,j1,10.0,2026-10-17,,kasw,nago,unplayed,2026_27-j1-10-kasw-vs-nago,20260812_074327,2026_27_j1,weekly_prediction_snapshot
2026_27,10,2026-10-17,shim,0-0,g-os,Ajinomoto Stadium,0,0,7.0,6.0,383.2,4-1-2-3,4-2-3-1,13.0,12.0,1.0,0.0,0.0,1477.4441154138574,1486.29287547773,-8.848760063872533,13.83,15.35,-1.5199999999999996,78.0,85.0,19.0,20.0,5.0,6.0,1.52,1.038,57.5,34.7,57.9,28.6,0.0,0.0,0,0,11.342105263157896,3.5,12.0,0.9736842105263158,1.4210526315789471,0.1176470588235294,407.60526315789474,9.157894736842104,8.421052631578947,13.342105263157896,21.47058823529412,15.263157894736842,19.07894736842105,8.894736842105264,1.9705882352941173,12.176470588235292,0.631578947368421,0.0263157894736842,43.5,8.973684210526315,14.052631578947368,29.44736842105263,1.0578947368421054,1.0842105263157895,113.0,156.0,39.0,71.0,49.0,83.0,12.763157894736842,4.088235294117647,14.911764705882351,1.1176470588235294,1.2894736842105263,0.3421052631578947,473.8157894736842,9.470588235294118,10.794117647058824,13.058823529411764,23.029411764705884,17.13157894736842,20.289473684210527,11.558823529411764,1.7941176470588236,17.676470588235293,1.0526315789473684,0.0294117647058823,48.1,11.176470588235292,16.91176470588235,31.789473684210527,1.2352941176470589,1.576470588235294,113.0,157.0,38.0,67.0,50.0,83.0,0.0,4.0,4.0,2.0,4.0,4.0,2.0,0.0,2.0,2.0,4_vs_4,0.0,0.0,0.3421052631578947,0.2105263157894736,0.0,0.131578947368421,0.0,0.0526315789473684,0.088235294117647,0.088235294117647,35.0,34.0,47.0,47.0,36.0,44.0,42.0,53.0,0.131578947368421,0.0263157894736842,0.2631578947368421,0.1764705882352941,0.0588235294117647,0.1764705882352941,0.0263157894736842,0.1470588235294117,0.1470588235294117,0.0294117647058823,41.0,45.0,49.0,49.0,43.0,47.0,55.0,47.0,0.5294117647058824,0.0381752077562327,0.4473684210526316,0.0339335180055401,0,0,0,0,0,0,0,0,0,0,0,0,0,0,0,0,0,0,2026_27,J1,明治安田J1リーグ,j1,10.0,2026-10-17,,shim,g-os,unplayed,2026_27-j1-10-shim-vs-g-os,20260812_074327,2026_27_j1,weekly_prediction_snapshot
2026_27,10,2026-10-17,okay,0-0,kobe,Ajinomoto Stadium,0,0,7.0,7.0,412.8,3-4-2-1,4-1-2-3,9.0,4.0,5.0,0.0,0.0,1499.4001333498045,1568.9211136856622,-69.52098033585776,10.48,16.6,-6.120000000000001,100.0,96.0,18.0,27.0,6.0,9.0,2.493,1.011,63.2,61.0,51.9,50.0,0.0,0.0,0,0,0.0,0.0,0.0,0.0,0.0,0.0,0.0,0.0,0.0,0.0,0.0,0.0,0.0,0.0,0.0,0.0,0.0,0.0,0.0,0.0,0.0,0.0,0.0,0.0,0.0,0.0,0.0,0.0,0.0,0.0,12.411764705882351,4.176470588235294,11.852941176470589,1.605263157894737,0.9473684210526316,0.3421052631578947,518.9411764705883,11.470588235294118,12.411764705882351,14.235294117647058,21.86842105263158,16.794117647058822,18.473684210526315,9.911764705882351,2.210526315789474,16.92105263157895,0.9736842105263158,0.0294117647058823,53.7,11.382352941176473,16.605263157894736,31.94117647058824,1.3941176470588237,1.1088235294117648,113.0,163.0,42.0,70.0,44.0,88.0,0.0,3.0,6.0,1.0,4.0,3.0,3.0,1.0,2.0,2.0,3_vs_4,0.0,0.0,0.0,0.0,0.0,0.0,0.0,0.0,0.0,0.0,0.0,0.0,0.0,0.0,0.0,0.0,0.0,0.0,0.0789473684210526,0.0263157894736842,0.2941176470588235,0.3823529411764705,0.1052631578947368,0.2105263157894736,0.0789473684210526,0.0789473684210526,0.1052631578947368,0.0294117647058823,57.0,56.0,47.0,43.0,45.0,39.0,54.0,61.0,0.4473684210526316,0.0279316712834718,0.4736842105263157,0.0423875432525951,0,0,0,0,0,0,0,0,0,0,0,0,0,0,0,0,0,0,2026_27,J1,明治安田J1リーグ,j1,10.0,2026-10-17,,okay,kobe,unplayed,2026_27-j1-10-okay-vs-kobe,20260812_074327,2026_27_j1,weekly_prediction_snapshot
2026_27,10,2026-10-17,chib,0-0,y-fm,Ajinomoto Stadium,0,0,7.0,7.0,230.3,3-4-2-1,4-2-3-1,10.0,7.0,3.0,0.0,0.0,1469.3397806394082,1570.7264926415494,-101.38671200214117,13.3,14.1,-0.7999999999999989,82.0,0.0,6.5,24.0,3.0,7.0,0.481,1.416,32.4,43.2,42.2,48.6,0.0,0.0,0,0,10.75,3.45,15.65,1.0,1.65,0.1,394.6,11.1,11.647058823529411,11.6,27.0,15.85,16.7,11.35,1.7,13.6,1.55,0.05,2.355,7.95,15.1,28.35,1.135,1.65,5.95,6.05,35.0,64.0,38.0,72.0,15.705882352941176,5.205882352941177,12.676470588235292,2.0294117647058822,1.1764705882352942,0.2647058823529412,607.2647058823529,11.852941176470589,17.205882352941178,18.294117647058822,18.647058823529413,16.973684210526315,19.11764705882353,11.842105263157896,1.5294117647058822,11.078947368421051,1.1842105263157894,0.0789473684210526,57.9,14.882352941176473,15.921052631578949,33.026315789473685,1.8088235294117647,1.3558823529411763,118.0,184.0,48.0,89.0,44.0,90.0,0.0,4.0,4.0,2.0,4.0,3.0,3.0,-0.5,2.0,2.0,3_vs_4,0.0526315789473684,0.0,0.2105263157894736,0.2105263157894736,0.0588235294117647,0.1842105263157894,0.0,0.0588235294117647,0.1052631578947368,0.0294117647058823,45.0,44.0,47.0,44.0,45.0,44.5,44.0,44.0,0.0,0.0,0.0,0.0,0.0,0.0,0.0,0.0,0.0,0.0,0.0,0.0,0.0,0.0,0.0,0.0,0.0,0.0,0.42500000000000004,0.0081944444444444,0.4736842105263157,0.0339335180055401,0,0,0,0,0,0,0,0,0,0,0,0,0,0,0,0,0,0,2026_27,J1,明治安田J1リーグ,j1,10.0,2026-10-17,14:00,chib,y-fm,unplayed,2026_27-j1-10-chib-vs-y-fm,20260812_074327,2026_27_j1,weekly_prediction_snapshot
2026_27,10,2026-10-17,tk-v,0-0,FCtk,Ajinomoto Stadium,0,0,7.0,7.0,225.6,3-4-2-1,4-4-2,13.0,8.0,5.0,0.0,0.0,1506.3841338687366,1504.7254200609143,1.6587138078223234,9.33,17.15,-7.8199999999999985,120.5,0.0,20.0,23.0,7.0,7.0,2.064,0.998,48.6,42.7,41.1,46.9,0.0,0.0,0,0,9.2,2.65,9.8,1.0,1.3,0.3,353.25,8.25,6.052631578947368,10.2,22.1,18.05263157894737,18.710526315789476,11.05,1.4,16.05,1.0,0.0,2.2,7.4,14.3,26.8,0.8400000000000001,1.065,5.95,7.2,15.0,26.5,19.0,33.5,0.0,0.0,0.0,0.0,0.0,0.0,0.0,0.0,0.0,0.0,0.0,0.0,0.0,0.0,0.0,0.0,0.0,0.0,0.0,0.0,0.0,0.0,0.0,0.0,0.0,0.0,0.0,0.0,0.0,0.0,0.0,3.0,6.0,1.0,4.0,3.0,3.0,1.0,2.0,2.0,3_vs_4,0.0789473684210526,0.0394736842105263,0.1973684210526315,0.0789473684210526,0.0657894736842105,0.0789473684210526,0.0,0.0789473684210526,0.0394736842105263,0.0131578947368421,22.5,22.5,23.0,19.5,22.5,21.0,22.0,25.0,0.0,0.0,0.0,0.0,0.0,0.0,0.0,0.0,0.0,0.0,0.0,0.0,0.0,0.0,0.0,0.0,0.0,0.0,0.48684210526315785,0.023057390439661853,0.4736842105263157,0.0222925735391109,0,0,0,0,0,0,0,0,0,0,0,0,0,0,0,0,0,0,2026_27,J1,明治安田J1リーグ,j1,10.0,2026-10-17,14:00,tk-v,FCtk,unplayed,2026_27-j1-10-tk-v-vs-FCtk,20260812_074327,2026_27_j1,weekly_prediction_snapshot
2026_27,10,2026-10-17,mcd,0-0,fuku,Ajinomoto Stadium,0,0,6.0,7.0,843.1,3-4-2-1,3-4-2-1,3.0,10.0,-7.0,0.0,0.0,1539.9974199689445,1504.43640562365,35.56101434529455,18.4,12.03,6.369999999999999,0.0,121.0,27.5,21.0,8.0,7.0,1.924,0.769,53.1,58.9,50.0,48.1,0.0,0.0,0,0,11.1,3.263157894736842,10.842105263157896,1.25,0.8947368421052632,0.35,328.63157894736844,11.45,5.25,11.2,17.15,15.31578947368421,17.026315789473685,9.95,1.2,12.8,1.15,0.05,2.26,8.4,17.15,28.7,1.11,0.9605263157894736,5.9,5.65,14.0,31.0,18.0,31.5,10.5,3.176470588235294,11.157894736842104,0.868421052631579,1.0,0.3235294117647059,336.8684210526316,10.529411764705882,9.657894736842104,14.052631578947368,24.61764705882353,19.529411764705884,18.44117647058824,13.058823529411764,1.6176470588235294,18.61764705882353,1.4411764705882353,0.0263157894736842,42.7,8.368421052631579,17.5,32.28947368421053,1.0558823529411765,1.0323529411764707,109.0,120.0,26.0,52.0,38.0,67.0,0.0,3.0,6.0,1.0,3.0,6.0,1.0,1.0,2.0,2.0,3_vs_3,0.0,0.0,0.0,0.0,0.0,0.0,0.0,0.0,0.0,0.0,0.0,0.0,0.0,0.0,0.0,0.0,0.0,0.0,0.0526315789473684,0.0263157894736842,0.2105263157894736,0.2105263157894736,0.0263157894736842,0.2058823529411764,0.0,0.0263157894736842,0.0789473684210526,0.0263157894736842,42.0,45.0,44.0,47.0,54.0,51.0,40.0,34.0,0.48684210526315785,0.04772884663812635,0.5,0.0240403640680649,0,0,0,0,0,0,0,0,0,0,0,0,0,0,0,0,0,0,2026_27,J1,明治安田J1リーグ,j1,10.0,2026-10-17,14:00,mcd,fuku,unplayed,2026_27-j1-10-mcd-vs-fuku,20260812_074327,2026_27_j1,weekly_prediction_snapshot
2026_27,10,2026-10-17,hiro,0-0,kyot,Ajinomoto Stadium,0,0,7.0,7.0,367.5,3-4-2-1,4-2-3-1,6.0,12.0,-6.0,0.0,0.0,1537.0103290322477,1487.110875027563,49.899454004684685,19.05,14.98,4.07,113.0,110.5,26.0,17.0,7.0,6.0,2.689,0.847,56.8,67.6,51.4,42.9,0.0,0.0,0,0,14.705882352941176,4.676470588235294,10.921052631578949,1.3529411764705883,1.105263157894737,0.3235294117647059,481.1470588235294,10.470588235294118,14.705882352941176,16.764705882352942,18.352941176470587,18.657894736842103,18.647058823529413,11.794117647058824,1.7352941176470589,16.86842105263158,0.9117647058823528,0.0294117647058823,49.5,13.117647058823527,18.176470588235293,33.3235294117647,1.4088235294117646,1.068421052631579,112.0,164.0,40.0,76.0,46.0,87.0,11.911764705882351,3.176470588235294,12.823529411764708,1.05,1.3235294117647058,0.2352941176470588,337.52941176470586,10.441176470588236,10.43498452012384,13.5,23.7,17.15,21.15,13.205882352941176,1.3,17.8,1.5263157894736843,0.0789473684210526,46.2,10.0,15.8,33.94117647058823,1.1588235294117646,1.4352941176470588,113.0,133.0,27.0,53.0,36.5,80.0,0.0,3.0,6.0,1.0,4.0,3.0,3.0,1.0,2.0,2.0,3_vs_4,0.1052631578947368,0.0526315789473684,0.3421052631578947,0.2941176470588235,0.1764705882352941,0.2352941176470588,0.0526315789473684,0.088235294117647,0.1176470588235294,0.0294117647058823,72.0,60.0,54.0,66.0,74.0,62.0,54.0,41.0,0.0278637770897832,0.0,0.2376160990712074,0.2105263157894736,0.0704334365325076,0.0588235294117647,0.0,0.0719814241486068,0.1176470588235294,0.0147058823529411,56.0,35.5,54.5,60.0,56.0,46.0,36.0,38.0,0.5,0.0223059812160158,0.4705882352941176,0.03751730103806225,0,0,0,0,0,0,0,0,0,0,0,0,0,0,0,0,0,0,2026_27,J1,明治安田J1リーグ,j1,10.0,2026-10-17,14:00,hiro,kyot,unplayed,2026_27-j1-10-hiro-vs-kyot,20260812_074327,2026_27_j1,weekly_prediction_snapshot
2026_27,10,2026-10-17,kasm,0-0,ngsk,Ajinomoto Stadium,0,0,7.0,6.5,357.7,4-4-2,3-4-2-1,4.0,7.0,-3.0,0.0,0.0,1556.0187819361674,1482.2412986905829,73.77748324558456,21.43,13.75,7.68,86.0,80.0,30.0,12.0,9.0,6.0,2.945,1.515,51.4,57.8,57.0,48.6,0.0,0.0,0,0,12.941176470588236,4.176470588235294,11.147058823529411,1.5789473684210529,1.0789473684210529,0.3947368421052631,424.11764705882354,10.852941176470589,12.264705882352942,15.078947368421051,21.91176470588235,18.68421052631579,19.97058823529412,11.894736842105264,2.0,18.81578947368421,1.411764705882353,0.0588235294117647,50.1,11.5,17.36842105263158,33.55263157894737,1.2868421052631578,1.2078947368421051,112.0,167.0,40.0,80.0,45.0,86.0,10.4,3.3,14.25,1.05,1.4,0.2,388.0,9.45,11.647058823529411,9.35,25.9,14.65,19.7,9.45,2.3,15.25,1.1,0.05,2.38,8.4,14.1,31.8,1.175,1.575,5.65,6.7,35.0,64.0,38.0,72.0,0.0,4.0,4.0,2.0,3.0,6.0,1.0,-1.0,2.0,2.0,4_vs_3,0.0789473684210526,0.0,0.3823529411764705,0.2941176470588235,0.088235294117647,0.2631578947368421,0.0294117647058823,0.0588235294117647,0.1764705882352941,0.088235294117647,50.0,48.0,58.0,56.0,54.0,62.0,50.0,40.0,0.0526315789473684,0.0,0.2105263157894736,0.2105263157894736,0.0588235294117647,0.1842105263157894,0.0,0.0588235294117647,0.1052631578947368,0.0294117647058823,45.0,44.0,47.0,44.0,45.0,44.5,44.0,44.0,0.4705882352941176,0.0353474145891043,0.475,0.0197403846153846,0,0,0,0,0,0,0,0,0,0,0,0,0,0,0,0,0,0,2026_27,J1,明治安田J1リーグ,j1,10.0,2026-10-17,15:00,kasm,ngsk,unplayed,2026_27-j1-10-kasm-vs-ngsk,20260812_074327,2026_27_j1,weekly_prediction_snapshot
2026_27,10,2026-10-17,c-os,0-0,ka-f,Ajinomoto Stadium,0,0,7.0,7.0,233.7,3-4-2-1,4-2-3-1,7.0,6.0,1.0,0.0,0.0,1510.635587565086,1554.9684351975595,-44.33284763247343,12.5,19.05,-6.550000000000001,99.0,127.0,23.0,26.0,7.0,8.0,0.595,1.501,39.0,36.8,57.3,51.3,0.0,0.0,0,0,13.394736842105264,3.868421052631579,12.18421052631579,1.236842105263158,1.1764705882352942,0.2894736842105263,455.8157894736842,10.823529411764708,11.105263157894736,15.289473684210526,20.5,15.5,18.38235294117647,9.157894736842104,1.605263157894737,13.941176470588236,0.7368421052631579,0.0294117647058823,50.4,10.763157894736842,15.441176470588236,31.88235294117647,1.258823529411765,1.1973684210526316,114.0,129.0,41.0,62.0,48.0,66.0,14.657894736842104,4.947368421052632,10.235294117647058,1.911764705882353,1.2352941176470589,0.3235294117647059,578.9705882352941,11.552631578947368,15.68421052631579,13.617647058823527,20.294117647058822,18.94117647058824,20.0,9.794117647058824,2.2058823529411766,13.588235294117649,1.1470588235294117,0.088235294117647,54.9,14.078947368421051,17.5,32.47058823529412,1.6473684210526316,1.052941176470588,111.0,157.0,42.0,70.0,44.0,82.0,0.0,4.0,4.0,2.0,4.0,3.0,3.0,-1.0,2.0,2.0,3_vs_4,0.088235294117647,0.0,0.2894736842105263,0.2894736842105263,0.0526315789473684,0.2368421052631578,0.0294117647058823,0.0789473684210526,0.088235294117647,0.0588235294117647,56.0,45.0,45.0,49.0,46.0,44.0,50.0,55.0,0.1764705882352941,0.0294117647058823,0.3421052631578947,0.4117647058823529,0.131578947368421,0.3529411764705882,0.0294117647058823,0.088235294117647,0.1764705882352941,0.1176470588235294,51.0,63.0,59.0,53.0,51.0,41.0,73.0,53.0,0.5,0.0280470914127423,0.5,0.032840909090909,0,0,0,0,0,0,0,0,0,0,0,0,0,0,0,0,0,0,2026_27,J1,明治安田J1リーグ,j1,10.0,2026-10-17,15:00,c-os,ka-f,unplayed,2026_27-j1-10-c-os-vs-ka-f,20260812_074327,2026_27_j1,weekly_prediction_snapshot
2026_27,10,2026-10-17,mito,0-0,uraw,Ajinomoto Stadium,0,0,7.0,7.0,234.7,3-4-2-1,4-1-2-3,9.0,8.0,1.0,1.0,0.0,1481.3682664890543,1527.74338246438,-46.37511597532557,10.8,14.0,-3.1999999999999993,82.0,99.0,10.5,25.0,3.5,7.0,1.947,2.553,42.8,54.0,71.4,42.1,0.0,0.0,0,0,10.6,3.1,11.25,0.95,1.8,0.1,427.6,10.8,11.647058823529411,11.3,19.55,14.4,18.6,10.15,1.6,13.3,1.55,0.3,2.54,8.3,14.15,30.25,0.975,1.33,5.9,6.35,35.0,64.0,38.0,72.0,12.029411764705882,3.941176470588235,12.578947368421051,1.2647058823529411,1.1470588235294117,0.3157894736842105,486.5,9.973684210526317,13.205882352941176,12.86842105263158,20.91176470588235,17.735294117647058,19.23529411764705,10.105263157894736,1.763157894736842,13.894736842105264,1.105263157894737,0.0294117647058823,52.7,10.558823529411764,16.81578947368421,30.47058823529412,1.363157894736842,1.1823529411764706,111.0,163.0,39.0,78.0,45.0,83.0,0.0,4.0,4.0,2.0,4.0,5.0,1.0,-0.5,2.0,2.0,3_vs_4,0.0526315789473684,0.0,0.2105263157894736,0.2105263157894736,0.0588235294117647,0.1842105263157894,0.0,0.0588235294117647,0.1052631578947368,0.0294117647058823,45.0,44.0,47.0,44.0,45.0,44.5,44.0,44.0,0.1842105263157894,0.0294117647058823,0.2352941176470588,0.2352941176470588,0.1176470588235294,0.2368421052631578,0.0263157894736842,0.0526315789473684,0.1470588235294117,0.0263157894736842,46.0,43.0,52.0,42.0,42.0,45.0,53.0,63.0,0.55,0.01095238095238095,0.5,0.0208333333333333,0,0,0,0,0,0,0,0,0,0,0,0,0,0,0,0,0,0,2026_27,J1,明治安田J1リーグ,j1,10.0,2026-10-17,16:00,mito,uraw,unplayed,2026_27-j1-10-mito-vs-uraw,20260812_074327,2026_27_j1,weekly_prediction_snapshot
2026_27,11,2026-10-21,FCtk,0-0,kasw,Ajinomoto Stadium,0,0,7.0,7.0,242.7,4-4-2,3-4-2-1,9.0,10.0,-1.0,0.0,0.0,1502.9687564818937,1481.948214723065,21.020541758828813,17.15,17.85,-0.7000000000000028,0.0,96.0,22.0,19.0,6.0,6.0,0.998,1.09,41.1,46.9,46.0,57.2,0.0,0.0,0,0,0.0,0.0,0.0,0.0,0.0,0.0,0.0,0.0,0.0,0.0,0.0,0.0,0.0,0.0,0.0,0.0,0.0,0.0,0.0,0.0,0.0,0.0,0.0,0.0,0.0,0.0,0.0,0.0,0.0,0.0,12.552631578947368,4.0588235294117645,11.382352941176473,1.0263157894736843,1.3529411764705883,0.2105263157894736,422.1315789473685,9.941176470588236,13.263157894736842,14.588235294117649,22.647058823529413,17.794117647058822,19.92105263157895,12.676470588235292,1.7352941176470589,16.441176470588236,1.588235294117647,0.0526315789473684,46.0,11.473684210526317,15.205882352941176,32.44117647058823,1.2289473684210528,1.181578947368421,113.0,163.0,39.0,80.0,47.0,82.0,0.0,4.0,3.0,3.0,3.0,5.0,2.0,-1.0,2.0,2.0,4_vs_3,0.0,0.0,0.0,0.0,0.0,0.0,0.0,0.0,0.0,0.0,0.0,0.0,0.0,0.0,0.0,0.0,0.0,0.0,0.0526315789473684,0.0,0.1842105263157894,0.2105263157894736,0.2058823529411764,0.1842105263157894,0.0588235294117647,0.0588235294117647,0.1764705882352941,0.0588235294117647,50.0,43.0,54.0,45.0,55.0,63.0,43.0,43.0,0.5,0.0249307479224376,0.4705882352941176,0.0282583621683967,0,0,0,0,0,0,0,0,0,0,0,0,0,0,0,0,0,0,2026_27,J1,明治安田J1リーグ,j1,11.0,2026-10-21,19:00,FCtk,kasw,unplayed,2026_27-j1-11-FCtk-vs-kasw,20260812_074327,2026_27_j1,weekly_prediction_snapshot
2026_27,11,2026-10-21,ka-f,0-0,kobe,Ajinomoto Stadium,0,0,6.0,7.0,412.8,4-2-3-1,4-1-2-3,6.0,4.0,2.0,0.0,0.0,1552.3375348771292,1568.9211136856622,-16.583578808533048,19.05,16.6,2.4499999999999993,114.0,96.0,25.0,27.0,7.0,9.0,1.501,1.011,57.3,51.3,51.9,50.0,0.0,0.0,0,0,14.657894736842104,4.947368421052632,10.235294117647058,1.911764705882353,1.2352941176470589,0.3235294117647059,578.9705882352941,11.552631578947368,15.68421052631579,13.617647058823527,20.294117647058822,18.94117647058824,20.0,9.794117647058824,2.2058823529411766,13.588235294117649,1.1470588235294117,0.088235294117647,54.9,14.078947368421051,17.5,32.47058823529412,1.6473684210526316,1.052941176470588,111.0,157.0,42.0,70.0,44.0,82.0,12.411764705882351,4.176470588235294,11.852941176470589,1.605263157894737,0.9473684210526316,0.3421052631578947,518.9411764705883,11.470588235294118,12.411764705882351,14.235294117647058,21.86842105263158,16.794117647058822,18.473684210526315,9.911764705882351,2.210526315789474,16.92105263157895,0.9736842105263158,0.0294117647058823,53.7,11.382352941176473,16.605263157894736,31.94117647058824,1.3941176470588237,1.1088235294117648,113.0,163.0,42.0,70.0,44.0,88.0,0.0,4.0,3.0,3.0,4.0,3.0,3.0,-1.0,2.0,2.0,4_vs_4,0.1764705882352941,0.0294117647058823,0.3421052631578947,0.4117647058823529,0.131578947368421,0.3529411764705882,0.0294117647058823,0.088235294117647,0.1764705882352941,0.1176470588235294,51.0,63.0,59.0,53.0,51.0,41.0,73.0,53.0,0.0789473684210526,0.0263157894736842,0.2941176470588235,0.3823529411764705,0.1052631578947368,0.2105263157894736,0.0789473684210526,0.0789473684210526,0.1052631578947368,0.0294117647058823,57.0,56.0,47.0,43.0,45.0,39.0,54.0,61.0,0.45,0.0350346020761245,0.4736842105263157,0.0423875432525951,0,0,0,0,0,0,0,0,0,0,0,0,0,0,0,0,0,0,2026_27,J1,明治安田J1リーグ,j1,11.0,2026-10-21,19:00,ka-f,kobe,unplayed,2026_27-j1-11-ka-f-vs-kobe,20260812_074327,2026_27_j1,weekly_prediction_snapshot
2026_27,11,2026-10-21,y-fm,0-0,tk-v,Ajinomoto Stadium,0,0,6.0,6.0,0.0,4-2-3-1,3-4-2-1,6.0,13.0,-7.0,0.0,0.0,1553.7084627416564,1507.9523244100073,45.756138331649026,14.1,9.33,4.77,0.0,118.5,24.0,21.0,7.0,7.0,1.416,2.064,42.2,48.6,48.6,42.7,0.0,0.0,0,0,15.705882352941176,5.205882352941177,12.676470588235292,2.0294117647058822,1.1764705882352942,0.2647058823529412,607.2647058823529,11.852941176470589,17.205882352941178,18.294117647058822,18.647058823529413,16.973684210526315,19.11764705882353,11.842105263157896,1.5294117647058822,11.078947368421051,1.1842105263157894,0.0789473684210526,57.9,14.882352941176473,15.921052631578949,33.026315789473685,1.8088235294117647,1.3558823529411763,118.0,184.0,48.0,89.0,44.0,90.0,9.2,2.65,9.8,1.0,1.3,0.3,353.25,8.25,6.052631578947368,10.2,22.1,18.05263157894737,18.710526315789476,11.05,1.4,16.05,1.0,0.0,2.2,7.4,14.3,26.8,0.8400000000000001,1.065,5.95,7.2,15.0,26.5,19.0,33.5,0.0,4.0,3.0,3.0,3.0,6.0,1.0,-1.0,2.0,2.0,4_vs_3,0.0,0.0,0.0,0.0,0.0,0.0,0.0,0.0,0.0,0.0,0.0,0.0,0.0,0.0,0.0,0.0,0.0,0.0,0.0789473684210526,0.0394736842105263,0.1973684210526315,0.0789473684210526,0.0657894736842105,0.0789473684210526,0.0,0.0789473684210526,0.0394736842105263,0.0131578947368421,22.5,22.5,23.0,19.5,22.5,21.0,22.0,25.0,0.5,0.0339335180055401,0.48684210526315785,0.027239150507848503,0,0,0,0,0,0,0,0,0,0,0,0,0,0,0,0,0,0,2026_27,J1,明治安田J1リーグ,j1,11.0,2026-10-21,19:00,y-fm,tk-v,unplayed,2026_27-j1-11-y-fm-vs-tk-v,20260812_074327,2026_27_j1,weekly_prediction_snapshot
2026_27,11,2026-10-21,shim,0-0,mcd,Ajinomoto Stadium,0,0,7.0,7.0,145.05,4-1-2-3,3-4-2-1,13.0,3.0,10.0,0.0,0.0,1477.4441154138574,1541.9609084585081,-64.51679304465074,13.83,18.4,-4.5699999999999985,78.0,0.0,19.0,24.5,5.0,8.0,1.52,1.924,57.5,34.7,53.1,58.9,0.0,0.0,0,0,11.342105263157896,3.5,12.0,0.9736842105263158,1.4210526315789471,0.1176470588235294,407.60526315789474,9.157894736842104,8.421052631578947,13.342105263157896,21.47058823529412,15.263157894736842,19.07894736842105,8.894736842105264,1.9705882352941173,12.176470588235292,0.631578947368421,0.0263157894736842,43.5,8.973684210526315,14.052631578947368,29.44736842105263,1.0578947368421054,1.0842105263157895,113.0,156.0,39.0,71.0,49.0,83.0,11.1,3.263157894736842,10.842105263157896,1.25,0.8947368421052632,0.35,328.63157894736844,11.45,5.25,11.2,17.15,15.31578947368421,17.026315789473685,9.95,1.2,12.8,1.15,0.05,2.26,8.4,17.15,28.7,1.11,0.9605263157894736,5.9,5.65,14.0,31.0,18.0,31.5,0.0,4.0,4.0,2.0,3.0,6.0,1.0,0.0,2.0,2.0,4_vs_3,0.0,0.0,0.3421052631578947,0.2105263157894736,0.0,0.131578947368421,0.0,0.0526315789473684,0.088235294117647,0.088235294117647,35.0,34.0,47.0,47.0,36.0,44.0,42.0,53.0,0.0,0.0,0.0,0.0,0.0,0.0,0.0,0.0,0.0,0.0,0.0,0.0,0.0,0.0,0.0,0.0,0.0,0.0,0.5294117647058824,0.0381752077562327,0.475,0.03670329670329665,0,0,0,0,0,0,0,0,0,0,0,0,0,0,0,0,0,0,2026_27,J1,明治安田J1リーグ,j1,11.0,2026-10-21,19:00,shim,mcd,unplayed,2026_27-j1-11-shim-vs-mcd,20260812_074327,2026_27_j1,weekly_prediction_snapshot
2026_27,11,2026-10-21,nago,0-0,c-os,Ajinomoto Stadium,0,0,7.0,6.0,385.9,3-4-2-1,3-4-2-1,8.0,8.0,0.0,0.0,0.0,1521.2102994510724,1509.1673593438288,12.042940107243567,13.35,12.5,0.8499999999999996,114.0,93.0,26.0,24.0,7.0,6.0,1.037,0.595,65.3,42.5,39.0,36.8,0.0,0.0,0,0,11.205882352941176,3.8947368421052633,11.735294117647058,1.1578947368421053,1.0294117647058822,0.3823529411764705,403.1764705882353,11.676470588235292,10.705882352941176,13.441176470588236,21.647058823529413,18.58823529411765,18.94117647058824,10.176470588235292,1.7941176470588236,14.763157894736842,1.0,0.0588235294117647,46.2,8.973684210526315,17.294117647058822,30.289473684210527,1.1823529411764706,1.1176470588235294,114.0,155.0,39.0,74.0,48.0,79.0,13.394736842105264,3.868421052631579,12.18421052631579,1.236842105263158,1.1764705882352942,0.2894736842105263,455.8157894736842,10.823529411764708,11.105263157894736,15.289473684210526,20.5,15.5,18.38235294117647,9.157894736842104,1.605263157894737,13.941176470588236,0.7368421052631579,0.0294117647058823,50.4,10.763157894736842,15.441176470588236,31.88235294117647,1.258823529411765,1.1973684210526316,114.0,129.0,41.0,62.0,48.0,66.0,0.0,3.0,6.0,1.0,4.0,4.0,2.0,1.0,2.0,2.0,3_vs_3,0.0588235294117647,0.0294117647058823,0.2647058823529412,0.2058823529411764,0.0294117647058823,0.1842105263157894,0.0,0.1052631578947368,0.1470588235294117,0.0526315789473684,51.0,50.0,38.0,45.0,47.0,44.0,43.0,46.0,0.088235294117647,0.0,0.2894736842105263,0.2894736842105263,0.0526315789473684,0.2368421052631578,0.0294117647058823,0.0789473684210526,0.088235294117647,0.0588235294117647,56.0,45.0,45.0,49.0,46.0,44.0,50.0,55.0,0.4736842105263157,0.028365650969529,0.4736842105263157,0.0293452222517966,0,0,0,0,0,0,0,0,0,0,0,0,0,0,0,0,0,0,2026_27,J1,明治安田J1リーグ,j1,11.0,2026-10-21,19:00,nago,c-os,unplayed,2026_27-j1-11-nago-vs-c-os,20260812_074327,2026_27_j1,weekly_prediction_snapshot
2026_27,11,2026-10-21,kyot,0-0,kasm,Ajinomoto Stadium,0,0,7.0,7.0,289.2,4-2-3-1,4-4-2,11.5,4.0,7.5,0.0,0.0,1482.0426018308194,1555.0464607669046,-73.00385893608518,14.98,21.43,-6.449999999999999,127.5,88.0,18.5,32.0,5.5,8.0,0.847,2.945,51.4,42.9,51.4,57.8,0.0,0.0,0,0,11.911764705882351,3.176470588235294,12.823529411764708,1.05,1.3235294117647058,0.2352941176470588,337.52941176470586,10.441176470588236,10.43498452012384,13.5,23.7,17.15,21.15,13.205882352941176,1.3,17.8,1.5263157894736843,0.0789473684210526,46.2,10.0,15.8,33.94117647058823,1.1588235294117646,1.4352941176470588,113.0,133.0,27.0,53.0,36.5,80.0,12.941176470588236,4.176470588235294,11.147058823529411,1.5789473684210529,1.0789473684210529,0.3947368421052631,424.11764705882354,10.852941176470589,12.264705882352942,15.078947368421051,21.91176470588235,18.68421052631579,19.97058823529412,11.894736842105264,2.0,18.81578947368421,1.411764705882353,0.0588235294117647,50.1,11.5,17.36842105263158,33.55263157894737,1.2868421052631578,1.2078947368421051,112.0,167.0,40.0,80.0,45.0,86.0,0.0,4.0,3.0,3.0,4.0,4.0,2.0,-2.0,2.0,2.0,4_vs_4,0.0278637770897832,0.0,0.2376160990712074,0.2105263157894736,0.0704334365325076,0.0588235294117647,0.0,0.0719814241486068,0.1176470588235294,0.0147058823529411,56.0,35.5,54.5,60.0,56.0,46.0,36.0,38.0,0.0789473684210526,0.0,0.3823529411764705,0.2941176470588235,0.088235294117647,0.2631578947368421,0.0294117647058823,0.0588235294117647,0.1764705882352941,0.088235294117647,50.0,48.0,58.0,56.0,54.0,62.0,50.0,40.0,0.5,0.049528879425073155,0.5,0.0348904267589388,0,0,0,0,0,0,0,0,0,0,0,0,0,0,0,0,0,0,2026_27,J1,明治安田J1リーグ,j1,11.0,2026-10-21,19:00,kyot,kasm,unplayed,2026_27-j1-11-kyot-vs-kasm,20260812_074327,2026_27_j1,weekly_prediction_snapshot
2026_27,11,2026-10-21,okay,0-0,mito,Ajinomoto Stadium,0,0,7.0,5.5,357.7,3-4-2-1,3-4-2-1,9.0,8.0,1.0,0.0,0.0,1499.4001333498045,1490.2875056389225,9.112627710881952,10.48,10.8,-0.3200000000000003,100.0,80.0,18.0,7.5,6.0,4.0,2.493,1.947,63.2,61.0,42.8,54.0,0.0,0.0,0,0,0.0,0.0,0.0,0.0,0.0,0.0,0.0,0.0,0.0,0.0,0.0,0.0,0.0,0.0,0.0,0.0,0.0,0.0,0.0,0.0,0.0,0.0,0.0,0.0,0.0,0.0,0.0,0.0,0.0,0.0,10.6,3.1,11.25,0.95,1.8,0.1,427.6,10.8,11.647058823529411,11.3,19.55,14.4,18.6,10.15,1.6,13.3,1.55,0.3,2.54,8.3,14.15,30.25,0.975,1.33,5.9,6.35,35.0,64.0,38.0,72.0,0.0,3.0,6.0,1.0,4.0,4.0,2.0,1.0,2.0,2.0,3_vs_3,0.0,0.0,0.0,0.0,0.0,0.0,0.0,0.0,0.0,0.0,0.0,0.0,0.0,0.0,0.0,0.0,0.0,0.0,0.0526315789473684,0.0,0.2105263157894736,0.2105263157894736,0.0588235294117647,0.1842105263157894,0.0,0.0588235294117647,0.1052631578947368,0.0294117647058823,45.0,44.0,47.0,44.0,45.0,44.5,44.0,44.0,0.4473684210526316,0.0279316712834718,0.4,0.00721153846153845,0,0,0,0,0,0,0,0,0,0,0,0,0,0,0,0,0,0,2026_27,J1,明治安田J1リーグ,j1,11.0,2026-10-21,19:00,okay,mito,unplayed,2026_27-j1-11-okay-vs-mito,20260812_074327,2026_27_j1,weekly_prediction_snapshot
2026_27,11,2026-10-21,fuku,0-0,g-os,Ajinomoto Stadium,0,0,7.0,6.0,383.2,3-4-2-1,4-2-3-1,10.0,12.0,-2.0,0.0,0.0,1502.0577783078763,1486.29287547773,15.764902830146411,12.03,15.35,-3.3200000000000003,113.0,85.0,19.0,20.0,5.0,6.0,0.769,1.038,50.0,48.1,57.9,28.6,0.0,0.0,0,0,10.5,3.176470588235294,11.157894736842104,0.868421052631579,1.0,0.3235294117647059,336.8684210526316,10.529411764705882,9.657894736842104,14.052631578947368,24.61764705882353,19.529411764705884,18.44117647058824,13.058823529411764,1.6176470588235294,18.61764705882353,1.4411764705882353,0.0263157894736842,42.7,8.368421052631579,17.5,32.28947368421053,1.0558823529411765,1.0323529411764707,109.0,120.0,26.0,52.0,38.0,67.0,12.763157894736842,4.088235294117647,14.911764705882351,1.1176470588235294,1.2894736842105263,0.3421052631578947,473.8157894736842,9.470588235294118,10.794117647058824,13.058823529411764,23.029411764705884,17.13157894736842,20.289473684210527,11.558823529411764,1.7941176470588236,17.676470588235293,1.0526315789473684,0.0294117647058823,48.1,11.176470588235292,16.91176470588235,31.789473684210527,1.2352941176470589,1.576470588235294,113.0,157.0,38.0,67.0,50.0,83.0,0.0,3.0,6.0,1.0,4.0,4.0,2.0,0.0,2.0,2.0,3_vs_4,0.0526315789473684,0.0263157894736842,0.2105263157894736,0.2105263157894736,0.0263157894736842,0.2058823529411764,0.0,0.0263157894736842,0.0789473684210526,0.0263157894736842,42.0,45.0,44.0,47.0,54.0,51.0,40.0,34.0,0.131578947368421,0.0263157894736842,0.2631578947368421,0.1764705882352941,0.0588235294117647,0.1764705882352941,0.0263157894736842,0.1470588235294117,0.1470588235294117,0.0294117647058823,41.0,45.0,49.0,49.0,43.0,47.0,55.0,47.0,0.45,0.0218144044321329,0.4473684210526316,0.0339335180055401,0,0,0,0,0,0,0,0,0,0,0,0,0,0,0,0,0,0,2026_27,J1,明治安田J1リーグ,j1,11.0,2026-10-21,19:00,fuku,g-os,unplayed,2026_27-j1-11-fuku-vs-g-os,20260812_074327,2026_27_j1,weekly_prediction_snapshot
2026_27,11,2026-10-21,ngsk,0-0,hiro,Ajinomoto Stadium,0,0,7.0,7.0,639.0,3-4-2-1,3-4-2-1,8.5,5.0,3.5,0.5,0.0,1486.5869419238666,1548.059515531813,-61.472573607946515,13.75,19.05,-5.300000000000001,82.0,117.0,12.0,29.0,4.0,8.0,1.515,2.689,57.0,48.6,56.8,67.6,0.0,0.0,0,0,10.4,3.3,14.25,1.05,1.4,0.2,388.0,9.45,11.647058823529411,9.35,25.9,14.65,19.7,9.45,2.3,15.25,1.1,0.05,2.38,8.4,14.1,31.8,1.175,1.575,5.65,6.7,35.0,64.0,38.0,72.0,14.705882352941176,4.676470588235294,10.921052631578949,1.3529411764705883,1.105263157894737,0.3235294117647059,481.1470588235294,10.470588235294118,14.705882352941176,16.764705882352942,18.352941176470587,18.657894736842103,18.647058823529413,11.794117647058824,1.7352941176470589,16.86842105263158,0.9117647058823528,0.0294117647058823,49.5,13.117647058823527,18.176470588235293,33.3235294117647,1.4088235294117646,1.068421052631579,112.0,164.0,40.0,76.0,46.0,87.0,0.0,3.0,6.0,1.0,3.0,6.0,1.0,0.5,2.0,2.0,3_vs_3,0.0526315789473684,0.0,0.2105263157894736,0.2105263157894736,0.0588235294117647,0.1842105263157894,0.0,0.0588235294117647,0.1052631578947368,0.0294117647058823,45.0,44.0,47.0,44.0,45.0,44.5,44.0,44.0,0.1052631578947368,0.0526315789473684,0.3421052631578947,0.2941176470588235,0.1764705882352941,0.2352941176470588,0.0526315789473684,0.088235294117647,0.1176470588235294,0.0294117647058823,72.0,60.0,54.0,66.0,74.0,62.0,54.0,41.0,0.47500000000000003,0.02306318681318675,0.4736842105263157,0.0276816608996539,0,0,0,0,0,0,0,0,0,0,0,0,0,0,0,0,0,0,2026_27,J1,明治安田J1リーグ,j1,11.0,2026-10-21,19:00,ngsk,hiro,unplayed,2026_27-j1-11-ngsk-vs-hiro,20260812_074327,2026_27_j1,weekly_prediction_snapshot
2026_27,11,2026-10-21,uraw,0-0,chib,Ajinomoto Stadium,0,0,6.0,6.5,357.7,4-1-2-3,3-4-2-1,8.0,9.5,-1.5,0.0,0.0,1527.1329713906612,1468.4504174736203,58.68255391704088,14.0,13.3,0.6999999999999993,93.0,80.0,24.0,9.0,7.0,3.5,2.553,0.481,71.4,42.1,32.4,43.2,0.0,0.0,0,0,12.029411764705882,3.941176470588235,12.578947368421051,1.2647058823529411,1.1470588235294117,0.3157894736842105,486.5,9.973684210526317,13.205882352941176,12.86842105263158,20.91176470588235,17.735294117647058,19.23529411764705,10.105263157894736,1.763157894736842,13.894736842105264,1.105263157894737,0.0294117647058823,52.7,10.558823529411764,16.81578947368421,30.47058823529412,1.363157894736842,1.1823529411764706,111.0,163.0,39.0,78.0,45.0,83.0,10.75,3.45,15.65,1.0,1.65,0.1,394.6,11.1,11.647058823529411,11.6,27.0,15.85,16.7,11.35,1.7,13.6,1.55,0.05,2.355,7.95,15.1,28.35,1.135,1.65,5.95,6.05,35.0,64.0,38.0,72.0,0.0,4.0,5.0,1.0,4.0,4.0,2.0,0.0,2.0,2.0,4_vs_3,0.1842105263157894,0.0294117647058823,0.2352941176470588,0.2352941176470588,0.1176470588235294,0.2368421052631578,0.0263157894736842,0.0526315789473684,0.1470588235294117,0.0263157894736842,46.0,43.0,52.0,42.0,42.0,45.0,53.0,63.0,0.0526315789473684,0.0,0.2105263157894736,0.2105263157894736,0.0588235294117647,0.1842105263157894,0.0,0.0588235294117647,0.1052631578947368,0.0294117647058823,45.0,44.0,47.0,44.0,45.0,44.5,44.0,44.0,0.4705882352941176,0.0207612456747404,0.525,0.0103854166666666,0,0,0,0,0,0,0,0,0,0,0,0,0,0,0,0,0,0,2026_27,J1,明治安田J1リーグ,j1,11.0,2026-10-21,19:30,uraw,chib,unplayed,2026_27-j1-11-uraw-vs-chib,20260812_074327,2026_27_j1,weekly_prediction_snapshot
2026_27,12,2026-10-24,kobe,0-0,mcd,Ajinomoto Stadium,0,0,6.0,7.0,145.05,4-1-2-3,3-4-2-1,4.0,3.0,1.0,0.0,0.0,1568.2524919881544,1541.9609084585081,26.291583529646232,16.6,18.4,-1.7999999999999972,93.0,0.0,26.0,24.5,8.0,8.0,1.011,1.924,51.9,50.0,53.1,58.9,0.0,0.0,0,0,12.411764705882351,4.176470588235294,11.852941176470589,1.605263157894737,0.9473684210526316,0.3421052631578947,518.9411764705883,11.470588235294118,12.411764705882351,14.235294117647058,21.86842105263158,16.794117647058822,18.473684210526315,9.911764705882351,2.210526315789474,16.92105263157895,0.9736842105263158,0.0294117647058823,53.7,11.382352941176473,16.605263157894736,31.94117647058824,1.3941176470588237,1.1088235294117648,113.0,163.0,42.0,70.0,44.0,88.0,11.1,3.263157894736842,10.842105263157896,1.25,0.8947368421052632,0.35,328.63157894736844,11.45,5.25,11.2,17.15,15.31578947368421,17.026315789473685,9.95,1.2,12.8,1.15,0.05,2.26,8.4,17.15,28.7,1.11,0.9605263157894736,5.9,5.65,14.0,31.0,18.0,31.5,0.0,4.0,3.0,3.0,3.0,6.0,1.0,-1.0,2.0,2.0,4_vs_3,0.0789473684210526,0.0263157894736842,0.2941176470588235,0.3823529411764705,0.1052631578947368,0.2105263157894736,0.0789473684210526,0.0789473684210526,0.1052631578947368,0.0294117647058823,57.0,56.0,47.0,43.0,45.0,39.0,54.0,61.0,0.0,0.0,0.0,0.0,0.0,0.0,0.0,0.0,0.0,0.0,0.0,0.0,0.0,0.0,0.0,0.0,0.0,0.0,0.5,0.0472372065898819,0.475,0.03670329670329665,0,0,0,0,0,0,0,0,0,0,0,0,0,0,0,0,0,0,2026_27,J1,明治安田J1リーグ,j1,12.0,2026-10-24,,kobe,mcd,unplayed,2026_27-j1-12-kobe-vs-mcd,20260812_074327,2026_27_j1,weekly_prediction_snapshot
2026_27,12,2026-10-24,hiro,0-0,shim,Ajinomoto Stadium,0,0,7.0,7.0,222.2,3-4-2-1,4-1-2-3,6.0,13.0,-7.0,0.0,0.0,1537.0103290322477,1478.0354137476809,58.974915284566805,19.05,13.83,5.220000000000001,113.0,85.0,26.0,16.0,7.0,4.0,2.689,1.52,56.8,67.6,57.5,34.7,0.0,0.0,0,0,14.705882352941176,4.676470588235294,10.921052631578949,1.3529411764705883,1.105263157894737,0.3235294117647059,481.1470588235294,10.470588235294118,14.705882352941176,16.764705882352942,18.352941176470587,18.657894736842103,18.647058823529413,11.794117647058824,1.7352941176470589,16.86842105263158,0.9117647058823528,0.0294117647058823,49.5,13.117647058823527,18.176470588235293,33.3235294117647,1.4088235294117646,1.068421052631579,112.0,164.0,40.0,76.0,46.0,87.0,11.342105263157896,3.5,12.0,0.9736842105263158,1.4210526315789471,0.1176470588235294,407.60526315789474,9.157894736842104,8.421052631578947,13.342105263157896,21.47058823529412,15.263157894736842,19.07894736842105,8.894736842105264,1.9705882352941173,12.176470588235292,0.631578947368421,0.0263157894736842,43.5,8.973684210526315,14.052631578947368,29.44736842105263,1.0578947368421054,1.0842105263157895,113.0,156.0,39.0,71.0,49.0,83.0,0.0,3.0,6.0,1.0,4.0,4.0,2.0,1.0,2.0,2.0,3_vs_4,0.1052631578947368,0.0526315789473684,0.3421052631578947,0.2941176470588235,0.1764705882352941,0.2352941176470588,0.0526315789473684,0.088235294117647,0.1176470588235294,0.0294117647058823,72.0,60.0,54.0,66.0,74.0,62.0,54.0,41.0,0.0,0.0,0.3421052631578947,0.2105263157894736,0.0,0.131578947368421,0.0,0.0526315789473684,0.088235294117647,0.088235294117647,35.0,34.0,47.0,47.0,36.0,44.0,42.0,53.0,0.5,0.0223059812160158,0.45,0.032,0,0,0,0,0,0,0,0,0,0,0,0,0,0,0,0,0,0,2026_27,J1,明治安田J1リーグ,j1,12.0,2026-10-24,14:00,hiro,shim,unplayed,2026_27-j1-12-hiro-vs-shim,20260812_074327,2026_27_j1,weekly_prediction_snapshot
2026_27,12,2026-10-24,kasm,0-0,kasw,Ajinomoto Stadium,0,0,7.0,7.0,242.7,4-4-2,3-4-2-1,4.0,10.0,-6.0,0.0,0.0,1556.0187819361674,1481.948214723065,74.07056721310255,21.43,17.85,3.5799999999999983,86.0,96.0,30.0,19.0,9.0,6.0,2.945,1.09,51.4,57.8,46.0,57.2,0.0,0.0,0,0,12.941176470588236,4.176470588235294,11.147058823529411,1.5789473684210529,1.0789473684210529,0.3947368421052631,424.11764705882354,10.852941176470589,12.264705882352942,15.078947368421051,21.91176470588235,18.68421052631579,19.97058823529412,11.894736842105264,2.0,18.81578947368421,1.411764705882353,0.0588235294117647,50.1,11.5,17.36842105263158,33.55263157894737,1.2868421052631578,1.2078947368421051,112.0,167.0,40.0,80.0,45.0,86.0,12.552631578947368,4.0588235294117645,11.382352941176473,1.0263157894736843,1.3529411764705883,0.2105263157894736,422.1315789473685,9.941176470588236,13.263157894736842,14.588235294117649,22.647058823529413,17.794117647058822,19.92105263157895,12.676470588235292,1.7352941176470589,16.441176470588236,1.588235294117647,0.0526315789473684,46.0,11.473684210526317,15.205882352941176,32.44117647058823,1.2289473684210528,1.181578947368421,113.0,163.0,39.0,80.0,47.0,82.0,0.0,4.0,4.0,2.0,3.0,5.0,2.0,-1.0,2.0,2.0,4_vs_3,0.0789473684210526,0.0,0.3823529411764705,0.2941176470588235,0.088235294117647,0.2631578947368421,0.0294117647058823,0.0588235294117647,0.1764705882352941,0.088235294117647,50.0,48.0,58.0,56.0,54.0,62.0,50.0,40.0,0.0526315789473684,0.0,0.1842105263157894,0.2105263157894736,0.2058823529411764,0.1842105263157894,0.0588235294117647,0.0588235294117647,0.1764705882352941,0.0588235294117647,50.0,43.0,54.0,45.0,55.0,63.0,43.0,43.0,0.4705882352941176,0.0353474145891043,0.4705882352941176,0.0282583621683967,0,0,0,0,0,0,0,0,0,0,0,0,0,0,0,0,0,0,2026_27,J1,明治安田J1リーグ,j1,12.0,2026-10-24,15:00,kasm,kasw,unplayed,2026_27-j1-12-kasm-vs-kasw,20260812_074327,2026_27_j1,weekly_prediction_snapshot
2026_27,12,2026-10-24,tk-v,0-0,fuku,Ajinomoto Stadium,0,0,7.0,7.0,843.1,3-4-2-1,3-4-2-1,13.0,10.0,3.0,0.0,0.0,1506.3841338687366,1504.43640562365,1.947728245086637,9.33,12.03,-2.6999999999999993,120.5,121.0,20.0,21.0,7.0,7.0,2.064,0.769,48.6,42.7,50.0,48.1,0.0,0.0,0,0,9.2,2.65,9.8,1.0,1.3,0.3,353.25,8.25,6.052631578947368,10.2,22.1,18.05263157894737,18.710526315789476,11.05,1.4,16.05,1.0,0.0,2.2,7.4,14.3,26.8,0.8400000000000001,1.065,5.95,7.2,15.0,26.5,19.0,33.5,10.5,3.176470588235294,11.157894736842104,0.868421052631579,1.0,0.3235294117647059,336.8684210526316,10.529411764705882,9.657894736842104,14.052631578947368,24.61764705882353,19.529411764705884,18.44117647058824,13.058823529411764,1.6176470588235294,18.61764705882353,1.4411764705882353,0.0263157894736842,42.7,8.368421052631579,17.5,32.28947368421053,1.0558823529411765,1.0323529411764707,109.0,120.0,26.0,52.0,38.0,67.0,0.0,3.0,6.0,1.0,3.0,6.0,1.0,1.0,2.0,2.0,3_vs_3,0.0789473684210526,0.0394736842105263,0.1973684210526315,0.0789473684210526,0.0657894736842105,0.0789473684210526,0.0,0.0789473684210526,0.0394736842105263,0.0131578947368421,22.5,22.5,23.0,19.5,22.5,21.0,22.0,25.0,0.0526315789473684,0.0263157894736842,0.2105263157894736,0.2105263157894736,0.0263157894736842,0.2058823529411764,0.0,0.0263157894736842,0.0789473684210526,0.0263157894736842,42.0,45.0,44.0,47.0,54.0,51.0,40.0,34.0,0.48684210526315785,0.023057390439661853,0.5,0.0240403640680649,0,0,0,0,0,0,0,0,0,0,0,0,0,0,0,0,0,0,2026_27,J1,明治安田J1リーグ,j1,12.0,2026-10-24,15:00,tk-v,fuku,unplayed,2026_27-j1-12-tk-v-vs-fuku,20260812_074327,2026_27_j1,weekly_prediction_snapshot
2026_27,12,2026-10-24,g-os,0-0,kyot,Ajinomoto Stadium,0,0,7.0,7.0,367.5,4-2-3-1,4-2-3-1,12.0,12.0,0.0,0.0,0.0,1484.87429753502,1487.110875027563,-2.2365774925428923,15.35,14.98,0.3699999999999992,93.0,110.5,20.0,17.0,5.0,6.0,1.038,0.847,57.9,28.6,51.4,42.9,0.0,0.0,0,0,12.763157894736842,4.088235294117647,14.911764705882351,1.1176470588235294,1.2894736842105263,0.3421052631578947,473.8157894736842,9.470588235294118,10.794117647058824,13.058823529411764,23.029411764705884,17.13157894736842,20.289473684210527,11.558823529411764,1.7941176470588236,17.676470588235293,1.0526315789473684,0.0294117647058823,48.1,11.176470588235292,16.91176470588235,31.789473684210527,1.2352941176470589,1.576470588235294,113.0,157.0,38.0,67.0,50.0,83.0,11.911764705882351,3.176470588235294,12.823529411764708,1.05,1.3235294117647058,0.2352941176470588,337.52941176470586,10.441176470588236,10.43498452012384,13.5,23.7,17.15,21.15,13.205882352941176,1.3,17.8,1.5263157894736843,0.0789473684210526,46.2,10.0,15.8,33.94117647058823,1.1588235294117646,1.4352941176470588,113.0,133.0,27.0,53.0,36.5,80.0,0.0,4.0,4.0,2.0,4.0,3.0,3.0,-1.0,2.0,2.0,4_vs_4,0.131578947368421,0.0263157894736842,0.2631578947368421,0.1764705882352941,0.0588235294117647,0.1764705882352941,0.0263157894736842,0.1470588235294117,0.1470588235294117,0.0294117647058823,41.0,45.0,49.0,49.0,43.0,47.0,55.0,47.0,0.0278637770897832,0.0,0.2376160990712074,0.2105263157894736,0.0704334365325076,0.0588235294117647,0.0,0.0719814241486068,0.1176470588235294,0.0147058823529411,56.0,35.5,54.5,60.0,56.0,46.0,36.0,38.0,0.5,0.0373961218836565,0.4705882352941176,0.03751730103806225,0,0,0,0,0,0,0,0,0,0,0,0,0,0,0,0,0,0,2026_27,J1,明治安田J1リーグ,j1,12.0,2026-10-24,16:00,g-os,kyot,unplayed,2026_27-j1-12-g-os-vs-kyot,20260812_074327,2026_27_j1,weekly_prediction_snapshot
2026_27,12,2026-10-25,nago,0-0,y-fm,Ajinomoto Stadium,0,0,7.0,7.0,230.3,3-4-2-1,4-2-3-1,8.0,7.0,1.0,0.0,0.0,1521.2102994510724,1570.7264926415494,-49.516193190477,13.35,14.1,-0.75,114.0,0.0,26.0,24.0,7.0,7.0,1.037,1.416,65.3,42.5,42.2,48.6,0.0,0.0,0,0,11.205882352941176,3.8947368421052633,11.735294117647058,1.1578947368421053,1.0294117647058822,0.3823529411764705,403.1764705882353,11.676470588235292,10.705882352941176,13.441176470588236,21.647058823529413,18.58823529411765,18.94117647058824,10.176470588235292,1.7941176470588236,14.763157894736842,1.0,0.0588235294117647,46.2,8.973684210526315,17.294117647058822,30.289473684210527,1.1823529411764706,1.1176470588235294,114.0,155.0,39.0,74.0,48.0,79.0,15.705882352941176,5.205882352941177,12.676470588235292,2.0294117647058822,1.1764705882352942,0.2647058823529412,607.2647058823529,11.852941176470589,17.205882352941178,18.294117647058822,18.647058823529413,16.973684210526315,19.11764705882353,11.842105263157896,1.5294117647058822,11.078947368421051,1.1842105263157894,0.0789473684210526,57.9,14.882352941176473,15.921052631578949,33.026315789473685,1.8088235294117647,1.3558823529411763,118.0,184.0,48.0,89.0,44.0,90.0,0.0,3.0,6.0,1.0,4.0,3.0,3.0,1.0,2.0,2.0,3_vs_4,0.0588235294117647,0.0294117647058823,0.2647058823529412,0.2058823529411764,0.0294117647058823,0.1842105263157894,0.0,0.1052631578947368,0.1470588235294117,0.0526315789473684,51.0,50.0,38.0,45.0,47.0,44.0,43.0,46.0,0.0,0.0,0.0,0.0,0.0,0.0,0.0,0.0,0.0,0.0,0.0,0.0,0.0,0.0,0.0,0.0,0.0,0.0,0.4736842105263157,0.028365650969529,0.4736842105263157,0.0339335180055401,0,0,0,0,0,0,0,0,0,0,0,0,0,0,0,0,0,0,2026_27,J1,明治安田J1リーグ,j1,12.0,2026-10-25,14:00,nago,y-fm,unplayed,2026_27-j1-12-nago-vs-y-fm,20260812_074327,2026_27_j1,weekly_prediction_snapshot
2026_27,12,2026-10-25,uraw,0-0,ngsk,Ajinomoto Stadium,0,0,6.0,6.5,357.7,4-1-2-3,3-4-2-1,8.0,7.0,1.0,0.0,0.0,1527.1329713906612,1482.2412986905829,44.89167270007829,14.0,13.75,0.25,93.0,80.0,24.0,12.0,7.0,6.0,2.553,1.515,71.4,42.1,57.0,48.6,0.0,0.0,0,0,12.029411764705882,3.941176470588235,12.578947368421051,1.2647058823529411,1.1470588235294117,0.3157894736842105,486.5,9.973684210526317,13.205882352941176,12.86842105263158,20.91176470588235,17.735294117647058,19.23529411764705,10.105263157894736,1.763157894736842,13.894736842105264,1.105263157894737,0.0294117647058823,52.7,10.558823529411764,16.81578947368421,30.47058823529412,1.363157894736842,1.1823529411764706,111.0,163.0,39.0,78.0,45.0,83.0,10.4,3.3,14.25,1.05,1.4,0.2,388.0,9.45,11.647058823529411,9.35,25.9,14.65,19.7,9.45,2.3,15.25,1.1,0.05,2.38,8.4,14.1,31.8,1.175,1.575,5.65,6.7,35.0,64.0,38.0,72.0,0.0,4.0,5.0,1.0,3.0,6.0,1.0,0.0,2.0,2.0,4_vs_3,0.1842105263157894,0.0294117647058823,0.2352941176470588,0.2352941176470588,0.1176470588235294,0.2368421052631578,0.0263157894736842,0.0526315789473684,0.1470588235294117,0.0263157894736842,46.0,43.0,52.0,42.0,42.0,45.0,53.0,63.0,0.0526315789473684,0.0,0.2105263157894736,0.2105263157894736,0.0588235294117647,0.1842105263157894,0.0,0.0588235294117647,0.1052631578947368,0.0294117647058823,45.0,44.0,47.0,44.0,45.0,44.5,44.0,44.0,0.4705882352941176,0.0207612456747404,0.475,0.0197403846153846,0,0,0,0,0,0,0,0,0,0,0,0,0,0,0,0,0,0,2026_27,J1,明治安田J1リーグ,j1,12.0,2026-10-25,15:00,uraw,ngsk,unplayed,2026_27-j1-12-uraw-vs-ngsk,20260812_074327,2026_27_j1,weekly_prediction_snapshot
2026_27,12,2026-10-25,c-os,0-0,chib,Ajinomoto Stadium,0,0,7.0,6.5,357.7,3-4-2-1,3-4-2-1,7.0,9.5,-2.5,0.0,0.0,1510.635587565086,1468.4504174736203,42.18517009146581,12.5,13.3,-0.8000000000000007,99.0,80.0,23.0,9.0,7.0,3.5,0.595,0.481,39.0,36.8,32.4,43.2,0.0,0.0,0,0,13.394736842105264,3.868421052631579,12.18421052631579,1.236842105263158,1.1764705882352942,0.2894736842105263,455.8157894736842,10.823529411764708,11.105263157894736,15.289473684210526,20.5,15.5,18.38235294117647,9.157894736842104,1.605263157894737,13.941176470588236,0.7368421052631579,0.0294117647058823,50.4,10.763157894736842,15.441176470588236,31.88235294117647,1.258823529411765,1.1973684210526316,114.0,129.0,41.0,62.0,48.0,66.0,10.75,3.45,15.65,1.0,1.65,0.1,394.6,11.1,11.647058823529411,11.6,27.0,15.85,16.7,11.35,1.7,13.6,1.55,0.05,2.355,7.95,15.1,28.35,1.135,1.65,5.95,6.05,35.0,64.0,38.0,72.0,0.0,4.0,4.0,2.0,4.0,4.0,2.0,-1.0,2.0,2.0,3_vs_3,0.088235294117647,0.0,0.2894736842105263,0.2894736842105263,0.0526315789473684,0.2368421052631578,0.0294117647058823,0.0789473684210526,0.088235294117647,0.0588235294117647,56.0,45.0,45.0,49.0,46.0,44.0,50.0,55.0,0.0526315789473684,0.0,0.2105263157894736,0.2105263157894736,0.0588235294117647,0.1842105263157894,0.0,0.0588235294117647,0.1052631578947368,0.0294117647058823,45.0,44.0,47.0,44.0,45.0,44.5,44.0,44.0,0.5,0.0280470914127423,0.525,0.0103854166666666,0,0,0,0,0,0,0,0,0,0,0,0,0,0,0,0,0,0,2026_27,J1,明治安田J1リーグ,j1,12.0,2026-10-25,15:00,c-os,chib,unplayed,2026_27-j1-12-c-os-vs-chib,20260812_074327,2026_27_j1,weekly_prediction_snapshot
2026_27,12,2026-10-25,FCtk,0-0,mito,Ajinomoto Stadium,0,0,7.0,5.5,357.7,4-4-2,3-4-2-1,9.0,8.0,1.0,0.0,0.0,1502.9687564818937,1490.2875056389225,12.681250842971167,17.15,10.8,6.349999999999998,0.0,80.0,22.0,7.5,6.0,4.0,0.998,1.947,41.1,46.9,42.8,54.0,0.0,0.0,0,0,0.0,0.0,0.0,0.0,0.0,0.0,0.0,0.0,0.0,0.0,0.0,0.0,0.0,0.0,0.0,0.0,0.0,0.0,0.0,0.0,0.0,0.0,0.0,0.0,0.0,0.0,0.0,0.0,0.0,0.0,10.6,3.1,11.25,0.95,1.8,0.1,427.6,10.8,11.647058823529411,11.3,19.55,14.4,18.6,10.15,1.6,13.3,1.55,0.3,2.54,8.3,14.15,30.25,0.975,1.33,5.9,6.35,35.0,64.0,38.0,72.0,0.0,4.0,3.0,3.0,4.0,4.0,2.0,-1.0,2.0,2.0,4_vs_3,0.0,0.0,0.0,0.0,0.0,0.0,0.0,0.0,0.0,0.0,0.0,0.0,0.0,0.0,0.0,0.0,0.0,0.0,0.0526315789473684,0.0,0.2105263157894736,0.2105263157894736,0.0588235294117647,0.1842105263157894,0.0,0.0588235294117647,0.1052631578947368,0.0294117647058823,45.0,44.0,47.0,44.0,45.0,44.5,44.0,44.0,0.5,0.0249307479224376,0.4,0.00721153846153845,0,0,0,0,0,0,0,0,0,0,0,0,0,0,0,0,0,0,2026_27,J1,明治安田J1リーグ,j1,12.0,2026-10-25,16:00,FCtk,mito,unplayed,2026_27-j1-12-FCtk-vs-mito,20260812_074327,2026_27_j1,weekly_prediction_snapshot
2026_27,12,2026-10-25,ka-f,0-0,okay,Ajinomoto Stadium,0,0,6.0,6.0,0.0,4-2-3-1,3-4-2-1,6.0,9.0,-3.0,0.0,1.0,1552.3375348771292,1494.8528330726735,57.48470180445565,19.05,10.48,8.57,114.0,127.0,25.0,18.0,7.0,6.0,1.501,2.493,57.3,51.3,63.2,61.0,0.0,0.0,0,0,14.657894736842104,4.947368421052632,10.235294117647058,1.911764705882353,1.2352941176470589,0.3235294117647059,578.9705882352941,11.552631578947368,15.68421052631579,13.617647058823527,20.294117647058822,18.94117647058824,20.0,9.794117647058824,2.2058823529411766,13.588235294117649,1.1470588235294117,0.088235294117647,54.9,14.078947368421051,17.5,32.47058823529412,1.6473684210526316,1.052941176470588,111.0,157.0,42.0,70.0,44.0,82.0,0.0,0.0,0.0,0.0,0.0,0.0,0.0,0.0,0.0,0.0,0.0,0.0,0.0,0.0,0.0,0.0,0.0,0.0,0.0,0.0,0.0,0.0,0.0,0.0,0.0,0.0,0.0,0.0,0.0,0.0,0.0,4.0,3.0,3.0,3.0,6.0,1.0,-1.0,2.0,2.0,4_vs_3,0.1764705882352941,0.0294117647058823,0.3421052631578947,0.4117647058823529,0.131578947368421,0.3529411764705882,0.0294117647058823,0.088235294117647,0.1764705882352941,0.1176470588235294,51.0,63.0,59.0,53.0,51.0,41.0,73.0,53.0,0.0,0.0,0.0,0.0,0.0,0.0,0.0,0.0,0.0,0.0,0.0,0.0,0.0,0.0,0.0,0.0,0.0,0.0,0.45,0.0350346020761245,0.5,0.0225,0,0,0,0,0,0,0,0,0,0,0,0,0,0,0,0,0,0,2026_27,J1,明治安田J1リーグ,j1,12.0,2026-10-25,16:00,ka-f,okay,unplayed,2026_27-j1-12-ka-f-vs-okay,20260812_074327,2026_27_j1,weekly_prediction_snapshot
2026_27,13,2026-10-31,kasw,0-0,uraw,Ajinomoto Stadium,0,0,6.0,7.0,234.7,3-4-2-1,4-1-2-3,10.0,8.0,2.0,0.0,0.0,1475.6111733703474,1527.74338246438,-52.13220909403253,17.85,14.0,3.8500000000000014,101.0,99.0,19.0,25.0,6.0,7.0,1.09,2.553,46.0,57.2,71.4,42.1,0.0,0.0,0,0,12.552631578947368,4.0588235294117645,11.382352941176473,1.0263157894736843,1.3529411764705883,0.2105263157894736,422.1315789473685,9.941176470588236,13.263157894736842,14.588235294117649,22.647058823529413,17.794117647058822,19.92105263157895,12.676470588235292,1.7352941176470589,16.441176470588236,1.588235294117647,0.0526315789473684,46.0,11.473684210526317,15.205882352941176,32.44117647058823,1.2289473684210528,1.181578947368421,113.0,163.0,39.0,80.0,47.0,82.0,12.029411764705882,3.941176470588235,12.578947368421051,1.2647058823529411,1.1470588235294117,0.3157894736842105,486.5,9.973684210526317,13.205882352941176,12.86842105263158,20.91176470588235,17.735294117647058,19.23529411764705,10.105263157894736,1.763157894736842,13.894736842105264,1.105263157894737,0.0294117647058823,52.7,10.558823529411764,16.81578947368421,30.47058823529412,1.363157894736842,1.1823529411764706,111.0,163.0,39.0,78.0,45.0,83.0,0.0,3.0,5.0,2.0,4.0,5.0,1.0,1.0,2.0,2.0,3_vs_4,0.0526315789473684,0.0,0.1842105263157894,0.2105263157894736,0.2058823529411764,0.1842105263157894,0.0588235294117647,0.0588235294117647,0.1764705882352941,0.0588235294117647,50.0,43.0,54.0,45.0,55.0,63.0,43.0,43.0,0.1842105263157894,0.0294117647058823,0.2352941176470588,0.2352941176470588,0.1176470588235294,0.2368421052631578,0.0263157894736842,0.0526315789473684,0.1470588235294117,0.0263157894736842,46.0,43.0,52.0,42.0,42.0,45.0,53.0,63.0,0.5,0.0292387543252595,0.5,0.0208333333333333,0,0,0,0,0,0,0,0,0,0,0,0,0,0,0,0,0,0,2026_27,J1,明治安田J1リーグ,j1,13.0,2026-10-31,,kasw,uraw,unplayed,2026_27-j1-13-kasw-vs-uraw,20260812_074327,2026_27_j1,weekly_prediction_snapshot
2026_27,13,2026-10-31,kyot,0-0,shim,Ajinomoto Stadium,0,0,7.0,7.0,222.2,4-2-3-1,4-1-2-3,11.5,13.0,-1.5,0.0,0.0,1482.0426018308194,1478.0354137476809,4.007188083138544,14.98,13.83,1.1500000000000004,127.5,85.0,18.5,16.0,5.5,4.0,0.847,1.52,51.4,42.9,57.5,34.7,0.0,0.0,0,0,11.911764705882351,3.176470588235294,12.823529411764708,1.05,1.3235294117647058,0.2352941176470588,337.52941176470586,10.441176470588236,10.43498452012384,13.5,23.7,17.15,21.15,13.205882352941176,1.3,17.8,1.5263157894736843,0.0789473684210526,46.2,10.0,15.8,33.94117647058823,1.1588235294117646,1.4352941176470588,113.0,133.0,27.0,53.0,36.5,80.0,11.342105263157896,3.5,12.0,0.9736842105263158,1.4210526315789471,0.1176470588235294,407.60526315789474,9.157894736842104,8.421052631578947,13.342105263157896,21.47058823529412,15.263157894736842,19.07894736842105,8.894736842105264,1.9705882352941173,12.176470588235292,0.631578947368421,0.0263157894736842,43.5,8.973684210526315,14.052631578947368,29.44736842105263,1.0578947368421054,1.0842105263157895,113.0,156.0,39.0,71.0,49.0,83.0,0.0,4.0,3.0,3.0,4.0,4.0,2.0,-2.0,2.0,2.0,4_vs_4,0.0278637770897832,0.0,0.2376160990712074,0.2105263157894736,0.0704334365325076,0.0588235294117647,0.0,0.0719814241486068,0.1176470588235294,0.0147058823529411,56.0,35.5,54.5,60.0,56.0,46.0,36.0,38.0,0.0,0.0,0.3421052631578947,0.2105263157894736,0.0,0.131578947368421,0.0,0.0526315789473684,0.088235294117647,0.088235294117647,35.0,34.0,47.0,47.0,36.0,44.0,42.0,53.0,0.5,0.049528879425073155,0.45,0.032,0,0,0,0,0,0,0,0,0,0,0,0,0,0,0,0,0,0,2026_27,J1,明治安田J1リーグ,j1,13.0,2026-10-31,,kyot,shim,unplayed,2026_27-j1-13-kyot-vs-shim,20260812_074327,2026_27_j1,weekly_prediction_snapshot
2026_27,13,2026-10-31,kobe,0-0,nago,Ajinomoto Stadium,0,0,6.0,7.0,230.3,4-1-2-3,3-4-2-1,4.0,9.0,-5.0,0.0,0.0,1568.2524919881544,1519.4628165308918,48.78967545726255,16.6,13.35,3.2500000000000018,93.0,120.0,26.0,25.0,8.0,7.0,1.011,1.037,51.9,50.0,65.3,42.5,0.0,0.0,0,0,12.411764705882351,4.176470588235294,11.852941176470589,1.605263157894737,0.9473684210526316,0.3421052631578947,518.9411764705883,11.470588235294118,12.411764705882351,14.235294117647058,21.86842105263158,16.794117647058822,18.473684210526315,9.911764705882351,2.210526315789474,16.92105263157895,0.9736842105263158,0.0294117647058823,53.7,11.382352941176473,16.605263157894736,31.94117647058824,1.3941176470588237,1.1088235294117648,113.0,163.0,42.0,70.0,44.0,88.0,11.205882352941176,3.8947368421052633,11.735294117647058,1.1578947368421053,1.0294117647058822,0.3823529411764705,403.1764705882353,11.676470588235292,10.705882352941176,13.441176470588236,21.647058823529413,18.58823529411765,18.94117647058824,10.176470588235292,1.7941176470588236,14.763157894736842,1.0,0.0588235294117647,46.2,8.973684210526315,17.294117647058822,30.289473684210527,1.1823529411764706,1.1176470588235294,114.0,155.0,39.0,74.0,48.0,79.0,0.0,4.0,3.0,3.0,3.0,6.0,1.0,-1.0,2.0,2.0,4_vs_3,0.0789473684210526,0.0263157894736842,0.2941176470588235,0.3823529411764705,0.1052631578947368,0.2105263157894736,0.0789473684210526,0.0789473684210526,0.1052631578947368,0.0294117647058823,57.0,56.0,47.0,43.0,45.0,39.0,54.0,61.0,0.0588235294117647,0.0294117647058823,0.2647058823529412,0.2058823529411764,0.0294117647058823,0.1842105263157894,0.0,0.1052631578947368,0.1470588235294117,0.0526315789473684,51.0,50.0,38.0,45.0,47.0,44.0,43.0,46.0,0.5,0.0472372065898819,0.5,0.0289285714285714,0,0,0,0,0,0,0,0,0,0,0,0,0,0,0,0,0,0,2026_27,J1,明治安田J1リーグ,j1,13.0,2026-10-31,,kobe,nago,unplayed,2026_27-j1-13-kobe-vs-nago,20260812_074327,2026_27_j1,weekly_prediction_snapshot
2026_27,13,2026-10-31,mito,0-0,hiro,Ajinomoto Stadium,0,0,7.0,7.0,639.0,3-4-2-1,3-4-2-1,9.0,5.0,4.0,1.0,0.0,1481.3682664890543,1548.059515531813,-66.69124904275873,10.8,19.05,-8.25,82.0,117.0,10.5,29.0,3.5,8.0,1.947,2.689,42.8,54.0,56.8,67.6,0.0,0.0,0,0,10.6,3.1,11.25,0.95,1.8,0.1,427.6,10.8,11.647058823529411,11.3,19.55,14.4,18.6,10.15,1.6,13.3,1.55,0.3,2.54,8.3,14.15,30.25,0.975,1.33,5.9,6.35,35.0,64.0,38.0,72.0,14.705882352941176,4.676470588235294,10.921052631578949,1.3529411764705883,1.105263157894737,0.3235294117647059,481.1470588235294,10.470588235294118,14.705882352941176,16.764705882352942,18.352941176470587,18.657894736842103,18.647058823529413,11.794117647058824,1.7352941176470589,16.86842105263158,0.9117647058823528,0.0294117647058823,49.5,13.117647058823527,18.176470588235293,33.3235294117647,1.4088235294117646,1.068421052631579,112.0,164.0,40.0,76.0,46.0,87.0,0.0,4.0,4.0,2.0,3.0,6.0,1.0,-0.5,2.0,2.0,3_vs_3,0.0526315789473684,0.0,0.2105263157894736,0.2105263157894736,0.0588235294117647,0.1842105263157894,0.0,0.0588235294117647,0.1052631578947368,0.0294117647058823,45.0,44.0,47.0,44.0,45.0,44.5,44.0,44.0,0.1052631578947368,0.0526315789473684,0.3421052631578947,0.2941176470588235,0.1764705882352941,0.2352941176470588,0.0526315789473684,0.088235294117647,0.1176470588235294,0.0294117647058823,72.0,60.0,54.0,66.0,74.0,62.0,54.0,41.0,0.55,0.01095238095238095,0.4736842105263157,0.0276816608996539,0,0,0,0,0,0,0,0,0,0,0,0,0,0,0,0,0,0,2026_27,J1,明治安田J1リーグ,j1,13.0,2026-10-31,14:00,mito,hiro,unplayed,2026_27-j1-13-mito-vs-hiro,20260812_074327,2026_27_j1,weekly_prediction_snapshot
2026_27,13,2026-10-31,mcd,0-0,g-os,Ajinomoto Stadium,0,0,6.0,6.0,383.2,3-4-2-1,4-2-3-1,3.0,12.0,-9.0,0.0,0.0,1539.9974199689445,1486.29287547773,53.70454449121462,18.4,15.35,3.049999999999999,0.0,85.0,27.5,20.0,8.0,6.0,1.924,1.038,53.1,58.9,57.9,28.6,0.0,0.0,0,0,11.1,3.263157894736842,10.842105263157896,1.25,0.8947368421052632,0.35,328.63157894736844,11.45,5.25,11.2,17.15,15.31578947368421,17.026315789473685,9.95,1.2,12.8,1.15,0.05,2.26,8.4,17.15,28.7,1.11,0.9605263157894736,5.9,5.65,14.0,31.0,18.0,31.5,12.763157894736842,4.088235294117647,14.911764705882351,1.1176470588235294,1.2894736842105263,0.3421052631578947,473.8157894736842,9.470588235294118,10.794117647058824,13.058823529411764,23.029411764705884,17.13157894736842,20.289473684210527,11.558823529411764,1.7941176470588236,17.676470588235293,1.0526315789473684,0.0294117647058823,48.1,11.176470588235292,16.91176470588235,31.789473684210527,1.2352941176470589,1.576470588235294,113.0,157.0,38.0,67.0,50.0,83.0,0.0,3.0,6.0,1.0,4.0,4.0,2.0,1.0,2.0,2.0,3_vs_4,0.0,0.0,0.0,0.0,0.0,0.0,0.0,0.0,0.0,0.0,0.0,0.0,0.0,0.0,0.0,0.0,0.0,0.0,0.131578947368421,0.0263157894736842,0.2631578947368421,0.1764705882352941,0.0588235294117647,0.1764705882352941,0.0263157894736842,0.1470588235294117,0.1470588235294117,0.0294117647058823,41.0,45.0,49.0,49.0,43.0,47.0,55.0,47.0,0.48684210526315785,0.04772884663812635,0.4473684210526316,0.0339335180055401,0,0,0,0,0,0,0,0,0,0,0,0,0,0,0,0,0,0,2026_27,J1,明治安田J1リーグ,j1,13.0,2026-10-31,14:00,mcd,g-os,unplayed,2026_27-j1-13-mcd-vs-g-os,20260812_074327,2026_27_j1,weekly_prediction_snapshot
2026_27,13,2026-10-31,okay,0-0,FCtk,Ajinomoto Stadium,0,0,7.0,7.0,225.6,3-4-2-1,4-4-2,9.0,8.0,1.0,0.0,0.0,1499.4001333498045,1504.7254200609143,-5.325286711109811,10.48,17.15,-6.669999999999998,100.0,0.0,18.0,23.0,6.0,7.0,2.493,0.998,63.2,61.0,41.1,46.9,0.0,0.0,0,0,0.0,0.0,0.0,0.0,0.0,0.0,0.0,0.0,0.0,0.0,0.0,0.0,0.0,0.0,0.0,0.0,0.0,0.0,0.0,0.0,0.0,0.0,0.0,0.0,0.0,0.0,0.0,0.0,0.0,0.0,0.0,0.0,0.0,0.0,0.0,0.0,0.0,0.0,0.0,0.0,0.0,0.0,0.0,0.0,0.0,0.0,0.0,0.0,0.0,0.0,0.0,0.0,0.0,0.0,0.0,0.0,0.0,0.0,0.0,0.0,0.0,3.0,6.0,1.0,4.0,3.0,3.0,1.0,2.0,2.0,3_vs_4,0.0,0.0,0.0,0.0,0.0,0.0,0.0,0.0,0.0,0.0,0.0,0.0,0.0,0.0,0.0,0.0,0.0,0.0,0.0,0.0,0.0,0.0,0.0,0.0,0.0,0.0,0.0,0.0,0.0,0.0,0.0,0.0,0.0,0.0,0.0,0.0,0.4473684210526316,0.0279316712834718,0.4736842105263157,0.0222925735391109,0,0,0,0,0,0,0,0,0,0,0,0,0,0,0,0,0,0,2026_27,J1,明治安田J1リーグ,j1,13.0,2026-10-31,14:00,okay,FCtk,unplayed,2026_27-j1-13-okay-vs-FCtk,20260812_074327,2026_27_j1,weekly_prediction_snapshot
2026_27,13,2026-10-31,kasm,0-0,c-os,Ajinomoto Stadium,0,0,7.0,6.0,385.9,4-4-2,3-4-2-1,4.0,8.0,-4.0,0.0,0.0,1556.0187819361674,1509.1673593438288,46.85142259233862,21.43,12.5,8.93,86.0,93.0,30.0,24.0,9.0,6.0,2.945,0.595,51.4,57.8,39.0,36.8,0.0,0.0,0,0,12.941176470588236,4.176470588235294,11.147058823529411,1.5789473684210529,1.0789473684210529,0.3947368421052631,424.11764705882354,10.852941176470589,12.264705882352942,15.078947368421051,21.91176470588235,18.68421052631579,19.97058823529412,11.894736842105264,2.0,18.81578947368421,1.411764705882353,0.0588235294117647,50.1,11.5,17.36842105263158,33.55263157894737,1.2868421052631578,1.2078947368421051,112.0,167.0,40.0,80.0,45.0,86.0,13.394736842105264,3.868421052631579,12.18421052631579,1.236842105263158,1.1764705882352942,0.2894736842105263,455.8157894736842,10.823529411764708,11.105263157894736,15.289473684210526,20.5,15.5,18.38235294117647,9.157894736842104,1.605263157894737,13.941176470588236,0.7368421052631579,0.0294117647058823,50.4,10.763157894736842,15.441176470588236,31.88235294117647,1.258823529411765,1.1973684210526316,114.0,129.0,41.0,62.0,48.0,66.0,0.0,4.0,4.0,2.0,4.0,4.0,2.0,-1.0,2.0,2.0,4_vs_3,0.0789473684210526,0.0,0.3823529411764705,0.2941176470588235,0.088235294117647,0.2631578947368421,0.0294117647058823,0.0588235294117647,0.1764705882352941,0.088235294117647,50.0,48.0,58.0,56.0,54.0,62.0,50.0,40.0,0.088235294117647,0.0,0.2894736842105263,0.2894736842105263,0.0526315789473684,0.2368421052631578,0.0294117647058823,0.0789473684210526,0.088235294117647,0.0588235294117647,56.0,45.0,45.0,49.0,46.0,44.0,50.0,55.0,0.4705882352941176,0.0353474145891043,0.4736842105263157,0.0293452222517966,0,0,0,0,0,0,0,0,0,0,0,0,0,0,0,0,0,0,2026_27,J1,明治安田J1リーグ,j1,13.0,2026-10-31,15:00,kasm,c-os,unplayed,2026_27-j1-13-kasm-vs-c-os,20260812_074327,2026_27_j1,weekly_prediction_snapshot
2026_27,13,2026-11-01,y-fm,0-0,ka-f,Ajinomoto Stadium,0,0,6.0,7.0,233.7,4-2-3-1,4-2-3-1,6.0,6.0,0.0,0.0,0.0,1553.7084627416564,1554.9684351975595,-1.2599724559031529,14.1,19.05,-4.950000000000001,0.0,127.0,24.0,26.0,7.0,8.0,1.416,1.501,42.2,48.6,57.3,51.3,0.0,0.0,0,0,15.705882352941176,5.205882352941177,12.676470588235292,2.0294117647058822,1.1764705882352942,0.2647058823529412,607.2647058823529,11.852941176470589,17.205882352941178,18.294117647058822,18.647058823529413,16.973684210526315,19.11764705882353,11.842105263157896,1.5294117647058822,11.078947368421051,1.1842105263157894,0.0789473684210526,57.9,14.882352941176473,15.921052631578949,33.026315789473685,1.8088235294117647,1.3558823529411763,118.0,184.0,48.0,89.0,44.0,90.0,14.657894736842104,4.947368421052632,10.235294117647058,1.911764705882353,1.2352941176470589,0.3235294117647059,578.9705882352941,11.552631578947368,15.68421052631579,13.617647058823527,20.294117647058822,18.94117647058824,20.0,9.794117647058824,2.2058823529411766,13.588235294117649,1.1470588235294117,0.088235294117647,54.9,14.078947368421051,17.5,32.47058823529412,1.6473684210526316,1.052941176470588,111.0,157.0,42.0,70.0,44.0,82.0,0.0,4.0,3.0,3.0,4.0,3.0,3.0,-1.0,2.0,2.0,4_vs_4,0.0,0.0,0.0,0.0,0.0,0.0,0.0,0.0,0.0,0.0,0.0,0.0,0.0,0.0,0.0,0.0,0.0,0.0,0.1764705882352941,0.0294117647058823,0.3421052631578947,0.4117647058823529,0.131578947368421,0.3529411764705882,0.0294117647058823,0.088235294117647,0.1764705882352941,0.1176470588235294,51.0,63.0,59.0,53.0,51.0,41.0,73.0,53.0,0.5,0.0339335180055401,0.5,0.032840909090909,0,0,0,0,0,0,0,0,0,0,0,0,0,0,0,0,0,0,2026_27,J1,明治安田J1リーグ,j1,13.0,2026-11-01,13:00,y-fm,ka-f,unplayed,2026_27-j1-13-y-fm-vs-ka-f,20260812_074327,2026_27_j1,weekly_prediction_snapshot
2026_27,13,2026-11-01,chib,0-0,fuku,Ajinomoto Stadium,0,0,7.0,7.0,843.1,3-4-2-1,3-4-2-1,10.0,10.0,0.0,0.0,0.0,1469.3397806394082,1504.43640562365,-35.09662498424177,13.3,12.03,1.2700000000000014,82.0,121.0,6.5,21.0,3.0,7.0,0.481,0.769,32.4,43.2,50.0,48.1,0.0,0.0,0,0,10.75,3.45,15.65,1.0,1.65,0.1,394.6,11.1,11.647058823529411,11.6,27.0,15.85,16.7,11.35,1.7,13.6,1.55,0.05,2.355,7.95,15.1,28.35,1.135,1.65,5.95,6.05,35.0,64.0,38.0,72.0,10.5,3.176470588235294,11.157894736842104,0.868421052631579,1.0,0.3235294117647059,336.8684210526316,10.529411764705882,9.657894736842104,14.052631578947368,24.61764705882353,19.529411764705884,18.44117647058824,13.058823529411764,1.6176470588235294,18.61764705882353,1.4411764705882353,0.0263157894736842,42.7,8.368421052631579,17.5,32.28947368421053,1.0558823529411765,1.0323529411764707,109.0,120.0,26.0,52.0,38.0,67.0,0.0,4.0,4.0,2.0,3.0,6.0,1.0,-0.5,2.0,2.0,3_vs_3,0.0526315789473684,0.0,0.2105263157894736,0.2105263157894736,0.0588235294117647,0.1842105263157894,0.0,0.0588235294117647,0.1052631578947368,0.0294117647058823,45.0,44.0,47.0,44.0,45.0,44.5,44.0,44.0,0.0526315789473684,0.0263157894736842,0.2105263157894736,0.2105263157894736,0.0263157894736842,0.2058823529411764,0.0,0.0263157894736842,0.0789473684210526,0.0263157894736842,42.0,45.0,44.0,47.0,54.0,51.0,40.0,34.0,0.42500000000000004,0.0081944444444444,0.5,0.0240403640680649,0,0,0,0,0,0,0,0,0,0,0,0,0,0,0,0,0,0,2026_27,J1,明治安田J1リーグ,j1,13.0,2026-11-01,14:00,chib,fuku,unplayed,2026_27-j1-13-chib-vs-fuku,20260812_074327,2026_27_j1,weekly_prediction_snapshot
2026_27,13,2026-11-01,ngsk,0-0,tk-v,Ajinomoto Stadium,0,0,7.0,6.0,0.0,3-4-2-1,3-4-2-1,8.5,13.0,-4.5,0.5,0.0,1486.5869419238666,1507.9523244100073,-21.36538248614079,13.75,9.33,4.42,82.0,118.5,12.0,21.0,4.0,7.0,1.515,2.064,57.0,48.6,48.6,42.7,0.0,0.0,0,0,10.4,3.3,14.25,1.05,1.4,0.2,388.0,9.45,11.647058823529411,9.35,25.9,14.65,19.7,9.45,2.3,15.25,1.1,0.05,2.38,8.4,14.1,31.8,1.175,1.575,5.65,6.7,35.0,64.0,38.0,72.0,9.2,2.65,9.8,1.0,1.3,0.3,353.25,8.25,6.052631578947368,10.2,22.1,18.05263157894737,18.710526315789476,11.05,1.4,16.05,1.0,0.0,2.2,7.4,14.3,26.8,0.8400000000000001,1.065,5.95,7.2,15.0,26.5,19.0,33.5,0.0,3.0,6.0,1.0,3.0,6.0,1.0,0.5,2.0,2.0,3_vs_3,0.0526315789473684,0.0,0.2105263157894736,0.2105263157894736,0.0588235294117647,0.1842105263157894,0.0,0.0588235294117647,0.1052631578947368,0.0294117647058823,45.0,44.0,47.0,44.0,45.0,44.5,44.0,44.0,0.0789473684210526,0.0394736842105263,0.1973684210526315,0.0789473684210526,0.0657894736842105,0.0789473684210526,0.0,0.0789473684210526,0.0394736842105263,0.0131578947368421,22.5,22.5,23.0,19.5,22.5,21.0,22.0,25.0,0.47500000000000003,0.02306318681318675,0.48684210526315785,0.027239150507848503,0,0,0,0,0,0,0,0,0,0,0,0,0,0,0,0,0,0,2026_27,J1,明治安田J1リーグ,j1,13.0,2026-11-01,14:00,ngsk,tk-v,unplayed,2026_27-j1-13-ngsk-vs-tk-v,20260812_074327,2026_27_j1,weekly_prediction_snapshot
2026_27,14,2026-11-07,kasw,0-0,ka-f,Ajinomoto Stadium,0,0,6.0,7.0,233.7,3-4-2-1,4-2-3-1,10.0,6.0,4.0,0.0,0.0,1475.6111733703474,1554.9684351975595,-79.35726182721214,17.85,19.05,-1.1999999999999993,101.0,127.0,19.0,26.0,6.0,8.0,1.09,1.501,46.0,57.2,57.3,51.3,0.0,0.0,0,0,12.552631578947368,4.0588235294117645,11.382352941176473,1.0263157894736843,1.3529411764705883,0.2105263157894736,422.1315789473685,9.941176470588236,13.263157894736842,14.588235294117649,22.647058823529413,17.794117647058822,19.92105263157895,12.676470588235292,1.7352941176470589,16.441176470588236,1.588235294117647,0.0526315789473684,46.0,11.473684210526317,15.205882352941176,32.44117647058823,1.2289473684210528,1.181578947368421,113.0,163.0,39.0,80.0,47.0,82.0,14.657894736842104,4.947368421052632,10.235294117647058,1.911764705882353,1.2352941176470589,0.3235294117647059,578.9705882352941,11.552631578947368,15.68421052631579,13.617647058823527,20.294117647058822,18.94117647058824,20.0,9.794117647058824,2.2058823529411766,13.588235294117649,1.1470588235294117,0.088235294117647,54.9,14.078947368421051,17.5,32.47058823529412,1.6473684210526316,1.052941176470588,111.0,157.0,42.0,70.0,44.0,82.0,0.0,3.0,5.0,2.0,4.0,3.0,3.0,1.0,2.0,2.0,3_vs_4,0.0526315789473684,0.0,0.1842105263157894,0.2105263157894736,0.2058823529411764,0.1842105263157894,0.0588235294117647,0.0588235294117647,0.1764705882352941,0.0588235294117647,50.0,43.0,54.0,45.0,55.0,63.0,43.0,43.0,0.1764705882352941,0.0294117647058823,0.3421052631578947,0.4117647058823529,0.131578947368421,0.3529411764705882,0.0294117647058823,0.088235294117647,0.1764705882352941,0.1176470588235294,51.0,63.0,59.0,53.0,51.0,41.0,73.0,53.0,0.5,0.0292387543252595,0.5,0.032840909090909,0,0,0,0,0,0,0,0,0,0,0,0,0,0,0,0,0,0,2026_27,J1,明治安田J1リーグ,j1,14.0,2026-11-07,,kasw,ka-f,unplayed,2026_27-j1-14-kasw-vs-ka-f,20260812_074327,2026_27_j1,weekly_prediction_snapshot
2026_27,14,2026-11-07,shim,0-0,tk-v,Ajinomoto Stadium,0,0,7.0,6.0,0.0,4-1-2-3,3-4-2-1,13.0,13.0,0.0,0.0,0.0,1477.4441154138574,1507.9523244100073,-30.50820899614996,13.83,9.33,4.5,78.0,118.5,19.0,21.0,5.0,7.0,1.52,2.064,57.5,34.7,48.6,42.7,0.0,0.0,0,0,11.342105263157896,3.5,12.0,0.9736842105263158,1.4210526315789471,0.1176470588235294,407.60526315789474,9.157894736842104,8.421052631578947,13.342105263157896,21.47058823529412,15.263157894736842,19.07894736842105,8.894736842105264,1.9705882352941173,12.176470588235292,0.631578947368421,0.0263157894736842,43.5,8.973684210526315,14.052631578947368,29.44736842105263,1.0578947368421054,1.0842105263157895,113.0,156.0,39.0,71.0,49.0,83.0,9.2,2.65,9.8,1.0,1.3,0.3,353.25,8.25,6.052631578947368,10.2,22.1,18.05263157894737,18.710526315789476,11.05,1.4,16.05,1.0,0.0,2.2,7.4,14.3,26.8,0.8400000000000001,1.065,5.95,7.2,15.0,26.5,19.0,33.5,0.0,4.0,4.0,2.0,3.0,6.0,1.0,0.0,2.0,2.0,4_vs_3,0.0,0.0,0.3421052631578947,0.2105263157894736,0.0,0.131578947368421,0.0,0.0526315789473684,0.088235294117647,0.088235294117647,35.0,34.0,47.0,47.0,36.0,44.0,42.0,53.0,0.0789473684210526,0.0394736842105263,0.1973684210526315,0.0789473684210526,0.0657894736842105,0.0789473684210526,0.0,0.0789473684210526,0.0394736842105263,0.0131578947368421,22.5,22.5,23.0,19.5,22.5,21.0,22.0,25.0,0.5294117647058824,0.0381752077562327,0.48684210526315785,0.027239150507848503,0,0,0,0,0,0,0,0,0,0,0,0,0,0,0,0,0,0,2026_27,J1,明治安田J1リーグ,j1,14.0,2026-11-07,13:00,shim,tk-v,unplayed,2026_27-j1-14-shim-vs-tk-v,20260812_074327,2026_27_j1,weekly_prediction_snapshot
2026_27,14,2026-11-07,y-fm,0-0,okay,Ajinomoto Stadium,0,0,6.0,6.0,0.0,4-2-3-1,3-4-2-1,6.0,9.0,-3.0,0.0,1.0,1553.7084627416564,1494.8528330726735,58.85562966898283,14.1,10.48,3.619999999999999,0.0,127.0,24.0,18.0,7.0,6.0,1.416,2.493,42.2,48.6,63.2,61.0,0.0,0.0,0,0,15.705882352941176,5.205882352941177,12.676470588235292,2.0294117647058822,1.1764705882352942,0.2647058823529412,607.2647058823529,11.852941176470589,17.205882352941178,18.294117647058822,18.647058823529413,16.973684210526315,19.11764705882353,11.842105263157896,1.5294117647058822,11.078947368421051,1.1842105263157894,0.0789473684210526,57.9,14.882352941176473,15.921052631578949,33.026315789473685,1.8088235294117647,1.3558823529411763,118.0,184.0,48.0,89.0,44.0,90.0,0.0,0.0,0.0,0.0,0.0,0.0,0.0,0.0,0.0,0.0,0.0,0.0,0.0,0.0,0.0,0.0,0.0,0.0,0.0,0.0,0.0,0.0,0.0,0.0,0.0,0.0,0.0,0.0,0.0,0.0,0.0,4.0,3.0,3.0,3.0,6.0,1.0,-1.0,2.0,2.0,4_vs_3,0.0,0.0,0.0,0.0,0.0,0.0,0.0,0.0,0.0,0.0,0.0,0.0,0.0,0.0,0.0,0.0,0.0,0.0,0.0,0.0,0.0,0.0,0.0,0.0,0.0,0.0,0.0,0.0,0.0,0.0,0.0,0.0,0.0,0.0,0.0,0.0,0.5,0.0339335180055401,0.5,0.0225,0,0,0,0,0,0,0,0,0,0,0,0,0,0,0,0,0,0,2026_27,J1,明治安田J1リーグ,j1,14.0,2026-11-07,14:00,y-fm,okay,unplayed,2026_27-j1-14-y-fm-vs-okay,20260812_074327,2026_27_j1,weekly_prediction_snapshot
2026_27,14,2026-11-07,nago,0-0,kyot,Ajinomoto Stadium,0,0,7.0,7.0,367.5,3-4-2-1,4-2-3-1,8.0,12.0,-4.0,0.0,0.0,1521.2102994510724,1487.110875027563,34.09942442350939,13.35,14.98,-1.6300000000000008,114.0,110.5,26.0,17.0,7.0,6.0,1.037,0.847,65.3,42.5,51.4,42.9,0.0,0.0,0,0,11.205882352941176,3.8947368421052633,11.735294117647058,1.1578947368421053,1.0294117647058822,0.3823529411764705,403.1764705882353,11.676470588235292,10.705882352941176,13.441176470588236,21.647058823529413,18.58823529411765,18.94117647058824,10.176470588235292,1.7941176470588236,14.763157894736842,1.0,0.0588235294117647,46.2,8.973684210526315,17.294117647058822,30.289473684210527,1.1823529411764706,1.1176470588235294,114.0,155.0,39.0,74.0,48.0,79.0,11.911764705882351,3.176470588235294,12.823529411764708,1.05,1.3235294117647058,0.2352941176470588,337.52941176470586,10.441176470588236,10.43498452012384,13.5,23.7,17.15,21.15,13.205882352941176,1.3,17.8,1.5263157894736843,0.0789473684210526,46.2,10.0,15.8,33.94117647058823,1.1588235294117646,1.4352941176470588,113.0,133.0,27.0,53.0,36.5,80.0,0.0,3.0,6.0,1.0,4.0,3.0,3.0,1.0,2.0,2.0,3_vs_4,0.0588235294117647,0.0294117647058823,0.2647058823529412,0.2058823529411764,0.0294117647058823,0.1842105263157894,0.0,0.1052631578947368,0.1470588235294117,0.0526315789473684,51.0,50.0,38.0,45.0,47.0,44.0,43.0,46.0,0.0278637770897832,0.0,0.2376160990712074,0.2105263157894736,0.0704334365325076,0.0588235294117647,0.0,0.0719814241486068,0.1176470588235294,0.0147058823529411,56.0,35.5,54.5,60.0,56.0,46.0,36.0,38.0,0.4736842105263157,0.028365650969529,0.4705882352941176,0.03751730103806225,0,0,0,0,0,0,0,0,0,0,0,0,0,0,0,0,0,0,2026_27,J1,明治安田J1リーグ,j1,14.0,2026-11-07,14:00,nago,kyot,unplayed,2026_27-j1-14-nago-vs-kyot,20260812_074327,2026_27_j1,weekly_prediction_snapshot
2026_27,14,2026-11-07,FCtk,0-0,kasm,Ajinomoto Stadium,0,0,7.0,7.0,289.2,4-4-2,4-4-2,9.0,4.0,5.0,0.0,0.0,1502.9687564818937,1555.0464607669046,-52.077704285010896,17.15,21.43,-4.280000000000001,0.0,88.0,22.0,32.0,6.0,8.0,0.998,2.945,41.1,46.9,51.4,57.8,0.0,0.0,0,0,0.0,0.0,0.0,0.0,0.0,0.0,0.0,0.0,0.0,0.0,0.0,0.0,0.0,0.0,0.0,0.0,0.0,0.0,0.0,0.0,0.0,0.0,0.0,0.0,0.0,0.0,0.0,0.0,0.0,0.0,12.941176470588236,4.176470588235294,11.147058823529411,1.5789473684210529,1.0789473684210529,0.3947368421052631,424.11764705882354,10.852941176470589,12.264705882352942,15.078947368421051,21.91176470588235,18.68421052631579,19.97058823529412,11.894736842105264,2.0,18.81578947368421,1.411764705882353,0.0588235294117647,50.1,11.5,17.36842105263158,33.55263157894737,1.2868421052631578,1.2078947368421051,112.0,167.0,40.0,80.0,45.0,86.0,0.0,4.0,3.0,3.0,4.0,4.0,2.0,-1.0,2.0,2.0,4_vs_4,0.0,0.0,0.0,0.0,0.0,0.0,0.0,0.0,0.0,0.0,0.0,0.0,0.0,0.0,0.0,0.0,0.0,0.0,0.0789473684210526,0.0,0.3823529411764705,0.2941176470588235,0.088235294117647,0.2631578947368421,0.0294117647058823,0.0588235294117647,0.1764705882352941,0.088235294117647,50.0,48.0,58.0,56.0,54.0,62.0,50.0,40.0,0.5,0.0249307479224376,0.5,0.0348904267589388,0,0,0,0,0,0,0,0,0,0,0,0,0,0,0,0,0,0,2026_27,J1,明治安田J1リーグ,j1,14.0,2026-11-07,15:00,FCtk,kasm,unplayed,2026_27-j1-14-FCtk-vs-kasm,20260812_074327,2026_27_j1,weekly_prediction_snapshot
2026_27,14,2026-11-07,fuku,0-0,ngsk,Ajinomoto Stadium,0,0,7.0,6.5,357.7,3-4-2-1,3-4-2-1,10.0,7.0,3.0,0.0,0.0,1502.0577783078763,1482.2412986905829,19.816479617293453,12.03,13.75,-1.7200000000000006,113.0,80.0,19.0,12.0,5.0,6.0,0.769,1.515,50.0,48.1,57.0,48.6,0.0,0.0,0,0,10.5,3.176470588235294,11.157894736842104,0.868421052631579,1.0,0.3235294117647059,336.8684210526316,10.529411764705882,9.657894736842104,14.052631578947368,24.61764705882353,19.529411764705884,18.44117647058824,13.058823529411764,1.6176470588235294,18.61764705882353,1.4411764705882353,0.0263157894736842,42.7,8.368421052631579,17.5,32.28947368421053,1.0558823529411765,1.0323529411764707,109.0,120.0,26.0,52.0,38.0,67.0,10.4,3.3,14.25,1.05,1.4,0.2,388.0,9.45,11.647058823529411,9.35,25.9,14.65,19.7,9.45,2.3,15.25,1.1,0.05,2.38,8.4,14.1,31.8,1.175,1.575,5.65,6.7,35.0,64.0,38.0,72.0,0.0,3.0,6.0,1.0,3.0,6.0,1.0,0.0,2.0,2.0,3_vs_3,0.0526315789473684,0.0263157894736842,0.2105263157894736,0.2105263157894736,0.0263157894736842,0.2058823529411764,0.0,0.0263157894736842,0.0789473684210526,0.0263157894736842,42.0,45.0,44.0,47.0,54.0,51.0,40.0,34.0,0.0526315789473684,0.0,0.2105263157894736,0.2105263157894736,0.0588235294117647,0.1842105263157894,0.0,0.0588235294117647,0.1052631578947368,0.0294117647058823,45.0,44.0,47.0,44.0,45.0,44.5,44.0,44.0,0.45,0.0218144044321329,0.475,0.0197403846153846,0,0,0,0,0,0,0,0,0,0,0,0,0,0,0,0,0,0,2026_27,J1,明治安田J1リーグ,j1,14.0,2026-11-07,15:00,fuku,ngsk,unplayed,2026_27-j1-14-fuku-vs-ngsk,20260812_074327,2026_27_j1,weekly_prediction_snapshot
2026_27,14,2026-11-08,mcd,0-0,hiro,Ajinomoto Stadium,0,0,6.0,7.0,639.0,3-4-2-1,3-4-2-1,3.0,5.0,-2.0,0.0,0.0,1539.9974199689445,1548.059515531813,-8.062095562868535,18.4,19.05,-0.6500000000000021,0.0,117.0,27.5,29.0,8.0,8.0,1.924,2.689,53.1,58.9,56.8,67.6,0.0,0.0,0,0,11.1,3.263157894736842,10.842105263157896,1.25,0.8947368421052632,0.35,328.63157894736844,11.45,5.25,11.2,17.15,15.31578947368421,17.026315789473685,9.95,1.2,12.8,1.15,0.05,2.26,8.4,17.15,28.7,1.11,0.9605263157894736,5.9,5.65,14.0,31.0,18.0,31.5,14.705882352941176,4.676470588235294,10.921052631578949,1.3529411764705883,1.105263157894737,0.3235294117647059,481.1470588235294,10.470588235294118,14.705882352941176,16.764705882352942,18.352941176470587,18.657894736842103,18.647058823529413,11.794117647058824,1.7352941176470589,16.86842105263158,0.9117647058823528,0.0294117647058823,49.5,13.117647058823527,18.176470588235293,33.3235294117647,1.4088235294117646,1.068421052631579,112.0,164.0,40.0,76.0,46.0,87.0,0.0,3.0,6.0,1.0,3.0,6.0,1.0,1.0,2.0,2.0,3_vs_3,0.0,0.0,0.0,0.0,0.0,0.0,0.0,0.0,0.0,0.0,0.0,0.0,0.0,0.0,0.0,0.0,0.0,0.0,0.1052631578947368,0.0526315789473684,0.3421052631578947,0.2941176470588235,0.1764705882352941,0.2352941176470588,0.0526315789473684,0.088235294117647,0.1176470588235294,0.0294117647058823,72.0,60.0,54.0,66.0,74.0,62.0,54.0,41.0,0.48684210526315785,0.04772884663812635,0.4736842105263157,0.0276816608996539,0,0,0,0,0,0,0,0,0,0,0,0,0,0,0,0,0,0,2026_27,J1,明治安田J1リーグ,j1,14.0,2026-11-08,14:00,mcd,hiro,unplayed,2026_27-j1-14-mcd-vs-hiro,20260812_074327,2026_27_j1,weekly_prediction_snapshot
2026_27,14,2026-11-08,kobe,0-0,uraw,Ajinomoto Stadium,0,0,6.0,7.0,234.7,4-1-2-3,4-1-2-3,4.0,8.0,-4.0,0.0,0.0,1568.2524919881544,1527.74338246438,40.50910952377444,16.6,14.0,2.6000000000000014,93.0,99.0,26.0,25.0,8.0,7.0,1.011,2.553,51.9,50.0,71.4,42.1,0.0,0.0,0,0,12.411764705882351,4.176470588235294,11.852941176470589,1.605263157894737,0.9473684210526316,0.3421052631578947,518.9411764705883,11.470588235294118,12.411764705882351,14.235294117647058,21.86842105263158,16.794117647058822,18.473684210526315,9.911764705882351,2.210526315789474,16.92105263157895,0.9736842105263158,0.0294117647058823,53.7,11.382352941176473,16.605263157894736,31.94117647058824,1.3941176470588237,1.1088235294117648,113.0,163.0,42.0,70.0,44.0,88.0,12.029411764705882,3.941176470588235,12.578947368421051,1.2647058823529411,1.1470588235294117,0.3157894736842105,486.5,9.973684210526317,13.205882352941176,12.86842105263158,20.91176470588235,17.735294117647058,19.23529411764705,10.105263157894736,1.763157894736842,13.894736842105264,1.105263157894737,0.0294117647058823,52.7,10.558823529411764,16.81578947368421,30.47058823529412,1.363157894736842,1.1823529411764706,111.0,163.0,39.0,78.0,45.0,83.0,0.0,4.0,3.0,3.0,4.0,5.0,1.0,-1.0,2.0,2.0,4_vs_4,0.0789473684210526,0.0263157894736842,0.2941176470588235,0.3823529411764705,0.1052631578947368,0.2105263157894736,0.0789473684210526,0.0789473684210526,0.1052631578947368,0.0294117647058823,57.0,56.0,47.0,43.0,45.0,39.0,54.0,61.0,0.1842105263157894,0.0294117647058823,0.2352941176470588,0.2352941176470588,0.1176470588235294,0.2368421052631578,0.0263157894736842,0.0526315789473684,0.1470588235294117,0.0263157894736842,46.0,43.0,52.0,42.0,42.0,45.0,53.0,63.0,0.5,0.0472372065898819,0.5,0.0208333333333333,0,0,0,0,0,0,0,0,0,0,0,0,0,0,0,0,0,0,2026_27,J1,明治安田J1リーグ,j1,14.0,2026-11-08,14:00,kobe,uraw,unplayed,2026_27-j1-14-kobe-vs-uraw,20260812_074327,2026_27_j1,weekly_prediction_snapshot
2026_27,14,2026-11-08,g-os,0-0,c-os,Ajinomoto Stadium,0,0,7.0,6.0,385.9,4-2-3-1,3-4-2-1,12.0,8.0,4.0,0.0,0.0,1484.87429753502,1509.1673593438288,-24.293061808808716,15.35,12.5,2.8499999999999996,93.0,93.0,20.0,24.0,5.0,6.0,1.038,0.595,57.9,28.6,39.0,36.8,0.0,0.0,0,0,12.763157894736842,4.088235294117647,14.911764705882351,1.1176470588235294,1.2894736842105263,0.3421052631578947,473.8157894736842,9.470588235294118,10.794117647058824,13.058823529411764,23.029411764705884,17.13157894736842,20.289473684210527,11.558823529411764,1.7941176470588236,17.676470588235293,1.0526315789473684,0.0294117647058823,48.1,11.176470588235292,16.91176470588235,31.789473684210527,1.2352941176470589,1.576470588235294,113.0,157.0,38.0,67.0,50.0,83.0,13.394736842105264,3.868421052631579,12.18421052631579,1.236842105263158,1.1764705882352942,0.2894736842105263,455.8157894736842,10.823529411764708,11.105263157894736,15.289473684210526,20.5,15.5,18.38235294117647,9.157894736842104,1.605263157894737,13.941176470588236,0.7368421052631579,0.0294117647058823,50.4,10.763157894736842,15.441176470588236,31.88235294117647,1.258823529411765,1.1973684210526316,114.0,129.0,41.0,62.0,48.0,66.0,0.0,4.0,4.0,2.0,4.0,4.0,2.0,-1.0,2.0,2.0,4_vs_3,0.131578947368421,0.0263157894736842,0.2631578947368421,0.1764705882352941,0.0588235294117647,0.1764705882352941,0.0263157894736842,0.1470588235294117,0.1470588235294117,0.0294117647058823,41.0,45.0,49.0,49.0,43.0,47.0,55.0,47.0,0.088235294117647,0.0,0.2894736842105263,0.2894736842105263,0.0526315789473684,0.2368421052631578,0.0294117647058823,0.0789473684210526,0.088235294117647,0.0588235294117647,56.0,45.0,45.0,49.0,46.0,44.0,50.0,55.0,0.5,0.0373961218836565,0.4736842105263157,0.0293452222517966,0,0,0,0,0,0,0,0,0,0,0,0,0,0,0,0,0,0,2026_27,J1,明治安田J1リーグ,j1,14.0,2026-11-08,15:00,g-os,c-os,unplayed,2026_27-j1-14-g-os-vs-c-os,20260812_074327,2026_27_j1,weekly_prediction_snapshot
2026_27,14,2026-11-08,chib,0-0,mito,Ajinomoto Stadium,0,0,7.0,5.5,357.7,3-4-2-1,3-4-2-1,10.0,8.0,2.0,0.0,0.0,1469.3397806394082,1490.2875056389225,-20.94772499951432,13.3,10.8,2.5,82.0,80.0,6.5,7.5,3.0,4.0,0.481,1.947,32.4,43.2,42.8,54.0,0.0,0.0,0,0,10.75,3.45,15.65,1.0,1.65,0.1,394.6,11.1,11.647058823529411,11.6,27.0,15.85,16.7,11.35,1.7,13.6,1.55,0.05,2.355,7.95,15.1,28.35,1.135,1.65,5.95,6.05,35.0,64.0,38.0,72.0,10.6,3.1,11.25,0.95,1.8,0.1,427.6,10.8,11.647058823529411,11.3,19.55,14.4,18.6,10.15,1.6,13.3,1.55,0.3,2.54,8.3,14.15,30.25,0.975,1.33,5.9,6.35,35.0,64.0,38.0,72.0,0.0,4.0,4.0,2.0,4.0,4.0,2.0,-0.5,2.0,2.0,3_vs_3,0.0526315789473684,0.0,0.2105263157894736,0.2105263157894736,0.0588235294117647,0.1842105263157894,0.0,0.0588235294117647,0.1052631578947368,0.0294117647058823,45.0,44.0,47.0,44.0,45.0,44.5,44.0,44.0,0.0526315789473684,0.0,0.2105263157894736,0.2105263157894736,0.0588235294117647,0.1842105263157894,0.0,0.0588235294117647,0.1052631578947368,0.0294117647058823,45.0,44.0,47.0,44.0,45.0,44.5,44.0,44.0,0.42500000000000004,0.0081944444444444,0.4,0.00721153846153845,0,0,0,0,0,0,0,0,0,0,0,0,0,0,0,0,0,0,2026_27,J1,明治安田J1リーグ,j1,14.0,2026-11-08,17:00,chib,mito,unplayed,2026_27-j1-14-chib-vs-mito,20260812_074327,2026_27_j1,weekly_prediction_snapshot
2026_27,15,2026-11-20,kasw,0-0,chib,Ajinomoto Stadium,0,0,6.0,6.5,357.7,3-4-2-1,3-4-2-1,10.0,9.5,0.5,0.0,0.0,1475.6111733703474,1468.4504174736203,7.160755896727096,17.85,13.3,4.550000000000001,101.0,80.0,19.0,9.0,6.0,3.5,1.09,0.481,46.0,57.2,32.4,43.2,0.0,0.0,0,0,12.552631578947368,4.0588235294117645,11.382352941176473,1.0263157894736843,1.3529411764705883,0.2105263157894736,422.1315789473685,9.941176470588236,13.263157894736842,14.588235294117649,22.647058823529413,17.794117647058822,19.92105263157895,12.676470588235292,1.7352941176470589,16.441176470588236,1.588235294117647,0.0526315789473684,46.0,11.473684210526317,15.205882352941176,32.44117647058823,1.2289473684210528,1.181578947368421,113.0,163.0,39.0,80.0,47.0,82.0,10.75,3.45,15.65,1.0,1.65,0.1,394.6,11.1,11.647058823529411,11.6,27.0,15.85,16.7,11.35,1.7,13.6,1.55,0.05,2.355,7.95,15.1,28.35,1.135,1.65,5.95,6.05,35.0,64.0,38.0,72.0,0.0,3.0,5.0,2.0,4.0,4.0,2.0,1.0,2.0,2.0,3_vs_3,0.0526315789473684,0.0,0.1842105263157894,0.2105263157894736,0.2058823529411764,0.1842105263157894,0.0588235294117647,0.0588235294117647,0.1764705882352941,0.0588235294117647,50.0,43.0,54.0,45.0,55.0,63.0,43.0,43.0,0.0526315789473684,0.0,0.2105263157894736,0.2105263157894736,0.0588235294117647,0.1842105263157894,0.0,0.0588235294117647,0.1052631578947368,0.0294117647058823,45.0,44.0,47.0,44.0,45.0,44.5,44.0,44.0,0.5,0.0292387543252595,0.525,0.0103854166666666,0,0,0,0,0,0,0,0,0,0,0,0,0,0,0,0,0,0,2026_27,J1,明治安田J1リーグ,j1,15.0,2026-11-20,19:00,kasw,chib,unplayed,2026_27-j1-15-kasw-vs-chib,20260812_074327,2026_27_j1,weekly_prediction_snapshot
2026_27,15,2026-11-21,kasm,0-0,shim,Ajinomoto Stadium,0,0,7.0,7.0,222.2,4-4-2,4-1-2-3,4.0,13.0,-9.0,0.0,0.0,1556.0187819361674,1478.0354137476809,77.98336818848657,21.43,13.83,7.6,86.0,85.0,30.0,16.0,9.0,4.0,2.945,1.52,51.4,57.8,57.5,34.7,0.0,0.0,0,0,12.941176470588236,4.176470588235294,11.147058823529411,1.5789473684210529,1.0789473684210529,0.3947368421052631,424.11764705882354,10.852941176470589,12.264705882352942,15.078947368421051,21.91176470588235,18.68421052631579,19.97058823529412,11.894736842105264,2.0,18.81578947368421,1.411764705882353,0.0588235294117647,50.1,11.5,17.36842105263158,33.55263157894737,1.2868421052631578,1.2078947368421051,112.0,167.0,40.0,80.0,45.0,86.0,11.342105263157896,3.5,12.0,0.9736842105263158,1.4210526315789471,0.1176470588235294,407.60526315789474,9.157894736842104,8.421052631578947,13.342105263157896,21.47058823529412,15.263157894736842,19.07894736842105,8.894736842105264,1.9705882352941173,12.176470588235292,0.631578947368421,0.0263157894736842,43.5,8.973684210526315,14.052631578947368,29.44736842105263,1.0578947368421054,1.0842105263157895,113.0,156.0,39.0,71.0,49.0,83.0,0.0,4.0,4.0,2.0,4.0,4.0,2.0,-1.0,2.0,2.0,4_vs_4,0.0789473684210526,0.0,0.3823529411764705,0.2941176470588235,0.088235294117647,0.2631578947368421,0.0294117647058823,0.0588235294117647,0.1764705882352941,0.088235294117647,50.0,48.0,58.0,56.0,54.0,62.0,50.0,40.0,0.0,0.0,0.3421052631578947,0.2105263157894736,0.0,0.131578947368421,0.0,0.0526315789473684,0.088235294117647,0.088235294117647,35.0,34.0,47.0,47.0,36.0,44.0,42.0,53.0,0.4705882352941176,0.0353474145891043,0.45,0.032,0,0,0,0,0,0,0,0,0,0,0,0,0,0,0,0,0,0,2026_27,J1,明治安田J1リーグ,j1,15.0,2026-11-21,,kasm,shim,unplayed,2026_27-j1-15-kasm-vs-shim,20260812_074327,2026_27_j1,weekly_prediction_snapshot
2026_27,15,2026-11-21,kyot,0-0,uraw,Ajinomoto Stadium,0,0,7.0,7.0,234.7,4-2-3-1,4-1-2-3,11.5,8.0,3.5,0.0,0.0,1482.0426018308194,1527.74338246438,-45.7007806335605,14.98,14.0,0.9800000000000004,127.5,99.0,18.5,25.0,5.5,7.0,0.847,2.553,51.4,42.9,71.4,42.1,0.0,0.0,0,0,11.911764705882351,3.176470588235294,12.823529411764708,1.05,1.3235294117647058,0.2352941176470588,337.52941176470586,10.441176470588236,10.43498452012384,13.5,23.7,17.15,21.15,13.205882352941176,1.3,17.8,1.5263157894736843,0.0789473684210526,46.2,10.0,15.8,33.94117647058823,1.1588235294117646,1.4352941176470588,113.0,133.0,27.0,53.0,36.5,80.0,12.029411764705882,3.941176470588235,12.578947368421051,1.2647058823529411,1.1470588235294117,0.3157894736842105,486.5,9.973684210526317,13.205882352941176,12.86842105263158,20.91176470588235,17.735294117647058,19.23529411764705,10.105263157894736,1.763157894736842,13.894736842105264,1.105263157894737,0.0294117647058823,52.7,10.558823529411764,16.81578947368421,30.47058823529412,1.363157894736842,1.1823529411764706,111.0,163.0,39.0,78.0,45.0,83.0,0.0,4.0,3.0,3.0,4.0,5.0,1.0,-2.0,2.0,2.0,4_vs_4,0.0278637770897832,0.0,0.2376160990712074,0.2105263157894736,0.0704334365325076,0.0588235294117647,0.0,0.0719814241486068,0.1176470588235294,0.0147058823529411,56.0,35.5,54.5,60.0,56.0,46.0,36.0,38.0,0.1842105263157894,0.0294117647058823,0.2352941176470588,0.2352941176470588,0.1176470588235294,0.2368421052631578,0.0263157894736842,0.0526315789473684,0.1470588235294117,0.0263157894736842,46.0,43.0,52.0,42.0,42.0,45.0,53.0,63.0,0.5,0.049528879425073155,0.5,0.0208333333333333,0,0,0,0,0,0,0,0,0,0,0,0,0,0,0,0,0,0,2026_27,J1,明治安田J1リーグ,j1,15.0,2026-11-21,,kyot,uraw,unplayed,2026_27-j1-15-kyot-vs-uraw,20260812_074327,2026_27_j1,weekly_prediction_snapshot
2026_27,15,2026-11-21,kobe,0-0,mito,Ajinomoto Stadium,0,0,6.0,5.5,357.7,4-1-2-3,3-4-2-1,4.0,8.0,-4.0,0.0,0.0,1568.2524919881544,1490.2875056389225,77.96498634923182,16.6,10.8,5.800000000000001,93.0,80.0,26.0,7.5,8.0,4.0,1.011,1.947,51.9,50.0,42.8,54.0,0.0,0.0,0,0,12.411764705882351,4.176470588235294,11.852941176470589,1.605263157894737,0.9473684210526316,0.3421052631578947,518.9411764705883,11.470588235294118,12.411764705882351,14.235294117647058,21.86842105263158,16.794117647058822,18.473684210526315,9.911764705882351,2.210526315789474,16.92105263157895,0.9736842105263158,0.0294117647058823,53.7,11.382352941176473,16.605263157894736,31.94117647058824,1.3941176470588237,1.1088235294117648,113.0,163.0,42.0,70.0,44.0,88.0,10.6,3.1,11.25,0.95,1.8,0.1,427.6,10.8,11.647058823529411,11.3,19.55,14.4,18.6,10.15,1.6,13.3,1.55,0.3,2.54,8.3,14.15,30.25,0.975,1.33,5.9,6.35,35.0,64.0,38.0,72.0,0.0,4.0,3.0,3.0,4.0,4.0,2.0,-1.0,2.0,2.0,4_vs_3,0.0789473684210526,0.0263157894736842,0.2941176470588235,0.3823529411764705,0.1052631578947368,0.2105263157894736,0.0789473684210526,0.0789473684210526,0.1052631578947368,0.0294117647058823,57.0,56.0,47.0,43.0,45.0,39.0,54.0,61.0,0.0526315789473684,0.0,0.2105263157894736,0.2105263157894736,0.0588235294117647,0.1842105263157894,0.0,0.0588235294117647,0.1052631578947368,0.0294117647058823,45.0,44.0,47.0,44.0,45.0,44.5,44.0,44.0,0.5,0.0472372065898819,0.4,0.00721153846153845,0,0,0,0,0,0,0,0,0,0,0,0,0,0,0,0,0,0,2026_27,J1,明治安田J1リーグ,j1,15.0,2026-11-21,,kobe,mito,unplayed,2026_27-j1-15-kobe-vs-mito,20260812_074327,2026_27_j1,weekly_prediction_snapshot
2026_27,15,2026-11-21,tk-v,0-0,nago,Ajinomoto Stadium,0,0,7.0,7.0,230.3,3-4-2-1,3-4-2-1,13.0,9.0,4.0,0.0,0.0,1506.3841338687366,1519.4628165308918,-13.078682662155188,9.33,13.35,-4.02,120.5,120.0,20.0,25.0,7.0,7.0,2.064,1.037,48.6,42.7,65.3,42.5,0.0,0.0,0,0,9.2,2.65,9.8,1.0,1.3,0.3,353.25,8.25,6.052631578947368,10.2,22.1,18.05263157894737,18.710526315789476,11.05,1.4,16.05,1.0,0.0,2.2,7.4,14.3,26.8,0.8400000000000001,1.065,5.95,7.2,15.0,26.5,19.0,33.5,11.205882352941176,3.8947368421052633,11.735294117647058,1.1578947368421053,1.0294117647058822,0.3823529411764705,403.1764705882353,11.676470588235292,10.705882352941176,13.441176470588236,21.647058823529413,18.58823529411765,18.94117647058824,10.176470588235292,1.7941176470588236,14.763157894736842,1.0,0.0588235294117647,46.2,8.973684210526315,17.294117647058822,30.289473684210527,1.1823529411764706,1.1176470588235294,114.0,155.0,39.0,74.0,48.0,79.0,0.0,3.0,6.0,1.0,3.0,6.0,1.0,1.0,2.0,2.0,3_vs_3,0.0789473684210526,0.0394736842105263,0.1973684210526315,0.0789473684210526,0.0657894736842105,0.0789473684210526,0.0,0.0789473684210526,0.0394736842105263,0.0131578947368421,22.5,22.5,23.0,19.5,22.5,21.0,22.0,25.0,0.0588235294117647,0.0294117647058823,0.2647058823529412,0.2058823529411764,0.0294117647058823,0.1842105263157894,0.0,0.1052631578947368,0.1470588235294117,0.0526315789473684,51.0,50.0,38.0,45.0,47.0,44.0,43.0,46.0,0.48684210526315785,0.023057390439661853,0.5,0.0289285714285714,0,0,0,0,0,0,0,0,0,0,0,0,0,0,0,0,0,0,2026_27,J1,明治安田J1リーグ,j1,15.0,2026-11-21,14:00,tk-v,nago,unplayed,2026_27-j1-15-tk-v-vs-nago,20260812_074327,2026_27_j1,weekly_prediction_snapshot
2026_27,15,2026-11-21,mcd,0-0,ngsk,Ajinomoto Stadium,0,0,6.0,6.5,357.7,3-4-2-1,3-4-2-1,3.0,7.0,-4.0,0.0,0.0,1539.9974199689445,1482.2412986905829,57.75612127836166,18.4,13.75,4.649999999999999,0.0,80.0,27.5,12.0,8.0,6.0,1.924,1.515,53.1,58.9,57.0,48.6,0.0,0.0,0,0,11.1,3.263157894736842,10.842105263157896,1.25,0.8947368421052632,0.35,328.63157894736844,11.45,5.25,11.2,17.15,15.31578947368421,17.026315789473685,9.95,1.2,12.8,1.15,0.05,2.26,8.4,17.15,28.7,1.11,0.9605263157894736,5.9,5.65,14.0,31.0,18.0,31.5,10.4,3.3,14.25,1.05,1.4,0.2,388.0,9.45,11.647058823529411,9.35,25.9,14.65,19.7,9.45,2.3,15.25,1.1,0.05,2.38,8.4,14.1,31.8,1.175,1.575,5.65,6.7,35.0,64.0,38.0,72.0,0.0,3.0,6.0,1.0,3.0,6.0,1.0,1.0,2.0,2.0,3_vs_3,0.0,0.0,0.0,0.0,0.0,0.0,0.0,0.0,0.0,0.0,0.0,0.0,0.0,0.0,0.0,0.0,0.0,0.0,0.0526315789473684,0.0,0.2105263157894736,0.2105263157894736,0.0588235294117647,0.1842105263157894,0.0,0.0588235294117647,0.1052631578947368,0.0294117647058823,45.0,44.0,47.0,44.0,45.0,44.5,44.0,44.0,0.48684210526315785,0.04772884663812635,0.475,0.0197403846153846,0,0,0,0,0,0,0,0,0,0,0,0,0,0,0,0,0,0,2026_27,J1,明治安田J1リーグ,j1,15.0,2026-11-21,14:00,mcd,ngsk,unplayed,2026_27-j1-15-mcd-vs-ngsk,20260812_074327,2026_27_j1,weekly_prediction_snapshot
2026_27,15,2026-11-21,hiro,0-0,y-fm,Ajinomoto Stadium,0,0,7.0,7.0,230.3,3-4-2-1,4-2-3-1,6.0,7.0,-1.0,0.0,0.0,1537.0103290322477,1570.7264926415494,-33.7161636093017,19.05,14.1,4.950000000000001,113.0,0.0,26.0,24.0,7.0,7.0,2.689,1.416,56.8,67.6,42.2,48.6,0.0,0.0,0,0,14.705882352941176,4.676470588235294,10.921052631578949,1.3529411764705883,1.105263157894737,0.3235294117647059,481.1470588235294,10.470588235294118,14.705882352941176,16.764705882352942,18.352941176470587,18.657894736842103,18.647058823529413,11.794117647058824,1.7352941176470589,16.86842105263158,0.9117647058823528,0.0294117647058823,49.5,13.117647058823527,18.176470588235293,33.3235294117647,1.4088235294117646,1.068421052631579,112.0,164.0,40.0,76.0,46.0,87.0,15.705882352941176,5.205882352941177,12.676470588235292,2.0294117647058822,1.1764705882352942,0.2647058823529412,607.2647058823529,11.852941176470589,17.205882352941178,18.294117647058822,18.647058823529413,16.973684210526315,19.11764705882353,11.842105263157896,1.5294117647058822,11.078947368421051,1.1842105263157894,0.0789473684210526,57.9,14.882352941176473,15.921052631578949,33.026315789473685,1.8088235294117647,1.3558823529411763,118.0,184.0,48.0,89.0,44.0,90.0,0.0,3.0,6.0,1.0,4.0,3.0,3.0,1.0,2.0,2.0,3_vs_4,0.1052631578947368,0.0526315789473684,0.3421052631578947,0.2941176470588235,0.1764705882352941,0.2352941176470588,0.0526315789473684,0.088235294117647,0.1176470588235294,0.0294117647058823,72.0,60.0,54.0,66.0,74.0,62.0,54.0,41.0,0.0,0.0,0.0,0.0,0.0,0.0,0.0,0.0,0.0,0.0,0.0,0.0,0.0,0.0,0.0,0.0,0.0,0.0,0.5,0.0223059812160158,0.4736842105263157,0.0339335180055401,0,0,0,0,0,0,0,0,0,0,0,0,0,0,0,0,0,0,2026_27,J1,明治安田J1リーグ,j1,15.0,2026-11-21,14:00,hiro,y-fm,unplayed,2026_27-j1-15-hiro-vs-y-fm,20260812_074327,2026_27_j1,weekly_prediction_snapshot
2026_27,15,2026-11-21,ka-f,0-0,fuku,Ajinomoto Stadium,0,0,6.0,7.0,843.1,4-2-3-1,3-4-2-1,6.0,10.0,-4.0,0.0,0.0,1552.3375348771292,1504.43640562365,47.90112925347921,19.05,12.03,7.020000000000001,114.0,121.0,25.0,21.0,7.0,7.0,1.501,0.769,57.3,51.3,50.0,48.1,0.0,0.0,0,0,14.657894736842104,4.947368421052632,10.235294117647058,1.911764705882353,1.2352941176470589,0.3235294117647059,578.9705882352941,11.552631578947368,15.68421052631579,13.617647058823527,20.294117647058822,18.94117647058824,20.0,9.794117647058824,2.2058823529411766,13.588235294117649,1.1470588235294117,0.088235294117647,54.9,14.078947368421051,17.5,32.47058823529412,1.6473684210526316,1.052941176470588,111.0,157.0,42.0,70.0,44.0,82.0,10.5,3.176470588235294,11.157894736842104,0.868421052631579,1.0,0.3235294117647059,336.8684210526316,10.529411764705882,9.657894736842104,14.052631578947368,24.61764705882353,19.529411764705884,18.44117647058824,13.058823529411764,1.6176470588235294,18.61764705882353,1.4411764705882353,0.0263157894736842,42.7,8.368421052631579,17.5,32.28947368421053,1.0558823529411765,1.0323529411764707,109.0,120.0,26.0,52.0,38.0,67.0,0.0,4.0,3.0,3.0,3.0,6.0,1.0,-1.0,2.0,2.0,4_vs_3,0.1764705882352941,0.0294117647058823,0.3421052631578947,0.4117647058823529,0.131578947368421,0.3529411764705882,0.0294117647058823,0.088235294117647,0.1764705882352941,0.1176470588235294,51.0,63.0,59.0,53.0,51.0,41.0,73.0,53.0,0.0526315789473684,0.0263157894736842,0.2105263157894736,0.2105263157894736,0.0263157894736842,0.2058823529411764,0.0,0.0263157894736842,0.0789473684210526,0.0263157894736842,42.0,45.0,44.0,47.0,54.0,51.0,40.0,34.0,0.45,0.0350346020761245,0.5,0.0240403640680649,0,0,0,0,0,0,0,0,0,0,0,0,0,0,0,0,0,0,2026_27,J1,明治安田J1リーグ,j1,15.0,2026-11-21,15:00,ka-f,fuku,unplayed,2026_27-j1-15-ka-f-vs-fuku,20260812_074327,2026_27_j1,weekly_prediction_snapshot
2026_27,15,2026-11-21,c-os,0-0,FCtk,Ajinomoto Stadium,0,0,7.0,7.0,225.6,3-4-2-1,4-4-2,7.0,8.0,-1.0,0.0,0.0,1510.635587565086,1504.7254200609143,5.910167504171795,12.5,17.15,-4.649999999999999,99.0,0.0,23.0,23.0,7.0,7.0,0.595,0.998,39.0,36.8,41.1,46.9,0.0,0.0,0,0,13.394736842105264,3.868421052631579,12.18421052631579,1.236842105263158,1.1764705882352942,0.2894736842105263,455.8157894736842,10.823529411764708,11.105263157894736,15.289473684210526,20.5,15.5,18.38235294117647,9.157894736842104,1.605263157894737,13.941176470588236,0.7368421052631579,0.0294117647058823,50.4,10.763157894736842,15.441176470588236,31.88235294117647,1.258823529411765,1.1973684210526316,114.0,129.0,41.0,62.0,48.0,66.0,0.0,0.0,0.0,0.0,0.0,0.0,0.0,0.0,0.0,0.0,0.0,0.0,0.0,0.0,0.0,0.0,0.0,0.0,0.0,0.0,0.0,0.0,0.0,0.0,0.0,0.0,0.0,0.0,0.0,0.0,0.0,4.0,4.0,2.0,4.0,3.0,3.0,-1.0,2.0,2.0,3_vs_4,0.088235294117647,0.0,0.2894736842105263,0.2894736842105263,0.0526315789473684,0.2368421052631578,0.0294117647058823,0.0789473684210526,0.088235294117647,0.0588235294117647,56.0,45.0,45.0,49.0,46.0,44.0,50.0,55.0,0.0,0.0,0.0,0.0,0.0,0.0,0.0,0.0,0.0,0.0,0.0,0.0,0.0,0.0,0.0,0.0,0.0,0.0,0.5,0.0280470914127423,0.4736842105263157,0.0222925735391109,0,0,0,0,0,0,0,0,0,0,0,0,0,0,0,0,0,0,2026_27,J1,明治安田J1リーグ,j1,15.0,2026-11-21,15:00,c-os,FCtk,unplayed,2026_27-j1-15-c-os-vs-FCtk,20260812_074327,2026_27_j1,weekly_prediction_snapshot
2026_27,15,2026-11-21,g-os,0-0,okay,Ajinomoto Stadium,0,0,7.0,6.0,0.0,4-2-3-1,3-4-2-1,12.0,9.0,3.0,0.0,1.0,1484.87429753502,1494.8528330726735,-9.978535537653443,15.35,10.48,4.869999999999999,93.0,127.0,20.0,18.0,5.0,6.0,1.038,2.493,57.9,28.6,63.2,61.0,0.0,0.0,0,0,12.763157894736842,4.088235294117647,14.911764705882351,1.1176470588235294,1.2894736842105263,0.3421052631578947,473.8157894736842,9.470588235294118,10.794117647058824,13.058823529411764,23.029411764705884,17.13157894736842,20.289473684210527,11.558823529411764,1.7941176470588236,17.676470588235293,1.0526315789473684,0.0294117647058823,48.1,11.176470588235292,16.91176470588235,31.789473684210527,1.2352941176470589,1.576470588235294,113.0,157.0,38.0,67.0,50.0,83.0,0.0,0.0,0.0,0.0,0.0,0.0,0.0,0.0,0.0,0.0,0.0,0.0,0.0,0.0,0.0,0.0,0.0,0.0,0.0,0.0,0.0,0.0,0.0,0.0,0.0,0.0,0.0,0.0,0.0,0.0,0.0,4.0,4.0,2.0,3.0,6.0,1.0,-1.0,2.0,2.0,4_vs_3,0.131578947368421,0.0263157894736842,0.2631578947368421,0.1764705882352941,0.0588235294117647,0.1764705882352941,0.0263157894736842,0.1470588235294117,0.1470588235294117,0.0294117647058823,41.0,45.0,49.0,49.0,43.0,47.0,55.0,47.0,0.0,0.0,0.0,0.0,0.0,0.0,0.0,0.0,0.0,0.0,0.0,0.0,0.0,0.0,0.0,0.0,0.0,0.0,0.5,0.0373961218836565,0.5,0.0225,0,0,0,0,0,0,0,0,0,0,0,0,0,0,0,0,0,0,2026_27,J1,明治安田J1リーグ,j1,15.0,2026-11-21,16:00,g-os,okay,unplayed,2026_27-j1-15-g-os-vs-okay,20260812_074327,2026_27_j1,weekly_prediction_snapshot
2026_27,16,2026-11-25,mito,0-0,tk-v,Ajinomoto Stadium,0,0,7.0,6.0,0.0,3-4-2-1,3-4-2-1,9.0,13.0,-4.0,1.0,0.0,1481.3682664890543,1507.9523244100073,-26.584057920953,10.8,9.33,1.4700000000000006,82.0,118.5,10.5,21.0,3.5,7.0,1.947,2.064,42.8,54.0,48.6,42.7,0.0,0.0,0,0,10.6,3.1,11.25,0.95,1.8,0.1,427.6,10.8,11.647058823529411,11.3,19.55,14.4,18.6,10.15,1.6,13.3,1.55,0.3,2.54,8.3,14.15,30.25,0.975,1.33,5.9,6.35,35.0,64.0,38.0,72.0,9.2,2.65,9.8,1.0,1.3,0.3,353.25,8.25,6.052631578947368,10.2,22.1,18.05263157894737,18.710526315789476,11.05,1.4,16.05,1.0,0.0,2.2,7.4,14.3,26.8,0.8400000000000001,1.065,5.95,7.2,15.0,26.5,19.0,33.5,0.0,4.0,4.0,2.0,3.0,6.0,1.0,-0.5,2.0,2.0,3_vs_3,0.0526315789473684,0.0,0.2105263157894736,0.2105263157894736,0.0588235294117647,0.1842105263157894,0.0,0.0588235294117647,0.1052631578947368,0.0294117647058823,45.0,44.0,47.0,44.0,45.0,44.5,44.0,44.0,0.0789473684210526,0.0394736842105263,0.1973684210526315,0.0789473684210526,0.0657894736842105,0.0789473684210526,0.0,0.0789473684210526,0.0394736842105263,0.0131578947368421,22.5,22.5,23.0,19.5,22.5,21.0,22.0,25.0,0.55,0.01095238095238095,0.48684210526315785,0.027239150507848503,0,0,0,0,0,0,0,0,0,0,0,0,0,0,0,0,0,0,2026_27,J1,明治安田J1リーグ,j1,16.0,2026-11-25,19:00,mito,tk-v,unplayed,2026_27-j1-16-mito-vs-tk-v,20260812_074327,2026_27_j1,weekly_prediction_snapshot
2026_27,16,2026-11-25,chib,0-0,nago,Ajinomoto Stadium,0,0,7.0,7.0,230.3,3-4-2-1,3-4-2-1,10.0,9.0,1.0,0.0,0.0,1469.3397806394082,1519.4628165308918,-50.123035891483596,13.3,13.35,-0.049999999999998934,82.0,120.0,6.5,25.0,3.0,7.0,0.481,1.037,32.4,43.2,65.3,42.5,0.0,0.0,0,0,10.75,3.45,15.65,1.0,1.65,0.1,394.6,11.1,11.647058823529411,11.6,27.0,15.85,16.7,11.35,1.7,13.6,1.55,0.05,2.355,7.95,15.1,28.35,1.135,1.65,5.95,6.05,35.0,64.0,38.0,72.0,11.205882352941176,3.8947368421052633,11.735294117647058,1.1578947368421053,1.0294117647058822,0.3823529411764705,403.1764705882353,11.676470588235292,10.705882352941176,13.441176470588236,21.647058823529413,18.58823529411765,18.94117647058824,10.176470588235292,1.7941176470588236,14.763157894736842,1.0,0.0588235294117647,46.2,8.973684210526315,17.294117647058822,30.289473684210527,1.1823529411764706,1.1176470588235294,114.0,155.0,39.0,74.0,48.0,79.0,0.0,4.0,4.0,2.0,3.0,6.0,1.0,-0.5,2.0,2.0,3_vs_3,0.0526315789473684,0.0,0.2105263157894736,0.2105263157894736,0.0588235294117647,0.1842105263157894,0.0,0.0588235294117647,0.1052631578947368,0.0294117647058823,45.0,44.0,47.0,44.0,45.0,44.5,44.0,44.0,0.0588235294117647,0.0294117647058823,0.2647058823529412,0.2058823529411764,0.0294117647058823,0.1842105263157894,0.0,0.1052631578947368,0.1470588235294117,0.0526315789473684,51.0,50.0,38.0,45.0,47.0,44.0,43.0,46.0,0.42500000000000004,0.0081944444444444,0.5,0.0289285714285714,0,0,0,0,0,0,0,0,0,0,0,0,0,0,0,0,0,0,2026_27,J1,明治安田J1リーグ,j1,16.0,2026-11-25,19:00,chib,nago,unplayed,2026_27-j1-16-chib-vs-nago,20260812_074327,2026_27_j1,weekly_prediction_snapshot
2026_27,16,2026-11-25,FCtk,0-0,hiro,Ajinomoto Stadium,0,0,7.0,7.0,639.0,4-4-2,3-4-2-1,9.0,5.0,4.0,0.0,0.0,1502.9687564818937,1548.059515531813,-45.09075904991937,17.15,19.05,-1.9000000000000021,0.0,117.0,22.0,29.0,6.0,8.0,0.998,2.689,41.1,46.9,56.8,67.6,0.0,0.0,0,0,0.0,0.0,0.0,0.0,0.0,0.0,0.0,0.0,0.0,0.0,0.0,0.0,0.0,0.0,0.0,0.0,0.0,0.0,0.0,0.0,0.0,0.0,0.0,0.0,0.0,0.0,0.0,0.0,0.0,0.0,14.705882352941176,4.676470588235294,10.921052631578949,1.3529411764705883,1.105263157894737,0.3235294117647059,481.1470588235294,10.470588235294118,14.705882352941176,16.764705882352942,18.352941176470587,18.657894736842103,18.647058823529413,11.794117647058824,1.7352941176470589,16.86842105263158,0.9117647058823528,0.0294117647058823,49.5,13.117647058823527,18.176470588235293,33.3235294117647,1.4088235294117646,1.068421052631579,112.0,164.0,40.0,76.0,46.0,87.0,0.0,4.0,3.0,3.0,3.0,6.0,1.0,-1.0,2.0,2.0,4_vs_3,0.0,0.0,0.0,0.0,0.0,0.0,0.0,0.0,0.0,0.0,0.0,0.0,0.0,0.0,0.0,0.0,0.0,0.0,0.1052631578947368,0.0526315789473684,0.3421052631578947,0.2941176470588235,0.1764705882352941,0.2352941176470588,0.0526315789473684,0.088235294117647,0.1176470588235294,0.0294117647058823,72.0,60.0,54.0,66.0,74.0,62.0,54.0,41.0,0.5,0.0249307479224376,0.4736842105263157,0.0276816608996539,0,0,0,0,0,0,0,0,0,0,0,0,0,0,0,0,0,0,2026_27,J1,明治安田J1リーグ,j1,16.0,2026-11-25,19:00,FCtk,hiro,unplayed,2026_27-j1-16-FCtk-vs-hiro,20260812_074327,2026_27_j1,weekly_prediction_snapshot
2026_27,16,2026-11-25,okay,0-0,shim,Ajinomoto Stadium,0,0,7.0,7.0,222.2,3-4-2-1,4-1-2-3,9.0,13.0,-4.0,0.0,0.0,1499.4001333498045,1478.0354137476809,21.364719602123614,10.48,13.83,-3.3499999999999996,100.0,85.0,18.0,16.0,6.0,4.0,2.493,1.52,63.2,61.0,57.5,34.7,0.0,0.0,0,0,0.0,0.0,0.0,0.0,0.0,0.0,0.0,0.0,0.0,0.0,0.0,0.0,0.0,0.0,0.0,0.0,0.0,0.0,0.0,0.0,0.0,0.0,0.0,0.0,0.0,0.0,0.0,0.0,0.0,0.0,11.342105263157896,3.5,12.0,0.9736842105263158,1.4210526315789471,0.1176470588235294,407.60526315789474,9.157894736842104,8.421052631578947,13.342105263157896,21.47058823529412,15.263157894736842,19.07894736842105,8.894736842105264,1.9705882352941173,12.176470588235292,0.631578947368421,0.0263157894736842,43.5,8.973684210526315,14.052631578947368,29.44736842105263,1.0578947368421054,1.0842105263157895,113.0,156.0,39.0,71.0,49.0,83.0,0.0,3.0,6.0,1.0,4.0,4.0,2.0,1.0,2.0,2.0,3_vs_4,0.0,0.0,0.0,0.0,0.0,0.0,0.0,0.0,0.0,0.0,0.0,0.0,0.0,0.0,0.0,0.0,0.0,0.0,0.0,0.0,0.3421052631578947,0.2105263157894736,0.0,0.131578947368421,0.0,0.0526315789473684,0.088235294117647,0.088235294117647,35.0,34.0,47.0,47.0,36.0,44.0,42.0,53.0,0.4473684210526316,0.0279316712834718,0.45,0.032,0,0,0,0,0,0,0,0,0,0,0,0,0,0,0,0,0,0,2026_27,J1,明治安田J1リーグ,j1,16.0,2026-11-25,19:00,okay,shim,unplayed,2026_27-j1-16-okay-vs-shim,20260812_074327,2026_27_j1,weekly_prediction_snapshot
2026_27,16,2026-11-25,fuku,0-0,y-fm,Ajinomoto Stadium,0,0,7.0,7.0,230.3,3-4-2-1,4-2-3-1,10.0,7.0,3.0,0.0,0.0,1502.0577783078763,1570.7264926415494,-68.66871433367305,12.03,14.1,-2.0700000000000003,113.0,0.0,19.0,24.0,5.0,7.0,0.769,1.416,50.0,48.1,42.2,48.6,0.0,0.0,0,0,10.5,3.176470588235294,11.157894736842104,0.868421052631579,1.0,0.3235294117647059,336.8684210526316,10.529411764705882,9.657894736842104,14.052631578947368,24.61764705882353,19.529411764705884,18.44117647058824,13.058823529411764,1.6176470588235294,18.61764705882353,1.4411764705882353,0.0263157894736842,42.7,8.368421052631579,17.5,32.28947368421053,1.0558823529411765,1.0323529411764707,109.0,120.0,26.0,52.0,38.0,67.0,15.705882352941176,5.205882352941177,12.676470588235292,2.0294117647058822,1.1764705882352942,0.2647058823529412,607.2647058823529,11.852941176470589,17.205882352941178,18.294117647058822,18.647058823529413,16.973684210526315,19.11764705882353,11.842105263157896,1.5294117647058822,11.078947368421051,1.1842105263157894,0.0789473684210526,57.9,14.882352941176473,15.921052631578949,33.026315789473685,1.8088235294117647,1.3558823529411763,118.0,184.0,48.0,89.0,44.0,90.0,0.0,3.0,6.0,1.0,4.0,3.0,3.0,0.0,2.0,2.0,3_vs_4,0.0526315789473684,0.0263157894736842,0.2105263157894736,0.2105263157894736,0.0263157894736842,0.2058823529411764,0.0,0.0263157894736842,0.0789473684210526,0.0263157894736842,42.0,45.0,44.0,47.0,54.0,51.0,40.0,34.0,0.0,0.0,0.0,0.0,0.0,0.0,0.0,0.0,0.0,0.0,0.0,0.0,0.0,0.0,0.0,0.0,0.0,0.0,0.45,0.0218144044321329,0.4736842105263157,0.0339335180055401,0,0,0,0,0,0,0,0,0,0,0,0,0,0,0,0,0,0,2026_27,J1,明治安田J1リーグ,j1,16.0,2026-11-25,19:00,fuku,y-fm,unplayed,2026_27-j1-16-fuku-vs-y-fm,20260812_074327,2026_27_j1,weekly_prediction_snapshot
2026_27,16,2026-11-25,ngsk,0-0,ka-f,Ajinomoto Stadium,0,0,7.0,7.0,233.7,3-4-2-1,4-2-3-1,8.5,6.0,2.5,0.5,0.0,1486.5869419238666,1554.9684351975595,-68.38149327369297,13.75,19.05,-5.300000000000001,82.0,127.0,12.0,26.0,4.0,8.0,1.515,1.501,57.0,48.6,57.3,51.3,0.0,0.0,0,0,10.4,3.3,14.25,1.05,1.4,0.2,388.0,9.45,11.647058823529411,9.35,25.9,14.65,19.7,9.45,2.3,15.25,1.1,0.05,2.38,8.4,14.1,31.8,1.175,1.575,5.65,6.7,35.0,64.0,38.0,72.0,14.657894736842104,4.947368421052632,10.235294117647058,1.911764705882353,1.2352941176470589,0.3235294117647059,578.9705882352941,11.552631578947368,15.68421052631579,13.617647058823527,20.294117647058822,18.94117647058824,20.0,9.794117647058824,2.2058823529411766,13.588235294117649,1.1470588235294117,0.088235294117647,54.9,14.078947368421051,17.5,32.47058823529412,1.6473684210526316,1.052941176470588,111.0,157.0,42.0,70.0,44.0,82.0,0.0,3.0,6.0,1.0,4.0,3.0,3.0,0.5,2.0,2.0,3_vs_4,0.0526315789473684,0.0,0.2105263157894736,0.2105263157894736,0.0588235294117647,0.1842105263157894,0.0,0.0588235294117647,0.1052631578947368,0.0294117647058823,45.0,44.0,47.0,44.0,45.0,44.5,44.0,44.0,0.1764705882352941,0.0294117647058823,0.3421052631578947,0.4117647058823529,0.131578947368421,0.3529411764705882,0.0294117647058823,0.088235294117647,0.1764705882352941,0.1176470588235294,51.0,63.0,59.0,53.0,51.0,41.0,73.0,53.0,0.47500000000000003,0.02306318681318675,0.5,0.032840909090909,0,0,0,0,0,0,0,0,0,0,0,0,0,0,0,0,0,0,2026_27,J1,明治安田J1リーグ,j1,16.0,2026-11-25,19:00,ngsk,ka-f,unplayed,2026_27-j1-16-ngsk-vs-ka-f,20260812_074327,2026_27_j1,weekly_prediction_snapshot
2026_27,16,2026-11-25,uraw,0-0,c-os,Ajinomoto Stadium,0,0,6.0,6.0,385.9,4-1-2-3,3-4-2-1,8.0,8.0,0.0,0.0,0.0,1527.1329713906612,1509.1673593438288,17.965612046832348,14.0,12.5,1.5,93.0,93.0,24.0,24.0,7.0,6.0,2.553,0.595,71.4,42.1,39.0,36.8,0.0,0.0,0,0,12.029411764705882,3.941176470588235,12.578947368421051,1.2647058823529411,1.1470588235294117,0.3157894736842105,486.5,9.973684210526317,13.205882352941176,12.86842105263158,20.91176470588235,17.735294117647058,19.23529411764705,10.105263157894736,1.763157894736842,13.894736842105264,1.105263157894737,0.0294117647058823,52.7,10.558823529411764,16.81578947368421,30.47058823529412,1.363157894736842,1.1823529411764706,111.0,163.0,39.0,78.0,45.0,83.0,13.394736842105264,3.868421052631579,12.18421052631579,1.236842105263158,1.1764705882352942,0.2894736842105263,455.8157894736842,10.823529411764708,11.105263157894736,15.289473684210526,20.5,15.5,18.38235294117647,9.157894736842104,1.605263157894737,13.941176470588236,0.7368421052631579,0.0294117647058823,50.4,10.763157894736842,15.441176470588236,31.88235294117647,1.258823529411765,1.1973684210526316,114.0,129.0,41.0,62.0,48.0,66.0,0.0,4.0,5.0,1.0,4.0,4.0,2.0,0.0,2.0,2.0,4_vs_3,0.1842105263157894,0.0294117647058823,0.2352941176470588,0.2352941176470588,0.1176470588235294,0.2368421052631578,0.0263157894736842,0.0526315789473684,0.1470588235294117,0.0263157894736842,46.0,43.0,52.0,42.0,42.0,45.0,53.0,63.0,0.088235294117647,0.0,0.2894736842105263,0.2894736842105263,0.0526315789473684,0.2368421052631578,0.0294117647058823,0.0789473684210526,0.088235294117647,0.0588235294117647,56.0,45.0,45.0,49.0,46.0,44.0,50.0,55.0,0.4705882352941176,0.0207612456747404,0.4736842105263157,0.0293452222517966,0,0,0,0,0,0,0,0,0,0,0,0,0,0,0,0,0,0,2026_27,J1,明治安田J1リーグ,j1,16.0,2026-11-25,19:30,uraw,c-os,unplayed,2026_27-j1-16-uraw-vs-c-os,20260812_074327,2026_27_j1,weekly_prediction_snapshot
2026_27,17,2026-11-28,kasw,0-0,hiro,Ajinomoto Stadium,0,0,6.0,7.0,639.0,3-4-2-1,3-4-2-1,10.0,5.0,5.0,0.0,0.0,1475.6111733703474,1548.059515531813,-72.44834216146569,17.85,19.05,-1.1999999999999993,101.0,117.0,19.0,29.0,6.0,8.0,1.09,2.689,46.0,57.2,56.8,67.6,0.0,0.0,0,0,12.552631578947368,4.0588235294117645,11.382352941176473,1.0263157894736843,1.3529411764705883,0.2105263157894736,422.1315789473685,9.941176470588236,13.263157894736842,14.588235294117649,22.647058823529413,17.794117647058822,19.92105263157895,12.676470588235292,1.7352941176470589,16.441176470588236,1.588235294117647,0.0526315789473684,46.0,11.473684210526317,15.205882352941176,32.44117647058823,1.2289473684210528,1.181578947368421,113.0,163.0,39.0,80.0,47.0,82.0,14.705882352941176,4.676470588235294,10.921052631578949,1.3529411764705883,1.105263157894737,0.3235294117647059,481.1470588235294,10.470588235294118,14.705882352941176,16.764705882352942,18.352941176470587,18.657894736842103,18.647058823529413,11.794117647058824,1.7352941176470589,16.86842105263158,0.9117647058823528,0.0294117647058823,49.5,13.117647058823527,18.176470588235293,33.3235294117647,1.4088235294117646,1.068421052631579,112.0,164.0,40.0,76.0,46.0,87.0,0.0,3.0,5.0,2.0,3.0,6.0,1.0,1.0,2.0,2.0,3_vs_3,0.0526315789473684,0.0,0.1842105263157894,0.2105263157894736,0.2058823529411764,0.1842105263157894,0.0588235294117647,0.0588235294117647,0.1764705882352941,0.0588235294117647,50.0,43.0,54.0,45.0,55.0,63.0,43.0,43.0,0.1052631578947368,0.0526315789473684,0.3421052631578947,0.2941176470588235,0.1764705882352941,0.2352941176470588,0.0526315789473684,0.088235294117647,0.1176470588235294,0.0294117647058823,72.0,60.0,54.0,66.0,74.0,62.0,54.0,41.0,0.5,0.0292387543252595,0.4736842105263157,0.0276816608996539,0,0,0,0,0,0,0,0,0,0,0,0,0,0,0,0,0,0,2026_27,J1,明治安田J1リーグ,j1,17.0,2026-11-28,,kasw,hiro,unplayed,2026_27-j1-17-kasw-vs-hiro,20260812_074327,2026_27_j1,weekly_prediction_snapshot
2026_27,17,2026-11-28,kyot,0-0,c-os,Ajinomoto Stadium,0,0,7.0,6.0,385.9,4-2-3-1,3-4-2-1,11.5,8.0,3.5,0.0,0.0,1482.0426018308194,1509.1673593438288,-27.1247575130094,14.98,12.5,2.4800000000000004,127.5,93.0,18.5,24.0,5.5,6.0,0.847,0.595,51.4,42.9,39.0,36.8,0.0,0.0,0,0,11.911764705882351,3.176470588235294,12.823529411764708,1.05,1.3235294117647058,0.2352941176470588,337.52941176470586,10.441176470588236,10.43498452012384,13.5,23.7,17.15,21.15,13.205882352941176,1.3,17.8,1.5263157894736843,0.0789473684210526,46.2,10.0,15.8,33.94117647058823,1.1588235294117646,1.4352941176470588,113.0,133.0,27.0,53.0,36.5,80.0,13.394736842105264,3.868421052631579,12.18421052631579,1.236842105263158,1.1764705882352942,0.2894736842105263,455.8157894736842,10.823529411764708,11.105263157894736,15.289473684210526,20.5,15.5,18.38235294117647,9.157894736842104,1.605263157894737,13.941176470588236,0.7368421052631579,0.0294117647058823,50.4,10.763157894736842,15.441176470588236,31.88235294117647,1.258823529411765,1.1973684210526316,114.0,129.0,41.0,62.0,48.0,66.0,0.0,4.0,3.0,3.0,4.0,4.0,2.0,-2.0,2.0,2.0,4_vs_3,0.0278637770897832,0.0,0.2376160990712074,0.2105263157894736,0.0704334365325076,0.0588235294117647,0.0,0.0719814241486068,0.1176470588235294,0.0147058823529411,56.0,35.5,54.5,60.0,56.0,46.0,36.0,38.0,0.088235294117647,0.0,0.2894736842105263,0.2894736842105263,0.0526315789473684,0.2368421052631578,0.0294117647058823,0.0789473684210526,0.088235294117647,0.0588235294117647,56.0,45.0,45.0,49.0,46.0,44.0,50.0,55.0,0.5,0.049528879425073155,0.4736842105263157,0.0293452222517966,0,0,0,0,0,0,0,0,0,0,0,0,0,0,0,0,0,0,2026_27,J1,明治安田J1リーグ,j1,17.0,2026-11-28,,kyot,c-os,unplayed,2026_27-j1-17-kyot-vs-c-os,20260812_074327,2026_27_j1,weekly_prediction_snapshot
2026_27,17,2026-11-28,kobe,0-0,chib,Ajinomoto Stadium,0,0,6.0,6.5,357.7,4-1-2-3,3-4-2-1,4.0,9.5,-5.5,0.0,0.0,1568.2524919881544,1468.4504174736203,99.80207451453407,16.6,13.3,3.3000000000000007,93.0,80.0,26.0,9.0,8.0,3.5,1.011,0.481,51.9,50.0,32.4,43.2,0.0,0.0,0,0,12.411764705882351,4.176470588235294,11.852941176470589,1.605263157894737,0.9473684210526316,0.3421052631578947,518.9411764705883,11.470588235294118,12.411764705882351,14.235294117647058,21.86842105263158,16.794117647058822,18.473684210526315,9.911764705882351,2.210526315789474,16.92105263157895,0.9736842105263158,0.0294117647058823,53.7,11.382352941176473,16.605263157894736,31.94117647058824,1.3941176470588237,1.1088235294117648,113.0,163.0,42.0,70.0,44.0,88.0,10.75,3.45,15.65,1.0,1.65,0.1,394.6,11.1,11.647058823529411,11.6,27.0,15.85,16.7,11.35,1.7,13.6,1.55,0.05,2.355,7.95,15.1,28.35,1.135,1.65,5.95,6.05,35.0,64.0,38.0,72.0,0.0,4.0,3.0,3.0,4.0,4.0,2.0,-1.0,2.0,2.0,4_vs_3,0.0789473684210526,0.0263157894736842,0.2941176470588235,0.3823529411764705,0.1052631578947368,0.2105263157894736,0.0789473684210526,0.0789473684210526,0.1052631578947368,0.0294117647058823,57.0,56.0,47.0,43.0,45.0,39.0,54.0,61.0,0.0526315789473684,0.0,0.2105263157894736,0.2105263157894736,0.0588235294117647,0.1842105263157894,0.0,0.0588235294117647,0.1052631578947368,0.0294117647058823,45.0,44.0,47.0,44.0,45.0,44.5,44.0,44.0,0.5,0.0472372065898819,0.525,0.0103854166666666,0,0,0,0,0,0,0,0,0,0,0,0,0,0,0,0,0,0,2026_27,J1,明治安田J1リーグ,j1,17.0,2026-11-28,,kobe,chib,unplayed,2026_27-j1-17-kobe-vs-chib,20260812_074327,2026_27_j1,weekly_prediction_snapshot
2026_27,17,2026-11-28,mcd,0-0,tk-v,Ajinomoto Stadium,0,0,6.0,6.0,0.0,3-4-2-1,3-4-2-1,3.0,13.0,-10.0,0.0,0.0,1539.9974199689445,1507.9523244100073,32.04509555893719,18.4,9.33,9.069999999999999,0.0,118.5,27.5,21.0,8.0,7.0,1.924,2.064,53.1,58.9,48.6,42.7,0.0,0.0,0,0,11.1,3.263157894736842,10.842105263157896,1.25,0.8947368421052632,0.35,328.63157894736844,11.45,5.25,11.2,17.15,15.31578947368421,17.026315789473685,9.95,1.2,12.8,1.15,0.05,2.26,8.4,17.15,28.7,1.11,0.9605263157894736,5.9,5.65,14.0,31.0,18.0,31.5,9.2,2.65,9.8,1.0,1.3,0.3,353.25,8.25,6.052631578947368,10.2,22.1,18.05263157894737,18.710526315789476,11.05,1.4,16.05,1.0,0.0,2.2,7.4,14.3,26.8,0.8400000000000001,1.065,5.95,7.2,15.0,26.5,19.0,33.5,0.0,3.0,6.0,1.0,3.0,6.0,1.0,1.0,2.0,2.0,3_vs_3,0.0,0.0,0.0,0.0,0.0,0.0,0.0,0.0,0.0,0.0,0.0,0.0,0.0,0.0,0.0,0.0,0.0,0.0,0.0789473684210526,0.0394736842105263,0.1973684210526315,0.0789473684210526,0.0657894736842105,0.0789473684210526,0.0,0.0789473684210526,0.0394736842105263,0.0131578947368421,22.5,22.5,23.0,19.5,22.5,21.0,22.0,25.0,0.48684210526315785,0.04772884663812635,0.48684210526315785,0.027239150507848503,0,0,0,0,0,0,0,0,0,0,0,0,0,0,0,0,0,0,2026_27,J1,明治安田J1リーグ,j1,17.0,2026-11-28,14:00,mcd,tk-v,unplayed,2026_27-j1-17-mcd-vs-tk-v,20260812_074327,2026_27_j1,weekly_prediction_snapshot
2026_27,17,2026-11-28,shim,0-0,uraw,Ajinomoto Stadium,0,0,7.0,7.0,234.7,4-1-2-3,4-1-2-3,13.0,8.0,5.0,0.0,0.0,1477.4441154138574,1527.74338246438,-50.29926705052253,13.83,14.0,-0.16999999999999993,78.0,99.0,19.0,25.0,5.0,7.0,1.52,2.553,57.5,34.7,71.4,42.1,0.0,0.0,0,0,11.342105263157896,3.5,12.0,0.9736842105263158,1.4210526315789471,0.1176470588235294,407.60526315789474,9.157894736842104,8.421052631578947,13.342105263157896,21.47058823529412,15.263157894736842,19.07894736842105,8.894736842105264,1.9705882352941173,12.176470588235292,0.631578947368421,0.0263157894736842,43.5,8.973684210526315,14.052631578947368,29.44736842105263,1.0578947368421054,1.0842105263157895,113.0,156.0,39.0,71.0,49.0,83.0,12.029411764705882,3.941176470588235,12.578947368421051,1.2647058823529411,1.1470588235294117,0.3157894736842105,486.5,9.973684210526317,13.205882352941176,12.86842105263158,20.91176470588235,17.735294117647058,19.23529411764705,10.105263157894736,1.763157894736842,13.894736842105264,1.105263157894737,0.0294117647058823,52.7,10.558823529411764,16.81578947368421,30.47058823529412,1.363157894736842,1.1823529411764706,111.0,163.0,39.0,78.0,45.0,83.0,0.0,4.0,4.0,2.0,4.0,5.0,1.0,0.0,2.0,2.0,4_vs_4,0.0,0.0,0.3421052631578947,0.2105263157894736,0.0,0.131578947368421,0.0,0.0526315789473684,0.088235294117647,0.088235294117647,35.0,34.0,47.0,47.0,36.0,44.0,42.0,53.0,0.1842105263157894,0.0294117647058823,0.2352941176470588,0.2352941176470588,0.1176470588235294,0.2368421052631578,0.0263157894736842,0.0526315789473684,0.1470588235294117,0.0263157894736842,46.0,43.0,52.0,42.0,42.0,45.0,53.0,63.0,0.5294117647058824,0.0381752077562327,0.5,0.0208333333333333,0,0,0,0,0,0,0,0,0,0,0,0,0,0,0,0,0,0,2026_27,J1,明治安田J1リーグ,j1,17.0,2026-11-28,14:00,shim,uraw,unplayed,2026_27-j1-17-shim-vs-uraw,20260812_074327,2026_27_j1,weekly_prediction_snapshot
2026_27,17,2026-11-28,kasm,0-0,okay,Ajinomoto Stadium,0,0,7.0,6.0,0.0,4-4-2,3-4-2-1,4.0,9.0,-5.0,0.0,1.0,1556.0187819361674,1494.8528330726735,61.165948863493895,21.43,10.48,10.95,86.0,127.0,30.0,18.0,9.0,6.0,2.945,2.493,51.4,57.8,63.2,61.0,0.0,0.0,0,0,12.941176470588236,4.176470588235294,11.147058823529411,1.5789473684210529,1.0789473684210529,0.3947368421052631,424.11764705882354,10.852941176470589,12.264705882352942,15.078947368421051,21.91176470588235,18.68421052631579,19.97058823529412,11.894736842105264,2.0,18.81578947368421,1.411764705882353,0.0588235294117647,50.1,11.5,17.36842105263158,33.55263157894737,1.2868421052631578,1.2078947368421051,112.0,167.0,40.0,80.0,45.0,86.0,0.0,0.0,0.0,0.0,0.0,0.0,0.0,0.0,0.0,0.0,0.0,0.0,0.0,0.0,0.0,0.0,0.0,0.0,0.0,0.0,0.0,0.0,0.0,0.0,0.0,0.0,0.0,0.0,0.0,0.0,0.0,4.0,4.0,2.0,3.0,6.0,1.0,-1.0,2.0,2.0,4_vs_3,0.0789473684210526,0.0,0.3823529411764705,0.2941176470588235,0.088235294117647,0.2631578947368421,0.0294117647058823,0.0588235294117647,0.1764705882352941,0.088235294117647,50.0,48.0,58.0,56.0,54.0,62.0,50.0,40.0,0.0,0.0,0.0,0.0,0.0,0.0,0.0,0.0,0.0,0.0,0.0,0.0,0.0,0.0,0.0,0.0,0.0,0.0,0.4705882352941176,0.0353474145891043,0.5,0.0225,0,0,0,0,0,0,0,0,0,0,0,0,0,0,0,0,0,0,2026_27,J1,明治安田J1リーグ,j1,17.0,2026-11-28,15:00,kasm,okay,unplayed,2026_27-j1-17-kasm-vs-okay,20260812_074327,2026_27_j1,weekly_prediction_snapshot
2026_27,17,2026-11-28,ka-f,0-0,g-os,Ajinomoto Stadium,0,0,6.0,6.0,383.2,4-2-3-1,4-2-3-1,6.0,12.0,-6.0,0.0,0.0,1552.3375348771292,1486.29287547773,66.04465939939928,19.05,15.35,3.700000000000001,114.0,85.0,25.0,20.0,7.0,6.0,1.501,1.038,57.3,51.3,57.9,28.6,0.0,0.0,0,0,14.657894736842104,4.947368421052632,10.235294117647058,1.911764705882353,1.2352941176470589,0.3235294117647059,578.9705882352941,11.552631578947368,15.68421052631579,13.617647058823527,20.294117647058822,18.94117647058824,20.0,9.794117647058824,2.2058823529411766,13.588235294117649,1.1470588235294117,0.088235294117647,54.9,14.078947368421051,17.5,32.47058823529412,1.6473684210526316,1.052941176470588,111.0,157.0,42.0,70.0,44.0,82.0,12.763157894736842,4.088235294117647,14.911764705882351,1.1176470588235294,1.2894736842105263,0.3421052631578947,473.8157894736842,9.470588235294118,10.794117647058824,13.058823529411764,23.029411764705884,17.13157894736842,20.289473684210527,11.558823529411764,1.7941176470588236,17.676470588235293,1.0526315789473684,0.0294117647058823,48.1,11.176470588235292,16.91176470588235,31.789473684210527,1.2352941176470589,1.576470588235294,113.0,157.0,38.0,67.0,50.0,83.0,0.0,4.0,3.0,3.0,4.0,4.0,2.0,-1.0,2.0,2.0,4_vs_4,0.1764705882352941,0.0294117647058823,0.3421052631578947,0.4117647058823529,0.131578947368421,0.3529411764705882,0.0294117647058823,0.088235294117647,0.1764705882352941,0.1176470588235294,51.0,63.0,59.0,53.0,51.0,41.0,73.0,53.0,0.131578947368421,0.0263157894736842,0.2631578947368421,0.1764705882352941,0.0588235294117647,0.1764705882352941,0.0263157894736842,0.1470588235294117,0.1470588235294117,0.0294117647058823,41.0,45.0,49.0,49.0,43.0,47.0,55.0,47.0,0.45,0.0350346020761245,0.4473684210526316,0.0339335180055401,0,0,0,0,0,0,0,0,0,0,0,0,0,0,0,0,0,0,2026_27,J1,明治安田J1リーグ,j1,17.0,2026-11-28,15:00,ka-f,g-os,unplayed,2026_27-j1-17-ka-f-vs-g-os,20260812_074327,2026_27_j1,weekly_prediction_snapshot
2026_27,17,2026-11-29,mito,0-0,ngsk,Ajinomoto Stadium,0,0,7.0,6.5,357.7,3-4-2-1,3-4-2-1,9.0,7.0,2.0,1.0,0.0,1481.3682664890543,1482.2412986905829,-0.873032201528531,10.8,13.75,-2.9499999999999993,82.0,80.0,10.5,12.0,3.5,6.0,1.947,1.515,42.8,54.0,57.0,48.6,0.0,0.0,0,0,10.6,3.1,11.25,0.95,1.8,0.1,427.6,10.8,11.647058823529411,11.3,19.55,14.4,18.6,10.15,1.6,13.3,1.55,0.3,2.54,8.3,14.15,30.25,0.975,1.33,5.9,6.35,35.0,64.0,38.0,72.0,10.4,3.3,14.25,1.05,1.4,0.2,388.0,9.45,11.647058823529411,9.35,25.9,14.65,19.7,9.45,2.3,15.25,1.1,0.05,2.38,8.4,14.1,31.8,1.175,1.575,5.65,6.7,35.0,64.0,38.0,72.0,0.0,4.0,4.0,2.0,3.0,6.0,1.0,-0.5,2.0,2.0,3_vs_3,0.0526315789473684,0.0,0.2105263157894736,0.2105263157894736,0.0588235294117647,0.1842105263157894,0.0,0.0588235294117647,0.1052631578947368,0.0294117647058823,45.0,44.0,47.0,44.0,45.0,44.5,44.0,44.0,0.0526315789473684,0.0,0.2105263157894736,0.2105263157894736,0.0588235294117647,0.1842105263157894,0.0,0.0588235294117647,0.1052631578947368,0.0294117647058823,45.0,44.0,47.0,44.0,45.0,44.5,44.0,44.0,0.55,0.01095238095238095,0.475,0.0197403846153846,0,0,0,0,0,0,0,0,0,0,0,0,0,0,0,0,0,0,2026_27,J1,明治安田J1リーグ,j1,17.0,2026-11-29,14:00,mito,ngsk,unplayed,2026_27-j1-17-mito-vs-ngsk,20260812_074327,2026_27_j1,weekly_prediction_snapshot
2026_27,17,2026-11-29,y-fm,0-0,FCtk,Ajinomoto Stadium,0,0,6.0,7.0,225.6,4-2-3-1,4-4-2,6.0,8.0,-2.0,0.0,0.0,1553.7084627416564,1504.7254200609143,48.983042680742074,14.1,17.15,-3.049999999999999,0.0,0.0,24.0,23.0,7.0,7.0,1.416,0.998,42.2,48.6,41.1,46.9,0.0,0.0,0,0,15.705882352941176,5.205882352941177,12.676470588235292,2.0294117647058822,1.1764705882352942,0.2647058823529412,607.2647058823529,11.852941176470589,17.205882352941178,18.294117647058822,18.647058823529413,16.973684210526315,19.11764705882353,11.842105263157896,1.5294117647058822,11.078947368421051,1.1842105263157894,0.0789473684210526,57.9,14.882352941176473,15.921052631578949,33.026315789473685,1.8088235294117647,1.3558823529411763,118.0,184.0,48.0,89.0,44.0,90.0,0.0,0.0,0.0,0.0,0.0,0.0,0.0,0.0,0.0,0.0,0.0,0.0,0.0,0.0,0.0,0.0,0.0,0.0,0.0,0.0,0.0,0.0,0.0,0.0,0.0,0.0,0.0,0.0,0.0,0.0,0.0,4.0,3.0,3.0,4.0,3.0,3.0,-1.0,2.0,2.0,4_vs_4,0.0,0.0,0.0,0.0,0.0,0.0,0.0,0.0,0.0,0.0,0.0,0.0,0.0,0.0,0.0,0.0,0.0,0.0,0.0,0.0,0.0,0.0,0.0,0.0,0.0,0.0,0.0,0.0,0.0,0.0,0.0,0.0,0.0,0.0,0.0,0.0,0.5,0.0339335180055401,0.4736842105263157,0.0222925735391109,0,0,0,0,0,0,0,0,0,0,0,0,0,0,0,0,0,0,2026_27,J1,明治安田J1リーグ,j1,17.0,2026-11-29,14:00,y-fm,FCtk,unplayed,2026_27-j1-17-y-fm-vs-FCtk,20260812_074327,2026_27_j1,weekly_prediction_snapshot
2026_27,17,2026-11-29,nago,0-0,fuku,Ajinomoto Stadium,0,0,7.0,7.0,843.1,3-4-2-1,3-4-2-1,8.0,10.0,-2.0,0.0,0.0,1521.2102994510724,1504.43640562365,16.7738938274224,13.35,12.03,1.3200000000000003,114.0,121.0,26.0,21.0,7.0,7.0,1.037,0.769,65.3,42.5,50.0,48.1,0.0,0.0,0,0,11.205882352941176,3.8947368421052633,11.735294117647058,1.1578947368421053,1.0294117647058822,0.3823529411764705,403.1764705882353,11.676470588235292,10.705882352941176,13.441176470588236,21.647058823529413,18.58823529411765,18.94117647058824,10.176470588235292,1.7941176470588236,14.763157894736842,1.0,0.0588235294117647,46.2,8.973684210526315,17.294117647058822,30.289473684210527,1.1823529411764706,1.1176470588235294,114.0,155.0,39.0,74.0,48.0,79.0,10.5,3.176470588235294,11.157894736842104,0.868421052631579,1.0,0.3235294117647059,336.8684210526316,10.529411764705882,9.657894736842104,14.052631578947368,24.61764705882353,19.529411764705884,18.44117647058824,13.058823529411764,1.6176470588235294,18.61764705882353,1.4411764705882353,0.0263157894736842,42.7,8.368421052631579,17.5,32.28947368421053,1.0558823529411765,1.0323529411764707,109.0,120.0,26.0,52.0,38.0,67.0,0.0,3.0,6.0,1.0,3.0,6.0,1.0,1.0,2.0,2.0,3_vs_3,0.0588235294117647,0.0294117647058823,0.2647058823529412,0.2058823529411764,0.0294117647058823,0.1842105263157894,0.0,0.1052631578947368,0.1470588235294117,0.0526315789473684,51.0,50.0,38.0,45.0,47.0,44.0,43.0,46.0,0.0526315789473684,0.0263157894736842,0.2105263157894736,0.2105263157894736,0.0263157894736842,0.2058823529411764,0.0,0.0263157894736842,0.0789473684210526,0.0263157894736842,42.0,45.0,44.0,47.0,54.0,51.0,40.0,34.0,0.4736842105263157,0.028365650969529,0.5,0.0240403640680649,0,0,0,0,0,0,0,0,0,0,0,0,0,0,0,0,0,0,2026_27,J1,明治安田J1リーグ,j1,17.0,2026-11-29,15:00,nago,fuku,unplayed,2026_27-j1-17-nago-vs-fuku,20260812_074327,2026_27_j1,weekly_prediction_snapshot
2026_27,18,2026-12-04,FCtk,0-0,ka-f,Ajinomoto Stadium,0,0,7.0,7.0,233.7,4-4-2,4-2-3-1,9.0,6.0,3.0,0.0,0.0,1502.9687564818937,1554.9684351975595,-51.99967871566582,17.15,19.05,-1.9000000000000021,0.0,127.0,22.0,26.0,6.0,8.0,0.998,1.501,41.1,46.9,57.3,51.3,0.0,0.0,0,0,0.0,0.0,0.0,0.0,0.0,0.0,0.0,0.0,0.0,0.0,0.0,0.0,0.0,0.0,0.0,0.0,0.0,0.0,0.0,0.0,0.0,0.0,0.0,0.0,0.0,0.0,0.0,0.0,0.0,0.0,14.657894736842104,4.947368421052632,10.235294117647058,1.911764705882353,1.2352941176470589,0.3235294117647059,578.9705882352941,11.552631578947368,15.68421052631579,13.617647058823527,20.294117647058822,18.94117647058824,20.0,9.794117647058824,2.2058823529411766,13.588235294117649,1.1470588235294117,0.088235294117647,54.9,14.078947368421051,17.5,32.47058823529412,1.6473684210526316,1.052941176470588,111.0,157.0,42.0,70.0,44.0,82.0,0.0,4.0,3.0,3.0,4.0,3.0,3.0,-1.0,2.0,2.0,4_vs_4,0.0,0.0,0.0,0.0,0.0,0.0,0.0,0.0,0.0,0.0,0.0,0.0,0.0,0.0,0.0,0.0,0.0,0.0,0.1764705882352941,0.0294117647058823,0.3421052631578947,0.4117647058823529,0.131578947368421,0.3529411764705882,0.0294117647058823,0.088235294117647,0.1764705882352941,0.1176470588235294,51.0,63.0,59.0,53.0,51.0,41.0,73.0,53.0,0.5,0.0249307479224376,0.5,0.032840909090909,0,0,0,0,0,0,0,0,0,0,0,0,0,0,0,0,0,0,2026_27,J1,明治安田J1リーグ,j1,18.0,2026-12-04,18:30,FCtk,ka-f,unplayed,2026_27-j1-18-FCtk-vs-ka-f,20260812_074327,2026_27_j1,weekly_prediction_snapshot
2026_27,18,2026-12-05,kasw,0-0,fuku,Ajinomoto Stadium,0,0,6.0,7.0,843.1,3-4-2-1,3-4-2-1,10.0,10.0,0.0,0.0,0.0,1475.6111733703474,1504.43640562365,-28.8252322533026,17.85,12.03,5.820000000000002,101.0,121.0,19.0,21.0,6.0,7.0,1.09,0.769,46.0,57.2,50.0,48.1,0.0,0.0,0,0,12.552631578947368,4.0588235294117645,11.382352941176473,1.0263157894736843,1.3529411764705883,0.2105263157894736,422.1315789473685,9.941176470588236,13.263157894736842,14.588235294117649,22.647058823529413,17.794117647058822,19.92105263157895,12.676470588235292,1.7352941176470589,16.441176470588236,1.588235294117647,0.0526315789473684,46.0,11.473684210526317,15.205882352941176,32.44117647058823,1.2289473684210528,1.181578947368421,113.0,163.0,39.0,80.0,47.0,82.0,10.5,3.176470588235294,11.157894736842104,0.868421052631579,1.0,0.3235294117647059,336.8684210526316,10.529411764705882,9.657894736842104,14.052631578947368,24.61764705882353,19.529411764705884,18.44117647058824,13.058823529411764,1.6176470588235294,18.61764705882353,1.4411764705882353,0.0263157894736842,42.7,8.368421052631579,17.5,32.28947368421053,1.0558823529411765,1.0323529411764707,109.0,120.0,26.0,52.0,38.0,67.0,0.0,3.0,5.0,2.0,3.0,6.0,1.0,1.0,2.0,2.0,3_vs_3,0.0526315789473684,0.0,0.1842105263157894,0.2105263157894736,0.2058823529411764,0.1842105263157894,0.0588235294117647,0.0588235294117647,0.1764705882352941,0.0588235294117647,50.0,43.0,54.0,45.0,55.0,63.0,43.0,43.0,0.0526315789473684,0.0263157894736842,0.2105263157894736,0.2105263157894736,0.0263157894736842,0.2058823529411764,0.0,0.0263157894736842,0.0789473684210526,0.0263157894736842,42.0,45.0,44.0,47.0,54.0,51.0,40.0,34.0,0.5,0.0292387543252595,0.5,0.0240403640680649,0,0,0,0,0,0,0,0,0,0,0,0,0,0,0,0,0,0,2026_27,J1,明治安田J1リーグ,j1,18.0,2026-12-05,,kasw,fuku,unplayed,2026_27-j1-18-kasw-vs-fuku,20260812_074327,2026_27_j1,weekly_prediction_snapshot
2026_27,18,2026-12-05,chib,0-0,kasm,Ajinomoto Stadium,0,0,7.0,7.0,289.2,3-4-2-1,4-4-2,10.0,4.0,6.0,0.0,0.0,1469.3397806394082,1555.0464607669046,-85.70668012749638,13.3,21.43,-8.129999999999999,82.0,88.0,6.5,32.0,3.0,8.0,0.481,2.945,32.4,43.2,51.4,57.8,0.0,0.0,0,0,10.75,3.45,15.65,1.0,1.65,0.1,394.6,11.1,11.647058823529411,11.6,27.0,15.85,16.7,11.35,1.7,13.6,1.55,0.05,2.355,7.95,15.1,28.35,1.135,1.65,5.95,6.05,35.0,64.0,38.0,72.0,12.941176470588236,4.176470588235294,11.147058823529411,1.5789473684210529,1.0789473684210529,0.3947368421052631,424.11764705882354,10.852941176470589,12.264705882352942,15.078947368421051,21.91176470588235,18.68421052631579,19.97058823529412,11.894736842105264,2.0,18.81578947368421,1.411764705882353,0.0588235294117647,50.1,11.5,17.36842105263158,33.55263157894737,1.2868421052631578,1.2078947368421051,112.0,167.0,40.0,80.0,45.0,86.0,0.0,4.0,4.0,2.0,4.0,4.0,2.0,-0.5,2.0,2.0,3_vs_4,0.0526315789473684,0.0,0.2105263157894736,0.2105263157894736,0.0588235294117647,0.1842105263157894,0.0,0.0588235294117647,0.1052631578947368,0.0294117647058823,45.0,44.0,47.0,44.0,45.0,44.5,44.0,44.0,0.0789473684210526,0.0,0.3823529411764705,0.2941176470588235,0.088235294117647,0.2631578947368421,0.0294117647058823,0.0588235294117647,0.1764705882352941,0.088235294117647,50.0,48.0,58.0,56.0,54.0,62.0,50.0,40.0,0.42500000000000004,0.0081944444444444,0.5,0.0348904267589388,0,0,0,0,0,0,0,0,0,0,0,0,0,0,0,0,0,0,2026_27,J1,明治安田J1リーグ,j1,18.0,2026-12-05,13:00,chib,kasm,unplayed,2026_27-j1-18-chib-vs-kasm,20260812_074327,2026_27_j1,weekly_prediction_snapshot
2026_27,18,2026-12-05,uraw,0-0,nago,Ajinomoto Stadium,0,0,6.0,7.0,230.3,4-1-2-3,3-4-2-1,8.0,9.0,-1.0,0.0,0.0,1527.1329713906612,1519.4628165308918,7.6701548597693545,14.0,13.35,0.6500000000000004,93.0,120.0,24.0,25.0,7.0,7.0,2.553,1.037,71.4,42.1,65.3,42.5,0.0,0.0,0,0,12.029411764705882,3.941176470588235,12.578947368421051,1.2647058823529411,1.1470588235294117,0.3157894736842105,486.5,9.973684210526317,13.205882352941176,12.86842105263158,20.91176470588235,17.735294117647058,19.23529411764705,10.105263157894736,1.763157894736842,13.894736842105264,1.105263157894737,0.0294117647058823,52.7,10.558823529411764,16.81578947368421,30.47058823529412,1.363157894736842,1.1823529411764706,111.0,163.0,39.0,78.0,45.0,83.0,11.205882352941176,3.8947368421052633,11.735294117647058,1.1578947368421053,1.0294117647058822,0.3823529411764705,403.1764705882353,11.676470588235292,10.705882352941176,13.441176470588236,21.647058823529413,18.58823529411765,18.94117647058824,10.176470588235292,1.7941176470588236,14.763157894736842,1.0,0.0588235294117647,46.2,8.973684210526315,17.294117647058822,30.289473684210527,1.1823529411764706,1.1176470588235294,114.0,155.0,39.0,74.0,48.0,79.0,0.0,4.0,5.0,1.0,3.0,6.0,1.0,0.0,2.0,2.0,4_vs_3,0.1842105263157894,0.0294117647058823,0.2352941176470588,0.2352941176470588,0.1176470588235294,0.2368421052631578,0.0263157894736842,0.0526315789473684,0.1470588235294117,0.0263157894736842,46.0,43.0,52.0,42.0,42.0,45.0,53.0,63.0,0.0588235294117647,0.0294117647058823,0.2647058823529412,0.2058823529411764,0.0294117647058823,0.1842105263157894,0.0,0.1052631578947368,0.1470588235294117,0.0526315789473684,51.0,50.0,38.0,45.0,47.0,44.0,43.0,46.0,0.4705882352941176,0.0207612456747404,0.5,0.0289285714285714,0,0,0,0,0,0,0,0,0,0,0,0,0,0,0,0,0,0,2026_27,J1,明治安田J1リーグ,j1,18.0,2026-12-05,14:00,uraw,nago,unplayed,2026_27-j1-18-uraw-vs-nago,20260812_074327,2026_27_j1,weekly_prediction_snapshot
2026_27,18,2026-12-05,tk-v,0-0,kyot,Ajinomoto Stadium,0,0,7.0,7.0,367.5,3-4-2-1,4-2-3-1,13.0,12.0,1.0,0.0,0.0,1506.3841338687366,1487.110875027563,19.27325884117363,9.33,14.98,-5.65,120.5,110.5,20.0,17.0,7.0,6.0,2.064,0.847,48.6,42.7,51.4,42.9,0.0,0.0,0,0,9.2,2.65,9.8,1.0,1.3,0.3,353.25,8.25,6.052631578947368,10.2,22.1,18.05263157894737,18.710526315789476,11.05,1.4,16.05,1.0,0.0,2.2,7.4,14.3,26.8,0.8400000000000001,1.065,5.95,7.2,15.0,26.5,19.0,33.5,11.911764705882351,3.176470588235294,12.823529411764708,1.05,1.3235294117647058,0.2352941176470588,337.52941176470586,10.441176470588236,10.43498452012384,13.5,23.7,17.15,21.15,13.205882352941176,1.3,17.8,1.5263157894736843,0.0789473684210526,46.2,10.0,15.8,33.94117647058823,1.1588235294117646,1.4352941176470588,113.0,133.0,27.0,53.0,36.5,80.0,0.0,3.0,6.0,1.0,4.0,3.0,3.0,1.0,2.0,2.0,3_vs_4,0.0789473684210526,0.0394736842105263,0.1973684210526315,0.0789473684210526,0.0657894736842105,0.0789473684210526,0.0,0.0789473684210526,0.0394736842105263,0.0131578947368421,22.5,22.5,23.0,19.5,22.5,21.0,22.0,25.0,0.0278637770897832,0.0,0.2376160990712074,0.2105263157894736,0.0704334365325076,0.0588235294117647,0.0,0.0719814241486068,0.1176470588235294,0.0147058823529411,56.0,35.5,54.5,60.0,56.0,46.0,36.0,38.0,0.48684210526315785,0.023057390439661853,0.4705882352941176,0.03751730103806225,0,0,0,0,0,0,0,0,0,0,0,0,0,0,0,0,0,0,2026_27,J1,明治安田J1リーグ,j1,18.0,2026-12-05,14:00,tk-v,kyot,unplayed,2026_27-j1-18-tk-v-vs-kyot,20260812_074327,2026_27_j1,weekly_prediction_snapshot
2026_27,18,2026-12-05,c-os,0-0,mito,Ajinomoto Stadium,0,0,7.0,5.5,357.7,3-4-2-1,3-4-2-1,7.0,8.0,-1.0,0.0,0.0,1510.635587565086,1490.2875056389225,20.34808192616356,12.5,10.8,1.6999999999999993,99.0,80.0,23.0,7.5,7.0,4.0,0.595,1.947,39.0,36.8,42.8,54.0,0.0,0.0,0,0,13.394736842105264,3.868421052631579,12.18421052631579,1.236842105263158,1.1764705882352942,0.2894736842105263,455.8157894736842,10.823529411764708,11.105263157894736,15.289473684210526,20.5,15.5,18.38235294117647,9.157894736842104,1.605263157894737,13.941176470588236,0.7368421052631579,0.0294117647058823,50.4,10.763157894736842,15.441176470588236,31.88235294117647,1.258823529411765,1.1973684210526316,114.0,129.0,41.0,62.0,48.0,66.0,10.6,3.1,11.25,0.95,1.8,0.1,427.6,10.8,11.647058823529411,11.3,19.55,14.4,18.6,10.15,1.6,13.3,1.55,0.3,2.54,8.3,14.15,30.25,0.975,1.33,5.9,6.35,35.0,64.0,38.0,72.0,0.0,4.0,4.0,2.0,4.0,4.0,2.0,-1.0,2.0,2.0,3_vs_3,0.088235294117647,0.0,0.2894736842105263,0.2894736842105263,0.0526315789473684,0.2368421052631578,0.0294117647058823,0.0789473684210526,0.088235294117647,0.0588235294117647,56.0,45.0,45.0,49.0,46.0,44.0,50.0,55.0,0.0526315789473684,0.0,0.2105263157894736,0.2105263157894736,0.0588235294117647,0.1842105263157894,0.0,0.0588235294117647,0.1052631578947368,0.0294117647058823,45.0,44.0,47.0,44.0,45.0,44.5,44.0,44.0,0.5,0.0280470914127423,0.4,0.00721153846153845,0,0,0,0,0,0,0,0,0,0,0,0,0,0,0,0,0,0,2026_27,J1,明治安田J1リーグ,j1,18.0,2026-12-05,15:00,c-os,mito,unplayed,2026_27-j1-18-c-os-vs-mito,20260812_074327,2026_27_j1,weekly_prediction_snapshot
2026_27,18,2026-12-05,ngsk,0-0,shim,Ajinomoto Stadium,0,0,7.0,7.0,222.2,3-4-2-1,4-1-2-3,8.5,13.0,-4.5,0.5,0.0,1486.5869419238666,1478.0354137476809,8.551528176185684,13.75,13.83,-0.08000000000000007,82.0,85.0,12.0,16.0,4.0,4.0,1.515,1.52,57.0,48.6,57.5,34.7,0.0,0.0,0,0,10.4,3.3,14.25,1.05,1.4,0.2,388.0,9.45,11.647058823529411,9.35,25.9,14.65,19.7,9.45,2.3,15.25,1.1,0.05,2.38,8.4,14.1,31.8,1.175,1.575,5.65,6.7,35.0,64.0,38.0,72.0,11.342105263157896,3.5,12.0,0.9736842105263158,1.4210526315789471,0.1176470588235294,407.60526315789474,9.157894736842104,8.421052631578947,13.342105263157896,21.47058823529412,15.263157894736842,19.07894736842105,8.894736842105264,1.9705882352941173,12.176470588235292,0.631578947368421,0.0263157894736842,43.5,8.973684210526315,14.052631578947368,29.44736842105263,1.0578947368421054,1.0842105263157895,113.0,156.0,39.0,71.0,49.0,83.0,0.0,3.0,6.0,1.0,4.0,4.0,2.0,0.5,2.0,2.0,3_vs_4,0.0526315789473684,0.0,0.2105263157894736,0.2105263157894736,0.0588235294117647,0.1842105263157894,0.0,0.0588235294117647,0.1052631578947368,0.0294117647058823,45.0,44.0,47.0,44.0,45.0,44.5,44.0,44.0,0.0,0.0,0.3421052631578947,0.2105263157894736,0.0,0.131578947368421,0.0,0.0526315789473684,0.088235294117647,0.088235294117647,35.0,34.0,47.0,47.0,36.0,44.0,42.0,53.0,0.47500000000000003,0.02306318681318675,0.45,0.032,0,0,0,0,0,0,0,0,0,0,0,0,0,0,0,0,0,0,2026_27,J1,明治安田J1リーグ,j1,18.0,2026-12-05,15:00,ngsk,shim,unplayed,2026_27-j1-18-ngsk-vs-shim,20260812_074327,2026_27_j1,weekly_prediction_snapshot
2026_27,18,2026-12-06,mcd,0-0,okay,Ajinomoto Stadium,0,0,6.0,6.0,0.0,3-4-2-1,3-4-2-1,3.0,9.0,-6.0,0.0,1.0,1539.9974199689445,1494.8528330726735,45.144586896270994,18.4,10.48,7.919999999999998,0.0,127.0,27.5,18.0,8.0,6.0,1.924,2.493,53.1,58.9,63.2,61.0,0.0,0.0,0,0,11.1,3.263157894736842,10.842105263157896,1.25,0.8947368421052632,0.35,328.63157894736844,11.45,5.25,11.2,17.15,15.31578947368421,17.026315789473685,9.95,1.2,12.8,1.15,0.05,2.26,8.4,17.15,28.7,1.11,0.9605263157894736,5.9,5.65,14.0,31.0,18.0,31.5,0.0,0.0,0.0,0.0,0.0,0.0,0.0,0.0,0.0,0.0,0.0,0.0,0.0,0.0,0.0,0.0,0.0,0.0,0.0,0.0,0.0,0.0,0.0,0.0,0.0,0.0,0.0,0.0,0.0,0.0,0.0,3.0,6.0,1.0,3.0,6.0,1.0,1.0,2.0,2.0,3_vs_3,0.0,0.0,0.0,0.0,0.0,0.0,0.0,0.0,0.0,0.0,0.0,0.0,0.0,0.0,0.0,0.0,0.0,0.0,0.0,0.0,0.0,0.0,0.0,0.0,0.0,0.0,0.0,0.0,0.0,0.0,0.0,0.0,0.0,0.0,0.0,0.0,0.48684210526315785,0.04772884663812635,0.5,0.0225,0,0,0,0,0,0,0,0,0,0,0,0,0,0,0,0,0,0,2026_27,J1,明治安田J1リーグ,j1,18.0,2026-12-06,14:00,mcd,okay,unplayed,2026_27-j1-18-mcd-vs-okay,20260812_074327,2026_27_j1,weekly_prediction_snapshot
2026_27,18,2026-12-06,hiro,0-0,kobe,Ajinomoto Stadium,0,0,7.0,7.0,412.8,3-4-2-1,4-1-2-3,6.0,4.0,2.0,0.0,0.0,1537.0103290322477,1568.9211136856622,-31.910784653414566,19.05,16.6,2.4499999999999993,113.0,96.0,26.0,27.0,7.0,9.0,2.689,1.011,56.8,67.6,51.9,50.0,0.0,0.0,0,0,14.705882352941176,4.676470588235294,10.921052631578949,1.3529411764705883,1.105263157894737,0.3235294117647059,481.1470588235294,10.470588235294118,14.705882352941176,16.764705882352942,18.352941176470587,18.657894736842103,18.647058823529413,11.794117647058824,1.7352941176470589,16.86842105263158,0.9117647058823528,0.0294117647058823,49.5,13.117647058823527,18.176470588235293,33.3235294117647,1.4088235294117646,1.068421052631579,112.0,164.0,40.0,76.0,46.0,87.0,12.411764705882351,4.176470588235294,11.852941176470589,1.605263157894737,0.9473684210526316,0.3421052631578947,518.9411764705883,11.470588235294118,12.411764705882351,14.235294117647058,21.86842105263158,16.794117647058822,18.473684210526315,9.911764705882351,2.210526315789474,16.92105263157895,0.9736842105263158,0.0294117647058823,53.7,11.382352941176473,16.605263157894736,31.94117647058824,1.3941176470588237,1.1088235294117648,113.0,163.0,42.0,70.0,44.0,88.0,0.0,3.0,6.0,1.0,4.0,3.0,3.0,1.0,2.0,2.0,3_vs_4,0.1052631578947368,0.0526315789473684,0.3421052631578947,0.2941176470588235,0.1764705882352941,0.2352941176470588,0.0526315789473684,0.088235294117647,0.1176470588235294,0.0294117647058823,72.0,60.0,54.0,66.0,74.0,62.0,54.0,41.0,0.0789473684210526,0.0263157894736842,0.2941176470588235,0.3823529411764705,0.1052631578947368,0.2105263157894736,0.0789473684210526,0.0789473684210526,0.1052631578947368,0.0294117647058823,57.0,56.0,47.0,43.0,45.0,39.0,54.0,61.0,0.5,0.0223059812160158,0.4736842105263157,0.0423875432525951,0,0,0,0,0,0,0,0,0,0,0,0,0,0,0,0,0,0,2026_27,J1,明治安田J1リーグ,j1,18.0,2026-12-06,14:00,hiro,kobe,unplayed,2026_27-j1-18-hiro-vs-kobe,20260812_074327,2026_27_j1,weekly_prediction_snapshot
2026_27,18,2026-12-06,g-os,0-0,y-fm,Ajinomoto Stadium,0,0,7.0,7.0,230.3,4-2-3-1,4-2-3-1,12.0,7.0,5.0,0.0,0.0,1484.87429753502,1570.7264926415494,-85.85219510652928,15.35,14.1,1.25,93.0,0.0,20.0,24.0,5.0,7.0,1.038,1.416,57.9,28.6,42.2,48.6,0.0,0.0,0,0,12.763157894736842,4.088235294117647,14.911764705882351,1.1176470588235294,1.2894736842105263,0.3421052631578947,473.8157894736842,9.470588235294118,10.794117647058824,13.058823529411764,23.029411764705884,17.13157894736842,20.289473684210527,11.558823529411764,1.7941176470588236,17.676470588235293,1.0526315789473684,0.0294117647058823,48.1,11.176470588235292,16.91176470588235,31.789473684210527,1.2352941176470589,1.576470588235294,113.0,157.0,38.0,67.0,50.0,83.0,15.705882352941176,5.205882352941177,12.676470588235292,2.0294117647058822,1.1764705882352942,0.2647058823529412,607.2647058823529,11.852941176470589,17.205882352941178,18.294117647058822,18.647058823529413,16.973684210526315,19.11764705882353,11.842105263157896,1.5294117647058822,11.078947368421051,1.1842105263157894,0.0789473684210526,57.9,14.882352941176473,15.921052631578949,33.026315789473685,1.8088235294117647,1.3558823529411763,118.0,184.0,48.0,89.0,44.0,90.0,0.0,4.0,4.0,2.0,4.0,3.0,3.0,-1.0,2.0,2.0,4_vs_4,0.131578947368421,0.0263157894736842,0.2631578947368421,0.1764705882352941,0.0588235294117647,0.1764705882352941,0.0263157894736842,0.1470588235294117,0.1470588235294117,0.0294117647058823,41.0,45.0,49.0,49.0,43.0,47.0,55.0,47.0,0.0,0.0,0.0,0.0,0.0,0.0,0.0,0.0,0.0,0.0,0.0,0.0,0.0,0.0,0.0,0.0,0.0,0.0,0.5,0.0373961218836565,0.4736842105263157,0.0339335180055401,0,0,0,0,0,0,0,0,0,0,0,0,0,0,0,0,0,0,2026_27,J1,明治安田J1リーグ,j1,18.0,2026-12-06,15:00,g-os,y-fm,unplayed,2026_27-j1-18-g-os-vs-y-fm,20260812_074327,2026_27_j1,weekly_prediction_snapshot
2026_27,19,2026-12-12,shim,0-0,kobe,Ajinomoto Stadium,0,0,7.0,7.0,412.8,4-1-2-3,4-1-2-3,13.0,4.0,9.0,0.0,0.0,1477.4441154138574,1568.9211136856622,-91.47699827180486,13.83,16.6,-2.7700000000000014,78.0,96.0,19.0,27.0,5.0,9.0,1.52,1.011,57.5,34.7,51.9,50.0,0.0,0.0,0,0,11.342105263157896,3.5,12.0,0.9736842105263158,1.4210526315789471,0.1176470588235294,407.60526315789474,9.157894736842104,8.421052631578947,13.342105263157896,21.47058823529412,15.263157894736842,19.07894736842105,8.894736842105264,1.9705882352941173,12.176470588235292,0.631578947368421,0.0263157894736842,43.5,8.973684210526315,14.052631578947368,29.44736842105263,1.0578947368421054,1.0842105263157895,113.0,156.0,39.0,71.0,49.0,83.0,12.411764705882351,4.176470588235294,11.852941176470589,1.605263157894737,0.9473684210526316,0.3421052631578947,518.9411764705883,11.470588235294118,12.411764705882351,14.235294117647058,21.86842105263158,16.794117647058822,18.473684210526315,9.911764705882351,2.210526315789474,16.92105263157895,0.9736842105263158,0.0294117647058823,53.7,11.382352941176473,16.605263157894736,31.94117647058824,1.3941176470588237,1.1088235294117648,113.0,163.0,42.0,70.0,44.0,88.0,0.0,4.0,4.0,2.0,4.0,3.0,3.0,0.0,2.0,2.0,4_vs_4,0.0,0.0,0.3421052631578947,0.2105263157894736,0.0,0.131578947368421,0.0,0.0526315789473684,0.088235294117647,0.088235294117647,35.0,34.0,47.0,47.0,36.0,44.0,42.0,53.0,0.0789473684210526,0.0263157894736842,0.2941176470588235,0.3823529411764705,0.1052631578947368,0.2105263157894736,0.0789473684210526,0.0789473684210526,0.1052631578947368,0.0294117647058823,57.0,56.0,47.0,43.0,45.0,39.0,54.0,61.0,0.5294117647058824,0.0381752077562327,0.4736842105263157,0.0423875432525951,0,0,0,0,0,0,0,0,0,0,0,0,0,0,0,0,0,0,2026_27,J1,明治安田J1リーグ,j1,19.0,2026-12-12,14:00,shim,kobe,unplayed,2026_27-j1-19-shim-vs-kobe,20260812_074327,2026_27_j1,weekly_prediction_snapshot
2026_27,19,2026-12-12,c-os,0-0,mcd,Ajinomoto Stadium,0,0,7.0,7.0,145.05,3-4-2-1,3-4-2-1,7.0,3.0,4.0,0.0,0.0,1510.635587565086,1541.9609084585081,-31.32532089342203,12.5,18.4,-5.899999999999999,99.0,0.0,23.0,24.5,7.0,8.0,0.595,1.924,39.0,36.8,53.1,58.9,0.0,0.0,0,0,13.394736842105264,3.868421052631579,12.18421052631579,1.236842105263158,1.1764705882352942,0.2894736842105263,455.8157894736842,10.823529411764708,11.105263157894736,15.289473684210526,20.5,15.5,18.38235294117647,9.157894736842104,1.605263157894737,13.941176470588236,0.7368421052631579,0.0294117647058823,50.4,10.763157894736842,15.441176470588236,31.88235294117647,1.258823529411765,1.1973684210526316,114.0,129.0,41.0,62.0,48.0,66.0,11.1,3.263157894736842,10.842105263157896,1.25,0.8947368421052632,0.35,328.63157894736844,11.45,5.25,11.2,17.15,15.31578947368421,17.026315789473685,9.95,1.2,12.8,1.15,0.05,2.26,8.4,17.15,28.7,1.11,0.9605263157894736,5.9,5.65,14.0,31.0,18.0,31.5,0.0,4.0,4.0,2.0,3.0,6.0,1.0,-1.0,2.0,2.0,3_vs_3,0.088235294117647,0.0,0.2894736842105263,0.2894736842105263,0.0526315789473684,0.2368421052631578,0.0294117647058823,0.0789473684210526,0.088235294117647,0.0588235294117647,56.0,45.0,45.0,49.0,46.0,44.0,50.0,55.0,0.0,0.0,0.0,0.0,0.0,0.0,0.0,0.0,0.0,0.0,0.0,0.0,0.0,0.0,0.0,0.0,0.0,0.0,0.5,0.0280470914127423,0.475,0.03670329670329665,0,0,0,0,0,0,0,0,0,0,0,0,0,0,0,0,0,0,2026_27,J1,明治安田J1リーグ,j1,19.0,2026-12-12,14:00,c-os,mcd,unplayed,2026_27-j1-19-c-os-vs-mcd,20260812_074327,2026_27_j1,weekly_prediction_snapshot
2026_27,19,2026-12-12,g-os,0-0,tk-v,Ajinomoto Stadium,0,0,7.0,6.0,0.0,4-2-3-1,3-4-2-1,12.0,13.0,-1.0,0.0,0.0,1484.87429753502,1507.9523244100073,-23.078026874987245,15.35,9.33,6.02,93.0,118.5,20.0,21.0,5.0,7.0,1.038,2.064,57.9,28.6,48.6,42.7,0.0,0.0,0,0,12.763157894736842,4.088235294117647,14.911764705882351,1.1176470588235294,1.2894736842105263,0.3421052631578947,473.8157894736842,9.470588235294118,10.794117647058824,13.058823529411764,23.029411764705884,17.13157894736842,20.289473684210527,11.558823529411764,1.7941176470588236,17.676470588235293,1.0526315789473684,0.0294117647058823,48.1,11.176470588235292,16.91176470588235,31.789473684210527,1.2352941176470589,1.576470588235294,113.0,157.0,38.0,67.0,50.0,83.0,9.2,2.65,9.8,1.0,1.3,0.3,353.25,8.25,6.052631578947368,10.2,22.1,18.05263157894737,18.710526315789476,11.05,1.4,16.05,1.0,0.0,2.2,7.4,14.3,26.8,0.8400000000000001,1.065,5.95,7.2,15.0,26.5,19.0,33.5,0.0,4.0,4.0,2.0,3.0,6.0,1.0,-1.0,2.0,2.0,4_vs_3,0.131578947368421,0.0263157894736842,0.2631578947368421,0.1764705882352941,0.0588235294117647,0.1764705882352941,0.0263157894736842,0.1470588235294117,0.1470588235294117,0.0294117647058823,41.0,45.0,49.0,49.0,43.0,47.0,55.0,47.0,0.0789473684210526,0.0394736842105263,0.1973684210526315,0.0789473684210526,0.0657894736842105,0.0789473684210526,0.0,0.0789473684210526,0.0394736842105263,0.0131578947368421,22.5,22.5,23.0,19.5,22.5,21.0,22.0,25.0,0.5,0.0373961218836565,0.48684210526315785,0.027239150507848503,0,0,0,0,0,0,0,0,0,0,0,0,0,0,0,0,0,0,2026_27,J1,明治安田J1リーグ,j1,19.0,2026-12-12,16:00,g-os,tk-v,unplayed,2026_27-j1-19-g-os-vs-tk-v,20260812_074327,2026_27_j1,weekly_prediction_snapshot
2026_27,19,2026-12-13,y-fm,0-0,ngsk,Ajinomoto Stadium,0,0,6.0,6.5,357.7,4-2-3-1,3-4-2-1,6.0,7.0,-1.0,0.0,0.0,1553.7084627416564,1482.2412986905829,71.4671640510735,14.1,13.75,0.34999999999999964,0.0,80.0,24.0,12.0,7.0,6.0,1.416,1.515,42.2,48.6,57.0,48.6,0.0,0.0,0,0,15.705882352941176,5.205882352941177,12.676470588235292,2.0294117647058822,1.1764705882352942,0.2647058823529412,607.2647058823529,11.852941176470589,17.205882352941178,18.294117647058822,18.647058823529413,16.973684210526315,19.11764705882353,11.842105263157896,1.5294117647058822,11.078947368421051,1.1842105263157894,0.0789473684210526,57.9,14.882352941176473,15.921052631578949,33.026315789473685,1.8088235294117647,1.3558823529411763,118.0,184.0,48.0,89.0,44.0,90.0,10.4,3.3,14.25,1.05,1.4,0.2,388.0,9.45,11.647058823529411,9.35,25.9,14.65,19.7,9.45,2.3,15.25,1.1,0.05,2.38,8.4,14.1,31.8,1.175,1.575,5.65,6.7,35.0,64.0,38.0,72.0,0.0,4.0,3.0,3.0,3.0,6.0,1.0,-1.0,2.0,2.0,4_vs_3,0.0,0.0,0.0,0.0,0.0,0.0,0.0,0.0,0.0,0.0,0.0,0.0,0.0,0.0,0.0,0.0,0.0,0.0,0.0526315789473684,0.0,0.2105263157894736,0.2105263157894736,0.0588235294117647,0.1842105263157894,0.0,0.0588235294117647,0.1052631578947368,0.0294117647058823,45.0,44.0,47.0,44.0,45.0,44.5,44.0,44.0,0.5,0.0339335180055401,0.475,0.0197403846153846,0,0,0,0,0,0,0,0,0,0,0,0,0,0,0,0,0,0,2026_27,J1,明治安田J1リーグ,j1,19.0,2026-12-13,13:00,y-fm,ngsk,unplayed,2026_27-j1-19-y-fm-vs-ngsk,20260812_074327,2026_27_j1,weekly_prediction_snapshot
2026_27,19,2026-12-13,kyot,0-0,chib,Ajinomoto Stadium,0,0,7.0,6.5,357.7,4-2-3-1,3-4-2-1,11.5,9.5,2.0,0.0,0.0,1482.0426018308194,1468.4504174736203,13.59218435719913,14.98,13.3,1.6799999999999997,127.5,80.0,18.5,9.0,5.5,3.5,0.847,0.481,51.4,42.9,32.4,43.2,0.0,0.0,0,0,11.911764705882351,3.176470588235294,12.823529411764708,1.05,1.3235294117647058,0.2352941176470588,337.52941176470586,10.441176470588236,10.43498452012384,13.5,23.7,17.15,21.15,13.205882352941176,1.3,17.8,1.5263157894736843,0.0789473684210526,46.2,10.0,15.8,33.94117647058823,1.1588235294117646,1.4352941176470588,113.0,133.0,27.0,53.0,36.5,80.0,10.75,3.45,15.65,1.0,1.65,0.1,394.6,11.1,11.647058823529411,11.6,27.0,15.85,16.7,11.35,1.7,13.6,1.55,0.05,2.355,7.95,15.1,28.35,1.135,1.65,5.95,6.05,35.0,64.0,38.0,72.0,0.0,4.0,3.0,3.0,4.0,4.0,2.0,-2.0,2.0,2.0,4_vs_3,0.0278637770897832,0.0,0.2376160990712074,0.2105263157894736,0.0704334365325076,0.0588235294117647,0.0,0.0719814241486068,0.1176470588235294,0.0147058823529411,56.0,35.5,54.5,60.0,56.0,46.0,36.0,38.0,0.0526315789473684,0.0,0.2105263157894736,0.2105263157894736,0.0588235294117647,0.1842105263157894,0.0,0.0588235294117647,0.1052631578947368,0.0294117647058823,45.0,44.0,47.0,44.0,45.0,44.5,44.0,44.0,0.5,0.049528879425073155,0.525,0.0103854166666666,0,0,0,0,0,0,0,0,0,0,0,0,0,0,0,0,0,0,2026_27,J1,明治安田J1リーグ,j1,19.0,2026-12-13,14:00,kyot,chib,unplayed,2026_27-j1-19-kyot-vs-chib,20260812_074327,2026_27_j1,weekly_prediction_snapshot
2026_27,19,2026-12-13,okay,0-0,kasw,Ajinomoto Stadium,0,0,7.0,7.0,242.7,3-4-2-1,3-4-2-1,9.0,10.0,-1.0,0.0,0.0,1499.4001333498045,1481.948214723065,17.451918626739598,10.48,17.85,-7.370000000000001,100.0,96.0,18.0,19.0,6.0,6.0,2.493,1.09,63.2,61.0,46.0,57.2,0.0,0.0,0,0,0.0,0.0,0.0,0.0,0.0,0.0,0.0,0.0,0.0,0.0,0.0,0.0,0.0,0.0,0.0,0.0,0.0,0.0,0.0,0.0,0.0,0.0,0.0,0.0,0.0,0.0,0.0,0.0,0.0,0.0,12.552631578947368,4.0588235294117645,11.382352941176473,1.0263157894736843,1.3529411764705883,0.2105263157894736,422.1315789473685,9.941176470588236,13.263157894736842,14.588235294117649,22.647058823529413,17.794117647058822,19.92105263157895,12.676470588235292,1.7352941176470589,16.441176470588236,1.588235294117647,0.0526315789473684,46.0,11.473684210526317,15.205882352941176,32.44117647058823,1.2289473684210528,1.181578947368421,113.0,163.0,39.0,80.0,47.0,82.0,0.0,3.0,6.0,1.0,3.0,5.0,2.0,1.0,2.0,2.0,3_vs_3,0.0,0.0,0.0,0.0,0.0,0.0,0.0,0.0,0.0,0.0,0.0,0.0,0.0,0.0,0.0,0.0,0.0,0.0,0.0526315789473684,0.0,0.1842105263157894,0.2105263157894736,0.2058823529411764,0.1842105263157894,0.0588235294117647,0.0588235294117647,0.1764705882352941,0.0588235294117647,50.0,43.0,54.0,45.0,55.0,63.0,43.0,43.0,0.4473684210526316,0.0279316712834718,0.4705882352941176,0.0282583621683967,0,0,0,0,0,0,0,0,0,0,0,0,0,0,0,0,0,0,2026_27,J1,明治安田J1リーグ,j1,19.0,2026-12-13,14:00,okay,kasw,unplayed,2026_27-j1-19-okay-vs-kasw,20260812_074327,2026_27_j1,weekly_prediction_snapshot
2026_27,19,2026-12-13,hiro,0-0,kasm,Ajinomoto Stadium,0,0,7.0,7.0,289.2,3-4-2-1,4-4-2,6.0,4.0,2.0,0.0,0.0,1537.0103290322477,1555.0464607669046,-18.03613173465692,19.05,21.43,-2.379999999999999,113.0,88.0,26.0,32.0,7.0,8.0,2.689,2.945,56.8,67.6,51.4,57.8,0.0,0.0,0,0,14.705882352941176,4.676470588235294,10.921052631578949,1.3529411764705883,1.105263157894737,0.3235294117647059,481.1470588235294,10.470588235294118,14.705882352941176,16.764705882352942,18.352941176470587,18.657894736842103,18.647058823529413,11.794117647058824,1.7352941176470589,16.86842105263158,0.9117647058823528,0.0294117647058823,49.5,13.117647058823527,18.176470588235293,33.3235294117647,1.4088235294117646,1.068421052631579,112.0,164.0,40.0,76.0,46.0,87.0,12.941176470588236,4.176470588235294,11.147058823529411,1.5789473684210529,1.0789473684210529,0.3947368421052631,424.11764705882354,10.852941176470589,12.264705882352942,15.078947368421051,21.91176470588235,18.68421052631579,19.97058823529412,11.894736842105264,2.0,18.81578947368421,1.411764705882353,0.0588235294117647,50.1,11.5,17.36842105263158,33.55263157894737,1.2868421052631578,1.2078947368421051,112.0,167.0,40.0,80.0,45.0,86.0,0.0,3.0,6.0,1.0,4.0,4.0,2.0,1.0,2.0,2.0,3_vs_4,0.1052631578947368,0.0526315789473684,0.3421052631578947,0.2941176470588235,0.1764705882352941,0.2352941176470588,0.0526315789473684,0.088235294117647,0.1176470588235294,0.0294117647058823,72.0,60.0,54.0,66.0,74.0,62.0,54.0,41.0,0.0789473684210526,0.0,0.3823529411764705,0.2941176470588235,0.088235294117647,0.2631578947368421,0.0294117647058823,0.0588235294117647,0.1764705882352941,0.088235294117647,50.0,48.0,58.0,56.0,54.0,62.0,50.0,40.0,0.5,0.0223059812160158,0.5,0.0348904267589388,0,0,0,0,0,0,0,0,0,0,0,0,0,0,0,0,0,0,2026_27,J1,明治安田J1リーグ,j1,19.0,2026-12-13,14:00,hiro,kasm,unplayed,2026_27-j1-19-hiro-vs-kasm,20260812_074327,2026_27_j1,weekly_prediction_snapshot
2026_27,19,2026-12-13,uraw,0-0,ka-f,Ajinomoto Stadium,0,0,6.0,7.0,233.7,4-1-2-3,4-2-3-1,8.0,6.0,2.0,0.0,0.0,1527.1329713906612,1554.9684351975595,-27.83546380689836,14.0,19.05,-5.050000000000001,93.0,127.0,24.0,26.0,7.0,8.0,2.553,1.501,71.4,42.1,57.3,51.3,0.0,0.0,0,0,12.029411764705882,3.941176470588235,12.578947368421051,1.2647058823529411,1.1470588235294117,0.3157894736842105,486.5,9.973684210526317,13.205882352941176,12.86842105263158,20.91176470588235,17.735294117647058,19.23529411764705,10.105263157894736,1.763157894736842,13.894736842105264,1.105263157894737,0.0294117647058823,52.7,10.558823529411764,16.81578947368421,30.47058823529412,1.363157894736842,1.1823529411764706,111.0,163.0,39.0,78.0,45.0,83.0,14.657894736842104,4.947368421052632,10.235294117647058,1.911764705882353,1.2352941176470589,0.3235294117647059,578.9705882352941,11.552631578947368,15.68421052631579,13.617647058823527,20.294117647058822,18.94117647058824,20.0,9.794117647058824,2.2058823529411766,13.588235294117649,1.1470588235294117,0.088235294117647,54.9,14.078947368421051,17.5,32.47058823529412,1.6473684210526316,1.052941176470588,111.0,157.0,42.0,70.0,44.0,82.0,0.0,4.0,5.0,1.0,4.0,3.0,3.0,0.0,2.0,2.0,4_vs_4,0.1842105263157894,0.0294117647058823,0.2352941176470588,0.2352941176470588,0.1176470588235294,0.2368421052631578,0.0263157894736842,0.0526315789473684,0.1470588235294117,0.0263157894736842,46.0,43.0,52.0,42.0,42.0,45.0,53.0,63.0,0.1764705882352941,0.0294117647058823,0.3421052631578947,0.4117647058823529,0.131578947368421,0.3529411764705882,0.0294117647058823,0.088235294117647,0.1764705882352941,0.1176470588235294,51.0,63.0,59.0,53.0,51.0,41.0,73.0,53.0,0.4705882352941176,0.0207612456747404,0.5,0.032840909090909,0,0,0,0,0,0,0,0,0,0,0,0,0,0,0,0,0,0,2026_27,J1,明治安田J1リーグ,j1,19.0,2026-12-13,15:00,uraw,ka-f,unplayed,2026_27-j1-19-uraw-vs-ka-f,20260812_074327,2026_27_j1,weekly_prediction_snapshot
2026_27,19,2026-12-13,nago,0-0,mito,Ajinomoto Stadium,0,0,7.0,5.5,357.7,3-4-2-1,3-4-2-1,8.0,8.0,0.0,0.0,0.0,1521.2102994510724,1490.2875056389225,30.92279381214985,13.35,10.8,2.549999999999999,114.0,80.0,26.0,7.5,7.0,4.0,1.037,1.947,65.3,42.5,42.8,54.0,0.0,0.0,0,0,11.205882352941176,3.8947368421052633,11.735294117647058,1.1578947368421053,1.0294117647058822,0.3823529411764705,403.1764705882353,11.676470588235292,10.705882352941176,13.441176470588236,21.647058823529413,18.58823529411765,18.94117647058824,10.176470588235292,1.7941176470588236,14.763157894736842,1.0,0.0588235294117647,46.2,8.973684210526315,17.294117647058822,30.289473684210527,1.1823529411764706,1.1176470588235294,114.0,155.0,39.0,74.0,48.0,79.0,10.6,3.1,11.25,0.95,1.8,0.1,427.6,10.8,11.647058823529411,11.3,19.55,14.4,18.6,10.15,1.6,13.3,1.55,0.3,2.54,8.3,14.15,30.25,0.975,1.33,5.9,6.35,35.0,64.0,38.0,72.0,0.0,3.0,6.0,1.0,4.0,4.0,2.0,1.0,2.0,2.0,3_vs_3,0.0588235294117647,0.0294117647058823,0.2647058823529412,0.2058823529411764,0.0294117647058823,0.1842105263157894,0.0,0.1052631578947368,0.1470588235294117,0.0526315789473684,51.0,50.0,38.0,45.0,47.0,44.0,43.0,46.0,0.0526315789473684,0.0,0.2105263157894736,0.2105263157894736,0.0588235294117647,0.1842105263157894,0.0,0.0588235294117647,0.1052631578947368,0.0294117647058823,45.0,44.0,47.0,44.0,45.0,44.5,44.0,44.0,0.4736842105263157,0.028365650969529,0.4,0.00721153846153845,0,0,0,0,0,0,0,0,0,0,0,0,0,0,0,0,0,0,2026_27,J1,明治安田J1リーグ,j1,19.0,2026-12-13,15:00,nago,mito,unplayed,2026_27-j1-19-nago-vs-mito,20260812_074327,2026_27_j1,weekly_prediction_snapshot
2026_27,19,2026-12-13,fuku,0-0,FCtk,Ajinomoto Stadium,0,0,7.0,7.0,225.6,3-4-2-1,4-4-2,10.0,8.0,2.0,0.0,0.0,1502.0577783078763,1504.7254200609143,-2.6676417530379695,12.03,17.15,-5.119999999999999,113.0,0.0,19.0,23.0,5.0,7.0,0.769,0.998,50.0,48.1,41.1,46.9,0.0,0.0,0,0,10.5,3.176470588235294,11.157894736842104,0.868421052631579,1.0,0.3235294117647059,336.8684210526316,10.529411764705882,9.657894736842104,14.052631578947368,24.61764705882353,19.529411764705884,18.44117647058824,13.058823529411764,1.6176470588235294,18.61764705882353,1.4411764705882353,0.0263157894736842,42.7,8.368421052631579,17.5,32.28947368421053,1.0558823529411765,1.0323529411764707,109.0,120.0,26.0,52.0,38.0,67.0,0.0,0.0,0.0,0.0,0.0,0.0,0.0,0.0,0.0,0.0,0.0,0.0,0.0,0.0,0.0,0.0,0.0,0.0,0.0,0.0,0.0,0.0,0.0,0.0,0.0,0.0,0.0,0.0,0.0,0.0,0.0,3.0,6.0,1.0,4.0,3.0,3.0,0.0,2.0,2.0,3_vs_4,0.0526315789473684,0.0263157894736842,0.2105263157894736,0.2105263157894736,0.0263157894736842,0.2058823529411764,0.0,0.0263157894736842,0.0789473684210526,0.0263157894736842,42.0,45.0,44.0,47.0,54.0,51.0,40.0,34.0,0.0,0.0,0.0,0.0,0.0,0.0,0.0,0.0,0.0,0.0,0.0,0.0,0.0,0.0,0.0,0.0,0.0,0.0,0.45,0.0218144044321329,0.4736842105263157,0.0222925735391109,0,0,0,0,0,0,0,0,0,0,0,0,0,0,0,0,0,0,2026_27,J1,明治安田J1リーグ,j1,19.0,2026-12-13,15:00,fuku,FCtk,unplayed,2026_27-j1-19-fuku-vs-FCtk,20260812_074327,2026_27_j1,weekly_prediction_snapshot
2026_27,16,2026-12-16,kyot,0-0,kobe,Ajinomoto Stadium,0,0,7.0,7.0,412.8,4-2-3-1,4-1-2-3,11.5,4.0,7.5,0.0,0.0,1482.0426018308194,1568.9211136856622,-86.87851185484283,14.98,16.6,-1.620000000000001,127.5,96.0,18.5,27.0,5.5,9.0,0.847,1.011,51.4,42.9,51.9,50.0,0.0,0.0,0,0,11.911764705882351,3.176470588235294,12.823529411764708,1.05,1.3235294117647058,0.2352941176470588,337.52941176470586,10.441176470588236,10.43498452012384,13.5,23.7,17.15,21.15,13.205882352941176,1.3,17.8,1.5263157894736843,0.0789473684210526,46.2,10.0,15.8,33.94117647058823,1.1588235294117646,1.4352941176470588,113.0,133.0,27.0,53.0,36.5,80.0,12.411764705882351,4.176470588235294,11.852941176470589,1.605263157894737,0.9473684210526316,0.3421052631578947,518.9411764705883,11.470588235294118,12.411764705882351,14.235294117647058,21.86842105263158,16.794117647058822,18.473684210526315,9.911764705882351,2.210526315789474,16.92105263157895,0.9736842105263158,0.0294117647058823,53.7,11.382352941176473,16.605263157894736,31.94117647058824,1.3941176470588237,1.1088235294117648,113.0,163.0,42.0,70.0,44.0,88.0,0.0,4.0,3.0,3.0,4.0,3.0,3.0,-2.0,2.0,2.0,4_vs_4,0.0278637770897832,0.0,0.2376160990712074,0.2105263157894736,0.0704334365325076,0.0588235294117647,0.0,0.0719814241486068,0.1176470588235294,0.0147058823529411,56.0,35.5,54.5,60.0,56.0,46.0,36.0,38.0,0.0789473684210526,0.0263157894736842,0.2941176470588235,0.3823529411764705,0.1052631578947368,0.2105263157894736,0.0789473684210526,0.0789473684210526,0.1052631578947368,0.0294117647058823,57.0,56.0,47.0,43.0,45.0,39.0,54.0,61.0,0.5,0.049528879425073155,0.4736842105263157,0.0423875432525951,0,0,0,0,0,0,0,0,0,0,0,0,0,0,0,0,0,0,2026_27,J1,明治安田J1リーグ,j1,16.0,2026-12-16,,kyot,kobe,unplayed,2026_27-j1-16-kyot-vs-kobe,20260812_074327,2026_27_j1,weekly_prediction_snapshot
2026_27,16,2026-12-16,kasm,0-0,mcd,Ajinomoto Stadium,0,0,7.0,7.0,145.05,4-4-2,3-4-2-1,4.0,3.0,1.0,0.0,0.0,1556.0187819361674,1541.9609084585081,14.057873477659314,21.43,18.4,3.030000000000001,86.0,0.0,30.0,24.5,9.0,8.0,2.945,1.924,51.4,57.8,53.1,58.9,0.0,0.0,0,0,12.941176470588236,4.176470588235294,11.147058823529411,1.5789473684210529,1.0789473684210529,0.3947368421052631,424.11764705882354,10.852941176470589,12.264705882352942,15.078947368421051,21.91176470588235,18.68421052631579,19.97058823529412,11.894736842105264,2.0,18.81578947368421,1.411764705882353,0.0588235294117647,50.1,11.5,17.36842105263158,33.55263157894737,1.2868421052631578,1.2078947368421051,112.0,167.0,40.0,80.0,45.0,86.0,11.1,3.263157894736842,10.842105263157896,1.25,0.8947368421052632,0.35,328.63157894736844,11.45,5.25,11.2,17.15,15.31578947368421,17.026315789473685,9.95,1.2,12.8,1.15,0.05,2.26,8.4,17.15,28.7,1.11,0.9605263157894736,5.9,5.65,14.0,31.0,18.0,31.5,0.0,4.0,4.0,2.0,3.0,6.0,1.0,-1.0,2.0,2.0,4_vs_3,0.0789473684210526,0.0,0.3823529411764705,0.2941176470588235,0.088235294117647,0.2631578947368421,0.0294117647058823,0.0588235294117647,0.1764705882352941,0.088235294117647,50.0,48.0,58.0,56.0,54.0,62.0,50.0,40.0,0.0,0.0,0.0,0.0,0.0,0.0,0.0,0.0,0.0,0.0,0.0,0.0,0.0,0.0,0.0,0.0,0.0,0.0,0.4705882352941176,0.0353474145891043,0.475,0.03670329670329665,0,0,0,0,0,0,0,0,0,0,0,0,0,0,0,0,0,0,2026_27,J1,明治安田J1リーグ,j1,16.0,2026-12-16,19:00,kasm,mcd,unplayed,2026_27-j1-16-kasm-vs-mcd,20260812_074327,2026_27_j1,weekly_prediction_snapshot
2026_27,16,2026-12-16,g-os,0-0,kasw,Ajinomoto Stadium,0,0,7.0,7.0,242.7,4-2-3-1,3-4-2-1,12.0,10.0,2.0,0.0,0.0,1484.87429753502,1481.948214723065,2.9260828119552116,15.35,17.85,-2.5000000000000018,93.0,96.0,20.0,19.0,5.0,6.0,1.038,1.09,57.9,28.6,46.0,57.2,0.0,0.0,0,0,12.763157894736842,4.088235294117647,14.911764705882351,1.1176470588235294,1.2894736842105263,0.3421052631578947,473.8157894736842,9.470588235294118,10.794117647058824,13.058823529411764,23.029411764705884,17.13157894736842,20.289473684210527,11.558823529411764,1.7941176470588236,17.676470588235293,1.0526315789473684,0.0294117647058823,48.1,11.176470588235292,16.91176470588235,31.789473684210527,1.2352941176470589,1.576470588235294,113.0,157.0,38.0,67.0,50.0,83.0,12.552631578947368,4.0588235294117645,11.382352941176473,1.0263157894736843,1.3529411764705883,0.2105263157894736,422.1315789473685,9.941176470588236,13.263157894736842,14.588235294117649,22.647058823529413,17.794117647058822,19.92105263157895,12.676470588235292,1.7352941176470589,16.441176470588236,1.588235294117647,0.0526315789473684,46.0,11.473684210526317,15.205882352941176,32.44117647058823,1.2289473684210528,1.181578947368421,113.0,163.0,39.0,80.0,47.0,82.0,0.0,4.0,4.0,2.0,3.0,5.0,2.0,-1.0,2.0,2.0,4_vs_3,0.131578947368421,0.0263157894736842,0.2631578947368421,0.1764705882352941,0.0588235294117647,0.1764705882352941,0.0263157894736842,0.1470588235294117,0.1470588235294117,0.0294117647058823,41.0,45.0,49.0,49.0,43.0,47.0,55.0,47.0,0.0526315789473684,0.0,0.1842105263157894,0.2105263157894736,0.2058823529411764,0.1842105263157894,0.0588235294117647,0.0588235294117647,0.1764705882352941,0.0588235294117647,50.0,43.0,54.0,45.0,55.0,63.0,43.0,43.0,0.5,0.0373961218836565,0.4705882352941176,0.0282583621683967,0,0,0,0,0,0,0,0,0,0,0,0,0,0,0,0,0,0,2026_27,J1,明治安田J1リーグ,j1,16.0,2026-12-16,19:00,g-os,kasw,unplayed,2026_27-j1-16-g-os-vs-kasw,20260812_074327,2026_27_j1,weekly_prediction_snapshot
2026_27,20,2026-12-19,chib,0-0,c-os,Ajinomoto Stadium,0,0,7.0,6.0,385.9,3-4-2-1,3-4-2-1,10.0,8.0,2.0,0.0,0.0,1469.3397806394082,1509.1673593438288,-39.8275787044206,13.3,12.5,0.8000000000000007,82.0,93.0,6.5,24.0,3.0,6.0,0.481,0.595,32.4,43.2,39.0,36.8,0.0,0.0,0,0,10.75,3.45,15.65,1.0,1.65,0.1,394.6,11.1,11.647058823529411,11.6,27.0,15.85,16.7,11.35,1.7,13.6,1.55,0.05,2.355,7.95,15.1,28.35,1.135,1.65,5.95,6.05,35.0,64.0,38.0,72.0,13.394736842105264,3.868421052631579,12.18421052631579,1.236842105263158,1.1764705882352942,0.2894736842105263,455.8157894736842,10.823529411764708,11.105263157894736,15.289473684210526,20.5,15.5,18.38235294117647,9.157894736842104,1.605263157894737,13.941176470588236,0.7368421052631579,0.0294117647058823,50.4,10.763157894736842,15.441176470588236,31.88235294117647,1.258823529411765,1.1973684210526316,114.0,129.0,41.0,62.0,48.0,66.0,0.0,4.0,4.0,2.0,4.0,4.0,2.0,-0.5,2.0,2.0,3_vs_3,0.0526315789473684,0.0,0.2105263157894736,0.2105263157894736,0.0588235294117647,0.1842105263157894,0.0,0.0588235294117647,0.1052631578947368,0.0294117647058823,45.0,44.0,47.0,44.0,45.0,44.5,44.0,44.0,0.088235294117647,0.0,0.2894736842105263,0.2894736842105263,0.0526315789473684,0.2368421052631578,0.0294117647058823,0.0789473684210526,0.088235294117647,0.0588235294117647,56.0,45.0,45.0,49.0,46.0,44.0,50.0,55.0,0.42500000000000004,0.0081944444444444,0.4736842105263157,0.0293452222517966,0,0,0,0,0,0,0,0,0,0,0,0,0,0,0,0,0,0,2026_27,J1,明治安田J1リーグ,j1,20.0,2026-12-19,13:00,chib,c-os,unplayed,2026_27-j1-20-chib-vs-c-os,20260812_074327,2026_27_j1,weekly_prediction_snapshot
2026_27,20,2026-12-19,mito,0-0,FCtk,Ajinomoto Stadium,0,0,7.0,7.0,225.6,3-4-2-1,4-4-2,9.0,8.0,1.0,1.0,0.0,1481.3682664890543,1504.7254200609143,-23.357153571859953,10.8,17.15,-6.349999999999998,82.0,0.0,10.5,23.0,3.5,7.0,1.947,0.998,42.8,54.0,41.1,46.9,0.0,0.0,0,0,10.6,3.1,11.25,0.95,1.8,0.1,427.6,10.8,11.647058823529411,11.3,19.55,14.4,18.6,10.15,1.6,13.3,1.55,0.3,2.54,8.3,14.15,30.25,0.975,1.33,5.9,6.35,35.0,64.0,38.0,72.0,0.0,0.0,0.0,0.0,0.0,0.0,0.0,0.0,0.0,0.0,0.0,0.0,0.0,0.0,0.0,0.0,0.0,0.0,0.0,0.0,0.0,0.0,0.0,0.0,0.0,0.0,0.0,0.0,0.0,0.0,0.0,4.0,4.0,2.0,4.0,3.0,3.0,-0.5,2.0,2.0,3_vs_4,0.0526315789473684,0.0,0.2105263157894736,0.2105263157894736,0.0588235294117647,0.1842105263157894,0.0,0.0588235294117647,0.1052631578947368,0.0294117647058823,45.0,44.0,47.0,44.0,45.0,44.5,44.0,44.0,0.0,0.0,0.0,0.0,0.0,0.0,0.0,0.0,0.0,0.0,0.0,0.0,0.0,0.0,0.0,0.0,0.0,0.0,0.55,0.01095238095238095,0.4736842105263157,0.0222925735391109,0,0,0,0,0,0,0,0,0,0,0,0,0,0,0,0,0,0,2026_27,J1,明治安田J1リーグ,j1,20.0,2026-12-19,14:00,mito,FCtk,unplayed,2026_27-j1-20-mito-vs-FCtk,20260812_074327,2026_27_j1,weekly_prediction_snapshot
2026_27,20,2026-12-19,nago,0-0,hiro,Ajinomoto Stadium,0,0,7.0,7.0,639.0,3-4-2-1,3-4-2-1,8.0,5.0,3.0,0.0,0.0,1521.2102994510724,1548.059515531813,-26.84921608074069,13.35,19.05,-5.700000000000001,114.0,117.0,26.0,29.0,7.0,8.0,1.037,2.689,65.3,42.5,56.8,67.6,0.0,0.0,0,0,11.205882352941176,3.8947368421052633,11.735294117647058,1.1578947368421053,1.0294117647058822,0.3823529411764705,403.1764705882353,11.676470588235292,10.705882352941176,13.441176470588236,21.647058823529413,18.58823529411765,18.94117647058824,10.176470588235292,1.7941176470588236,14.763157894736842,1.0,0.0588235294117647,46.2,8.973684210526315,17.294117647058822,30.289473684210527,1.1823529411764706,1.1176470588235294,114.0,155.0,39.0,74.0,48.0,79.0,14.705882352941176,4.676470588235294,10.921052631578949,1.3529411764705883,1.105263157894737,0.3235294117647059,481.1470588235294,10.470588235294118,14.705882352941176,16.764705882352942,18.352941176470587,18.657894736842103,18.647058823529413,11.794117647058824,1.7352941176470589,16.86842105263158,0.9117647058823528,0.0294117647058823,49.5,13.117647058823527,18.176470588235293,33.3235294117647,1.4088235294117646,1.068421052631579,112.0,164.0,40.0,76.0,46.0,87.0,0.0,3.0,6.0,1.0,3.0,6.0,1.0,1.0,2.0,2.0,3_vs_3,0.0588235294117647,0.0294117647058823,0.2647058823529412,0.2058823529411764,0.0294117647058823,0.1842105263157894,0.0,0.1052631578947368,0.1470588235294117,0.0526315789473684,51.0,50.0,38.0,45.0,47.0,44.0,43.0,46.0,0.1052631578947368,0.0526315789473684,0.3421052631578947,0.2941176470588235,0.1764705882352941,0.2352941176470588,0.0526315789473684,0.088235294117647,0.1176470588235294,0.0294117647058823,72.0,60.0,54.0,66.0,74.0,62.0,54.0,41.0,0.4736842105263157,0.028365650969529,0.4736842105263157,0.0276816608996539,0,0,0,0,0,0,0,0,0,0,0,0,0,0,0,0,0,0,2026_27,J1,明治安田J1リーグ,j1,20.0,2026-12-19,14:00,nago,hiro,unplayed,2026_27-j1-20-nago-vs-hiro,20260812_074327,2026_27_j1,weekly_prediction_snapshot
2026_27,20,2026-12-19,fuku,0-0,shim,Ajinomoto Stadium,0,0,7.0,7.0,222.2,3-4-2-1,4-1-2-3,10.0,13.0,-3.0,0.0,0.0,1502.0577783078763,1478.0354137476809,24.022364560195456,12.03,13.83,-1.8000000000000007,113.0,85.0,19.0,16.0,5.0,4.0,0.769,1.52,50.0,48.1,57.5,34.7,0.0,0.0,0,0,10.5,3.176470588235294,11.157894736842104,0.868421052631579,1.0,0.3235294117647059,336.8684210526316,10.529411764705882,9.657894736842104,14.052631578947368,24.61764705882353,19.529411764705884,18.44117647058824,13.058823529411764,1.6176470588235294,18.61764705882353,1.4411764705882353,0.0263157894736842,42.7,8.368421052631579,17.5,32.28947368421053,1.0558823529411765,1.0323529411764707,109.0,120.0,26.0,52.0,38.0,67.0,11.342105263157896,3.5,12.0,0.9736842105263158,1.4210526315789471,0.1176470588235294,407.60526315789474,9.157894736842104,8.421052631578947,13.342105263157896,21.47058823529412,15.263157894736842,19.07894736842105,8.894736842105264,1.9705882352941173,12.176470588235292,0.631578947368421,0.0263157894736842,43.5,8.973684210526315,14.052631578947368,29.44736842105263,1.0578947368421054,1.0842105263157895,113.0,156.0,39.0,71.0,49.0,83.0,0.0,3.0,6.0,1.0,4.0,4.0,2.0,0.0,2.0,2.0,3_vs_4,0.0526315789473684,0.0263157894736842,0.2105263157894736,0.2105263157894736,0.0263157894736842,0.2058823529411764,0.0,0.0263157894736842,0.0789473684210526,0.0263157894736842,42.0,45.0,44.0,47.0,54.0,51.0,40.0,34.0,0.0,0.0,0.3421052631578947,0.2105263157894736,0.0,0.131578947368421,0.0,0.0526315789473684,0.088235294117647,0.088235294117647,35.0,34.0,47.0,47.0,36.0,44.0,42.0,53.0,0.45,0.0218144044321329,0.45,0.032,0,0,0,0,0,0,0,0,0,0,0,0,0,0,0,0,0,0,2026_27,J1,明治安田J1リーグ,j1,20.0,2026-12-19,14:30,fuku,shim,unplayed,2026_27-j1-20-fuku-vs-shim,20260812_074327,2026_27_j1,weekly_prediction_snapshot
2026_27,20,2026-12-19,ngsk,0-0,uraw,Ajinomoto Stadium,0,0,7.0,7.0,234.7,3-4-2-1,4-1-2-3,8.5,8.0,0.5,0.5,0.0,1486.5869419238666,1527.74338246438,-41.15644054051336,13.75,14.0,-0.25,82.0,99.0,12.0,25.0,4.0,7.0,1.515,2.553,57.0,48.6,71.4,42.1,0.0,0.0,0,0,10.4,3.3,14.25,1.05,1.4,0.2,388.0,9.45,11.647058823529411,9.35,25.9,14.65,19.7,9.45,2.3,15.25,1.1,0.05,2.38,8.4,14.1,31.8,1.175,1.575,5.65,6.7,35.0,64.0,38.0,72.0,12.029411764705882,3.941176470588235,12.578947368421051,1.2647058823529411,1.1470588235294117,0.3157894736842105,486.5,9.973684210526317,13.205882352941176,12.86842105263158,20.91176470588235,17.735294117647058,19.23529411764705,10.105263157894736,1.763157894736842,13.894736842105264,1.105263157894737,0.0294117647058823,52.7,10.558823529411764,16.81578947368421,30.47058823529412,1.363157894736842,1.1823529411764706,111.0,163.0,39.0,78.0,45.0,83.0,0.0,3.0,6.0,1.0,4.0,5.0,1.0,0.5,2.0,2.0,3_vs_4,0.0526315789473684,0.0,0.2105263157894736,0.2105263157894736,0.0588235294117647,0.1842105263157894,0.0,0.0588235294117647,0.1052631578947368,0.0294117647058823,45.0,44.0,47.0,44.0,45.0,44.5,44.0,44.0,0.1842105263157894,0.0294117647058823,0.2352941176470588,0.2352941176470588,0.1176470588235294,0.2368421052631578,0.0263157894736842,0.0526315789473684,0.1470588235294117,0.0263157894736842,46.0,43.0,52.0,42.0,42.0,45.0,53.0,63.0,0.47500000000000003,0.02306318681318675,0.5,0.0208333333333333,0,0,0,0,0,0,0,0,0,0,0,0,0,0,0,0,0,0,2026_27,J1,明治安田J1リーグ,j1,20.0,2026-12-19,14:30,ngsk,uraw,unplayed,2026_27-j1-20-ngsk-vs-uraw,20260812_074327,2026_27_j1,weekly_prediction_snapshot
2026_27,20,2026-12-19,kasm,0-0,tk-v,Ajinomoto Stadium,0,0,7.0,6.0,0.0,4-4-2,3-4-2-1,4.0,13.0,-9.0,0.0,0.0,1556.0187819361674,1507.9523244100073,48.06645752616009,21.43,9.33,12.1,86.0,118.5,30.0,21.0,9.0,7.0,2.945,2.064,51.4,57.8,48.6,42.7,0.0,0.0,0,0,12.941176470588236,4.176470588235294,11.147058823529411,1.5789473684210529,1.0789473684210529,0.3947368421052631,424.11764705882354,10.852941176470589,12.264705882352942,15.078947368421051,21.91176470588235,18.68421052631579,19.97058823529412,11.894736842105264,2.0,18.81578947368421,1.411764705882353,0.0588235294117647,50.1,11.5,17.36842105263158,33.55263157894737,1.2868421052631578,1.2078947368421051,112.0,167.0,40.0,80.0,45.0,86.0,9.2,2.65,9.8,1.0,1.3,0.3,353.25,8.25,6.052631578947368,10.2,22.1,18.05263157894737,18.710526315789476,11.05,1.4,16.05,1.0,0.0,2.2,7.4,14.3,26.8,0.8400000000000001,1.065,5.95,7.2,15.0,26.5,19.0,33.5,0.0,4.0,4.0,2.0,3.0,6.0,1.0,-1.0,2.0,2.0,4_vs_3,0.0789473684210526,0.0,0.3823529411764705,0.2941176470588235,0.088235294117647,0.2631578947368421,0.0294117647058823,0.0588235294117647,0.1764705882352941,0.088235294117647,50.0,48.0,58.0,56.0,54.0,62.0,50.0,40.0,0.0789473684210526,0.0394736842105263,0.1973684210526315,0.0789473684210526,0.0657894736842105,0.0789473684210526,0.0,0.0789473684210526,0.0394736842105263,0.0131578947368421,22.5,22.5,23.0,19.5,22.5,21.0,22.0,25.0,0.4705882352941176,0.0353474145891043,0.48684210526315785,0.027239150507848503,0,0,0,0,0,0,0,0,0,0,0,0,0,0,0,0,0,0,2026_27,J1,明治安田J1リーグ,j1,20.0,2026-12-19,15:00,kasm,tk-v,unplayed,2026_27-j1-20-kasm-vs-tk-v,20260812_074327,2026_27_j1,weekly_prediction_snapshot
2026_27,20,2026-12-19,kobe,0-0,y-fm,Ajinomoto Stadium,0,0,6.0,7.0,230.3,4-1-2-3,4-2-3-1,4.0,7.0,-3.0,0.0,0.0,1568.2524919881544,1570.7264926415494,-2.4740006533950236,16.6,14.1,2.5000000000000018,93.0,0.0,26.0,24.0,8.0,7.0,1.011,1.416,51.9,50.0,42.2,48.6,0.0,0.0,0,0,12.411764705882351,4.176470588235294,11.852941176470589,1.605263157894737,0.9473684210526316,0.3421052631578947,518.9411764705883,11.470588235294118,12.411764705882351,14.235294117647058,21.86842105263158,16.794117647058822,18.473684210526315,9.911764705882351,2.210526315789474,16.92105263157895,0.9736842105263158,0.0294117647058823,53.7,11.382352941176473,16.605263157894736,31.94117647058824,1.3941176470588237,1.1088235294117648,113.0,163.0,42.0,70.0,44.0,88.0,15.705882352941176,5.205882352941177,12.676470588235292,2.0294117647058822,1.1764705882352942,0.2647058823529412,607.2647058823529,11.852941176470589,17.205882352941178,18.294117647058822,18.647058823529413,16.973684210526315,19.11764705882353,11.842105263157896,1.5294117647058822,11.078947368421051,1.1842105263157894,0.0789473684210526,57.9,14.882352941176473,15.921052631578949,33.026315789473685,1.8088235294117647,1.3558823529411763,118.0,184.0,48.0,89.0,44.0,90.0,0.0,4.0,3.0,3.0,4.0,3.0,3.0,-1.0,2.0,2.0,4_vs_4,0.0789473684210526,0.0263157894736842,0.2941176470588235,0.3823529411764705,0.1052631578947368,0.2105263157894736,0.0789473684210526,0.0789473684210526,0.1052631578947368,0.0294117647058823,57.0,56.0,47.0,43.0,45.0,39.0,54.0,61.0,0.0,0.0,0.0,0.0,0.0,0.0,0.0,0.0,0.0,0.0,0.0,0.0,0.0,0.0,0.0,0.0,0.0,0.0,0.5,0.0472372065898819,0.4736842105263157,0.0339335180055401,0,0,0,0,0,0,0,0,0,0,0,0,0,0,0,0,0,0,2026_27,J1,明治安田J1リーグ,j1,20.0,2026-12-19,15:00,kobe,y-fm,unplayed,2026_27-j1-20-kobe-vs-y-fm,20260812_074327,2026_27_j1,weekly_prediction_snapshot
2026_27,20,2026-12-19,ka-f,0-0,kasw,Ajinomoto Stadium,0,0,6.0,7.0,242.7,4-2-3-1,3-4-2-1,6.0,10.0,-4.0,0.0,0.0,1552.3375348771292,1481.948214723065,70.38932015406431,19.05,17.85,1.1999999999999993,114.0,96.0,25.0,19.0,7.0,6.0,1.501,1.09,57.3,51.3,46.0,57.2,0.0,0.0,0,0,14.657894736842104,4.947368421052632,10.235294117647058,1.911764705882353,1.2352941176470589,0.3235294117647059,578.9705882352941,11.552631578947368,15.68421052631579,13.617647058823527,20.294117647058822,18.94117647058824,20.0,9.794117647058824,2.2058823529411766,13.588235294117649,1.1470588235294117,0.088235294117647,54.9,14.078947368421051,17.5,32.47058823529412,1.6473684210526316,1.052941176470588,111.0,157.0,42.0,70.0,44.0,82.0,12.552631578947368,4.0588235294117645,11.382352941176473,1.0263157894736843,1.3529411764705883,0.2105263157894736,422.1315789473685,9.941176470588236,13.263157894736842,14.588235294117649,22.647058823529413,17.794117647058822,19.92105263157895,12.676470588235292,1.7352941176470589,16.441176470588236,1.588235294117647,0.0526315789473684,46.0,11.473684210526317,15.205882352941176,32.44117647058823,1.2289473684210528,1.181578947368421,113.0,163.0,39.0,80.0,47.0,82.0,0.0,4.0,3.0,3.0,3.0,5.0,2.0,-1.0,2.0,2.0,4_vs_3,0.1764705882352941,0.0294117647058823,0.3421052631578947,0.4117647058823529,0.131578947368421,0.3529411764705882,0.0294117647058823,0.088235294117647,0.1764705882352941,0.1176470588235294,51.0,63.0,59.0,53.0,51.0,41.0,73.0,53.0,0.0526315789473684,0.0,0.1842105263157894,0.2105263157894736,0.2058823529411764,0.1842105263157894,0.0588235294117647,0.0588235294117647,0.1764705882352941,0.0588235294117647,50.0,43.0,54.0,45.0,55.0,63.0,43.0,43.0,0.45,0.0350346020761245,0.4705882352941176,0.0282583621683967,0,0,0,0,0,0,0,0,0,0,0,0,0,0,0,0,0,0,2026_27,J1,明治安田J1リーグ,j1,20.0,2026-12-19,16:00,ka-f,kasw,unplayed,2026_27-j1-20-ka-f-vs-kasw,20260812_074327,2026_27_j1,weekly_prediction_snapshot
2026_27,20,2026-12-19,g-os,0-0,mcd,Ajinomoto Stadium,0,0,7.0,7.0,145.05,4-2-3-1,3-4-2-1,12.0,3.0,9.0,0.0,0.0,1484.87429753502,1541.9609084585081,-57.086610923488024,15.35,18.4,-3.049999999999999,93.0,0.0,20.0,24.5,5.0,8.0,1.038,1.924,57.9,28.6,53.1,58.9,0.0,0.0,0,0,12.763157894736842,4.088235294117647,14.911764705882351,1.1176470588235294,1.2894736842105263,0.3421052631578947,473.8157894736842,9.470588235294118,10.794117647058824,13.058823529411764,23.029411764705884,17.13157894736842,20.289473684210527,11.558823529411764,1.7941176470588236,17.676470588235293,1.0526315789473684,0.0294117647058823,48.1,11.176470588235292,16.91176470588235,31.789473684210527,1.2352941176470589,1.576470588235294,113.0,157.0,38.0,67.0,50.0,83.0,11.1,3.263157894736842,10.842105263157896,1.25,0.8947368421052632,0.35,328.63157894736844,11.45,5.25,11.2,17.15,15.31578947368421,17.026315789473685,9.95,1.2,12.8,1.15,0.05,2.26,8.4,17.15,28.7,1.11,0.9605263157894736,5.9,5.65,14.0,31.0,18.0,31.5,0.0,4.0,4.0,2.0,3.0,6.0,1.0,-1.0,2.0,2.0,4_vs_3,0.131578947368421,0.0263157894736842,0.2631578947368421,0.1764705882352941,0.0588235294117647,0.1764705882352941,0.0263157894736842,0.1470588235294117,0.1470588235294117,0.0294117647058823,41.0,45.0,49.0,49.0,43.0,47.0,55.0,47.0,0.0,0.0,0.0,0.0,0.0,0.0,0.0,0.0,0.0,0.0,0.0,0.0,0.0,0.0,0.0,0.0,0.0,0.0,0.5,0.0373961218836565,0.475,0.03670329670329665,0,0,0,0,0,0,0,0,0,0,0,0,0,0,0,0,0,0,2026_27,J1,明治安田J1リーグ,j1,20.0,2026-12-19,16:00,g-os,mcd,unplayed,2026_27-j1-20-g-os-vs-mcd,20260812_074327,2026_27_j1,weekly_prediction_snapshot
2026_27,21,2027-02-13,kasm,0-0,mito,Ajinomoto Stadium,0,0,7.0,5.5,357.7,4-4-2,3-4-2-1,4.0,8.0,-4.0,0.0,0.0,1556.0187819361674,1490.2875056389225,65.7312762972449,21.43,10.8,10.629999999999999,86.0,80.0,30.0,7.5,9.0,4.0,2.945,1.947,51.4,57.8,42.8,54.0,0.0,0.0,0,0,12.941176470588236,4.176470588235294,11.147058823529411,1.5789473684210529,1.0789473684210529,0.3947368421052631,424.11764705882354,10.852941176470589,12.264705882352942,15.078947368421051,21.91176470588235,18.68421052631579,19.97058823529412,11.894736842105264,2.0,18.81578947368421,1.411764705882353,0.0588235294117647,50.1,11.5,17.36842105263158,33.55263157894737,1.2868421052631578,1.2078947368421051,112.0,167.0,40.0,80.0,45.0,86.0,10.6,3.1,11.25,0.95,1.8,0.1,427.6,10.8,11.647058823529411,11.3,19.55,14.4,18.6,10.15,1.6,13.3,1.55,0.3,2.54,8.3,14.15,30.25,0.975,1.33,5.9,6.35,35.0,64.0,38.0,72.0,0.0,4.0,4.0,2.0,4.0,4.0,2.0,-1.0,2.0,2.0,4_vs_3,0.0789473684210526,0.0,0.3823529411764705,0.2941176470588235,0.088235294117647,0.2631578947368421,0.0294117647058823,0.0588235294117647,0.1764705882352941,0.088235294117647,50.0,48.0,58.0,56.0,54.0,62.0,50.0,40.0,0.0526315789473684,0.0,0.2105263157894736,0.2105263157894736,0.0588235294117647,0.1842105263157894,0.0,0.0588235294117647,0.1052631578947368,0.0294117647058823,45.0,44.0,47.0,44.0,45.0,44.5,44.0,44.0,0.4705882352941176,0.0353474145891043,0.4,0.00721153846153845,0,0,0,0,0,0,0,0,0,0,0,0,0,0,0,0,0,0,2026_27,J1,明治安田J1リーグ,j1,21.0,2027-02-13,,kasm,mito,unplayed,2026_27-j1-21-kasm-vs-mito,20260812_074327,2026_27_j1,weekly_prediction_snapshot
2026_27,21,2027-02-13,kasw,0-0,shim,Ajinomoto Stadium,0,0,6.0,7.0,222.2,3-4-2-1,4-1-2-3,10.0,13.0,-3.0,0.0,0.0,1475.6111733703474,1478.0354137476809,-2.42424037733349,17.85,13.83,4.020000000000001,101.0,85.0,19.0,16.0,6.0,4.0,1.09,1.52,46.0,57.2,57.5,34.7,0.0,0.0,0,0,12.552631578947368,4.0588235294117645,11.382352941176473,1.0263157894736843,1.3529411764705883,0.2105263157894736,422.1315789473685,9.941176470588236,13.263157894736842,14.588235294117649,22.647058823529413,17.794117647058822,19.92105263157895,12.676470588235292,1.7352941176470589,16.441176470588236,1.588235294117647,0.0526315789473684,46.0,11.473684210526317,15.205882352941176,32.44117647058823,1.2289473684210528,1.181578947368421,113.0,163.0,39.0,80.0,47.0,82.0,11.342105263157896,3.5,12.0,0.9736842105263158,1.4210526315789471,0.1176470588235294,407.60526315789474,9.157894736842104,8.421052631578947,13.342105263157896,21.47058823529412,15.263157894736842,19.07894736842105,8.894736842105264,1.9705882352941173,12.176470588235292,0.631578947368421,0.0263157894736842,43.5,8.973684210526315,14.052631578947368,29.44736842105263,1.0578947368421054,1.0842105263157895,113.0,156.0,39.0,71.0,49.0,83.0,0.0,3.0,5.0,2.0,4.0,4.0,2.0,1.0,2.0,2.0,3_vs_4,0.0526315789473684,0.0,0.1842105263157894,0.2105263157894736,0.2058823529411764,0.1842105263157894,0.0588235294117647,0.0588235294117647,0.1764705882352941,0.0588235294117647,50.0,43.0,54.0,45.0,55.0,63.0,43.0,43.0,0.0,0.0,0.3421052631578947,0.2105263157894736,0.0,0.131578947368421,0.0,0.0526315789473684,0.088235294117647,0.088235294117647,35.0,34.0,47.0,47.0,36.0,44.0,42.0,53.0,0.5,0.0292387543252595,0.45,0.032,0,0,0,0,0,0,0,0,0,0,0,0,0,0,0,0,0,0,2026_27,J1,明治安田J1リーグ,j1,21.0,2027-02-13,,kasw,shim,unplayed,2026_27-j1-21-kasw-vs-shim,20260812_074327,2026_27_j1,weekly_prediction_snapshot
2026_27,21,2027-02-13,mcd,0-0,chib,Ajinomoto Stadium,0,0,6.0,6.5,357.7,3-4-2-1,3-4-2-1,3.0,9.5,-6.5,0.0,0.0,1539.9974199689445,1468.4504174736203,71.54700249532425,18.4,13.3,5.099999999999998,0.0,80.0,27.5,9.0,8.0,3.5,1.924,0.481,53.1,58.9,32.4,43.2,0.0,0.0,0,0,11.1,3.263157894736842,10.842105263157896,1.25,0.8947368421052632,0.35,328.63157894736844,11.45,5.25,11.2,17.15,15.31578947368421,17.026315789473685,9.95,1.2,12.8,1.15,0.05,2.26,8.4,17.15,28.7,1.11,0.9605263157894736,5.9,5.65,14.0,31.0,18.0,31.5,10.75,3.45,15.65,1.0,1.65,0.1,394.6,11.1,11.647058823529411,11.6,27.0,15.85,16.7,11.35,1.7,13.6,1.55,0.05,2.355,7.95,15.1,28.35,1.135,1.65,5.95,6.05,35.0,64.0,38.0,72.0,0.0,3.0,6.0,1.0,4.0,4.0,2.0,1.0,2.0,2.0,3_vs_3,0.0,0.0,0.0,0.0,0.0,0.0,0.0,0.0,0.0,0.0,0.0,0.0,0.0,0.0,0.0,0.0,0.0,0.0,0.0526315789473684,0.0,0.2105263157894736,0.2105263157894736,0.0588235294117647,0.1842105263157894,0.0,0.0588235294117647,0.1052631578947368,0.0294117647058823,45.0,44.0,47.0,44.0,45.0,44.5,44.0,44.0,0.48684210526315785,0.04772884663812635,0.525,0.0103854166666666,0,0,0,0,0,0,0,0,0,0,0,0,0,0,0,0,0,0,2026_27,J1,明治安田J1リーグ,j1,21.0,2027-02-13,,mcd,chib,unplayed,2026_27-j1-21-mcd-vs-chib,20260812_074327,2026_27_j1,weekly_prediction_snapshot
2026_27,21,2027-02-13,nago,0-0,FCtk,Ajinomoto Stadium,0,0,7.0,7.0,225.6,3-4-2-1,4-4-2,8.0,8.0,0.0,0.0,0.0,1521.2102994510724,1504.7254200609143,16.484879390158085,13.35,17.15,-3.799999999999999,114.0,0.0,26.0,23.0,7.0,7.0,1.037,0.998,65.3,42.5,41.1,46.9,0.0,0.0,0,0,11.205882352941176,3.8947368421052633,11.735294117647058,1.1578947368421053,1.0294117647058822,0.3823529411764705,403.1764705882353,11.676470588235292,10.705882352941176,13.441176470588236,21.647058823529413,18.58823529411765,18.94117647058824,10.176470588235292,1.7941176470588236,14.763157894736842,1.0,0.0588235294117647,46.2,8.973684210526315,17.294117647058822,30.289473684210527,1.1823529411764706,1.1176470588235294,114.0,155.0,39.0,74.0,48.0,79.0,0.0,0.0,0.0,0.0,0.0,0.0,0.0,0.0,0.0,0.0,0.0,0.0,0.0,0.0,0.0,0.0,0.0,0.0,0.0,0.0,0.0,0.0,0.0,0.0,0.0,0.0,0.0,0.0,0.0,0.0,0.0,3.0,6.0,1.0,4.0,3.0,3.0,1.0,2.0,2.0,3_vs_4,0.0588235294117647,0.0294117647058823,0.2647058823529412,0.2058823529411764,0.0294117647058823,0.1842105263157894,0.0,0.1052631578947368,0.1470588235294117,0.0526315789473684,51.0,50.0,38.0,45.0,47.0,44.0,43.0,46.0,0.0,0.0,0.0,0.0,0.0,0.0,0.0,0.0,0.0,0.0,0.0,0.0,0.0,0.0,0.0,0.0,0.0,0.0,0.4736842105263157,0.028365650969529,0.4736842105263157,0.0222925735391109,0,0,0,0,0,0,0,0,0,0,0,0,0,0,0,0,0,0,2026_27,J1,明治安田J1リーグ,j1,21.0,2027-02-13,,nago,FCtk,unplayed,2026_27-j1-21-nago-vs-FCtk,20260812_074327,2026_27_j1,weekly_prediction_snapshot
2026_27,21,2027-02-13,kyot,0-0,y-fm,Ajinomoto Stadium,0,0,7.0,7.0,230.3,4-2-3-1,4-2-3-1,11.5,7.0,4.5,0.0,0.0,1482.0426018308194,1570.7264926415494,-88.68389081072996,14.98,14.1,0.8800000000000008,127.5,0.0,18.5,24.0,5.5,7.0,0.847,1.416,51.4,42.9,42.2,48.6,0.0,0.0,0,0,11.911764705882351,3.176470588235294,12.823529411764708,1.05,1.3235294117647058,0.2352941176470588,337.52941176470586,10.441176470588236,10.43498452012384,13.5,23.7,17.15,21.15,13.205882352941176,1.3,17.8,1.5263157894736843,0.0789473684210526,46.2,10.0,15.8,33.94117647058823,1.1588235294117646,1.4352941176470588,113.0,133.0,27.0,53.0,36.5,80.0,15.705882352941176,5.205882352941177,12.676470588235292,2.0294117647058822,1.1764705882352942,0.2647058823529412,607.2647058823529,11.852941176470589,17.205882352941178,18.294117647058822,18.647058823529413,16.973684210526315,19.11764705882353,11.842105263157896,1.5294117647058822,11.078947368421051,1.1842105263157894,0.0789473684210526,57.9,14.882352941176473,15.921052631578949,33.026315789473685,1.8088235294117647,1.3558823529411763,118.0,184.0,48.0,89.0,44.0,90.0,0.0,4.0,3.0,3.0,4.0,3.0,3.0,-2.0,2.0,2.0,4_vs_4,0.0278637770897832,0.0,0.2376160990712074,0.2105263157894736,0.0704334365325076,0.0588235294117647,0.0,0.0719814241486068,0.1176470588235294,0.0147058823529411,56.0,35.5,54.5,60.0,56.0,46.0,36.0,38.0,0.0,0.0,0.0,0.0,0.0,0.0,0.0,0.0,0.0,0.0,0.0,0.0,0.0,0.0,0.0,0.0,0.0,0.0,0.5,0.049528879425073155,0.4736842105263157,0.0339335180055401,0,0,0,0,0,0,0,0,0,0,0,0,0,0,0,0,0,0,2026_27,J1,明治安田J1リーグ,j1,21.0,2027-02-13,,kyot,y-fm,unplayed,2026_27-j1-21-kyot-vs-y-fm,20260812_074327,2026_27_j1,weekly_prediction_snapshot
2026_27,21,2027-02-13,c-os,0-0,g-os,Ajinomoto Stadium,0,0,7.0,6.0,383.2,3-4-2-1,4-2-3-1,7.0,12.0,-5.0,0.0,0.0,1510.635587565086,1486.29287547773,24.342712087356176,12.5,15.35,-2.8499999999999996,99.0,85.0,23.0,20.0,7.0,6.0,0.595,1.038,39.0,36.8,57.9,28.6,0.0,0.0,0,0,13.394736842105264,3.868421052631579,12.18421052631579,1.236842105263158,1.1764705882352942,0.2894736842105263,455.8157894736842,10.823529411764708,11.105263157894736,15.289473684210526,20.5,15.5,18.38235294117647,9.157894736842104,1.605263157894737,13.941176470588236,0.7368421052631579,0.0294117647058823,50.4,10.763157894736842,15.441176470588236,31.88235294117647,1.258823529411765,1.1973684210526316,114.0,129.0,41.0,62.0,48.0,66.0,12.763157894736842,4.088235294117647,14.911764705882351,1.1176470588235294,1.2894736842105263,0.3421052631578947,473.8157894736842,9.470588235294118,10.794117647058824,13.058823529411764,23.029411764705884,17.13157894736842,20.289473684210527,11.558823529411764,1.7941176470588236,17.676470588235293,1.0526315789473684,0.0294117647058823,48.1,11.176470588235292,16.91176470588235,31.789473684210527,1.2352941176470589,1.576470588235294,113.0,157.0,38.0,67.0,50.0,83.0,0.0,4.0,4.0,2.0,4.0,4.0,2.0,-1.0,2.0,2.0,3_vs_4,0.088235294117647,0.0,0.2894736842105263,0.2894736842105263,0.0526315789473684,0.2368421052631578,0.0294117647058823,0.0789473684210526,0.088235294117647,0.0588235294117647,56.0,45.0,45.0,49.0,46.0,44.0,50.0,55.0,0.131578947368421,0.0263157894736842,0.2631578947368421,0.1764705882352941,0.0588235294117647,0.1764705882352941,0.0263157894736842,0.1470588235294117,0.1470588235294117,0.0294117647058823,41.0,45.0,49.0,49.0,43.0,47.0,55.0,47.0,0.5,0.0280470914127423,0.4473684210526316,0.0339335180055401,0,0,0,0,0,0,0,0,0,0,0,0,0,0,0,0,0,0,2026_27,J1,明治安田J1リーグ,j1,21.0,2027-02-13,,c-os,g-os,unplayed,2026_27-j1-21-c-os-vs-g-os,20260812_074327,2026_27_j1,weekly_prediction_snapshot
2026_27,21,2027-02-13,kobe,0-0,ka-f,Ajinomoto Stadium,0,0,6.0,7.0,233.7,4-1-2-3,4-2-3-1,4.0,6.0,-2.0,0.0,0.0,1568.2524919881544,1554.9684351975595,13.284056790594832,16.6,19.05,-2.4499999999999993,93.0,127.0,26.0,26.0,8.0,8.0,1.011,1.501,51.9,50.0,57.3,51.3,0.0,0.0,0,0,12.411764705882351,4.176470588235294,11.852941176470589,1.605263157894737,0.9473684210526316,0.3421052631578947,518.9411764705883,11.470588235294118,12.411764705882351,14.235294117647058,21.86842105263158,16.794117647058822,18.473684210526315,9.911764705882351,2.210526315789474,16.92105263157895,0.9736842105263158,0.0294117647058823,53.7,11.382352941176473,16.605263157894736,31.94117647058824,1.3941176470588237,1.1088235294117648,113.0,163.0,42.0,70.0,44.0,88.0,14.657894736842104,4.947368421052632,10.235294117647058,1.911764705882353,1.2352941176470589,0.3235294117647059,578.9705882352941,11.552631578947368,15.68421052631579,13.617647058823527,20.294117647058822,18.94117647058824,20.0,9.794117647058824,2.2058823529411766,13.588235294117649,1.1470588235294117,0.088235294117647,54.9,14.078947368421051,17.5,32.47058823529412,1.6473684210526316,1.052941176470588,111.0,157.0,42.0,70.0,44.0,82.0,0.0,4.0,3.0,3.0,4.0,3.0,3.0,-1.0,2.0,2.0,4_vs_4,0.0789473684210526,0.0263157894736842,0.2941176470588235,0.3823529411764705,0.1052631578947368,0.2105263157894736,0.0789473684210526,0.0789473684210526,0.1052631578947368,0.0294117647058823,57.0,56.0,47.0,43.0,45.0,39.0,54.0,61.0,0.1764705882352941,0.0294117647058823,0.3421052631578947,0.4117647058823529,0.131578947368421,0.3529411764705882,0.0294117647058823,0.088235294117647,0.1764705882352941,0.1176470588235294,51.0,63.0,59.0,53.0,51.0,41.0,73.0,53.0,0.5,0.0472372065898819,0.5,0.032840909090909,0,0,0,0,0,0,0,0,0,0,0,0,0,0,0,0,0,0,2026_27,J1,明治安田J1リーグ,j1,21.0,2027-02-13,,kobe,ka-f,unplayed,2026_27-j1-21-kobe-vs-ka-f,20260812_074327,2026_27_j1,weekly_prediction_snapshot
2026_27,21,2027-02-13,hiro,0-0,okay,Ajinomoto Stadium,0,0,7.0,6.0,0.0,3-4-2-1,3-4-2-1,6.0,9.0,-3.0,0.0,1.0,1537.0103290322477,1494.8528330726735,42.157495959574135,19.05,10.48,8.57,113.0,127.0,26.0,18.0,7.0,6.0,2.689,2.493,56.8,67.6,63.2,61.0,0.0,0.0,0,0,14.705882352941176,4.676470588235294,10.921052631578949,1.3529411764705883,1.105263157894737,0.3235294117647059,481.1470588235294,10.470588235294118,14.705882352941176,16.764705882352942,18.352941176470587,18.657894736842103,18.647058823529413,11.794117647058824,1.7352941176470589,16.86842105263158,0.9117647058823528,0.0294117647058823,49.5,13.117647058823527,18.176470588235293,33.3235294117647,1.4088235294117646,1.068421052631579,112.0,164.0,40.0,76.0,46.0,87.0,0.0,0.0,0.0,0.0,0.0,0.0,0.0,0.0,0.0,0.0,0.0,0.0,0.0,0.0,0.0,0.0,0.0,0.0,0.0,0.0,0.0,0.0,0.0,0.0,0.0,0.0,0.0,0.0,0.0,0.0,0.0,3.0,6.0,1.0,3.0,6.0,1.0,1.0,2.0,2.0,3_vs_3,0.1052631578947368,0.0526315789473684,0.3421052631578947,0.2941176470588235,0.1764705882352941,0.2352941176470588,0.0526315789473684,0.088235294117647,0.1176470588235294,0.0294117647058823,72.0,60.0,54.0,66.0,74.0,62.0,54.0,41.0,0.0,0.0,0.0,0.0,0.0,0.0,0.0,0.0,0.0,0.0,0.0,0.0,0.0,0.0,0.0,0.0,0.0,0.0,0.5,0.0223059812160158,0.5,0.0225,0,0,0,0,0,0,0,0,0,0,0,0,0,0,0,0,0,0,2026_27,J1,明治安田J1リーグ,j1,21.0,2027-02-13,,hiro,okay,unplayed,2026_27-j1-21-hiro-vs-okay,20260812_074327,2026_27_j1,weekly_prediction_snapshot
2026_27,21,2027-02-13,ngsk,0-0,fuku,Ajinomoto Stadium,0,0,7.0,7.0,843.1,3-4-2-1,3-4-2-1,8.5,10.0,-1.5,0.5,0.0,1486.5869419238666,1504.43640562365,-17.849463699783428,13.75,12.03,1.7200000000000006,82.0,121.0,12.0,21.0,4.0,7.0,1.515,0.769,57.0,48.6,50.0,48.1,0.0,0.0,0,0,10.4,3.3,14.25,1.05,1.4,0.2,388.0,9.45,11.647058823529411,9.35,25.9,14.65,19.7,9.45,2.3,15.25,1.1,0.05,2.38,8.4,14.1,31.8,1.175,1.575,5.65,6.7,35.0,64.0,38.0,72.0,10.5,3.176470588235294,11.157894736842104,0.868421052631579,1.0,0.3235294117647059,336.8684210526316,10.529411764705882,9.657894736842104,14.052631578947368,24.61764705882353,19.529411764705884,18.44117647058824,13.058823529411764,1.6176470588235294,18.61764705882353,1.4411764705882353,0.0263157894736842,42.7,8.368421052631579,17.5,32.28947368421053,1.0558823529411765,1.0323529411764707,109.0,120.0,26.0,52.0,38.0,67.0,0.0,3.0,6.0,1.0,3.0,6.0,1.0,0.5,2.0,2.0,3_vs_3,0.0526315789473684,0.0,0.2105263157894736,0.2105263157894736,0.0588235294117647,0.1842105263157894,0.0,0.0588235294117647,0.1052631578947368,0.0294117647058823,45.0,44.0,47.0,44.0,45.0,44.5,44.0,44.0,0.0526315789473684,0.0263157894736842,0.2105263157894736,0.2105263157894736,0.0263157894736842,0.2058823529411764,0.0,0.0263157894736842,0.0789473684210526,0.0263157894736842,42.0,45.0,44.0,47.0,54.0,51.0,40.0,34.0,0.47500000000000003,0.02306318681318675,0.5,0.0240403640680649,0,0,0,0,0,0,0,0,0,0,0,0,0,0,0,0,0,0,2026_27,J1,明治安田J1リーグ,j1,21.0,2027-02-13,,ngsk,fuku,unplayed,2026_27-j1-21-ngsk-vs-fuku,20260812_074327,2026_27_j1,weekly_prediction_snapshot
2026_27,21,2027-02-14,tk-v,0-0,uraw,Ajinomoto Stadium,0,0,7.0,7.0,234.7,3-4-2-1,4-1-2-3,13.0,8.0,5.0,0.0,0.0,1506.3841338687366,1527.74338246438,-21.359248595643294,9.33,14.0,-4.67,120.5,99.0,20.0,25.0,7.0,7.0,2.064,2.553,48.6,42.7,71.4,42.1,0.0,0.0,0,0,9.2,2.65,9.8,1.0,1.3,0.3,353.25,8.25,6.052631578947368,10.2,22.1,18.05263157894737,18.710526315789476,11.05,1.4,16.05,1.0,0.0,2.2,7.4,14.3,26.8,0.8400000000000001,1.065,5.95,7.2,15.0,26.5,19.0,33.5,12.029411764705882,3.941176470588235,12.578947368421051,1.2647058823529411,1.1470588235294117,0.3157894736842105,486.5,9.973684210526317,13.205882352941176,12.86842105263158,20.91176470588235,17.735294117647058,19.23529411764705,10.105263157894736,1.763157894736842,13.894736842105264,1.105263157894737,0.0294117647058823,52.7,10.558823529411764,16.81578947368421,30.47058823529412,1.363157894736842,1.1823529411764706,111.0,163.0,39.0,78.0,45.0,83.0,0.0,3.0,6.0,1.0,4.0,5.0,1.0,1.0,2.0,2.0,3_vs_4,0.0789473684210526,0.0394736842105263,0.1973684210526315,0.0789473684210526,0.0657894736842105,0.0789473684210526,0.0,0.0789473684210526,0.0394736842105263,0.0131578947368421,22.5,22.5,23.0,19.5,22.5,21.0,22.0,25.0,0.1842105263157894,0.0294117647058823,0.2352941176470588,0.2352941176470588,0.1176470588235294,0.2368421052631578,0.0263157894736842,0.0526315789473684,0.1470588235294117,0.0263157894736842,46.0,43.0,52.0,42.0,42.0,45.0,53.0,63.0,0.48684210526315785,0.023057390439661853,0.5,0.0208333333333333,0,0,0,0,0,0,0,0,0,0,0,0,0,0,0,0,0,0,2026_27,J1,明治安田J1リーグ,j1,21.0,2027-02-14,,tk-v,uraw,unplayed,2026_27-j1-21-tk-v-vs-uraw,20260812_074327,2026_27_j1,weekly_prediction_snapshot
2026_27,22,2027-02-20,mito,0-0,kasw,Ajinomoto Stadium,0,0,7.0,7.0,242.7,3-4-2-1,3-4-2-1,9.0,10.0,-1.0,1.0,0.0,1481.3682664890543,1481.948214723065,-0.5799482340105442,10.8,17.85,-7.050000000000001,82.0,96.0,10.5,19.0,3.5,6.0,1.947,1.09,42.8,54.0,46.0,57.2,0.0,0.0,0,0,10.6,3.1,11.25,0.95,1.8,0.1,427.6,10.8,11.647058823529411,11.3,19.55,14.4,18.6,10.15,1.6,13.3,1.55,0.3,2.54,8.3,14.15,30.25,0.975,1.33,5.9,6.35,35.0,64.0,38.0,72.0,12.552631578947368,4.0588235294117645,11.382352941176473,1.0263157894736843,1.3529411764705883,0.2105263157894736,422.1315789473685,9.941176470588236,13.263157894736842,14.588235294117649,22.647058823529413,17.794117647058822,19.92105263157895,12.676470588235292,1.7352941176470589,16.441176470588236,1.588235294117647,0.0526315789473684,46.0,11.473684210526317,15.205882352941176,32.44117647058823,1.2289473684210528,1.181578947368421,113.0,163.0,39.0,80.0,47.0,82.0,0.0,4.0,4.0,2.0,3.0,5.0,2.0,-0.5,2.0,2.0,3_vs_3,0.0526315789473684,0.0,0.2105263157894736,0.2105263157894736,0.0588235294117647,0.1842105263157894,0.0,0.0588235294117647,0.1052631578947368,0.0294117647058823,45.0,44.0,47.0,44.0,45.0,44.5,44.0,44.0,0.0526315789473684,0.0,0.1842105263157894,0.2105263157894736,0.2058823529411764,0.1842105263157894,0.0588235294117647,0.0588235294117647,0.1764705882352941,0.0588235294117647,50.0,43.0,54.0,45.0,55.0,63.0,43.0,43.0,0.55,0.01095238095238095,0.4705882352941176,0.0282583621683967,0,0,0,0,0,0,0,0,0,0,0,0,0,0,0,0,0,0,2026_27,J1,明治安田J1リーグ,j1,22.0,2027-02-20,,mito,kasw,unplayed,2026_27-j1-22-mito-vs-kasw,20260812_074327,2026_27_j1,weekly_prediction_snapshot
2026_27,22,2027-02-20,uraw,0-0,kasm,Ajinomoto Stadium,0,0,6.0,7.0,289.2,4-1-2-3,4-4-2,8.0,4.0,4.0,0.0,0.0,1527.1329713906612,1555.0464607669046,-27.913489376243433,14.0,21.43,-7.43,93.0,88.0,24.0,32.0,7.0,8.0,2.553,2.945,71.4,42.1,51.4,57.8,0.0,0.0,0,0,12.029411764705882,3.941176470588235,12.578947368421051,1.2647058823529411,1.1470588235294117,0.3157894736842105,486.5,9.973684210526317,13.205882352941176,12.86842105263158,20.91176470588235,17.735294117647058,19.23529411764705,10.105263157894736,1.763157894736842,13.894736842105264,1.105263157894737,0.0294117647058823,52.7,10.558823529411764,16.81578947368421,30.47058823529412,1.363157894736842,1.1823529411764706,111.0,163.0,39.0,78.0,45.0,83.0,12.941176470588236,4.176470588235294,11.147058823529411,1.5789473684210529,1.0789473684210529,0.3947368421052631,424.11764705882354,10.852941176470589,12.264705882352942,15.078947368421051,21.91176470588235,18.68421052631579,19.97058823529412,11.894736842105264,2.0,18.81578947368421,1.411764705882353,0.0588235294117647,50.1,11.5,17.36842105263158,33.55263157894737,1.2868421052631578,1.2078947368421051,112.0,167.0,40.0,80.0,45.0,86.0,0.0,4.0,5.0,1.0,4.0,4.0,2.0,0.0,2.0,2.0,4_vs_4,0.1842105263157894,0.0294117647058823,0.2352941176470588,0.2352941176470588,0.1176470588235294,0.2368421052631578,0.0263157894736842,0.0526315789473684,0.1470588235294117,0.0263157894736842,46.0,43.0,52.0,42.0,42.0,45.0,53.0,63.0,0.0789473684210526,0.0,0.3823529411764705,0.2941176470588235,0.088235294117647,0.2631578947368421,0.0294117647058823,0.0588235294117647,0.1764705882352941,0.088235294117647,50.0,48.0,58.0,56.0,54.0,62.0,50.0,40.0,0.4705882352941176,0.0207612456747404,0.5,0.0348904267589388,0,0,0,0,0,0,0,0,0,0,0,0,0,0,0,0,0,0,2026_27,J1,明治安田J1リーグ,j1,22.0,2027-02-20,,uraw,kasm,unplayed,2026_27-j1-22-uraw-vs-kasm,20260812_074327,2026_27_j1,weekly_prediction_snapshot
2026_27,22,2027-02-20,chib,0-0,ka-f,Ajinomoto Stadium,0,0,7.0,7.0,233.7,3-4-2-1,4-2-3-1,10.0,6.0,4.0,0.0,0.0,1469.3397806394082,1554.9684351975595,-85.62865455815131,13.3,19.05,-5.75,82.0,127.0,6.5,26.0,3.0,8.0,0.481,1.501,32.4,43.2,57.3,51.3,0.0,0.0,0,0,10.75,3.45,15.65,1.0,1.65,0.1,394.6,11.1,11.647058823529411,11.6,27.0,15.85,16.7,11.35,1.7,13.6,1.55,0.05,2.355,7.95,15.1,28.35,1.135,1.65,5.95,6.05,35.0,64.0,38.0,72.0,14.657894736842104,4.947368421052632,10.235294117647058,1.911764705882353,1.2352941176470589,0.3235294117647059,578.9705882352941,11.552631578947368,15.68421052631579,13.617647058823527,20.294117647058822,18.94117647058824,20.0,9.794117647058824,2.2058823529411766,13.588235294117649,1.1470588235294117,0.088235294117647,54.9,14.078947368421051,17.5,32.47058823529412,1.6473684210526316,1.052941176470588,111.0,157.0,42.0,70.0,44.0,82.0,0.0,4.0,4.0,2.0,4.0,3.0,3.0,-0.5,2.0,2.0,3_vs_4,0.0526315789473684,0.0,0.2105263157894736,0.2105263157894736,0.0588235294117647,0.1842105263157894,0.0,0.0588235294117647,0.1052631578947368,0.0294117647058823,45.0,44.0,47.0,44.0,45.0,44.5,44.0,44.0,0.1764705882352941,0.0294117647058823,0.3421052631578947,0.4117647058823529,0.131578947368421,0.3529411764705882,0.0294117647058823,0.088235294117647,0.1764705882352941,0.1176470588235294,51.0,63.0,59.0,53.0,51.0,41.0,73.0,53.0,0.42500000000000004,0.0081944444444444,0.5,0.032840909090909,0,0,0,0,0,0,0,0,0,0,0,0,0,0,0,0,0,0,2026_27,J1,明治安田J1リーグ,j1,22.0,2027-02-20,,chib,ka-f,unplayed,2026_27-j1-22-chib-vs-ka-f,20260812_074327,2026_27_j1,weekly_prediction_snapshot
2026_27,22,2027-02-20,FCtk,0-0,ngsk,Ajinomoto Stadium,0,0,7.0,6.5,357.7,4-4-2,3-4-2-1,9.0,7.0,2.0,0.0,0.0,1502.9687564818937,1482.2412986905829,20.727457791310826,17.15,13.75,3.3999999999999986,0.0,80.0,22.0,12.0,6.0,6.0,0.998,1.515,41.1,46.9,57.0,48.6,0.0,0.0,0,0,0.0,0.0,0.0,0.0,0.0,0.0,0.0,0.0,0.0,0.0,0.0,0.0,0.0,0.0,0.0,0.0,0.0,0.0,0.0,0.0,0.0,0.0,0.0,0.0,0.0,0.0,0.0,0.0,0.0,0.0,10.4,3.3,14.25,1.05,1.4,0.2,388.0,9.45,11.647058823529411,9.35,25.9,14.65,19.7,9.45,2.3,15.25,1.1,0.05,2.38,8.4,14.1,31.8,1.175,1.575,5.65,6.7,35.0,64.0,38.0,72.0,0.0,4.0,3.0,3.0,3.0,6.0,1.0,-1.0,2.0,2.0,4_vs_3,0.0,0.0,0.0,0.0,0.0,0.0,0.0,0.0,0.0,0.0,0.0,0.0,0.0,0.0,0.0,0.0,0.0,0.0,0.0526315789473684,0.0,0.2105263157894736,0.2105263157894736,0.0588235294117647,0.1842105263157894,0.0,0.0588235294117647,0.1052631578947368,0.0294117647058823,45.0,44.0,47.0,44.0,45.0,44.5,44.0,44.0,0.5,0.0249307479224376,0.475,0.0197403846153846,0,0,0,0,0,0,0,0,0,0,0,0,0,0,0,0,0,0,2026_27,J1,明治安田J1リーグ,j1,22.0,2027-02-20,,FCtk,ngsk,unplayed,2026_27-j1-22-FCtk-vs-ngsk,20260812_074327,2026_27_j1,weekly_prediction_snapshot
2026_27,22,2027-02-20,y-fm,0-0,mcd,Ajinomoto Stadium,0,0,6.0,7.0,145.05,4-2-3-1,3-4-2-1,6.0,3.0,3.0,0.0,0.0,1553.7084627416564,1541.9609084585081,11.747554283148247,14.1,18.4,-4.299999999999999,0.0,0.0,24.0,24.5,7.0,8.0,1.416,1.924,42.2,48.6,53.1,58.9,0.0,0.0,0,0,15.705882352941176,5.205882352941177,12.676470588235292,2.0294117647058822,1.1764705882352942,0.2647058823529412,607.2647058823529,11.852941176470589,17.205882352941178,18.294117647058822,18.647058823529413,16.973684210526315,19.11764705882353,11.842105263157896,1.5294117647058822,11.078947368421051,1.1842105263157894,0.0789473684210526,57.9,14.882352941176473,15.921052631578949,33.026315789473685,1.8088235294117647,1.3558823529411763,118.0,184.0,48.0,89.0,44.0,90.0,11.1,3.263157894736842,10.842105263157896,1.25,0.8947368421052632,0.35,328.63157894736844,11.45,5.25,11.2,17.15,15.31578947368421,17.026315789473685,9.95,1.2,12.8,1.15,0.05,2.26,8.4,17.15,28.7,1.11,0.9605263157894736,5.9,5.65,14.0,31.0,18.0,31.5,0.0,4.0,3.0,3.0,3.0,6.0,1.0,-1.0,2.0,2.0,4_vs_3,0.0,0.0,0.0,0.0,0.0,0.0,0.0,0.0,0.0,0.0,0.0,0.0,0.0,0.0,0.0,0.0,0.0,0.0,0.0,0.0,0.0,0.0,0.0,0.0,0.0,0.0,0.0,0.0,0.0,0.0,0.0,0.0,0.0,0.0,0.0,0.0,0.5,0.0339335180055401,0.475,0.03670329670329665,0,0,0,0,0,0,0,0,0,0,0,0,0,0,0,0,0,0,2026_27,J1,明治安田J1リーグ,j1,22.0,2027-02-20,,y-fm,mcd,unplayed,2026_27-j1-22-y-fm-vs-mcd,20260812_074327,2026_27_j1,weekly_prediction_snapshot
2026_27,22,2027-02-20,shim,0-0,kyot,Ajinomoto Stadium,0,0,7.0,7.0,367.5,4-1-2-3,4-2-3-1,13.0,12.0,1.0,0.0,0.0,1477.4441154138574,1487.110875027563,-9.666759613705608,13.83,14.98,-1.1500000000000004,78.0,110.5,19.0,17.0,5.0,6.0,1.52,0.847,57.5,34.7,51.4,42.9,0.0,0.0,0,0,11.342105263157896,3.5,12.0,0.9736842105263158,1.4210526315789471,0.1176470588235294,407.60526315789474,9.157894736842104,8.421052631578947,13.342105263157896,21.47058823529412,15.263157894736842,19.07894736842105,8.894736842105264,1.9705882352941173,12.176470588235292,0.631578947368421,0.0263157894736842,43.5,8.973684210526315,14.052631578947368,29.44736842105263,1.0578947368421054,1.0842105263157895,113.0,156.0,39.0,71.0,49.0,83.0,11.911764705882351,3.176470588235294,12.823529411764708,1.05,1.3235294117647058,0.2352941176470588,337.52941176470586,10.441176470588236,10.43498452012384,13.5,23.7,17.15,21.15,13.205882352941176,1.3,17.8,1.5263157894736843,0.0789473684210526,46.2,10.0,15.8,33.94117647058823,1.1588235294117646,1.4352941176470588,113.0,133.0,27.0,53.0,36.5,80.0,0.0,4.0,4.0,2.0,4.0,3.0,3.0,0.0,2.0,2.0,4_vs_4,0.0,0.0,0.3421052631578947,0.2105263157894736,0.0,0.131578947368421,0.0,0.0526315789473684,0.088235294117647,0.088235294117647,35.0,34.0,47.0,47.0,36.0,44.0,42.0,53.0,0.0278637770897832,0.0,0.2376160990712074,0.2105263157894736,0.0704334365325076,0.0588235294117647,0.0,0.0719814241486068,0.1176470588235294,0.0147058823529411,56.0,35.5,54.5,60.0,56.0,46.0,36.0,38.0,0.5294117647058824,0.0381752077562327,0.4705882352941176,0.03751730103806225,0,0,0,0,0,0,0,0,0,0,0,0,0,0,0,0,0,0,2026_27,J1,明治安田J1リーグ,j1,22.0,2027-02-20,,shim,kyot,unplayed,2026_27-j1-22-shim-vs-kyot,20260812_074327,2026_27_j1,weekly_prediction_snapshot
2026_27,22,2027-02-20,c-os,0-0,kobe,Ajinomoto Stadium,0,0,7.0,7.0,412.8,3-4-2-1,4-1-2-3,7.0,4.0,3.0,0.0,0.0,1510.635587565086,1568.9211136856622,-58.28552612057615,12.5,16.6,-4.100000000000001,99.0,96.0,23.0,27.0,7.0,9.0,0.595,1.011,39.0,36.8,51.9,50.0,0.0,0.0,0,0,13.394736842105264,3.868421052631579,12.18421052631579,1.236842105263158,1.1764705882352942,0.2894736842105263,455.8157894736842,10.823529411764708,11.105263157894736,15.289473684210526,20.5,15.5,18.38235294117647,9.157894736842104,1.605263157894737,13.941176470588236,0.7368421052631579,0.0294117647058823,50.4,10.763157894736842,15.441176470588236,31.88235294117647,1.258823529411765,1.1973684210526316,114.0,129.0,41.0,62.0,48.0,66.0,12.411764705882351,4.176470588235294,11.852941176470589,1.605263157894737,0.9473684210526316,0.3421052631578947,518.9411764705883,11.470588235294118,12.411764705882351,14.235294117647058,21.86842105263158,16.794117647058822,18.473684210526315,9.911764705882351,2.210526315789474,16.92105263157895,0.9736842105263158,0.0294117647058823,53.7,11.382352941176473,16.605263157894736,31.94117647058824,1.3941176470588237,1.1088235294117648,113.0,163.0,42.0,70.0,44.0,88.0,0.0,4.0,4.0,2.0,4.0,3.0,3.0,-1.0,2.0,2.0,3_vs_4,0.088235294117647,0.0,0.2894736842105263,0.2894736842105263,0.0526315789473684,0.2368421052631578,0.0294117647058823,0.0789473684210526,0.088235294117647,0.0588235294117647,56.0,45.0,45.0,49.0,46.0,44.0,50.0,55.0,0.0789473684210526,0.0263157894736842,0.2941176470588235,0.3823529411764705,0.1052631578947368,0.2105263157894736,0.0789473684210526,0.0789473684210526,0.1052631578947368,0.0294117647058823,57.0,56.0,47.0,43.0,45.0,39.0,54.0,61.0,0.5,0.0280470914127423,0.4736842105263157,0.0423875432525951,0,0,0,0,0,0,0,0,0,0,0,0,0,0,0,0,0,0,2026_27,J1,明治安田J1リーグ,j1,22.0,2027-02-20,,c-os,kobe,unplayed,2026_27-j1-22-c-os-vs-kobe,20260812_074327,2026_27_j1,weekly_prediction_snapshot
2026_27,22,2027-02-20,okay,0-0,g-os,Ajinomoto Stadium,0,0,7.0,6.0,383.2,3-4-2-1,4-2-3-1,9.0,12.0,-3.0,0.0,0.0,1499.4001333498045,1486.29287547773,13.10725787207457,10.48,15.35,-4.869999999999999,100.0,85.0,18.0,20.0,6.0,6.0,2.493,1.038,63.2,61.0,57.9,28.6,0.0,0.0,0,0,0.0,0.0,0.0,0.0,0.0,0.0,0.0,0.0,0.0,0.0,0.0,0.0,0.0,0.0,0.0,0.0,0.0,0.0,0.0,0.0,0.0,0.0,0.0,0.0,0.0,0.0,0.0,0.0,0.0,0.0,12.763157894736842,4.088235294117647,14.911764705882351,1.1176470588235294,1.2894736842105263,0.3421052631578947,473.8157894736842,9.470588235294118,10.794117647058824,13.058823529411764,23.029411764705884,17.13157894736842,20.289473684210527,11.558823529411764,1.7941176470588236,17.676470588235293,1.0526315789473684,0.0294117647058823,48.1,11.176470588235292,16.91176470588235,31.789473684210527,1.2352941176470589,1.576470588235294,113.0,157.0,38.0,67.0,50.0,83.0,0.0,3.0,6.0,1.0,4.0,4.0,2.0,1.0,2.0,2.0,3_vs_4,0.0,0.0,0.0,0.0,0.0,0.0,0.0,0.0,0.0,0.0,0.0,0.0,0.0,0.0,0.0,0.0,0.0,0.0,0.131578947368421,0.0263157894736842,0.2631578947368421,0.1764705882352941,0.0588235294117647,0.1764705882352941,0.0263157894736842,0.1470588235294117,0.1470588235294117,0.0294117647058823,41.0,45.0,49.0,49.0,43.0,47.0,55.0,47.0,0.4473684210526316,0.0279316712834718,0.4473684210526316,0.0339335180055401,0,0,0,0,0,0,0,0,0,0,0,0,0,0,0,0,0,0,2026_27,J1,明治安田J1リーグ,j1,22.0,2027-02-20,,okay,g-os,unplayed,2026_27-j1-22-okay-vs-g-os,20260812_074327,2026_27_j1,weekly_prediction_snapshot
2026_27,22,2027-02-20,hiro,0-0,tk-v,Ajinomoto Stadium,0,0,7.0,6.0,0.0,3-4-2-1,3-4-2-1,6.0,13.0,-7.0,0.0,0.0,1537.0103290322477,1507.9523244100073,29.058004622240333,19.05,9.33,9.72,113.0,118.5,26.0,21.0,7.0,7.0,2.689,2.064,56.8,67.6,48.6,42.7,0.0,0.0,0,0,14.705882352941176,4.676470588235294,10.921052631578949,1.3529411764705883,1.105263157894737,0.3235294117647059,481.1470588235294,10.470588235294118,14.705882352941176,16.764705882352942,18.352941176470587,18.657894736842103,18.647058823529413,11.794117647058824,1.7352941176470589,16.86842105263158,0.9117647058823528,0.0294117647058823,49.5,13.117647058823527,18.176470588235293,33.3235294117647,1.4088235294117646,1.068421052631579,112.0,164.0,40.0,76.0,46.0,87.0,9.2,2.65,9.8,1.0,1.3,0.3,353.25,8.25,6.052631578947368,10.2,22.1,18.05263157894737,18.710526315789476,11.05,1.4,16.05,1.0,0.0,2.2,7.4,14.3,26.8,0.8400000000000001,1.065,5.95,7.2,15.0,26.5,19.0,33.5,0.0,3.0,6.0,1.0,3.0,6.0,1.0,1.0,2.0,2.0,3_vs_3,0.1052631578947368,0.0526315789473684,0.3421052631578947,0.2941176470588235,0.1764705882352941,0.2352941176470588,0.0526315789473684,0.088235294117647,0.1176470588235294,0.0294117647058823,72.0,60.0,54.0,66.0,74.0,62.0,54.0,41.0,0.0789473684210526,0.0394736842105263,0.1973684210526315,0.0789473684210526,0.0657894736842105,0.0789473684210526,0.0,0.0789473684210526,0.0394736842105263,0.0131578947368421,22.5,22.5,23.0,19.5,22.5,21.0,22.0,25.0,0.5,0.0223059812160158,0.48684210526315785,0.027239150507848503,0,0,0,0,0,0,0,0,0,0,0,0,0,0,0,0,0,0,2026_27,J1,明治安田J1リーグ,j1,22.0,2027-02-20,,hiro,tk-v,unplayed,2026_27-j1-22-hiro-vs-tk-v,20260812_074327,2026_27_j1,weekly_prediction_snapshot
2026_27,22,2027-02-20,fuku,0-0,nago,Ajinomoto Stadium,0,0,7.0,7.0,230.3,3-4-2-1,3-4-2-1,10.0,9.0,1.0,0.0,0.0,1502.0577783078763,1519.4628165308918,-17.40503822301548,12.03,13.35,-1.3200000000000003,113.0,120.0,19.0,25.0,5.0,7.0,0.769,1.037,50.0,48.1,65.3,42.5,0.0,0.0,0,0,10.5,3.176470588235294,11.157894736842104,0.868421052631579,1.0,0.3235294117647059,336.8684210526316,10.529411764705882,9.657894736842104,14.052631578947368,24.61764705882353,19.529411764705884,18.44117647058824,13.058823529411764,1.6176470588235294,18.61764705882353,1.4411764705882353,0.0263157894736842,42.7,8.368421052631579,17.5,32.28947368421053,1.0558823529411765,1.0323529411764707,109.0,120.0,26.0,52.0,38.0,67.0,11.205882352941176,3.8947368421052633,11.735294117647058,1.1578947368421053,1.0294117647058822,0.3823529411764705,403.1764705882353,11.676470588235292,10.705882352941176,13.441176470588236,21.647058823529413,18.58823529411765,18.94117647058824,10.176470588235292,1.7941176470588236,14.763157894736842,1.0,0.0588235294117647,46.2,8.973684210526315,17.294117647058822,30.289473684210527,1.1823529411764706,1.1176470588235294,114.0,155.0,39.0,74.0,48.0,79.0,0.0,3.0,6.0,1.0,3.0,6.0,1.0,0.0,2.0,2.0,3_vs_3,0.0526315789473684,0.0263157894736842,0.2105263157894736,0.2105263157894736,0.0263157894736842,0.2058823529411764,0.0,0.0263157894736842,0.0789473684210526,0.0263157894736842,42.0,45.0,44.0,47.0,54.0,51.0,40.0,34.0,0.0588235294117647,0.0294117647058823,0.2647058823529412,0.2058823529411764,0.0294117647058823,0.1842105263157894,0.0,0.1052631578947368,0.1470588235294117,0.0526315789473684,51.0,50.0,38.0,45.0,47.0,44.0,43.0,46.0,0.45,0.0218144044321329,0.5,0.0289285714285714,0,0,0,0,0,0,0,0,0,0,0,0,0,0,0,0,0,0,2026_27,J1,明治安田J1リーグ,j1,22.0,2027-02-20,,fuku,nago,unplayed,2026_27-j1-22-fuku-vs-nago,20260812_074327,2026_27_j1,weekly_prediction_snapshot
2026_27,23,2027-02-27,mito,0-0,kobe,Ajinomoto Stadium,0,0,7.0,7.0,412.8,3-4-2-1,4-1-2-3,9.0,4.0,5.0,1.0,0.0,1481.3682664890543,1568.9211136856622,-87.5528471966079,10.8,16.6,-5.800000000000001,82.0,96.0,10.5,27.0,3.5,9.0,1.947,1.011,42.8,54.0,51.9,50.0,0.0,0.0,0,0,10.6,3.1,11.25,0.95,1.8,0.1,427.6,10.8,11.647058823529411,11.3,19.55,14.4,18.6,10.15,1.6,13.3,1.55,0.3,2.54,8.3,14.15,30.25,0.975,1.33,5.9,6.35,35.0,64.0,38.0,72.0,12.411764705882351,4.176470588235294,11.852941176470589,1.605263157894737,0.9473684210526316,0.3421052631578947,518.9411764705883,11.470588235294118,12.411764705882351,14.235294117647058,21.86842105263158,16.794117647058822,18.473684210526315,9.911764705882351,2.210526315789474,16.92105263157895,0.9736842105263158,0.0294117647058823,53.7,11.382352941176473,16.605263157894736,31.94117647058824,1.3941176470588237,1.1088235294117648,113.0,163.0,42.0,70.0,44.0,88.0,0.0,4.0,4.0,2.0,4.0,3.0,3.0,-0.5,2.0,2.0,3_vs_4,0.0526315789473684,0.0,0.2105263157894736,0.2105263157894736,0.0588235294117647,0.1842105263157894,0.0,0.0588235294117647,0.1052631578947368,0.0294117647058823,45.0,44.0,47.0,44.0,45.0,44.5,44.0,44.0,0.0789473684210526,0.0263157894736842,0.2941176470588235,0.3823529411764705,0.1052631578947368,0.2105263157894736,0.0789473684210526,0.0789473684210526,0.1052631578947368,0.0294117647058823,57.0,56.0,47.0,43.0,45.0,39.0,54.0,61.0,0.55,0.01095238095238095,0.4736842105263157,0.0423875432525951,0,0,0,0,0,0,0,0,0,0,0,0,0,0,0,0,0,0,2026_27,J1,明治安田J1リーグ,j1,23.0,2027-02-27,,mito,kobe,unplayed,2026_27-j1-23-mito-vs-kobe,20260812_074327,2026_27_j1,weekly_prediction_snapshot
2026_27,23,2027-02-27,chib,0-0,FCtk,Ajinomoto Stadium,0,0,7.0,7.0,225.6,3-4-2-1,4-4-2,10.0,8.0,2.0,0.0,0.0,1469.3397806394082,1504.7254200609143,-35.385639421506085,13.3,17.15,-3.849999999999998,82.0,0.0,6.5,23.0,3.0,7.0,0.481,0.998,32.4,43.2,41.1,46.9,0.0,0.0,0,0,10.75,3.45,15.65,1.0,1.65,0.1,394.6,11.1,11.647058823529411,11.6,27.0,15.85,16.7,11.35,1.7,13.6,1.55,0.05,2.355,7.95,15.1,28.35,1.135,1.65,5.95,6.05,35.0,64.0,38.0,72.0,0.0,0.0,0.0,0.0,0.0,0.0,0.0,0.0,0.0,0.0,0.0,0.0,0.0,0.0,0.0,0.0,0.0,0.0,0.0,0.0,0.0,0.0,0.0,0.0,0.0,0.0,0.0,0.0,0.0,0.0,0.0,4.0,4.0,2.0,4.0,3.0,3.0,-0.5,2.0,2.0,3_vs_4,0.0526315789473684,0.0,0.2105263157894736,0.2105263157894736,0.0588235294117647,0.1842105263157894,0.0,0.0588235294117647,0.1052631578947368,0.0294117647058823,45.0,44.0,47.0,44.0,45.0,44.5,44.0,44.0,0.0,0.0,0.0,0.0,0.0,0.0,0.0,0.0,0.0,0.0,0.0,0.0,0.0,0.0,0.0,0.0,0.0,0.0,0.42500000000000004,0.0081944444444444,0.4736842105263157,0.0222925735391109,0,0,0,0,0,0,0,0,0,0,0,0,0,0,0,0,0,0,2026_27,J1,明治安田J1リーグ,j1,23.0,2027-02-27,,chib,FCtk,unplayed,2026_27-j1-23-chib-vs-FCtk,20260812_074327,2026_27_j1,weekly_prediction_snapshot
2026_27,23,2027-02-27,ka-f,0-0,mcd,Ajinomoto Stadium,0,0,6.0,7.0,145.05,4-2-3-1,3-4-2-1,6.0,3.0,3.0,0.0,0.0,1552.3375348771292,1541.9609084585081,10.376626418621072,19.05,18.4,0.6500000000000021,114.0,0.0,25.0,24.5,7.0,8.0,1.501,1.924,57.3,51.3,53.1,58.9,0.0,0.0,0,0,14.657894736842104,4.947368421052632,10.235294117647058,1.911764705882353,1.2352941176470589,0.3235294117647059,578.9705882352941,11.552631578947368,15.68421052631579,13.617647058823527,20.294117647058822,18.94117647058824,20.0,9.794117647058824,2.2058823529411766,13.588235294117649,1.1470588235294117,0.088235294117647,54.9,14.078947368421051,17.5,32.47058823529412,1.6473684210526316,1.052941176470588,111.0,157.0,42.0,70.0,44.0,82.0,11.1,3.263157894736842,10.842105263157896,1.25,0.8947368421052632,0.35,328.63157894736844,11.45,5.25,11.2,17.15,15.31578947368421,17.026315789473685,9.95,1.2,12.8,1.15,0.05,2.26,8.4,17.15,28.7,1.11,0.9605263157894736,5.9,5.65,14.0,31.0,18.0,31.5,0.0,4.0,3.0,3.0,3.0,6.0,1.0,-1.0,2.0,2.0,4_vs_3,0.1764705882352941,0.0294117647058823,0.3421052631578947,0.4117647058823529,0.131578947368421,0.3529411764705882,0.0294117647058823,0.088235294117647,0.1764705882352941,0.1176470588235294,51.0,63.0,59.0,53.0,51.0,41.0,73.0,53.0,0.0,0.0,0.0,0.0,0.0,0.0,0.0,0.0,0.0,0.0,0.0,0.0,0.0,0.0,0.0,0.0,0.0,0.0,0.45,0.0350346020761245,0.475,0.03670329670329665,0,0,0,0,0,0,0,0,0,0,0,0,0,0,0,0,0,0,2026_27,J1,明治安田J1リーグ,j1,23.0,2027-02-27,,ka-f,mcd,unplayed,2026_27-j1-23-ka-f-vs-mcd,20260812_074327,2026_27_j1,weekly_prediction_snapshot
2026_27,23,2027-02-27,y-fm,0-0,c-os,Ajinomoto Stadium,0,0,6.0,6.0,385.9,4-2-3-1,3-4-2-1,6.0,8.0,-2.0,0.0,0.0,1553.7084627416564,1509.1673593438288,44.541103397827555,14.1,12.5,1.5999999999999996,0.0,93.0,24.0,24.0,7.0,6.0,1.416,0.595,42.2,48.6,39.0,36.8,0.0,0.0,0,0,15.705882352941176,5.205882352941177,12.676470588235292,2.0294117647058822,1.1764705882352942,0.2647058823529412,607.2647058823529,11.852941176470589,17.205882352941178,18.294117647058822,18.647058823529413,16.973684210526315,19.11764705882353,11.842105263157896,1.5294117647058822,11.078947368421051,1.1842105263157894,0.0789473684210526,57.9,14.882352941176473,15.921052631578949,33.026315789473685,1.8088235294117647,1.3558823529411763,118.0,184.0,48.0,89.0,44.0,90.0,13.394736842105264,3.868421052631579,12.18421052631579,1.236842105263158,1.1764705882352942,0.2894736842105263,455.8157894736842,10.823529411764708,11.105263157894736,15.289473684210526,20.5,15.5,18.38235294117647,9.157894736842104,1.605263157894737,13.941176470588236,0.7368421052631579,0.0294117647058823,50.4,10.763157894736842,15.441176470588236,31.88235294117647,1.258823529411765,1.1973684210526316,114.0,129.0,41.0,62.0,48.0,66.0,0.0,4.0,3.0,3.0,4.0,4.0,2.0,-1.0,2.0,2.0,4_vs_3,0.0,0.0,0.0,0.0,0.0,0.0,0.0,0.0,0.0,0.0,0.0,0.0,0.0,0.0,0.0,0.0,0.0,0.0,0.088235294117647,0.0,0.2894736842105263,0.2894736842105263,0.0526315789473684,0.2368421052631578,0.0294117647058823,0.0789473684210526,0.088235294117647,0.0588235294117647,56.0,45.0,45.0,49.0,46.0,44.0,50.0,55.0,0.5,0.0339335180055401,0.4736842105263157,0.0293452222517966,0,0,0,0,0,0,0,0,0,0,0,0,0,0,0,0,0,0,2026_27,J1,明治安田J1リーグ,j1,23.0,2027-02-27,,y-fm,c-os,unplayed,2026_27-j1-23-y-fm-vs-c-os,20260812_074327,2026_27_j1,weekly_prediction_snapshot
2026_27,23,2027-02-27,shim,0-0,hiro,Ajinomoto Stadium,0,0,7.0,7.0,639.0,4-1-2-3,3-4-2-1,13.0,5.0,8.0,0.0,0.0,1477.4441154138574,1548.059515531813,-70.61540011795569,13.83,19.05,-5.220000000000001,78.0,117.0,19.0,29.0,5.0,8.0,1.52,2.689,57.5,34.7,56.8,67.6,0.0,0.0,0,0,11.342105263157896,3.5,12.0,0.9736842105263158,1.4210526315789471,0.1176470588235294,407.60526315789474,9.157894736842104,8.421052631578947,13.342105263157896,21.47058823529412,15.263157894736842,19.07894736842105,8.894736842105264,1.9705882352941173,12.176470588235292,0.631578947368421,0.0263157894736842,43.5,8.973684210526315,14.052631578947368,29.44736842105263,1.0578947368421054,1.0842105263157895,113.0,156.0,39.0,71.0,49.0,83.0,14.705882352941176,4.676470588235294,10.921052631578949,1.3529411764705883,1.105263157894737,0.3235294117647059,481.1470588235294,10.470588235294118,14.705882352941176,16.764705882352942,18.352941176470587,18.657894736842103,18.647058823529413,11.794117647058824,1.7352941176470589,16.86842105263158,0.9117647058823528,0.0294117647058823,49.5,13.117647058823527,18.176470588235293,33.3235294117647,1.4088235294117646,1.068421052631579,112.0,164.0,40.0,76.0,46.0,87.0,0.0,4.0,4.0,2.0,3.0,6.0,1.0,0.0,2.0,2.0,4_vs_3,0.0,0.0,0.3421052631578947,0.2105263157894736,0.0,0.131578947368421,0.0,0.0526315789473684,0.088235294117647,0.088235294117647,35.0,34.0,47.0,47.0,36.0,44.0,42.0,53.0,0.1052631578947368,0.0526315789473684,0.3421052631578947,0.2941176470588235,0.1764705882352941,0.2352941176470588,0.0526315789473684,0.088235294117647,0.1176470588235294,0.0294117647058823,72.0,60.0,54.0,66.0,74.0,62.0,54.0,41.0,0.5294117647058824,0.0381752077562327,0.4736842105263157,0.0276816608996539,0,0,0,0,0,0,0,0,0,0,0,0,0,0,0,0,0,0,2026_27,J1,明治安田J1リーグ,j1,23.0,2027-02-27,,shim,hiro,unplayed,2026_27-j1-23-shim-vs-hiro,20260812_074327,2026_27_j1,weekly_prediction_snapshot
2026_27,23,2027-02-27,nago,0-0,uraw,Ajinomoto Stadium,0,0,7.0,7.0,234.7,3-4-2-1,4-1-2-3,8.0,8.0,0.0,0.0,0.0,1521.2102994510724,1527.74338246438,-6.533083013307532,13.35,14.0,-0.6500000000000004,114.0,99.0,26.0,25.0,7.0,7.0,1.037,2.553,65.3,42.5,71.4,42.1,0.0,0.0,0,0,11.205882352941176,3.8947368421052633,11.735294117647058,1.1578947368421053,1.0294117647058822,0.3823529411764705,403.1764705882353,11.676470588235292,10.705882352941176,13.441176470588236,21.647058823529413,18.58823529411765,18.94117647058824,10.176470588235292,1.7941176470588236,14.763157894736842,1.0,0.0588235294117647,46.2,8.973684210526315,17.294117647058822,30.289473684210527,1.1823529411764706,1.1176470588235294,114.0,155.0,39.0,74.0,48.0,79.0,12.029411764705882,3.941176470588235,12.578947368421051,1.2647058823529411,1.1470588235294117,0.3157894736842105,486.5,9.973684210526317,13.205882352941176,12.86842105263158,20.91176470588235,17.735294117647058,19.23529411764705,10.105263157894736,1.763157894736842,13.894736842105264,1.105263157894737,0.0294117647058823,52.7,10.558823529411764,16.81578947368421,30.47058823529412,1.363157894736842,1.1823529411764706,111.0,163.0,39.0,78.0,45.0,83.0,0.0,3.0,6.0,1.0,4.0,5.0,1.0,1.0,2.0,2.0,3_vs_4,0.0588235294117647,0.0294117647058823,0.2647058823529412,0.2058823529411764,0.0294117647058823,0.1842105263157894,0.0,0.1052631578947368,0.1470588235294117,0.0526315789473684,51.0,50.0,38.0,45.0,47.0,44.0,43.0,46.0,0.1842105263157894,0.0294117647058823,0.2352941176470588,0.2352941176470588,0.1176470588235294,0.2368421052631578,0.0263157894736842,0.0526315789473684,0.1470588235294117,0.0263157894736842,46.0,43.0,52.0,42.0,42.0,45.0,53.0,63.0,0.4736842105263157,0.028365650969529,0.5,0.0208333333333333,0,0,0,0,0,0,0,0,0,0,0,0,0,0,0,0,0,0,2026_27,J1,明治安田J1リーグ,j1,23.0,2027-02-27,,nago,uraw,unplayed,2026_27-j1-23-nago-vs-uraw,20260812_074327,2026_27_j1,weekly_prediction_snapshot
2026_27,23,2027-02-27,kyot,0-0,tk-v,Ajinomoto Stadium,0,0,7.0,6.0,0.0,4-2-3-1,3-4-2-1,11.5,13.0,-1.5,0.0,0.0,1482.0426018308194,1507.9523244100073,-25.909722579187928,14.98,9.33,5.65,127.5,118.5,18.5,21.0,5.5,7.0,0.847,2.064,51.4,42.9,48.6,42.7,0.0,0.0,0,0,11.911764705882351,3.176470588235294,12.823529411764708,1.05,1.3235294117647058,0.2352941176470588,337.52941176470586,10.441176470588236,10.43498452012384,13.5,23.7,17.15,21.15,13.205882352941176,1.3,17.8,1.5263157894736843,0.0789473684210526,46.2,10.0,15.8,33.94117647058823,1.1588235294117646,1.4352941176470588,113.0,133.0,27.0,53.0,36.5,80.0,9.2,2.65,9.8,1.0,1.3,0.3,353.25,8.25,6.052631578947368,10.2,22.1,18.05263157894737,18.710526315789476,11.05,1.4,16.05,1.0,0.0,2.2,7.4,14.3,26.8,0.8400000000000001,1.065,5.95,7.2,15.0,26.5,19.0,33.5,0.0,4.0,3.0,3.0,3.0,6.0,1.0,-2.0,2.0,2.0,4_vs_3,0.0278637770897832,0.0,0.2376160990712074,0.2105263157894736,0.0704334365325076,0.0588235294117647,0.0,0.0719814241486068,0.1176470588235294,0.0147058823529411,56.0,35.5,54.5,60.0,56.0,46.0,36.0,38.0,0.0789473684210526,0.0394736842105263,0.1973684210526315,0.0789473684210526,0.0657894736842105,0.0789473684210526,0.0,0.0789473684210526,0.0394736842105263,0.0131578947368421,22.5,22.5,23.0,19.5,22.5,21.0,22.0,25.0,0.5,0.049528879425073155,0.48684210526315785,0.027239150507848503,0,0,0,0,0,0,0,0,0,0,0,0,0,0,0,0,0,0,2026_27,J1,明治安田J1リーグ,j1,23.0,2027-02-27,,kyot,tk-v,unplayed,2026_27-j1-23-kyot-vs-tk-v,20260812_074327,2026_27_j1,weekly_prediction_snapshot
2026_27,23,2027-02-27,g-os,0-0,fuku,Ajinomoto Stadium,0,0,7.0,7.0,843.1,4-2-3-1,3-4-2-1,12.0,10.0,2.0,0.0,0.0,1484.87429753502,1504.43640562365,-19.562108088629884,15.35,12.03,3.3200000000000003,93.0,121.0,20.0,21.0,5.0,7.0,1.038,0.769,57.9,28.6,50.0,48.1,0.0,0.0,0,0,12.763157894736842,4.088235294117647,14.911764705882351,1.1176470588235294,1.2894736842105263,0.3421052631578947,473.8157894736842,9.470588235294118,10.794117647058824,13.058823529411764,23.029411764705884,17.13157894736842,20.289473684210527,11.558823529411764,1.7941176470588236,17.676470588235293,1.0526315789473684,0.0294117647058823,48.1,11.176470588235292,16.91176470588235,31.789473684210527,1.2352941176470589,1.576470588235294,113.0,157.0,38.0,67.0,50.0,83.0,10.5,3.176470588235294,11.157894736842104,0.868421052631579,1.0,0.3235294117647059,336.8684210526316,10.529411764705882,9.657894736842104,14.052631578947368,24.61764705882353,19.529411764705884,18.44117647058824,13.058823529411764,1.6176470588235294,18.61764705882353,1.4411764705882353,0.0263157894736842,42.7,8.368421052631579,17.5,32.28947368421053,1.0558823529411765,1.0323529411764707,109.0,120.0,26.0,52.0,38.0,67.0,0.0,4.0,4.0,2.0,3.0,6.0,1.0,-1.0,2.0,2.0,4_vs_3,0.131578947368421,0.0263157894736842,0.2631578947368421,0.1764705882352941,0.0588235294117647,0.1764705882352941,0.0263157894736842,0.1470588235294117,0.1470588235294117,0.0294117647058823,41.0,45.0,49.0,49.0,43.0,47.0,55.0,47.0,0.0526315789473684,0.0263157894736842,0.2105263157894736,0.2105263157894736,0.0263157894736842,0.2058823529411764,0.0,0.0263157894736842,0.0789473684210526,0.0263157894736842,42.0,45.0,44.0,47.0,54.0,51.0,40.0,34.0,0.5,0.0373961218836565,0.5,0.0240403640680649,0,0,0,0,0,0,0,0,0,0,0,0,0,0,0,0,0,0,2026_27,J1,明治安田J1リーグ,j1,23.0,2027-02-27,,g-os,fuku,unplayed,2026_27-j1-23-g-os-vs-fuku,20260812_074327,2026_27_j1,weekly_prediction_snapshot
2026_27,23,2027-02-27,okay,0-0,kasm,Ajinomoto Stadium,0,0,7.0,7.0,289.2,3-4-2-1,4-4-2,9.0,4.0,5.0,0.0,0.0,1499.4001333498045,1555.0464607669046,-55.64632741710011,10.48,21.43,-10.95,100.0,88.0,18.0,32.0,6.0,8.0,2.493,2.945,63.2,61.0,51.4,57.8,0.0,0.0,0,0,0.0,0.0,0.0,0.0,0.0,0.0,0.0,0.0,0.0,0.0,0.0,0.0,0.0,0.0,0.0,0.0,0.0,0.0,0.0,0.0,0.0,0.0,0.0,0.0,0.0,0.0,0.0,0.0,0.0,0.0,12.941176470588236,4.176470588235294,11.147058823529411,1.5789473684210529,1.0789473684210529,0.3947368421052631,424.11764705882354,10.852941176470589,12.264705882352942,15.078947368421051,21.91176470588235,18.68421052631579,19.97058823529412,11.894736842105264,2.0,18.81578947368421,1.411764705882353,0.0588235294117647,50.1,11.5,17.36842105263158,33.55263157894737,1.2868421052631578,1.2078947368421051,112.0,167.0,40.0,80.0,45.0,86.0,0.0,3.0,6.0,1.0,4.0,4.0,2.0,1.0,2.0,2.0,3_vs_4,0.0,0.0,0.0,0.0,0.0,0.0,0.0,0.0,0.0,0.0,0.0,0.0,0.0,0.0,0.0,0.0,0.0,0.0,0.0789473684210526,0.0,0.3823529411764705,0.2941176470588235,0.088235294117647,0.2631578947368421,0.0294117647058823,0.0588235294117647,0.1764705882352941,0.088235294117647,50.0,48.0,58.0,56.0,54.0,62.0,50.0,40.0,0.4473684210526316,0.0279316712834718,0.5,0.0348904267589388,0,0,0,0,0,0,0,0,0,0,0,0,0,0,0,0,0,0,2026_27,J1,明治安田J1リーグ,j1,23.0,2027-02-27,,okay,kasm,unplayed,2026_27-j1-23-okay-vs-kasm,20260812_074327,2026_27_j1,weekly_prediction_snapshot
2026_27,23,2027-02-27,ngsk,0-0,kasw,Ajinomoto Stadium,0,0,7.0,7.0,242.7,3-4-2-1,3-4-2-1,8.5,10.0,-1.5,0.5,0.0,1486.5869419238666,1481.948214723065,4.638727200801668,13.75,17.85,-4.100000000000001,82.0,96.0,12.0,19.0,4.0,6.0,1.515,1.09,57.0,48.6,46.0,57.2,0.0,0.0,0,0,10.4,3.3,14.25,1.05,1.4,0.2,388.0,9.45,11.647058823529411,9.35,25.9,14.65,19.7,9.45,2.3,15.25,1.1,0.05,2.38,8.4,14.1,31.8,1.175,1.575,5.65,6.7,35.0,64.0,38.0,72.0,12.552631578947368,4.0588235294117645,11.382352941176473,1.0263157894736843,1.3529411764705883,0.2105263157894736,422.1315789473685,9.941176470588236,13.263157894736842,14.588235294117649,22.647058823529413,17.794117647058822,19.92105263157895,12.676470588235292,1.7352941176470589,16.441176470588236,1.588235294117647,0.0526315789473684,46.0,11.473684210526317,15.205882352941176,32.44117647058823,1.2289473684210528,1.181578947368421,113.0,163.0,39.0,80.0,47.0,82.0,0.0,3.0,6.0,1.0,3.0,5.0,2.0,0.5,2.0,2.0,3_vs_3,0.0526315789473684,0.0,0.2105263157894736,0.2105263157894736,0.0588235294117647,0.1842105263157894,0.0,0.0588235294117647,0.1052631578947368,0.0294117647058823,45.0,44.0,47.0,44.0,45.0,44.5,44.0,44.0,0.0526315789473684,0.0,0.1842105263157894,0.2105263157894736,0.2058823529411764,0.1842105263157894,0.0588235294117647,0.0588235294117647,0.1764705882352941,0.0588235294117647,50.0,43.0,54.0,45.0,55.0,63.0,43.0,43.0,0.47500000000000003,0.02306318681318675,0.4705882352941176,0.0282583621683967,0,0,0,0,0,0,0,0,0,0,0,0,0,0,0,0,0,0,2026_27,J1,明治安田J1リーグ,j1,23.0,2027-02-27,,ngsk,kasw,unplayed,2026_27-j1-23-ngsk-vs-kasw,20260812_074327,2026_27_j1,weekly_prediction_snapshot
2026_27,24,2027-03-06,kasm,0-0,chib,Ajinomoto Stadium,0,0,7.0,6.5,357.7,4-4-2,3-4-2-1,4.0,9.5,-5.5,0.0,0.0,1556.0187819361674,1468.4504174736203,87.56836446254715,21.43,13.3,8.129999999999999,86.0,80.0,30.0,9.0,9.0,3.5,2.945,0.481,51.4,57.8,32.4,43.2,0.0,0.0,0,0,12.941176470588236,4.176470588235294,11.147058823529411,1.5789473684210529,1.0789473684210529,0.3947368421052631,424.11764705882354,10.852941176470589,12.264705882352942,15.078947368421051,21.91176470588235,18.68421052631579,19.97058823529412,11.894736842105264,2.0,18.81578947368421,1.411764705882353,0.0588235294117647,50.1,11.5,17.36842105263158,33.55263157894737,1.2868421052631578,1.2078947368421051,112.0,167.0,40.0,80.0,45.0,86.0,10.75,3.45,15.65,1.0,1.65,0.1,394.6,11.1,11.647058823529411,11.6,27.0,15.85,16.7,11.35,1.7,13.6,1.55,0.05,2.355,7.95,15.1,28.35,1.135,1.65,5.95,6.05,35.0,64.0,38.0,72.0,0.0,4.0,4.0,2.0,4.0,4.0,2.0,-1.0,2.0,2.0,4_vs_3,0.0789473684210526,0.0,0.3823529411764705,0.2941176470588235,0.088235294117647,0.2631578947368421,0.0294117647058823,0.0588235294117647,0.1764705882352941,0.088235294117647,50.0,48.0,58.0,56.0,54.0,62.0,50.0,40.0,0.0526315789473684,0.0,0.2105263157894736,0.2105263157894736,0.0588235294117647,0.1842105263157894,0.0,0.0588235294117647,0.1052631578947368,0.0294117647058823,45.0,44.0,47.0,44.0,45.0,44.5,44.0,44.0,0.4705882352941176,0.0353474145891043,0.525,0.0103854166666666,0,0,0,0,0,0,0,0,0,0,0,0,0,0,0,0,0,0,2026_27,J1,明治安田J1リーグ,j1,24.0,2027-03-06,,kasm,chib,unplayed,2026_27-j1-24-kasm-vs-chib,20260812_074327,2026_27_j1,weekly_prediction_snapshot
2026_27,24,2027-03-06,tk-v,0-0,y-fm,Ajinomoto Stadium,0,0,7.0,7.0,230.3,3-4-2-1,4-2-3-1,13.0,7.0,6.0,0.0,0.0,1506.3841338687366,1570.7264926415494,-64.34235877281276,9.33,14.1,-4.77,120.5,0.0,20.0,24.0,7.0,7.0,2.064,1.416,48.6,42.7,42.2,48.6,0.0,0.0,0,0,9.2,2.65,9.8,1.0,1.3,0.3,353.25,8.25,6.052631578947368,10.2,22.1,18.05263157894737,18.710526315789476,11.05,1.4,16.05,1.0,0.0,2.2,7.4,14.3,26.8,0.8400000000000001,1.065,5.95,7.2,15.0,26.5,19.0,33.5,15.705882352941176,5.205882352941177,12.676470588235292,2.0294117647058822,1.1764705882352942,0.2647058823529412,607.2647058823529,11.852941176470589,17.205882352941178,18.294117647058822,18.647058823529413,16.973684210526315,19.11764705882353,11.842105263157896,1.5294117647058822,11.078947368421051,1.1842105263157894,0.0789473684210526,57.9,14.882352941176473,15.921052631578949,33.026315789473685,1.8088235294117647,1.3558823529411763,118.0,184.0,48.0,89.0,44.0,90.0,0.0,3.0,6.0,1.0,4.0,3.0,3.0,1.0,2.0,2.0,3_vs_4,0.0789473684210526,0.0394736842105263,0.1973684210526315,0.0789473684210526,0.0657894736842105,0.0789473684210526,0.0,0.0789473684210526,0.0394736842105263,0.0131578947368421,22.5,22.5,23.0,19.5,22.5,21.0,22.0,25.0,0.0,0.0,0.0,0.0,0.0,0.0,0.0,0.0,0.0,0.0,0.0,0.0,0.0,0.0,0.0,0.0,0.0,0.0,0.48684210526315785,0.023057390439661853,0.4736842105263157,0.0339335180055401,0,0,0,0,0,0,0,0,0,0,0,0,0,0,0,0,0,0,2026_27,J1,明治安田J1リーグ,j1,24.0,2027-03-06,,tk-v,y-fm,unplayed,2026_27-j1-24-tk-v-vs-y-fm,20260812_074327,2026_27_j1,weekly_prediction_snapshot
2026_27,24,2027-03-06,mcd,0-0,shim,Ajinomoto Stadium,0,0,6.0,7.0,222.2,3-4-2-1,4-1-2-3,3.0,13.0,-10.0,0.0,0.0,1539.9974199689445,1478.0354137476809,61.962006221263664,18.4,13.83,4.5699999999999985,0.0,85.0,27.5,16.0,8.0,4.0,1.924,1.52,53.1,58.9,57.5,34.7,0.0,0.0,0,0,11.1,3.263157894736842,10.842105263157896,1.25,0.8947368421052632,0.35,328.63157894736844,11.45,5.25,11.2,17.15,15.31578947368421,17.026315789473685,9.95,1.2,12.8,1.15,0.05,2.26,8.4,17.15,28.7,1.11,0.9605263157894736,5.9,5.65,14.0,31.0,18.0,31.5,11.342105263157896,3.5,12.0,0.9736842105263158,1.4210526315789471,0.1176470588235294,407.60526315789474,9.157894736842104,8.421052631578947,13.342105263157896,21.47058823529412,15.263157894736842,19.07894736842105,8.894736842105264,1.9705882352941173,12.176470588235292,0.631578947368421,0.0263157894736842,43.5,8.973684210526315,14.052631578947368,29.44736842105263,1.0578947368421054,1.0842105263157895,113.0,156.0,39.0,71.0,49.0,83.0,0.0,3.0,6.0,1.0,4.0,4.0,2.0,1.0,2.0,2.0,3_vs_4,0.0,0.0,0.0,0.0,0.0,0.0,0.0,0.0,0.0,0.0,0.0,0.0,0.0,0.0,0.0,0.0,0.0,0.0,0.0,0.0,0.3421052631578947,0.2105263157894736,0.0,0.131578947368421,0.0,0.0526315789473684,0.088235294117647,0.088235294117647,35.0,34.0,47.0,47.0,36.0,44.0,42.0,53.0,0.48684210526315785,0.04772884663812635,0.45,0.032,0,0,0,0,0,0,0,0,0,0,0,0,0,0,0,0,0,0,2026_27,J1,明治安田J1リーグ,j1,24.0,2027-03-06,,mcd,shim,unplayed,2026_27-j1-24-mcd-vs-shim,20260812_074327,2026_27_j1,weekly_prediction_snapshot
2026_27,24,2027-03-06,ka-f,0-0,uraw,Ajinomoto Stadium,0,0,6.0,7.0,234.7,4-2-3-1,4-1-2-3,6.0,8.0,-2.0,0.0,0.0,1552.3375348771292,1527.74338246438,24.59415241274928,19.05,14.0,5.050000000000001,114.0,99.0,25.0,25.0,7.0,7.0,1.501,2.553,57.3,51.3,71.4,42.1,0.0,0.0,0,0,14.657894736842104,4.947368421052632,10.235294117647058,1.911764705882353,1.2352941176470589,0.3235294117647059,578.9705882352941,11.552631578947368,15.68421052631579,13.617647058823527,20.294117647058822,18.94117647058824,20.0,9.794117647058824,2.2058823529411766,13.588235294117649,1.1470588235294117,0.088235294117647,54.9,14.078947368421051,17.5,32.47058823529412,1.6473684210526316,1.052941176470588,111.0,157.0,42.0,70.0,44.0,82.0,12.029411764705882,3.941176470588235,12.578947368421051,1.2647058823529411,1.1470588235294117,0.3157894736842105,486.5,9.973684210526317,13.205882352941176,12.86842105263158,20.91176470588235,17.735294117647058,19.23529411764705,10.105263157894736,1.763157894736842,13.894736842105264,1.105263157894737,0.0294117647058823,52.7,10.558823529411764,16.81578947368421,30.47058823529412,1.363157894736842,1.1823529411764706,111.0,163.0,39.0,78.0,45.0,83.0,0.0,4.0,3.0,3.0,4.0,5.0,1.0,-1.0,2.0,2.0,4_vs_4,0.1764705882352941,0.0294117647058823,0.3421052631578947,0.4117647058823529,0.131578947368421,0.3529411764705882,0.0294117647058823,0.088235294117647,0.1764705882352941,0.1176470588235294,51.0,63.0,59.0,53.0,51.0,41.0,73.0,53.0,0.1842105263157894,0.0294117647058823,0.2352941176470588,0.2352941176470588,0.1176470588235294,0.2368421052631578,0.0263157894736842,0.0526315789473684,0.1470588235294117,0.0263157894736842,46.0,43.0,52.0,42.0,42.0,45.0,53.0,63.0,0.45,0.0350346020761245,0.5,0.0208333333333333,0,0,0,0,0,0,0,0,0,0,0,0,0,0,0,0,0,0,2026_27,J1,明治安田J1リーグ,j1,24.0,2027-03-06,,ka-f,uraw,unplayed,2026_27-j1-24-ka-f-vs-uraw,20260812_074327,2026_27_j1,weekly_prediction_snapshot
2026_27,24,2027-03-06,kyot,0-0,FCtk,Ajinomoto Stadium,0,0,7.0,7.0,225.6,4-2-3-1,4-4-2,11.5,8.0,3.5,0.0,0.0,1482.0426018308194,1504.7254200609143,-22.68281823009488,14.98,17.15,-2.169999999999998,127.5,0.0,18.5,23.0,5.5,7.0,0.847,0.998,51.4,42.9,41.1,46.9,0.0,0.0,0,0,11.911764705882351,3.176470588235294,12.823529411764708,1.05,1.3235294117647058,0.2352941176470588,337.52941176470586,10.441176470588236,10.43498452012384,13.5,23.7,17.15,21.15,13.205882352941176,1.3,17.8,1.5263157894736843,0.0789473684210526,46.2,10.0,15.8,33.94117647058823,1.1588235294117646,1.4352941176470588,113.0,133.0,27.0,53.0,36.5,80.0,0.0,0.0,0.0,0.0,0.0,0.0,0.0,0.0,0.0,0.0,0.0,0.0,0.0,0.0,0.0,0.0,0.0,0.0,0.0,0.0,0.0,0.0,0.0,0.0,0.0,0.0,0.0,0.0,0.0,0.0,0.0,4.0,3.0,3.0,4.0,3.0,3.0,-2.0,2.0,2.0,4_vs_4,0.0278637770897832,0.0,0.2376160990712074,0.2105263157894736,0.0704334365325076,0.0588235294117647,0.0,0.0719814241486068,0.1176470588235294,0.0147058823529411,56.0,35.5,54.5,60.0,56.0,46.0,36.0,38.0,0.0,0.0,0.0,0.0,0.0,0.0,0.0,0.0,0.0,0.0,0.0,0.0,0.0,0.0,0.0,0.0,0.0,0.0,0.5,0.049528879425073155,0.4736842105263157,0.0222925735391109,0,0,0,0,0,0,0,0,0,0,0,0,0,0,0,0,0,0,2026_27,J1,明治安田J1リーグ,j1,24.0,2027-03-06,,kyot,FCtk,unplayed,2026_27-j1-24-kyot-vs-FCtk,20260812_074327,2026_27_j1,weekly_prediction_snapshot
2026_27,24,2027-03-06,g-os,0-0,nago,Ajinomoto Stadium,0,0,7.0,7.0,230.3,4-2-3-1,3-4-2-1,12.0,9.0,3.0,0.0,0.0,1484.87429753502,1519.4628165308918,-34.58851899587171,15.35,13.35,2.0,93.0,120.0,20.0,25.0,5.0,7.0,1.038,1.037,57.9,28.6,65.3,42.5,0.0,0.0,0,0,12.763157894736842,4.088235294117647,14.911764705882351,1.1176470588235294,1.2894736842105263,0.3421052631578947,473.8157894736842,9.470588235294118,10.794117647058824,13.058823529411764,23.029411764705884,17.13157894736842,20.289473684210527,11.558823529411764,1.7941176470588236,17.676470588235293,1.0526315789473684,0.0294117647058823,48.1,11.176470588235292,16.91176470588235,31.789473684210527,1.2352941176470589,1.576470588235294,113.0,157.0,38.0,67.0,50.0,83.0,11.205882352941176,3.8947368421052633,11.735294117647058,1.1578947368421053,1.0294117647058822,0.3823529411764705,403.1764705882353,11.676470588235292,10.705882352941176,13.441176470588236,21.647058823529413,18.58823529411765,18.94117647058824,10.176470588235292,1.7941176470588236,14.763157894736842,1.0,0.0588235294117647,46.2,8.973684210526315,17.294117647058822,30.289473684210527,1.1823529411764706,1.1176470588235294,114.0,155.0,39.0,74.0,48.0,79.0,0.0,4.0,4.0,2.0,3.0,6.0,1.0,-1.0,2.0,2.0,4_vs_3,0.131578947368421,0.0263157894736842,0.2631578947368421,0.1764705882352941,0.0588235294117647,0.1764705882352941,0.0263157894736842,0.1470588235294117,0.1470588235294117,0.0294117647058823,41.0,45.0,49.0,49.0,43.0,47.0,55.0,47.0,0.0588235294117647,0.0294117647058823,0.2647058823529412,0.2058823529411764,0.0294117647058823,0.1842105263157894,0.0,0.1052631578947368,0.1470588235294117,0.0526315789473684,51.0,50.0,38.0,45.0,47.0,44.0,43.0,46.0,0.5,0.0373961218836565,0.5,0.0289285714285714,0,0,0,0,0,0,0,0,0,0,0,0,0,0,0,0,0,0,2026_27,J1,明治安田J1リーグ,j1,24.0,2027-03-06,,g-os,nago,unplayed,2026_27-j1-24-g-os-vs-nago,20260812_074327,2026_27_j1,weekly_prediction_snapshot
2026_27,24,2027-03-06,c-os,0-0,hiro,Ajinomoto Stadium,0,0,7.0,7.0,639.0,3-4-2-1,3-4-2-1,7.0,5.0,2.0,0.0,0.0,1510.635587565086,1548.059515531813,-37.42392796672698,12.5,19.05,-6.550000000000001,99.0,117.0,23.0,29.0,7.0,8.0,0.595,2.689,39.0,36.8,56.8,67.6,0.0,0.0,0,0,13.394736842105264,3.868421052631579,12.18421052631579,1.236842105263158,1.1764705882352942,0.2894736842105263,455.8157894736842,10.823529411764708,11.105263157894736,15.289473684210526,20.5,15.5,18.38235294117647,9.157894736842104,1.605263157894737,13.941176470588236,0.7368421052631579,0.0294117647058823,50.4,10.763157894736842,15.441176470588236,31.88235294117647,1.258823529411765,1.1973684210526316,114.0,129.0,41.0,62.0,48.0,66.0,14.705882352941176,4.676470588235294,10.921052631578949,1.3529411764705883,1.105263157894737,0.3235294117647059,481.1470588235294,10.470588235294118,14.705882352941176,16.764705882352942,18.352941176470587,18.657894736842103,18.647058823529413,11.794117647058824,1.7352941176470589,16.86842105263158,0.9117647058823528,0.0294117647058823,49.5,13.117647058823527,18.176470588235293,33.3235294117647,1.4088235294117646,1.068421052631579,112.0,164.0,40.0,76.0,46.0,87.0,0.0,4.0,4.0,2.0,3.0,6.0,1.0,-1.0,2.0,2.0,3_vs_3,0.088235294117647,0.0,0.2894736842105263,0.2894736842105263,0.0526315789473684,0.2368421052631578,0.0294117647058823,0.0789473684210526,0.088235294117647,0.0588235294117647,56.0,45.0,45.0,49.0,46.0,44.0,50.0,55.0,0.1052631578947368,0.0526315789473684,0.3421052631578947,0.2941176470588235,0.1764705882352941,0.2352941176470588,0.0526315789473684,0.088235294117647,0.1176470588235294,0.0294117647058823,72.0,60.0,54.0,66.0,74.0,62.0,54.0,41.0,0.5,0.0280470914127423,0.4736842105263157,0.0276816608996539,0,0,0,0,0,0,0,0,0,0,0,0,0,0,0,0,0,0,2026_27,J1,明治安田J1リーグ,j1,24.0,2027-03-06,,c-os,hiro,unplayed,2026_27-j1-24-c-os-vs-hiro,20260812_074327,2026_27_j1,weekly_prediction_snapshot
2026_27,24,2027-03-06,kobe,0-0,okay,Ajinomoto Stadium,0,0,6.0,6.0,0.0,4-1-2-3,3-4-2-1,4.0,9.0,-5.0,0.0,1.0,1568.2524919881544,1494.8528330726735,73.39965891548081,16.6,10.48,6.120000000000001,93.0,127.0,26.0,18.0,8.0,6.0,1.011,2.493,51.9,50.0,63.2,61.0,0.0,0.0,0,0,12.411764705882351,4.176470588235294,11.852941176470589,1.605263157894737,0.9473684210526316,0.3421052631578947,518.9411764705883,11.470588235294118,12.411764705882351,14.235294117647058,21.86842105263158,16.794117647058822,18.473684210526315,9.911764705882351,2.210526315789474,16.92105263157895,0.9736842105263158,0.0294117647058823,53.7,11.382352941176473,16.605263157894736,31.94117647058824,1.3941176470588237,1.1088235294117648,113.0,163.0,42.0,70.0,44.0,88.0,0.0,0.0,0.0,0.0,0.0,0.0,0.0,0.0,0.0,0.0,0.0,0.0,0.0,0.0,0.0,0.0,0.0,0.0,0.0,0.0,0.0,0.0,0.0,0.0,0.0,0.0,0.0,0.0,0.0,0.0,0.0,4.0,3.0,3.0,3.0,6.0,1.0,-1.0,2.0,2.0,4_vs_3,0.0789473684210526,0.0263157894736842,0.2941176470588235,0.3823529411764705,0.1052631578947368,0.2105263157894736,0.0789473684210526,0.0789473684210526,0.1052631578947368,0.0294117647058823,57.0,56.0,47.0,43.0,45.0,39.0,54.0,61.0,0.0,0.0,0.0,0.0,0.0,0.0,0.0,0.0,0.0,0.0,0.0,0.0,0.0,0.0,0.0,0.0,0.0,0.0,0.5,0.0472372065898819,0.5,0.0225,0,0,0,0,0,0,0,0,0,0,0,0,0,0,0,0,0,0,2026_27,J1,明治安田J1リーグ,j1,24.0,2027-03-06,,kobe,okay,unplayed,2026_27-j1-24-kobe-vs-okay,20260812_074327,2026_27_j1,weekly_prediction_snapshot
2026_27,24,2027-03-06,fuku,0-0,kasw,Ajinomoto Stadium,0,0,7.0,7.0,242.7,3-4-2-1,3-4-2-1,10.0,10.0,0.0,0.0,0.0,1502.0577783078763,1481.948214723065,20.10956358481144,12.03,17.85,-5.820000000000002,113.0,96.0,19.0,19.0,5.0,6.0,0.769,1.09,50.0,48.1,46.0,57.2,0.0,0.0,0,0,10.5,3.176470588235294,11.157894736842104,0.868421052631579,1.0,0.3235294117647059,336.8684210526316,10.529411764705882,9.657894736842104,14.052631578947368,24.61764705882353,19.529411764705884,18.44117647058824,13.058823529411764,1.6176470588235294,18.61764705882353,1.4411764705882353,0.0263157894736842,42.7,8.368421052631579,17.5,32.28947368421053,1.0558823529411765,1.0323529411764707,109.0,120.0,26.0,52.0,38.0,67.0,12.552631578947368,4.0588235294117645,11.382352941176473,1.0263157894736843,1.3529411764705883,0.2105263157894736,422.1315789473685,9.941176470588236,13.263157894736842,14.588235294117649,22.647058823529413,17.794117647058822,19.92105263157895,12.676470588235292,1.7352941176470589,16.441176470588236,1.588235294117647,0.0526315789473684,46.0,11.473684210526317,15.205882352941176,32.44117647058823,1.2289473684210528,1.181578947368421,113.0,163.0,39.0,80.0,47.0,82.0,0.0,3.0,6.0,1.0,3.0,5.0,2.0,0.0,2.0,2.0,3_vs_3,0.0526315789473684,0.0263157894736842,0.2105263157894736,0.2105263157894736,0.0263157894736842,0.2058823529411764,0.0,0.0263157894736842,0.0789473684210526,0.0263157894736842,42.0,45.0,44.0,47.0,54.0,51.0,40.0,34.0,0.0526315789473684,0.0,0.1842105263157894,0.2105263157894736,0.2058823529411764,0.1842105263157894,0.0588235294117647,0.0588235294117647,0.1764705882352941,0.0588235294117647,50.0,43.0,54.0,45.0,55.0,63.0,43.0,43.0,0.45,0.0218144044321329,0.4705882352941176,0.0282583621683967,0,0,0,0,0,0,0,0,0,0,0,0,0,0,0,0,0,0,2026_27,J1,明治安田J1リーグ,j1,24.0,2027-03-06,,fuku,kasw,unplayed,2026_27-j1-24-fuku-vs-kasw,20260812_074327,2026_27_j1,weekly_prediction_snapshot
2026_27,24,2027-03-06,ngsk,0-0,mito,Ajinomoto Stadium,0,0,7.0,5.5,357.7,3-4-2-1,3-4-2-1,8.5,8.0,0.5,0.5,0.0,1486.5869419238666,1490.2875056389225,-3.700563715055978,13.75,10.8,2.9499999999999993,82.0,80.0,12.0,7.5,4.0,4.0,1.515,1.947,57.0,48.6,42.8,54.0,0.0,0.0,0,0,10.4,3.3,14.25,1.05,1.4,0.2,388.0,9.45,11.647058823529411,9.35,25.9,14.65,19.7,9.45,2.3,15.25,1.1,0.05,2.38,8.4,14.1,31.8,1.175,1.575,5.65,6.7,35.0,64.0,38.0,72.0,10.6,3.1,11.25,0.95,1.8,0.1,427.6,10.8,11.647058823529411,11.3,19.55,14.4,18.6,10.15,1.6,13.3,1.55,0.3,2.54,8.3,14.15,30.25,0.975,1.33,5.9,6.35,35.0,64.0,38.0,72.0,0.0,3.0,6.0,1.0,4.0,4.0,2.0,0.5,2.0,2.0,3_vs_3,0.0526315789473684,0.0,0.2105263157894736,0.2105263157894736,0.0588235294117647,0.1842105263157894,0.0,0.0588235294117647,0.1052631578947368,0.0294117647058823,45.0,44.0,47.0,44.0,45.0,44.5,44.0,44.0,0.0526315789473684,0.0,0.2105263157894736,0.2105263157894736,0.0588235294117647,0.1842105263157894,0.0,0.0588235294117647,0.1052631578947368,0.0294117647058823,45.0,44.0,47.0,44.0,45.0,44.5,44.0,44.0,0.47500000000000003,0.02306318681318675,0.4,0.00721153846153845,0,0,0,0,0,0,0,0,0,0,0,0,0,0,0,0,0,0,2026_27,J1,明治安田J1リーグ,j1,24.0,2027-03-06,,ngsk,mito,unplayed,2026_27-j1-24-ngsk-vs-mito,20260812_074327,2026_27_j1,weekly_prediction_snapshot
2026_27,25,2027-03-10,mito,0-0,c-os,Ajinomoto Stadium,0,0,7.0,6.0,385.9,3-4-2-1,3-4-2-1,9.0,8.0,1.0,1.0,0.0,1481.3682664890543,1509.1673593438288,-27.79909285477447,10.8,12.5,-1.6999999999999993,82.0,93.0,10.5,24.0,3.5,6.0,1.947,0.595,42.8,54.0,39.0,36.8,0.0,0.0,0,0,10.6,3.1,11.25,0.95,1.8,0.1,427.6,10.8,11.647058823529411,11.3,19.55,14.4,18.6,10.15,1.6,13.3,1.55,0.3,2.54,8.3,14.15,30.25,0.975,1.33,5.9,6.35,35.0,64.0,38.0,72.0,13.394736842105264,3.868421052631579,12.18421052631579,1.236842105263158,1.1764705882352942,0.2894736842105263,455.8157894736842,10.823529411764708,11.105263157894736,15.289473684210526,20.5,15.5,18.38235294117647,9.157894736842104,1.605263157894737,13.941176470588236,0.7368421052631579,0.0294117647058823,50.4,10.763157894736842,15.441176470588236,31.88235294117647,1.258823529411765,1.1973684210526316,114.0,129.0,41.0,62.0,48.0,66.0,0.0,4.0,4.0,2.0,4.0,4.0,2.0,-0.5,2.0,2.0,3_vs_3,0.0526315789473684,0.0,0.2105263157894736,0.2105263157894736,0.0588235294117647,0.1842105263157894,0.0,0.0588235294117647,0.1052631578947368,0.0294117647058823,45.0,44.0,47.0,44.0,45.0,44.5,44.0,44.0,0.088235294117647,0.0,0.2894736842105263,0.2894736842105263,0.0526315789473684,0.2368421052631578,0.0294117647058823,0.0789473684210526,0.088235294117647,0.0588235294117647,56.0,45.0,45.0,49.0,46.0,44.0,50.0,55.0,0.55,0.01095238095238095,0.4736842105263157,0.0293452222517966,0,0,0,0,0,0,0,0,0,0,0,0,0,0,0,0,0,0,2026_27,J1,明治安田J1リーグ,j1,25.0,2027-03-10,,mito,c-os,unplayed,2026_27-j1-25-mito-vs-c-os,20260812_074327,2026_27_j1,weekly_prediction_snapshot
2026_27,25,2027-03-10,uraw,0-0,FCtk,Ajinomoto Stadium,0,0,6.0,7.0,225.6,4-1-2-3,4-4-2,8.0,8.0,0.0,0.0,0.0,1527.1329713906612,1504.7254200609143,22.407551329746866,14.0,17.15,-3.1499999999999986,93.0,0.0,24.0,23.0,7.0,7.0,2.553,0.998,71.4,42.1,41.1,46.9,0.0,0.0,0,0,12.029411764705882,3.941176470588235,12.578947368421051,1.2647058823529411,1.1470588235294117,0.3157894736842105,486.5,9.973684210526317,13.205882352941176,12.86842105263158,20.91176470588235,17.735294117647058,19.23529411764705,10.105263157894736,1.763157894736842,13.894736842105264,1.105263157894737,0.0294117647058823,52.7,10.558823529411764,16.81578947368421,30.47058823529412,1.363157894736842,1.1823529411764706,111.0,163.0,39.0,78.0,45.0,83.0,0.0,0.0,0.0,0.0,0.0,0.0,0.0,0.0,0.0,0.0,0.0,0.0,0.0,0.0,0.0,0.0,0.0,0.0,0.0,0.0,0.0,0.0,0.0,0.0,0.0,0.0,0.0,0.0,0.0,0.0,0.0,4.0,5.0,1.0,4.0,3.0,3.0,0.0,2.0,2.0,4_vs_4,0.1842105263157894,0.0294117647058823,0.2352941176470588,0.2352941176470588,0.1176470588235294,0.2368421052631578,0.0263157894736842,0.0526315789473684,0.1470588235294117,0.0263157894736842,46.0,43.0,52.0,42.0,42.0,45.0,53.0,63.0,0.0,0.0,0.0,0.0,0.0,0.0,0.0,0.0,0.0,0.0,0.0,0.0,0.0,0.0,0.0,0.0,0.0,0.0,0.4705882352941176,0.0207612456747404,0.4736842105263157,0.0222925735391109,0,0,0,0,0,0,0,0,0,0,0,0,0,0,0,0,0,0,2026_27,J1,明治安田J1リーグ,j1,25.0,2027-03-10,,uraw,FCtk,unplayed,2026_27-j1-25-uraw-vs-FCtk,20260812_074327,2026_27_j1,weekly_prediction_snapshot
2026_27,25,2027-03-10,chib,0-0,tk-v,Ajinomoto Stadium,0,0,7.0,6.0,0.0,3-4-2-1,3-4-2-1,10.0,13.0,-3.0,0.0,0.0,1469.3397806394082,1507.9523244100073,-38.61254377059913,13.3,9.33,3.9700000000000006,82.0,118.5,6.5,21.0,3.0,7.0,0.481,2.064,32.4,43.2,48.6,42.7,0.0,0.0,0,0,10.75,3.45,15.65,1.0,1.65,0.1,394.6,11.1,11.647058823529411,11.6,27.0,15.85,16.7,11.35,1.7,13.6,1.55,0.05,2.355,7.95,15.1,28.35,1.135,1.65,5.95,6.05,35.0,64.0,38.0,72.0,9.2,2.65,9.8,1.0,1.3,0.3,353.25,8.25,6.052631578947368,10.2,22.1,18.05263157894737,18.710526315789476,11.05,1.4,16.05,1.0,0.0,2.2,7.4,14.3,26.8,0.8400000000000001,1.065,5.95,7.2,15.0,26.5,19.0,33.5,0.0,4.0,4.0,2.0,3.0,6.0,1.0,-0.5,2.0,2.0,3_vs_3,0.0526315789473684,0.0,0.2105263157894736,0.2105263157894736,0.0588235294117647,0.1842105263157894,0.0,0.0588235294117647,0.1052631578947368,0.0294117647058823,45.0,44.0,47.0,44.0,45.0,44.5,44.0,44.0,0.0789473684210526,0.0394736842105263,0.1973684210526315,0.0789473684210526,0.0657894736842105,0.0789473684210526,0.0,0.0789473684210526,0.0394736842105263,0.0131578947368421,22.5,22.5,23.0,19.5,22.5,21.0,22.0,25.0,0.42500000000000004,0.0081944444444444,0.48684210526315785,0.027239150507848503,0,0,0,0,0,0,0,0,0,0,0,0,0,0,0,0,0,0,2026_27,J1,明治安田J1リーグ,j1,25.0,2027-03-10,,chib,tk-v,unplayed,2026_27-j1-25-chib-vs-tk-v,20260812_074327,2026_27_j1,weekly_prediction_snapshot
2026_27,25,2027-03-10,kasw,0-0,kyot,Ajinomoto Stadium,0,0,6.0,7.0,367.5,3-4-2-1,4-2-3-1,10.0,12.0,-2.0,0.0,0.0,1475.6111733703474,1487.110875027563,-11.49970165721561,17.85,14.98,2.870000000000001,101.0,110.5,19.0,17.0,6.0,6.0,1.09,0.847,46.0,57.2,51.4,42.9,0.0,0.0,0,0,12.552631578947368,4.0588235294117645,11.382352941176473,1.0263157894736843,1.3529411764705883,0.2105263157894736,422.1315789473685,9.941176470588236,13.263157894736842,14.588235294117649,22.647058823529413,17.794117647058822,19.92105263157895,12.676470588235292,1.7352941176470589,16.441176470588236,1.588235294117647,0.0526315789473684,46.0,11.473684210526317,15.205882352941176,32.44117647058823,1.2289473684210528,1.181578947368421,113.0,163.0,39.0,80.0,47.0,82.0,11.911764705882351,3.176470588235294,12.823529411764708,1.05,1.3235294117647058,0.2352941176470588,337.52941176470586,10.441176470588236,10.43498452012384,13.5,23.7,17.15,21.15,13.205882352941176,1.3,17.8,1.5263157894736843,0.0789473684210526,46.2,10.0,15.8,33.94117647058823,1.1588235294117646,1.4352941176470588,113.0,133.0,27.0,53.0,36.5,80.0,0.0,3.0,5.0,2.0,4.0,3.0,3.0,1.0,2.0,2.0,3_vs_4,0.0526315789473684,0.0,0.1842105263157894,0.2105263157894736,0.2058823529411764,0.1842105263157894,0.0588235294117647,0.0588235294117647,0.1764705882352941,0.0588235294117647,50.0,43.0,54.0,45.0,55.0,63.0,43.0,43.0,0.0278637770897832,0.0,0.2376160990712074,0.2105263157894736,0.0704334365325076,0.0588235294117647,0.0,0.0719814241486068,0.1176470588235294,0.0147058823529411,56.0,35.5,54.5,60.0,56.0,46.0,36.0,38.0,0.5,0.0292387543252595,0.4705882352941176,0.03751730103806225,0,0,0,0,0,0,0,0,0,0,0,0,0,0,0,0,0,0,2026_27,J1,明治安田J1リーグ,j1,25.0,2027-03-10,,kasw,kyot,unplayed,2026_27-j1-25-kasw-vs-kyot,20260812_074327,2026_27_j1,weekly_prediction_snapshot
2026_27,25,2027-03-10,mcd,0-0,kasm,Ajinomoto Stadium,0,0,6.0,7.0,289.2,3-4-2-1,4-4-2,3.0,4.0,-1.0,0.0,0.0,1539.9974199689445,1555.0464607669046,-15.04904079796006,18.4,21.43,-3.030000000000001,0.0,88.0,27.5,32.0,8.0,8.0,1.924,2.945,53.1,58.9,51.4,57.8,0.0,0.0,0,0,11.1,3.263157894736842,10.842105263157896,1.25,0.8947368421052632,0.35,328.63157894736844,11.45,5.25,11.2,17.15,15.31578947368421,17.026315789473685,9.95,1.2,12.8,1.15,0.05,2.26,8.4,17.15,28.7,1.11,0.9605263157894736,5.9,5.65,14.0,31.0,18.0,31.5,12.941176470588236,4.176470588235294,11.147058823529411,1.5789473684210529,1.0789473684210529,0.3947368421052631,424.11764705882354,10.852941176470589,12.264705882352942,15.078947368421051,21.91176470588235,18.68421052631579,19.97058823529412,11.894736842105264,2.0,18.81578947368421,1.411764705882353,0.0588235294117647,50.1,11.5,17.36842105263158,33.55263157894737,1.2868421052631578,1.2078947368421051,112.0,167.0,40.0,80.0,45.0,86.0,0.0,3.0,6.0,1.0,4.0,4.0,2.0,1.0,2.0,2.0,3_vs_4,0.0,0.0,0.0,0.0,0.0,0.0,0.0,0.0,0.0,0.0,0.0,0.0,0.0,0.0,0.0,0.0,0.0,0.0,0.0789473684210526,0.0,0.3823529411764705,0.2941176470588235,0.088235294117647,0.2631578947368421,0.0294117647058823,0.0588235294117647,0.1764705882352941,0.088235294117647,50.0,48.0,58.0,56.0,54.0,62.0,50.0,40.0,0.48684210526315785,0.04772884663812635,0.5,0.0348904267589388,0,0,0,0,0,0,0,0,0,0,0,0,0,0,0,0,0,0,2026_27,J1,明治安田J1リーグ,j1,25.0,2027-03-10,,mcd,kasm,unplayed,2026_27-j1-25-mcd-vs-kasm,20260812_074327,2026_27_j1,weekly_prediction_snapshot
2026_27,25,2027-03-10,shim,0-0,ka-f,Ajinomoto Stadium,0,0,7.0,7.0,233.7,4-1-2-3,4-2-3-1,13.0,6.0,7.0,0.0,0.0,1477.4441154138574,1554.9684351975595,-77.52431978370214,13.83,19.05,-5.220000000000001,78.0,127.0,19.0,26.0,5.0,8.0,1.52,1.501,57.5,34.7,57.3,51.3,0.0,0.0,0,0,11.342105263157896,3.5,12.0,0.9736842105263158,1.4210526315789471,0.1176470588235294,407.60526315789474,9.157894736842104,8.421052631578947,13.342105263157896,21.47058823529412,15.263157894736842,19.07894736842105,8.894736842105264,1.9705882352941173,12.176470588235292,0.631578947368421,0.0263157894736842,43.5,8.973684210526315,14.052631578947368,29.44736842105263,1.0578947368421054,1.0842105263157895,113.0,156.0,39.0,71.0,49.0,83.0,14.657894736842104,4.947368421052632,10.235294117647058,1.911764705882353,1.2352941176470589,0.3235294117647059,578.9705882352941,11.552631578947368,15.68421052631579,13.617647058823527,20.294117647058822,18.94117647058824,20.0,9.794117647058824,2.2058823529411766,13.588235294117649,1.1470588235294117,0.088235294117647,54.9,14.078947368421051,17.5,32.47058823529412,1.6473684210526316,1.052941176470588,111.0,157.0,42.0,70.0,44.0,82.0,0.0,4.0,4.0,2.0,4.0,3.0,3.0,0.0,2.0,2.0,4_vs_4,0.0,0.0,0.3421052631578947,0.2105263157894736,0.0,0.131578947368421,0.0,0.0526315789473684,0.088235294117647,0.088235294117647,35.0,34.0,47.0,47.0,36.0,44.0,42.0,53.0,0.1764705882352941,0.0294117647058823,0.3421052631578947,0.4117647058823529,0.131578947368421,0.3529411764705882,0.0294117647058823,0.088235294117647,0.1764705882352941,0.1176470588235294,51.0,63.0,59.0,53.0,51.0,41.0,73.0,53.0,0.5294117647058824,0.0381752077562327,0.5,0.032840909090909,0,0,0,0,0,0,0,0,0,0,0,0,0,0,0,0,0,0,2026_27,J1,明治安田J1リーグ,j1,25.0,2027-03-10,,shim,ka-f,unplayed,2026_27-j1-25-shim-vs-ka-f,20260812_074327,2026_27_j1,weekly_prediction_snapshot
2026_27,25,2027-03-10,nago,0-0,ngsk,Ajinomoto Stadium,0,0,7.0,6.5,357.7,3-4-2-1,3-4-2-1,8.0,7.0,1.0,0.0,0.0,1521.2102994510724,1482.2412986905829,38.96900076048951,13.35,13.75,-0.40000000000000036,114.0,80.0,26.0,12.0,7.0,6.0,1.037,1.515,65.3,42.5,57.0,48.6,0.0,0.0,0,0,11.205882352941176,3.8947368421052633,11.735294117647058,1.1578947368421053,1.0294117647058822,0.3823529411764705,403.1764705882353,11.676470588235292,10.705882352941176,13.441176470588236,21.647058823529413,18.58823529411765,18.94117647058824,10.176470588235292,1.7941176470588236,14.763157894736842,1.0,0.0588235294117647,46.2,8.973684210526315,17.294117647058822,30.289473684210527,1.1823529411764706,1.1176470588235294,114.0,155.0,39.0,74.0,48.0,79.0,10.4,3.3,14.25,1.05,1.4,0.2,388.0,9.45,11.647058823529411,9.35,25.9,14.65,19.7,9.45,2.3,15.25,1.1,0.05,2.38,8.4,14.1,31.8,1.175,1.575,5.65,6.7,35.0,64.0,38.0,72.0,0.0,3.0,6.0,1.0,3.0,6.0,1.0,1.0,2.0,2.0,3_vs_3,0.0588235294117647,0.0294117647058823,0.2647058823529412,0.2058823529411764,0.0294117647058823,0.1842105263157894,0.0,0.1052631578947368,0.1470588235294117,0.0526315789473684,51.0,50.0,38.0,45.0,47.0,44.0,43.0,46.0,0.0526315789473684,0.0,0.2105263157894736,0.2105263157894736,0.0588235294117647,0.1842105263157894,0.0,0.0588235294117647,0.1052631578947368,0.0294117647058823,45.0,44.0,47.0,44.0,45.0,44.5,44.0,44.0,0.4736842105263157,0.028365650969529,0.475,0.0197403846153846,0,0,0,0,0,0,0,0,0,0,0,0,0,0,0,0,0,0,2026_27,J1,明治安田J1リーグ,j1,25.0,2027-03-10,,nago,ngsk,unplayed,2026_27-j1-25-nago-vs-ngsk,20260812_074327,2026_27_j1,weekly_prediction_snapshot
2026_27,25,2027-03-10,kobe,0-0,g-os,Ajinomoto Stadium,0,0,6.0,6.0,383.2,4-1-2-3,4-2-3-1,4.0,12.0,-8.0,0.0,0.0,1568.2524919881544,1486.29287547773,81.95961651042444,16.6,15.35,1.2500000000000018,93.0,85.0,26.0,20.0,8.0,6.0,1.011,1.038,51.9,50.0,57.9,28.6,0.0,0.0,0,0,12.411764705882351,4.176470588235294,11.852941176470589,1.605263157894737,0.9473684210526316,0.3421052631578947,518.9411764705883,11.470588235294118,12.411764705882351,14.235294117647058,21.86842105263158,16.794117647058822,18.473684210526315,9.911764705882351,2.210526315789474,16.92105263157895,0.9736842105263158,0.0294117647058823,53.7,11.382352941176473,16.605263157894736,31.94117647058824,1.3941176470588237,1.1088235294117648,113.0,163.0,42.0,70.0,44.0,88.0,12.763157894736842,4.088235294117647,14.911764705882351,1.1176470588235294,1.2894736842105263,0.3421052631578947,473.8157894736842,9.470588235294118,10.794117647058824,13.058823529411764,23.029411764705884,17.13157894736842,20.289473684210527,11.558823529411764,1.7941176470588236,17.676470588235293,1.0526315789473684,0.0294117647058823,48.1,11.176470588235292,16.91176470588235,31.789473684210527,1.2352941176470589,1.576470588235294,113.0,157.0,38.0,67.0,50.0,83.0,0.0,4.0,3.0,3.0,4.0,4.0,2.0,-1.0,2.0,2.0,4_vs_4,0.0789473684210526,0.0263157894736842,0.2941176470588235,0.3823529411764705,0.1052631578947368,0.2105263157894736,0.0789473684210526,0.0789473684210526,0.1052631578947368,0.0294117647058823,57.0,56.0,47.0,43.0,45.0,39.0,54.0,61.0,0.131578947368421,0.0263157894736842,0.2631578947368421,0.1764705882352941,0.0588235294117647,0.1764705882352941,0.0263157894736842,0.1470588235294117,0.1470588235294117,0.0294117647058823,41.0,45.0,49.0,49.0,43.0,47.0,55.0,47.0,0.5,0.0472372065898819,0.4473684210526316,0.0339335180055401,0,0,0,0,0,0,0,0,0,0,0,0,0,0,0,0,0,0,2026_27,J1,明治安田J1リーグ,j1,25.0,2027-03-10,,kobe,g-os,unplayed,2026_27-j1-25-kobe-vs-g-os,20260812_074327,2026_27_j1,weekly_prediction_snapshot
2026_27,25,2027-03-10,okay,0-0,y-fm,Ajinomoto Stadium,0,0,7.0,7.0,230.3,3-4-2-1,4-2-3-1,9.0,7.0,2.0,0.0,0.0,1499.4001333498045,1570.7264926415494,-71.3263592917449,10.48,14.1,-3.619999999999999,100.0,0.0,18.0,24.0,6.0,7.0,2.493,1.416,63.2,61.0,42.2,48.6,0.0,0.0,0,0,0.0,0.0,0.0,0.0,0.0,0.0,0.0,0.0,0.0,0.0,0.0,0.0,0.0,0.0,0.0,0.0,0.0,0.0,0.0,0.0,0.0,0.0,0.0,0.0,0.0,0.0,0.0,0.0,0.0,0.0,15.705882352941176,5.205882352941177,12.676470588235292,2.0294117647058822,1.1764705882352942,0.2647058823529412,607.2647058823529,11.852941176470589,17.205882352941178,18.294117647058822,18.647058823529413,16.973684210526315,19.11764705882353,11.842105263157896,1.5294117647058822,11.078947368421051,1.1842105263157894,0.0789473684210526,57.9,14.882352941176473,15.921052631578949,33.026315789473685,1.8088235294117647,1.3558823529411763,118.0,184.0,48.0,89.0,44.0,90.0,0.0,3.0,6.0,1.0,4.0,3.0,3.0,1.0,2.0,2.0,3_vs_4,0.0,0.0,0.0,0.0,0.0,0.0,0.0,0.0,0.0,0.0,0.0,0.0,0.0,0.0,0.0,0.0,0.0,0.0,0.0,0.0,0.0,0.0,0.0,0.0,0.0,0.0,0.0,0.0,0.0,0.0,0.0,0.0,0.0,0.0,0.0,0.0,0.4473684210526316,0.0279316712834718,0.4736842105263157,0.0339335180055401,0,0,0,0,0,0,0,0,0,0,0,0,0,0,0,0,0,0,2026_27,J1,明治安田J1リーグ,j1,25.0,2027-03-10,,okay,y-fm,unplayed,2026_27-j1-25-okay-vs-y-fm,20260812_074327,2026_27_j1,weekly_prediction_snapshot
2026_27,25,2027-03-10,hiro,0-0,fuku,Ajinomoto Stadium,0,0,7.0,7.0,843.1,3-4-2-1,3-4-2-1,6.0,10.0,-4.0,0.0,0.0,1537.0103290322477,1504.43640562365,32.57392340859769,19.05,12.03,7.020000000000001,113.0,121.0,26.0,21.0,7.0,7.0,2.689,0.769,56.8,67.6,50.0,48.1,0.0,0.0,0,0,14.705882352941176,4.676470588235294,10.921052631578949,1.3529411764705883,1.105263157894737,0.3235294117647059,481.1470588235294,10.470588235294118,14.705882352941176,16.764705882352942,18.352941176470587,18.657894736842103,18.647058823529413,11.794117647058824,1.7352941176470589,16.86842105263158,0.9117647058823528,0.0294117647058823,49.5,13.117647058823527,18.176470588235293,33.3235294117647,1.4088235294117646,1.068421052631579,112.0,164.0,40.0,76.0,46.0,87.0,10.5,3.176470588235294,11.157894736842104,0.868421052631579,1.0,0.3235294117647059,336.8684210526316,10.529411764705882,9.657894736842104,14.052631578947368,24.61764705882353,19.529411764705884,18.44117647058824,13.058823529411764,1.6176470588235294,18.61764705882353,1.4411764705882353,0.0263157894736842,42.7,8.368421052631579,17.5,32.28947368421053,1.0558823529411765,1.0323529411764707,109.0,120.0,26.0,52.0,38.0,67.0,0.0,3.0,6.0,1.0,3.0,6.0,1.0,1.0,2.0,2.0,3_vs_3,0.1052631578947368,0.0526315789473684,0.3421052631578947,0.2941176470588235,0.1764705882352941,0.2352941176470588,0.0526315789473684,0.088235294117647,0.1176470588235294,0.0294117647058823,72.0,60.0,54.0,66.0,74.0,62.0,54.0,41.0,0.0526315789473684,0.0263157894736842,0.2105263157894736,0.2105263157894736,0.0263157894736842,0.2058823529411764,0.0,0.0263157894736842,0.0789473684210526,0.0263157894736842,42.0,45.0,44.0,47.0,54.0,51.0,40.0,34.0,0.5,0.0223059812160158,0.5,0.0240403640680649,0,0,0,0,0,0,0,0,0,0,0,0,0,0,0,0,0,0,2026_27,J1,明治安田J1リーグ,j1,25.0,2027-03-10,,hiro,fuku,unplayed,2026_27-j1-25-hiro-vs-fuku,20260812_074327,2026_27_j1,weekly_prediction_snapshot
2026_27,26,2027-03-13,kasm,0-0,hiro,Ajinomoto Stadium,0,0,7.0,7.0,639.0,4-4-2,3-4-2-1,4.0,5.0,-1.0,0.0,0.0,1556.0187819361674,1548.059515531813,7.959266404354366,21.43,19.05,2.379999999999999,86.0,117.0,30.0,29.0,9.0,8.0,2.945,2.689,51.4,57.8,56.8,67.6,0.0,0.0,0,0,12.941176470588236,4.176470588235294,11.147058823529411,1.5789473684210529,1.0789473684210529,0.3947368421052631,424.11764705882354,10.852941176470589,12.264705882352942,15.078947368421051,21.91176470588235,18.68421052631579,19.97058823529412,11.894736842105264,2.0,18.81578947368421,1.411764705882353,0.0588235294117647,50.1,11.5,17.36842105263158,33.55263157894737,1.2868421052631578,1.2078947368421051,112.0,167.0,40.0,80.0,45.0,86.0,14.705882352941176,4.676470588235294,10.921052631578949,1.3529411764705883,1.105263157894737,0.3235294117647059,481.1470588235294,10.470588235294118,14.705882352941176,16.764705882352942,18.352941176470587,18.657894736842103,18.647058823529413,11.794117647058824,1.7352941176470589,16.86842105263158,0.9117647058823528,0.0294117647058823,49.5,13.117647058823527,18.176470588235293,33.3235294117647,1.4088235294117646,1.068421052631579,112.0,164.0,40.0,76.0,46.0,87.0,0.0,4.0,4.0,2.0,3.0,6.0,1.0,-1.0,2.0,2.0,4_vs_3,0.0789473684210526,0.0,0.3823529411764705,0.2941176470588235,0.088235294117647,0.2631578947368421,0.0294117647058823,0.0588235294117647,0.1764705882352941,0.088235294117647,50.0,48.0,58.0,56.0,54.0,62.0,50.0,40.0,0.1052631578947368,0.0526315789473684,0.3421052631578947,0.2941176470588235,0.1764705882352941,0.2352941176470588,0.0526315789473684,0.088235294117647,0.1176470588235294,0.0294117647058823,72.0,60.0,54.0,66.0,74.0,62.0,54.0,41.0,0.4705882352941176,0.0353474145891043,0.4736842105263157,0.0276816608996539,0,0,0,0,0,0,0,0,0,0,0,0,0,0,0,0,0,0,2026_27,J1,明治安田J1リーグ,j1,26.0,2027-03-13,,kasm,hiro,unplayed,2026_27-j1-26-kasm-vs-hiro,20260812_074327,2026_27_j1,weekly_prediction_snapshot
2026_27,26,2027-03-13,kasw,0-0,okay,Ajinomoto Stadium,0,0,6.0,6.0,0.0,3-4-2-1,3-4-2-1,10.0,9.0,1.0,0.0,1.0,1475.6111733703474,1494.8528330726735,-19.24165970232616,17.85,10.48,7.370000000000001,101.0,127.0,19.0,18.0,6.0,6.0,1.09,2.493,46.0,57.2,63.2,61.0,0.0,0.0,0,0,12.552631578947368,4.0588235294117645,11.382352941176473,1.0263157894736843,1.3529411764705883,0.2105263157894736,422.1315789473685,9.941176470588236,13.263157894736842,14.588235294117649,22.647058823529413,17.794117647058822,19.92105263157895,12.676470588235292,1.7352941176470589,16.441176470588236,1.588235294117647,0.0526315789473684,46.0,11.473684210526317,15.205882352941176,32.44117647058823,1.2289473684210528,1.181578947368421,113.0,163.0,39.0,80.0,47.0,82.0,0.0,0.0,0.0,0.0,0.0,0.0,0.0,0.0,0.0,0.0,0.0,0.0,0.0,0.0,0.0,0.0,0.0,0.0,0.0,0.0,0.0,0.0,0.0,0.0,0.0,0.0,0.0,0.0,0.0,0.0,0.0,3.0,5.0,2.0,3.0,6.0,1.0,1.0,2.0,2.0,3_vs_3,0.0526315789473684,0.0,0.1842105263157894,0.2105263157894736,0.2058823529411764,0.1842105263157894,0.0588235294117647,0.0588235294117647,0.1764705882352941,0.0588235294117647,50.0,43.0,54.0,45.0,55.0,63.0,43.0,43.0,0.0,0.0,0.0,0.0,0.0,0.0,0.0,0.0,0.0,0.0,0.0,0.0,0.0,0.0,0.0,0.0,0.0,0.0,0.5,0.0292387543252595,0.5,0.0225,0,0,0,0,0,0,0,0,0,0,0,0,0,0,0,0,0,0,2026_27,J1,明治安田J1リーグ,j1,26.0,2027-03-13,,kasw,okay,unplayed,2026_27-j1-26-kasw-vs-okay,20260812_074327,2026_27_j1,weekly_prediction_snapshot
2026_27,26,2027-03-13,FCtk,0-0,c-os,Ajinomoto Stadium,0,0,7.0,6.0,385.9,4-4-2,3-4-2-1,9.0,8.0,1.0,0.0,0.0,1502.9687564818937,1509.1673593438288,-6.198602861935115,17.15,12.5,4.649999999999999,0.0,93.0,22.0,24.0,6.0,6.0,0.998,0.595,41.1,46.9,39.0,36.8,0.0,0.0,0,0,0.0,0.0,0.0,0.0,0.0,0.0,0.0,0.0,0.0,0.0,0.0,0.0,0.0,0.0,0.0,0.0,0.0,0.0,0.0,0.0,0.0,0.0,0.0,0.0,0.0,0.0,0.0,0.0,0.0,0.0,13.394736842105264,3.868421052631579,12.18421052631579,1.236842105263158,1.1764705882352942,0.2894736842105263,455.8157894736842,10.823529411764708,11.105263157894736,15.289473684210526,20.5,15.5,18.38235294117647,9.157894736842104,1.605263157894737,13.941176470588236,0.7368421052631579,0.0294117647058823,50.4,10.763157894736842,15.441176470588236,31.88235294117647,1.258823529411765,1.1973684210526316,114.0,129.0,41.0,62.0,48.0,66.0,0.0,4.0,3.0,3.0,4.0,4.0,2.0,-1.0,2.0,2.0,4_vs_3,0.0,0.0,0.0,0.0,0.0,0.0,0.0,0.0,0.0,0.0,0.0,0.0,0.0,0.0,0.0,0.0,0.0,0.0,0.088235294117647,0.0,0.2894736842105263,0.2894736842105263,0.0526315789473684,0.2368421052631578,0.0294117647058823,0.0789473684210526,0.088235294117647,0.0588235294117647,56.0,45.0,45.0,49.0,46.0,44.0,50.0,55.0,0.5,0.0249307479224376,0.4736842105263157,0.0293452222517966,0,0,0,0,0,0,0,0,0,0,0,0,0,0,0,0,0,0,2026_27,J1,明治安田J1リーグ,j1,26.0,2027-03-13,,FCtk,c-os,unplayed,2026_27-j1-26-FCtk-vs-c-os,20260812_074327,2026_27_j1,weekly_prediction_snapshot
2026_27,26,2027-03-13,tk-v,0-0,mito,Ajinomoto Stadium,0,0,7.0,5.5,357.7,3-4-2-1,3-4-2-1,13.0,8.0,5.0,0.0,0.0,1506.3841338687366,1490.2875056389225,16.096628229814087,9.33,10.8,-1.4700000000000006,120.5,80.0,20.0,7.5,7.0,4.0,2.064,1.947,48.6,42.7,42.8,54.0,0.0,0.0,0,0,9.2,2.65,9.8,1.0,1.3,0.3,353.25,8.25,6.052631578947368,10.2,22.1,18.05263157894737,18.710526315789476,11.05,1.4,16.05,1.0,0.0,2.2,7.4,14.3,26.8,0.8400000000000001,1.065,5.95,7.2,15.0,26.5,19.0,33.5,10.6,3.1,11.25,0.95,1.8,0.1,427.6,10.8,11.647058823529411,11.3,19.55,14.4,18.6,10.15,1.6,13.3,1.55,0.3,2.54,8.3,14.15,30.25,0.975,1.33,5.9,6.35,35.0,64.0,38.0,72.0,0.0,3.0,6.0,1.0,4.0,4.0,2.0,1.0,2.0,2.0,3_vs_3,0.0789473684210526,0.0394736842105263,0.1973684210526315,0.0789473684210526,0.0657894736842105,0.0789473684210526,0.0,0.0789473684210526,0.0394736842105263,0.0131578947368421,22.5,22.5,23.0,19.5,22.5,21.0,22.0,25.0,0.0526315789473684,0.0,0.2105263157894736,0.2105263157894736,0.0588235294117647,0.1842105263157894,0.0,0.0588235294117647,0.1052631578947368,0.0294117647058823,45.0,44.0,47.0,44.0,45.0,44.5,44.0,44.0,0.48684210526315785,0.023057390439661853,0.4,0.00721153846153845,0,0,0,0,0,0,0,0,0,0,0,0,0,0,0,0,0,0,2026_27,J1,明治安田J1リーグ,j1,26.0,2027-03-13,,tk-v,mito,unplayed,2026_27-j1-26-tk-v-vs-mito,20260812_074327,2026_27_j1,weekly_prediction_snapshot
2026_27,26,2027-03-13,mcd,0-0,nago,Ajinomoto Stadium,0,0,6.0,7.0,230.3,3-4-2-1,3-4-2-1,3.0,9.0,-6.0,0.0,0.0,1539.9974199689445,1519.4628165308918,20.534603438052727,18.4,13.35,5.049999999999999,0.0,120.0,27.5,25.0,8.0,7.0,1.924,1.037,53.1,58.9,65.3,42.5,0.0,0.0,0,0,11.1,3.263157894736842,10.842105263157896,1.25,0.8947368421052632,0.35,328.63157894736844,11.45,5.25,11.2,17.15,15.31578947368421,17.026315789473685,9.95,1.2,12.8,1.15,0.05,2.26,8.4,17.15,28.7,1.11,0.9605263157894736,5.9,5.65,14.0,31.0,18.0,31.5,11.205882352941176,3.8947368421052633,11.735294117647058,1.1578947368421053,1.0294117647058822,0.3823529411764705,403.1764705882353,11.676470588235292,10.705882352941176,13.441176470588236,21.647058823529413,18.58823529411765,18.94117647058824,10.176470588235292,1.7941176470588236,14.763157894736842,1.0,0.0588235294117647,46.2,8.973684210526315,17.294117647058822,30.289473684210527,1.1823529411764706,1.1176470588235294,114.0,155.0,39.0,74.0,48.0,79.0,0.0,3.0,6.0,1.0,3.0,6.0,1.0,1.0,2.0,2.0,3_vs_3,0.0,0.0,0.0,0.0,0.0,0.0,0.0,0.0,0.0,0.0,0.0,0.0,0.0,0.0,0.0,0.0,0.0,0.0,0.0588235294117647,0.0294117647058823,0.2647058823529412,0.2058823529411764,0.0294117647058823,0.1842105263157894,0.0,0.1052631578947368,0.1470588235294117,0.0526315789473684,51.0,50.0,38.0,45.0,47.0,44.0,43.0,46.0,0.48684210526315785,0.04772884663812635,0.5,0.0289285714285714,0,0,0,0,0,0,0,0,0,0,0,0,0,0,0,0,0,0,2026_27,J1,明治安田J1リーグ,j1,26.0,2027-03-13,,mcd,nago,unplayed,2026_27-j1-26-mcd-vs-nago,20260812_074327,2026_27_j1,weekly_prediction_snapshot
2026_27,26,2027-03-13,y-fm,0-0,fuku,Ajinomoto Stadium,0,0,6.0,7.0,843.1,4-2-3-1,3-4-2-1,6.0,10.0,-4.0,0.0,0.0,1553.7084627416564,1504.43640562365,49.27205711800639,14.1,12.03,2.0700000000000003,0.0,121.0,24.0,21.0,7.0,7.0,1.416,0.769,42.2,48.6,50.0,48.1,0.0,0.0,0,0,15.705882352941176,5.205882352941177,12.676470588235292,2.0294117647058822,1.1764705882352942,0.2647058823529412,607.2647058823529,11.852941176470589,17.205882352941178,18.294117647058822,18.647058823529413,16.973684210526315,19.11764705882353,11.842105263157896,1.5294117647058822,11.078947368421051,1.1842105263157894,0.0789473684210526,57.9,14.882352941176473,15.921052631578949,33.026315789473685,1.8088235294117647,1.3558823529411763,118.0,184.0,48.0,89.0,44.0,90.0,10.5,3.176470588235294,11.157894736842104,0.868421052631579,1.0,0.3235294117647059,336.8684210526316,10.529411764705882,9.657894736842104,14.052631578947368,24.61764705882353,19.529411764705884,18.44117647058824,13.058823529411764,1.6176470588235294,18.61764705882353,1.4411764705882353,0.0263157894736842,42.7,8.368421052631579,17.5,32.28947368421053,1.0558823529411765,1.0323529411764707,109.0,120.0,26.0,52.0,38.0,67.0,0.0,4.0,3.0,3.0,3.0,6.0,1.0,-1.0,2.0,2.0,4_vs_3,0.0,0.0,0.0,0.0,0.0,0.0,0.0,0.0,0.0,0.0,0.0,0.0,0.0,0.0,0.0,0.0,0.0,0.0,0.0526315789473684,0.0263157894736842,0.2105263157894736,0.2105263157894736,0.0263157894736842,0.2058823529411764,0.0,0.0263157894736842,0.0789473684210526,0.0263157894736842,42.0,45.0,44.0,47.0,54.0,51.0,40.0,34.0,0.5,0.0339335180055401,0.5,0.0240403640680649,0,0,0,0,0,0,0,0,0,0,0,0,0,0,0,0,0,0,2026_27,J1,明治安田J1リーグ,j1,26.0,2027-03-13,,y-fm,fuku,unplayed,2026_27-j1-26-y-fm-vs-fuku,20260812_074327,2026_27_j1,weekly_prediction_snapshot
2026_27,26,2027-03-13,kyot,0-0,ka-f,Ajinomoto Stadium,0,0,7.0,7.0,233.7,4-2-3-1,4-2-3-1,11.5,6.0,5.5,0.0,0.0,1482.0426018308194,1554.9684351975595,-72.92583336674011,14.98,19.05,-4.07,127.5,127.0,18.5,26.0,5.5,8.0,0.847,1.501,51.4,42.9,57.3,51.3,0.0,0.0,0,0,11.911764705882351,3.176470588235294,12.823529411764708,1.05,1.3235294117647058,0.2352941176470588,337.52941176470586,10.441176470588236,10.43498452012384,13.5,23.7,17.15,21.15,13.205882352941176,1.3,17.8,1.5263157894736843,0.0789473684210526,46.2,10.0,15.8,33.94117647058823,1.1588235294117646,1.4352941176470588,113.0,133.0,27.0,53.0,36.5,80.0,14.657894736842104,4.947368421052632,10.235294117647058,1.911764705882353,1.2352941176470589,0.3235294117647059,578.9705882352941,11.552631578947368,15.68421052631579,13.617647058823527,20.294117647058822,18.94117647058824,20.0,9.794117647058824,2.2058823529411766,13.588235294117649,1.1470588235294117,0.088235294117647,54.9,14.078947368421051,17.5,32.47058823529412,1.6473684210526316,1.052941176470588,111.0,157.0,42.0,70.0,44.0,82.0,0.0,4.0,3.0,3.0,4.0,3.0,3.0,-2.0,2.0,2.0,4_vs_4,0.0278637770897832,0.0,0.2376160990712074,0.2105263157894736,0.0704334365325076,0.0588235294117647,0.0,0.0719814241486068,0.1176470588235294,0.0147058823529411,56.0,35.5,54.5,60.0,56.0,46.0,36.0,38.0,0.1764705882352941,0.0294117647058823,0.3421052631578947,0.4117647058823529,0.131578947368421,0.3529411764705882,0.0294117647058823,0.088235294117647,0.1764705882352941,0.1176470588235294,51.0,63.0,59.0,53.0,51.0,41.0,73.0,53.0,0.5,0.049528879425073155,0.5,0.032840909090909,0,0,0,0,0,0,0,0,0,0,0,0,0,0,0,0,0,0,2026_27,J1,明治安田J1リーグ,j1,26.0,2027-03-13,,kyot,ka-f,unplayed,2026_27-j1-26-kyot-vs-ka-f,20260812_074327,2026_27_j1,weekly_prediction_snapshot
2026_27,26,2027-03-13,g-os,0-0,ngsk,Ajinomoto Stadium,0,0,7.0,6.5,357.7,4-2-3-1,3-4-2-1,12.0,7.0,5.0,0.0,0.0,1484.87429753502,1482.2412986905829,2.6329988444372248,15.35,13.75,1.5999999999999996,93.0,80.0,20.0,12.0,5.0,6.0,1.038,1.515,57.9,28.6,57.0,48.6,0.0,0.0,0,0,12.763157894736842,4.088235294117647,14.911764705882351,1.1176470588235294,1.2894736842105263,0.3421052631578947,473.8157894736842,9.470588235294118,10.794117647058824,13.058823529411764,23.029411764705884,17.13157894736842,20.289473684210527,11.558823529411764,1.7941176470588236,17.676470588235293,1.0526315789473684,0.0294117647058823,48.1,11.176470588235292,16.91176470588235,31.789473684210527,1.2352941176470589,1.576470588235294,113.0,157.0,38.0,67.0,50.0,83.0,10.4,3.3,14.25,1.05,1.4,0.2,388.0,9.45,11.647058823529411,9.35,25.9,14.65,19.7,9.45,2.3,15.25,1.1,0.05,2.38,8.4,14.1,31.8,1.175,1.575,5.65,6.7,35.0,64.0,38.0,72.0,0.0,4.0,4.0,2.0,3.0,6.0,1.0,-1.0,2.0,2.0,4_vs_3,0.131578947368421,0.0263157894736842,0.2631578947368421,0.1764705882352941,0.0588235294117647,0.1764705882352941,0.0263157894736842,0.1470588235294117,0.1470588235294117,0.0294117647058823,41.0,45.0,49.0,49.0,43.0,47.0,55.0,47.0,0.0526315789473684,0.0,0.2105263157894736,0.2105263157894736,0.0588235294117647,0.1842105263157894,0.0,0.0588235294117647,0.1052631578947368,0.0294117647058823,45.0,44.0,47.0,44.0,45.0,44.5,44.0,44.0,0.5,0.0373961218836565,0.475,0.0197403846153846,0,0,0,0,0,0,0,0,0,0,0,0,0,0,0,0,0,0,2026_27,J1,明治安田J1リーグ,j1,26.0,2027-03-13,,g-os,ngsk,unplayed,2026_27-j1-26-g-os-vs-ngsk,20260812_074327,2026_27_j1,weekly_prediction_snapshot
2026_27,26,2027-03-13,kobe,0-0,shim,Ajinomoto Stadium,0,0,6.0,7.0,222.2,4-1-2-3,4-1-2-3,4.0,13.0,-9.0,0.0,0.0,1568.2524919881544,1478.0354137476809,90.21707824047348,16.6,13.83,2.7700000000000014,93.0,85.0,26.0,16.0,8.0,4.0,1.011,1.52,51.9,50.0,57.5,34.7,0.0,0.0,0,0,12.411764705882351,4.176470588235294,11.852941176470589,1.605263157894737,0.9473684210526316,0.3421052631578947,518.9411764705883,11.470588235294118,12.411764705882351,14.235294117647058,21.86842105263158,16.794117647058822,18.473684210526315,9.911764705882351,2.210526315789474,16.92105263157895,0.9736842105263158,0.0294117647058823,53.7,11.382352941176473,16.605263157894736,31.94117647058824,1.3941176470588237,1.1088235294117648,113.0,163.0,42.0,70.0,44.0,88.0,11.342105263157896,3.5,12.0,0.9736842105263158,1.4210526315789471,0.1176470588235294,407.60526315789474,9.157894736842104,8.421052631578947,13.342105263157896,21.47058823529412,15.263157894736842,19.07894736842105,8.894736842105264,1.9705882352941173,12.176470588235292,0.631578947368421,0.0263157894736842,43.5,8.973684210526315,14.052631578947368,29.44736842105263,1.0578947368421054,1.0842105263157895,113.0,156.0,39.0,71.0,49.0,83.0,0.0,4.0,3.0,3.0,4.0,4.0,2.0,-1.0,2.0,2.0,4_vs_4,0.0789473684210526,0.0263157894736842,0.2941176470588235,0.3823529411764705,0.1052631578947368,0.2105263157894736,0.0789473684210526,0.0789473684210526,0.1052631578947368,0.0294117647058823,57.0,56.0,47.0,43.0,45.0,39.0,54.0,61.0,0.0,0.0,0.3421052631578947,0.2105263157894736,0.0,0.131578947368421,0.0,0.0526315789473684,0.088235294117647,0.088235294117647,35.0,34.0,47.0,47.0,36.0,44.0,42.0,53.0,0.5,0.0472372065898819,0.45,0.032,0,0,0,0,0,0,0,0,0,0,0,0,0,0,0,0,0,0,2026_27,J1,明治安田J1リーグ,j1,26.0,2027-03-13,,kobe,shim,unplayed,2026_27-j1-26-kobe-vs-shim,20260812_074327,2026_27_j1,weekly_prediction_snapshot
2026_27,26,2027-03-14,chib,0-0,uraw,Ajinomoto Stadium,0,0,7.0,7.0,234.7,3-4-2-1,4-1-2-3,10.0,8.0,2.0,0.0,0.0,1469.3397806394082,1527.74338246438,-58.4036018249717,13.3,14.0,-0.6999999999999993,82.0,99.0,6.5,25.0,3.0,7.0,0.481,2.553,32.4,43.2,71.4,42.1,0.0,0.0,0,0,10.75,3.45,15.65,1.0,1.65,0.1,394.6,11.1,11.647058823529411,11.6,27.0,15.85,16.7,11.35,1.7,13.6,1.55,0.05,2.355,7.95,15.1,28.35,1.135,1.65,5.95,6.05,35.0,64.0,38.0,72.0,12.029411764705882,3.941176470588235,12.578947368421051,1.2647058823529411,1.1470588235294117,0.3157894736842105,486.5,9.973684210526317,13.205882352941176,12.86842105263158,20.91176470588235,17.735294117647058,19.23529411764705,10.105263157894736,1.763157894736842,13.894736842105264,1.105263157894737,0.0294117647058823,52.7,10.558823529411764,16.81578947368421,30.47058823529412,1.363157894736842,1.1823529411764706,111.0,163.0,39.0,78.0,45.0,83.0,0.0,4.0,4.0,2.0,4.0,5.0,1.0,-0.5,2.0,2.0,3_vs_4,0.0526315789473684,0.0,0.2105263157894736,0.2105263157894736,0.0588235294117647,0.1842105263157894,0.0,0.0588235294117647,0.1052631578947368,0.0294117647058823,45.0,44.0,47.0,44.0,45.0,44.5,44.0,44.0,0.1842105263157894,0.0294117647058823,0.2352941176470588,0.2352941176470588,0.1176470588235294,0.2368421052631578,0.0263157894736842,0.0526315789473684,0.1470588235294117,0.0263157894736842,46.0,43.0,52.0,42.0,42.0,45.0,53.0,63.0,0.42500000000000004,0.0081944444444444,0.5,0.0208333333333333,0,0,0,0,0,0,0,0,0,0,0,0,0,0,0,0,0,0,2026_27,J1,明治安田J1リーグ,j1,26.0,2027-03-14,,chib,uraw,unplayed,2026_27-j1-26-chib-vs-uraw,20260812_074327,2026_27_j1,weekly_prediction_snapshot
2026_27,27,2027-03-20,kasw,0-0,tk-v,Ajinomoto Stadium,0,0,6.0,6.0,0.0,3-4-2-1,3-4-2-1,10.0,13.0,-3.0,0.0,0.0,1475.6111733703474,1507.9523244100073,-32.34115103965996,17.85,9.33,8.520000000000001,101.0,118.5,19.0,21.0,6.0,7.0,1.09,2.064,46.0,57.2,48.6,42.7,0.0,0.0,0,0,12.552631578947368,4.0588235294117645,11.382352941176473,1.0263157894736843,1.3529411764705883,0.2105263157894736,422.1315789473685,9.941176470588236,13.263157894736842,14.588235294117649,22.647058823529413,17.794117647058822,19.92105263157895,12.676470588235292,1.7352941176470589,16.441176470588236,1.588235294117647,0.0526315789473684,46.0,11.473684210526317,15.205882352941176,32.44117647058823,1.2289473684210528,1.181578947368421,113.0,163.0,39.0,80.0,47.0,82.0,9.2,2.65,9.8,1.0,1.3,0.3,353.25,8.25,6.052631578947368,10.2,22.1,18.05263157894737,18.710526315789476,11.05,1.4,16.05,1.0,0.0,2.2,7.4,14.3,26.8,0.8400000000000001,1.065,5.95,7.2,15.0,26.5,19.0,33.5,0.0,3.0,5.0,2.0,3.0,6.0,1.0,1.0,2.0,2.0,3_vs_3,0.0526315789473684,0.0,0.1842105263157894,0.2105263157894736,0.2058823529411764,0.1842105263157894,0.0588235294117647,0.0588235294117647,0.1764705882352941,0.0588235294117647,50.0,43.0,54.0,45.0,55.0,63.0,43.0,43.0,0.0789473684210526,0.0394736842105263,0.1973684210526315,0.0789473684210526,0.0657894736842105,0.0789473684210526,0.0,0.0789473684210526,0.0394736842105263,0.0131578947368421,22.5,22.5,23.0,19.5,22.5,21.0,22.0,25.0,0.5,0.0292387543252595,0.48684210526315785,0.027239150507848503,0,0,0,0,0,0,0,0,0,0,0,0,0,0,0,0,0,0,2026_27,J1,明治安田J1リーグ,j1,27.0,2027-03-20,,kasw,tk-v,unplayed,2026_27-j1-27-kasw-vs-tk-v,20260812_074327,2026_27_j1,weekly_prediction_snapshot
2026_27,27,2027-03-20,mcd,0-0,mito,Ajinomoto Stadium,0,0,6.0,5.5,357.7,3-4-2-1,3-4-2-1,3.0,8.0,-5.0,0.0,0.0,1539.9974199689445,1490.2875056389225,49.709914330022,18.4,10.8,7.599999999999998,0.0,80.0,27.5,7.5,8.0,4.0,1.924,1.947,53.1,58.9,42.8,54.0,0.0,0.0,0,0,11.1,3.263157894736842,10.842105263157896,1.25,0.8947368421052632,0.35,328.63157894736844,11.45,5.25,11.2,17.15,15.31578947368421,17.026315789473685,9.95,1.2,12.8,1.15,0.05,2.26,8.4,17.15,28.7,1.11,0.9605263157894736,5.9,5.65,14.0,31.0,18.0,31.5,10.6,3.1,11.25,0.95,1.8,0.1,427.6,10.8,11.647058823529411,11.3,19.55,14.4,18.6,10.15,1.6,13.3,1.55,0.3,2.54,8.3,14.15,30.25,0.975,1.33,5.9,6.35,35.0,64.0,38.0,72.0,0.0,3.0,6.0,1.0,4.0,4.0,2.0,1.0,2.0,2.0,3_vs_3,0.0,0.0,0.0,0.0,0.0,0.0,0.0,0.0,0.0,0.0,0.0,0.0,0.0,0.0,0.0,0.0,0.0,0.0,0.0526315789473684,0.0,0.2105263157894736,0.2105263157894736,0.0588235294117647,0.1842105263157894,0.0,0.0588235294117647,0.1052631578947368,0.0294117647058823,45.0,44.0,47.0,44.0,45.0,44.5,44.0,44.0,0.48684210526315785,0.04772884663812635,0.4,0.00721153846153845,0,0,0,0,0,0,0,0,0,0,0,0,0,0,0,0,0,0,2026_27,J1,明治安田J1リーグ,j1,27.0,2027-03-20,,mcd,mito,unplayed,2026_27-j1-27-mcd-vs-mito,20260812_074327,2026_27_j1,weekly_prediction_snapshot
2026_27,27,2027-03-20,ka-f,0-0,FCtk,Ajinomoto Stadium,0,0,6.0,7.0,225.6,4-2-3-1,4-4-2,6.0,8.0,-2.0,0.0,0.0,1552.3375348771292,1504.7254200609143,47.6121148162149,19.05,17.15,1.9000000000000021,114.0,0.0,25.0,23.0,7.0,7.0,1.501,0.998,57.3,51.3,41.1,46.9,0.0,0.0,0,0,14.657894736842104,4.947368421052632,10.235294117647058,1.911764705882353,1.2352941176470589,0.3235294117647059,578.9705882352941,11.552631578947368,15.68421052631579,13.617647058823527,20.294117647058822,18.94117647058824,20.0,9.794117647058824,2.2058823529411766,13.588235294117649,1.1470588235294117,0.088235294117647,54.9,14.078947368421051,17.5,32.47058823529412,1.6473684210526316,1.052941176470588,111.0,157.0,42.0,70.0,44.0,82.0,0.0,0.0,0.0,0.0,0.0,0.0,0.0,0.0,0.0,0.0,0.0,0.0,0.0,0.0,0.0,0.0,0.0,0.0,0.0,0.0,0.0,0.0,0.0,0.0,0.0,0.0,0.0,0.0,0.0,0.0,0.0,4.0,3.0,3.0,4.0,3.0,3.0,-1.0,2.0,2.0,4_vs_4,0.1764705882352941,0.0294117647058823,0.3421052631578947,0.4117647058823529,0.131578947368421,0.3529411764705882,0.0294117647058823,0.088235294117647,0.1764705882352941,0.1176470588235294,51.0,63.0,59.0,53.0,51.0,41.0,73.0,53.0,0.0,0.0,0.0,0.0,0.0,0.0,0.0,0.0,0.0,0.0,0.0,0.0,0.0,0.0,0.0,0.0,0.0,0.0,0.45,0.0350346020761245,0.4736842105263157,0.0222925735391109,0,0,0,0,0,0,0,0,0,0,0,0,0,0,0,0,0,0,2026_27,J1,明治安田J1リーグ,j1,27.0,2027-03-20,,ka-f,FCtk,unplayed,2026_27-j1-27-ka-f-vs-FCtk,20260812_074327,2026_27_j1,weekly_prediction_snapshot
2026_27,27,2027-03-20,y-fm,0-0,uraw,Ajinomoto Stadium,0,0,6.0,7.0,234.7,4-2-3-1,4-1-2-3,6.0,8.0,-2.0,0.0,0.0,1553.7084627416564,1527.74338246438,25.965080277276456,14.1,14.0,0.09999999999999964,0.0,99.0,24.0,25.0,7.0,7.0,1.416,2.553,42.2,48.6,71.4,42.1,0.0,0.0,0,0,15.705882352941176,5.205882352941177,12.676470588235292,2.0294117647058822,1.1764705882352942,0.2647058823529412,607.2647058823529,11.852941176470589,17.205882352941178,18.294117647058822,18.647058823529413,16.973684210526315,19.11764705882353,11.842105263157896,1.5294117647058822,11.078947368421051,1.1842105263157894,0.0789473684210526,57.9,14.882352941176473,15.921052631578949,33.026315789473685,1.8088235294117647,1.3558823529411763,118.0,184.0,48.0,89.0,44.0,90.0,12.029411764705882,3.941176470588235,12.578947368421051,1.2647058823529411,1.1470588235294117,0.3157894736842105,486.5,9.973684210526317,13.205882352941176,12.86842105263158,20.91176470588235,17.735294117647058,19.23529411764705,10.105263157894736,1.763157894736842,13.894736842105264,1.105263157894737,0.0294117647058823,52.7,10.558823529411764,16.81578947368421,30.47058823529412,1.363157894736842,1.1823529411764706,111.0,163.0,39.0,78.0,45.0,83.0,0.0,4.0,3.0,3.0,4.0,5.0,1.0,-1.0,2.0,2.0,4_vs_4,0.0,0.0,0.0,0.0,0.0,0.0,0.0,0.0,0.0,0.0,0.0,0.0,0.0,0.0,0.0,0.0,0.0,0.0,0.1842105263157894,0.0294117647058823,0.2352941176470588,0.2352941176470588,0.1176470588235294,0.2368421052631578,0.0263157894736842,0.0526315789473684,0.1470588235294117,0.0263157894736842,46.0,43.0,52.0,42.0,42.0,45.0,53.0,63.0,0.5,0.0339335180055401,0.5,0.0208333333333333,0,0,0,0,0,0,0,0,0,0,0,0,0,0,0,0,0,0,2026_27,J1,明治安田J1リーグ,j1,27.0,2027-03-20,,y-fm,uraw,unplayed,2026_27-j1-27-y-fm-vs-uraw,20260812_074327,2026_27_j1,weekly_prediction_snapshot
2026_27,27,2027-03-20,nago,0-0,kobe,Ajinomoto Stadium,0,0,7.0,7.0,412.8,3-4-2-1,4-1-2-3,8.0,4.0,4.0,0.0,0.0,1521.2102994510724,1568.9211136856622,-47.71081423458986,13.35,16.6,-3.2500000000000018,114.0,96.0,26.0,27.0,7.0,9.0,1.037,1.011,65.3,42.5,51.9,50.0,0.0,0.0,0,0,11.205882352941176,3.8947368421052633,11.735294117647058,1.1578947368421053,1.0294117647058822,0.3823529411764705,403.1764705882353,11.676470588235292,10.705882352941176,13.441176470588236,21.647058823529413,18.58823529411765,18.94117647058824,10.176470588235292,1.7941176470588236,14.763157894736842,1.0,0.0588235294117647,46.2,8.973684210526315,17.294117647058822,30.289473684210527,1.1823529411764706,1.1176470588235294,114.0,155.0,39.0,74.0,48.0,79.0,12.411764705882351,4.176470588235294,11.852941176470589,1.605263157894737,0.9473684210526316,0.3421052631578947,518.9411764705883,11.470588235294118,12.411764705882351,14.235294117647058,21.86842105263158,16.794117647058822,18.473684210526315,9.911764705882351,2.210526315789474,16.92105263157895,0.9736842105263158,0.0294117647058823,53.7,11.382352941176473,16.605263157894736,31.94117647058824,1.3941176470588237,1.1088235294117648,113.0,163.0,42.0,70.0,44.0,88.0,0.0,3.0,6.0,1.0,4.0,3.0,3.0,1.0,2.0,2.0,3_vs_4,0.0588235294117647,0.0294117647058823,0.2647058823529412,0.2058823529411764,0.0294117647058823,0.1842105263157894,0.0,0.1052631578947368,0.1470588235294117,0.0526315789473684,51.0,50.0,38.0,45.0,47.0,44.0,43.0,46.0,0.0789473684210526,0.0263157894736842,0.2941176470588235,0.3823529411764705,0.1052631578947368,0.2105263157894736,0.0789473684210526,0.0789473684210526,0.1052631578947368,0.0294117647058823,57.0,56.0,47.0,43.0,45.0,39.0,54.0,61.0,0.4736842105263157,0.028365650969529,0.4736842105263157,0.0423875432525951,0,0,0,0,0,0,0,0,0,0,0,0,0,0,0,0,0,0,2026_27,J1,明治安田J1リーグ,j1,27.0,2027-03-20,,nago,kobe,unplayed,2026_27-j1-27-nago-vs-kobe,20260812_074327,2026_27_j1,weekly_prediction_snapshot
2026_27,27,2027-03-20,c-os,0-0,kyot,Ajinomoto Stadium,0,0,7.0,7.0,367.5,3-4-2-1,4-2-3-1,7.0,12.0,-5.0,0.0,0.0,1510.635587565086,1487.110875027563,23.5247125375231,12.5,14.98,-2.4800000000000004,99.0,110.5,23.0,17.0,7.0,6.0,0.595,0.847,39.0,36.8,51.4,42.9,0.0,0.0,0,0,13.394736842105264,3.868421052631579,12.18421052631579,1.236842105263158,1.1764705882352942,0.2894736842105263,455.8157894736842,10.823529411764708,11.105263157894736,15.289473684210526,20.5,15.5,18.38235294117647,9.157894736842104,1.605263157894737,13.941176470588236,0.7368421052631579,0.0294117647058823,50.4,10.763157894736842,15.441176470588236,31.88235294117647,1.258823529411765,1.1973684210526316,114.0,129.0,41.0,62.0,48.0,66.0,11.911764705882351,3.176470588235294,12.823529411764708,1.05,1.3235294117647058,0.2352941176470588,337.52941176470586,10.441176470588236,10.43498452012384,13.5,23.7,17.15,21.15,13.205882352941176,1.3,17.8,1.5263157894736843,0.0789473684210526,46.2,10.0,15.8,33.94117647058823,1.1588235294117646,1.4352941176470588,113.0,133.0,27.0,53.0,36.5,80.0,0.0,4.0,4.0,2.0,4.0,3.0,3.0,-1.0,2.0,2.0,3_vs_4,0.088235294117647,0.0,0.2894736842105263,0.2894736842105263,0.0526315789473684,0.2368421052631578,0.0294117647058823,0.0789473684210526,0.088235294117647,0.0588235294117647,56.0,45.0,45.0,49.0,46.0,44.0,50.0,55.0,0.0278637770897832,0.0,0.2376160990712074,0.2105263157894736,0.0704334365325076,0.0588235294117647,0.0,0.0719814241486068,0.1176470588235294,0.0147058823529411,56.0,35.5,54.5,60.0,56.0,46.0,36.0,38.0,0.5,0.0280470914127423,0.4705882352941176,0.03751730103806225,0,0,0,0,0,0,0,0,0,0,0,0,0,0,0,0,0,0,2026_27,J1,明治安田J1リーグ,j1,27.0,2027-03-20,,c-os,kyot,unplayed,2026_27-j1-27-c-os-vs-kyot,20260812_074327,2026_27_j1,weekly_prediction_snapshot
2026_27,27,2027-03-20,hiro,0-0,g-os,Ajinomoto Stadium,0,0,7.0,6.0,383.2,3-4-2-1,4-2-3-1,6.0,12.0,-6.0,0.0,0.0,1537.0103290322477,1486.29287547773,50.71745355451776,19.05,15.35,3.700000000000001,113.0,85.0,26.0,20.0,7.0,6.0,2.689,1.038,56.8,67.6,57.9,28.6,0.0,0.0,0,0,14.705882352941176,4.676470588235294,10.921052631578949,1.3529411764705883,1.105263157894737,0.3235294117647059,481.1470588235294,10.470588235294118,14.705882352941176,16.764705882352942,18.352941176470587,18.657894736842103,18.647058823529413,11.794117647058824,1.7352941176470589,16.86842105263158,0.9117647058823528,0.0294117647058823,49.5,13.117647058823527,18.176470588235293,33.3235294117647,1.4088235294117646,1.068421052631579,112.0,164.0,40.0,76.0,46.0,87.0,12.763157894736842,4.088235294117647,14.911764705882351,1.1176470588235294,1.2894736842105263,0.3421052631578947,473.8157894736842,9.470588235294118,10.794117647058824,13.058823529411764,23.029411764705884,17.13157894736842,20.289473684210527,11.558823529411764,1.7941176470588236,17.676470588235293,1.0526315789473684,0.0294117647058823,48.1,11.176470588235292,16.91176470588235,31.789473684210527,1.2352941176470589,1.576470588235294,113.0,157.0,38.0,67.0,50.0,83.0,0.0,3.0,6.0,1.0,4.0,4.0,2.0,1.0,2.0,2.0,3_vs_4,0.1052631578947368,0.0526315789473684,0.3421052631578947,0.2941176470588235,0.1764705882352941,0.2352941176470588,0.0526315789473684,0.088235294117647,0.1176470588235294,0.0294117647058823,72.0,60.0,54.0,66.0,74.0,62.0,54.0,41.0,0.131578947368421,0.0263157894736842,0.2631578947368421,0.1764705882352941,0.0588235294117647,0.1764705882352941,0.0263157894736842,0.1470588235294117,0.1470588235294117,0.0294117647058823,41.0,45.0,49.0,49.0,43.0,47.0,55.0,47.0,0.5,0.0223059812160158,0.4473684210526316,0.0339335180055401,0,0,0,0,0,0,0,0,0,0,0,0,0,0,0,0,0,0,2026_27,J1,明治安田J1リーグ,j1,27.0,2027-03-20,,hiro,g-os,unplayed,2026_27-j1-27-hiro-vs-g-os,20260812_074327,2026_27_j1,weekly_prediction_snapshot
2026_27,27,2027-03-20,fuku,0-0,chib,Ajinomoto Stadium,0,0,7.0,6.5,357.7,3-4-2-1,3-4-2-1,10.0,9.5,0.5,0.0,0.0,1502.0577783078763,1468.4504174736203,33.60736083425604,12.03,13.3,-1.2700000000000014,113.0,80.0,19.0,9.0,5.0,3.5,0.769,0.481,50.0,48.1,32.4,43.2,0.0,0.0,0,0,10.5,3.176470588235294,11.157894736842104,0.868421052631579,1.0,0.3235294117647059,336.8684210526316,10.529411764705882,9.657894736842104,14.052631578947368,24.61764705882353,19.529411764705884,18.44117647058824,13.058823529411764,1.6176470588235294,18.61764705882353,1.4411764705882353,0.0263157894736842,42.7,8.368421052631579,17.5,32.28947368421053,1.0558823529411765,1.0323529411764707,109.0,120.0,26.0,52.0,38.0,67.0,10.75,3.45,15.65,1.0,1.65,0.1,394.6,11.1,11.647058823529411,11.6,27.0,15.85,16.7,11.35,1.7,13.6,1.55,0.05,2.355,7.95,15.1,28.35,1.135,1.65,5.95,6.05,35.0,64.0,38.0,72.0,0.0,3.0,6.0,1.0,4.0,4.0,2.0,0.0,2.0,2.0,3_vs_3,0.0526315789473684,0.0263157894736842,0.2105263157894736,0.2105263157894736,0.0263157894736842,0.2058823529411764,0.0,0.0263157894736842,0.0789473684210526,0.0263157894736842,42.0,45.0,44.0,47.0,54.0,51.0,40.0,34.0,0.0526315789473684,0.0,0.2105263157894736,0.2105263157894736,0.0588235294117647,0.1842105263157894,0.0,0.0588235294117647,0.1052631578947368,0.0294117647058823,45.0,44.0,47.0,44.0,45.0,44.5,44.0,44.0,0.45,0.0218144044321329,0.525,0.0103854166666666,0,0,0,0,0,0,0,0,0,0,0,0,0,0,0,0,0,0,2026_27,J1,明治安田J1リーグ,j1,27.0,2027-03-20,,fuku,chib,unplayed,2026_27-j1-27-fuku-vs-chib,20260812_074327,2026_27_j1,weekly_prediction_snapshot
2026_27,27,2027-03-20,ngsk,0-0,okay,Ajinomoto Stadium,0,0,7.0,6.0,0.0,3-4-2-1,3-4-2-1,8.5,9.0,-0.5,0.5,1.0,1486.5869419238666,1494.8528330726735,-8.265891148806986,13.75,10.48,3.2699999999999996,82.0,127.0,12.0,18.0,4.0,6.0,1.515,2.493,57.0,48.6,63.2,61.0,0.0,0.0,0,0,10.4,3.3,14.25,1.05,1.4,0.2,388.0,9.45,11.647058823529411,9.35,25.9,14.65,19.7,9.45,2.3,15.25,1.1,0.05,2.38,8.4,14.1,31.8,1.175,1.575,5.65,6.7,35.0,64.0,38.0,72.0,0.0,0.0,0.0,0.0,0.0,0.0,0.0,0.0,0.0,0.0,0.0,0.0,0.0,0.0,0.0,0.0,0.0,0.0,0.0,0.0,0.0,0.0,0.0,0.0,0.0,0.0,0.0,0.0,0.0,0.0,0.0,3.0,6.0,1.0,3.0,6.0,1.0,0.5,2.0,2.0,3_vs_3,0.0526315789473684,0.0,0.2105263157894736,0.2105263157894736,0.0588235294117647,0.1842105263157894,0.0,0.0588235294117647,0.1052631578947368,0.0294117647058823,45.0,44.0,47.0,44.0,45.0,44.5,44.0,44.0,0.0,0.0,0.0,0.0,0.0,0.0,0.0,0.0,0.0,0.0,0.0,0.0,0.0,0.0,0.0,0.0,0.0,0.0,0.47500000000000003,0.02306318681318675,0.5,0.0225,0,0,0,0,0,0,0,0,0,0,0,0,0,0,0,0,0,0,2026_27,J1,明治安田J1リーグ,j1,27.0,2027-03-20,,ngsk,okay,unplayed,2026_27-j1-27-ngsk-vs-okay,20260812_074327,2026_27_j1,weekly_prediction_snapshot
2026_27,27,2027-03-21,shim,0-0,kasm,Ajinomoto Stadium,0,0,7.0,7.0,289.2,4-1-2-3,4-4-2,13.0,4.0,9.0,0.0,0.0,1477.4441154138574,1555.0464607669046,-77.60234535304721,13.83,21.43,-7.6,78.0,88.0,19.0,32.0,5.0,8.0,1.52,2.945,57.5,34.7,51.4,57.8,0.0,0.0,0,0,11.342105263157896,3.5,12.0,0.9736842105263158,1.4210526315789471,0.1176470588235294,407.60526315789474,9.157894736842104,8.421052631578947,13.342105263157896,21.47058823529412,15.263157894736842,19.07894736842105,8.894736842105264,1.9705882352941173,12.176470588235292,0.631578947368421,0.0263157894736842,43.5,8.973684210526315,14.052631578947368,29.44736842105263,1.0578947368421054,1.0842105263157895,113.0,156.0,39.0,71.0,49.0,83.0,12.941176470588236,4.176470588235294,11.147058823529411,1.5789473684210529,1.0789473684210529,0.3947368421052631,424.11764705882354,10.852941176470589,12.264705882352942,15.078947368421051,21.91176470588235,18.68421052631579,19.97058823529412,11.894736842105264,2.0,18.81578947368421,1.411764705882353,0.0588235294117647,50.1,11.5,17.36842105263158,33.55263157894737,1.2868421052631578,1.2078947368421051,112.0,167.0,40.0,80.0,45.0,86.0,0.0,4.0,4.0,2.0,4.0,4.0,2.0,0.0,2.0,2.0,4_vs_4,0.0,0.0,0.3421052631578947,0.2105263157894736,0.0,0.131578947368421,0.0,0.0526315789473684,0.088235294117647,0.088235294117647,35.0,34.0,47.0,47.0,36.0,44.0,42.0,53.0,0.0789473684210526,0.0,0.3823529411764705,0.2941176470588235,0.088235294117647,0.2631578947368421,0.0294117647058823,0.0588235294117647,0.1764705882352941,0.088235294117647,50.0,48.0,58.0,56.0,54.0,62.0,50.0,40.0,0.5294117647058824,0.0381752077562327,0.5,0.0348904267589388,0,0,0,0,0,0,0,0,0,0,0,0,0,0,0,0,0,0,2026_27,J1,明治安田J1リーグ,j1,27.0,2027-03-21,,shim,kasm,unplayed,2026_27-j1-27-shim-vs-kasm,20260812_074327,2026_27_j1,weekly_prediction_snapshot
2026_27,28,2027-04-03,kasm,0-0,y-fm,Ajinomoto Stadium,0,0,7.0,7.0,230.3,4-4-2,4-2-3-1,4.0,7.0,-3.0,0.0,0.0,1556.0187819361674,1570.7264926415494,-14.707710705381942,21.43,14.1,7.33,86.0,0.0,30.0,24.0,9.0,7.0,2.945,1.416,51.4,57.8,42.2,48.6,0.0,0.0,0,0,12.941176470588236,4.176470588235294,11.147058823529411,1.5789473684210529,1.0789473684210529,0.3947368421052631,424.11764705882354,10.852941176470589,12.264705882352942,15.078947368421051,21.91176470588235,18.68421052631579,19.97058823529412,11.894736842105264,2.0,18.81578947368421,1.411764705882353,0.0588235294117647,50.1,11.5,17.36842105263158,33.55263157894737,1.2868421052631578,1.2078947368421051,112.0,167.0,40.0,80.0,45.0,86.0,15.705882352941176,5.205882352941177,12.676470588235292,2.0294117647058822,1.1764705882352942,0.2647058823529412,607.2647058823529,11.852941176470589,17.205882352941178,18.294117647058822,18.647058823529413,16.973684210526315,19.11764705882353,11.842105263157896,1.5294117647058822,11.078947368421051,1.1842105263157894,0.0789473684210526,57.9,14.882352941176473,15.921052631578949,33.026315789473685,1.8088235294117647,1.3558823529411763,118.0,184.0,48.0,89.0,44.0,90.0,0.0,4.0,4.0,2.0,4.0,3.0,3.0,-1.0,2.0,2.0,4_vs_4,0.0789473684210526,0.0,0.3823529411764705,0.2941176470588235,0.088235294117647,0.2631578947368421,0.0294117647058823,0.0588235294117647,0.1764705882352941,0.088235294117647,50.0,48.0,58.0,56.0,54.0,62.0,50.0,40.0,0.0,0.0,0.0,0.0,0.0,0.0,0.0,0.0,0.0,0.0,0.0,0.0,0.0,0.0,0.0,0.0,0.0,0.0,0.4705882352941176,0.0353474145891043,0.4736842105263157,0.0339335180055401,0,0,0,0,0,0,0,0,0,0,0,0,0,0,0,0,0,0,2026_27,J1,明治安田J1リーグ,j1,28.0,2027-04-03,,kasm,y-fm,unplayed,2026_27-j1-28-kasm-vs-y-fm,20260812_074327,2026_27_j1,weekly_prediction_snapshot
2026_27,28,2027-04-03,mito,0-0,chib,Ajinomoto Stadium,0,0,7.0,6.5,357.7,3-4-2-1,3-4-2-1,9.0,9.5,-0.5,1.0,0.0,1481.3682664890543,1468.4504174736203,12.917849015434058,10.8,13.3,-2.5,82.0,80.0,10.5,9.0,3.5,3.5,1.947,0.481,42.8,54.0,32.4,43.2,0.0,0.0,0,0,10.6,3.1,11.25,0.95,1.8,0.1,427.6,10.8,11.647058823529411,11.3,19.55,14.4,18.6,10.15,1.6,13.3,1.55,0.3,2.54,8.3,14.15,30.25,0.975,1.33,5.9,6.35,35.0,64.0,38.0,72.0,10.75,3.45,15.65,1.0,1.65,0.1,394.6,11.1,11.647058823529411,11.6,27.0,15.85,16.7,11.35,1.7,13.6,1.55,0.05,2.355,7.95,15.1,28.35,1.135,1.65,5.95,6.05,35.0,64.0,38.0,72.0,0.0,4.0,4.0,2.0,4.0,4.0,2.0,-0.5,2.0,2.0,3_vs_3,0.0526315789473684,0.0,0.2105263157894736,0.2105263157894736,0.0588235294117647,0.1842105263157894,0.0,0.0588235294117647,0.1052631578947368,0.0294117647058823,45.0,44.0,47.0,44.0,45.0,44.5,44.0,44.0,0.0526315789473684,0.0,0.2105263157894736,0.2105263157894736,0.0588235294117647,0.1842105263157894,0.0,0.0588235294117647,0.1052631578947368,0.0294117647058823,45.0,44.0,47.0,44.0,45.0,44.5,44.0,44.0,0.55,0.01095238095238095,0.525,0.0103854166666666,0,0,0,0,0,0,0,0,0,0,0,0,0,0,0,0,0,0,2026_27,J1,明治安田J1リーグ,j1,28.0,2027-04-03,,mito,chib,unplayed,2026_27-j1-28-mito-vs-chib,20260812_074327,2026_27_j1,weekly_prediction_snapshot
2026_27,28,2027-04-03,uraw,0-0,shim,Ajinomoto Stadium,0,0,6.0,7.0,222.2,4-1-2-3,4-1-2-3,8.0,13.0,-5.0,0.0,0.0,1527.1329713906612,1478.0354137476809,49.09755764298029,14.0,13.83,0.16999999999999993,93.0,85.0,24.0,16.0,7.0,4.0,2.553,1.52,71.4,42.1,57.5,34.7,0.0,0.0,0,0,12.029411764705882,3.941176470588235,12.578947368421051,1.2647058823529411,1.1470588235294117,0.3157894736842105,486.5,9.973684210526317,13.205882352941176,12.86842105263158,20.91176470588235,17.735294117647058,19.23529411764705,10.105263157894736,1.763157894736842,13.894736842105264,1.105263157894737,0.0294117647058823,52.7,10.558823529411764,16.81578947368421,30.47058823529412,1.363157894736842,1.1823529411764706,111.0,163.0,39.0,78.0,45.0,83.0,11.342105263157896,3.5,12.0,0.9736842105263158,1.4210526315789471,0.1176470588235294,407.60526315789474,9.157894736842104,8.421052631578947,13.342105263157896,21.47058823529412,15.263157894736842,19.07894736842105,8.894736842105264,1.9705882352941173,12.176470588235292,0.631578947368421,0.0263157894736842,43.5,8.973684210526315,14.052631578947368,29.44736842105263,1.0578947368421054,1.0842105263157895,113.0,156.0,39.0,71.0,49.0,83.0,0.0,4.0,5.0,1.0,4.0,4.0,2.0,0.0,2.0,2.0,4_vs_4,0.1842105263157894,0.0294117647058823,0.2352941176470588,0.2352941176470588,0.1176470588235294,0.2368421052631578,0.0263157894736842,0.0526315789473684,0.1470588235294117,0.0263157894736842,46.0,43.0,52.0,42.0,42.0,45.0,53.0,63.0,0.0,0.0,0.3421052631578947,0.2105263157894736,0.0,0.131578947368421,0.0,0.0526315789473684,0.088235294117647,0.088235294117647,35.0,34.0,47.0,47.0,36.0,44.0,42.0,53.0,0.4705882352941176,0.0207612456747404,0.45,0.032,0,0,0,0,0,0,0,0,0,0,0,0,0,0,0,0,0,0,2026_27,J1,明治安田J1リーグ,j1,28.0,2027-04-03,,uraw,shim,unplayed,2026_27-j1-28-uraw-vs-shim,20260812_074327,2026_27_j1,weekly_prediction_snapshot
2026_27,28,2027-04-03,kasw,0-0,c-os,Ajinomoto Stadium,0,0,6.0,6.0,385.9,3-4-2-1,3-4-2-1,10.0,8.0,2.0,0.0,0.0,1475.6111733703474,1509.1673593438288,-33.55618597348143,17.85,12.5,5.350000000000001,101.0,93.0,19.0,24.0,6.0,6.0,1.09,0.595,46.0,57.2,39.0,36.8,0.0,0.0,0,0,12.552631578947368,4.0588235294117645,11.382352941176473,1.0263157894736843,1.3529411764705883,0.2105263157894736,422.1315789473685,9.941176470588236,13.263157894736842,14.588235294117649,22.647058823529413,17.794117647058822,19.92105263157895,12.676470588235292,1.7352941176470589,16.441176470588236,1.588235294117647,0.0526315789473684,46.0,11.473684210526317,15.205882352941176,32.44117647058823,1.2289473684210528,1.181578947368421,113.0,163.0,39.0,80.0,47.0,82.0,13.394736842105264,3.868421052631579,12.18421052631579,1.236842105263158,1.1764705882352942,0.2894736842105263,455.8157894736842,10.823529411764708,11.105263157894736,15.289473684210526,20.5,15.5,18.38235294117647,9.157894736842104,1.605263157894737,13.941176470588236,0.7368421052631579,0.0294117647058823,50.4,10.763157894736842,15.441176470588236,31.88235294117647,1.258823529411765,1.1973684210526316,114.0,129.0,41.0,62.0,48.0,66.0,0.0,3.0,5.0,2.0,4.0,4.0,2.0,1.0,2.0,2.0,3_vs_3,0.0526315789473684,0.0,0.1842105263157894,0.2105263157894736,0.2058823529411764,0.1842105263157894,0.0588235294117647,0.0588235294117647,0.1764705882352941,0.0588235294117647,50.0,43.0,54.0,45.0,55.0,63.0,43.0,43.0,0.088235294117647,0.0,0.2894736842105263,0.2894736842105263,0.0526315789473684,0.2368421052631578,0.0294117647058823,0.0789473684210526,0.088235294117647,0.0588235294117647,56.0,45.0,45.0,49.0,46.0,44.0,50.0,55.0,0.5,0.0292387543252595,0.4736842105263157,0.0293452222517966,0,0,0,0,0,0,0,0,0,0,0,0,0,0,0,0,0,0,2026_27,J1,明治安田J1リーグ,j1,28.0,2027-04-03,,kasw,c-os,unplayed,2026_27-j1-28-kasw-vs-c-os,20260812_074327,2026_27_j1,weekly_prediction_snapshot
2026_27,28,2027-04-03,FCtk,0-0,fuku,Ajinomoto Stadium,0,0,7.0,7.0,843.1,4-4-2,3-4-2-1,9.0,10.0,-1.0,0.0,0.0,1502.9687564818937,1504.43640562365,-1.467649141756283,17.15,12.03,5.119999999999999,0.0,121.0,22.0,21.0,6.0,7.0,0.998,0.769,41.1,46.9,50.0,48.1,0.0,0.0,0,0,0.0,0.0,0.0,0.0,0.0,0.0,0.0,0.0,0.0,0.0,0.0,0.0,0.0,0.0,0.0,0.0,0.0,0.0,0.0,0.0,0.0,0.0,0.0,0.0,0.0,0.0,0.0,0.0,0.0,0.0,10.5,3.176470588235294,11.157894736842104,0.868421052631579,1.0,0.3235294117647059,336.8684210526316,10.529411764705882,9.657894736842104,14.052631578947368,24.61764705882353,19.529411764705884,18.44117647058824,13.058823529411764,1.6176470588235294,18.61764705882353,1.4411764705882353,0.0263157894736842,42.7,8.368421052631579,17.5,32.28947368421053,1.0558823529411765,1.0323529411764707,109.0,120.0,26.0,52.0,38.0,67.0,0.0,4.0,3.0,3.0,3.0,6.0,1.0,-1.0,2.0,2.0,4_vs_3,0.0,0.0,0.0,0.0,0.0,0.0,0.0,0.0,0.0,0.0,0.0,0.0,0.0,0.0,0.0,0.0,0.0,0.0,0.0526315789473684,0.0263157894736842,0.2105263157894736,0.2105263157894736,0.0263157894736842,0.2058823529411764,0.0,0.0263157894736842,0.0789473684210526,0.0263157894736842,42.0,45.0,44.0,47.0,54.0,51.0,40.0,34.0,0.5,0.0249307479224376,0.5,0.0240403640680649,0,0,0,0,0,0,0,0,0,0,0,0,0,0,0,0,0,0,2026_27,J1,明治安田J1リーグ,j1,28.0,2027-04-03,,FCtk,fuku,unplayed,2026_27-j1-28-FCtk-vs-fuku,20260812_074327,2026_27_j1,weekly_prediction_snapshot
2026_27,28,2027-04-03,tk-v,0-0,mcd,Ajinomoto Stadium,0,0,7.0,7.0,145.05,3-4-2-1,3-4-2-1,13.0,3.0,10.0,0.0,0.0,1506.3841338687366,1541.9609084585081,-35.5767745897715,9.33,18.4,-9.069999999999999,120.5,0.0,20.0,24.5,7.0,8.0,2.064,1.924,48.6,42.7,53.1,58.9,0.0,0.0,0,0,9.2,2.65,9.8,1.0,1.3,0.3,353.25,8.25,6.052631578947368,10.2,22.1,18.05263157894737,18.710526315789476,11.05,1.4,16.05,1.0,0.0,2.2,7.4,14.3,26.8,0.8400000000000001,1.065,5.95,7.2,15.0,26.5,19.0,33.5,11.1,3.263157894736842,10.842105263157896,1.25,0.8947368421052632,0.35,328.63157894736844,11.45,5.25,11.2,17.15,15.31578947368421,17.026315789473685,9.95,1.2,12.8,1.15,0.05,2.26,8.4,17.15,28.7,1.11,0.9605263157894736,5.9,5.65,14.0,31.0,18.0,31.5,0.0,3.0,6.0,1.0,3.0,6.0,1.0,1.0,2.0,2.0,3_vs_3,0.0789473684210526,0.0394736842105263,0.1973684210526315,0.0789473684210526,0.0657894736842105,0.0789473684210526,0.0,0.0789473684210526,0.0394736842105263,0.0131578947368421,22.5,22.5,23.0,19.5,22.5,21.0,22.0,25.0,0.0,0.0,0.0,0.0,0.0,0.0,0.0,0.0,0.0,0.0,0.0,0.0,0.0,0.0,0.0,0.0,0.0,0.0,0.48684210526315785,0.023057390439661853,0.475,0.03670329670329665,0,0,0,0,0,0,0,0,0,0,0,0,0,0,0,0,0,0,2026_27,J1,明治安田J1リーグ,j1,28.0,2027-04-03,,tk-v,mcd,unplayed,2026_27-j1-28-tk-v-vs-mcd,20260812_074327,2026_27_j1,weekly_prediction_snapshot
2026_27,28,2027-04-03,kyot,0-0,ngsk,Ajinomoto Stadium,0,0,7.0,6.5,357.7,4-2-3-1,3-4-2-1,11.5,7.0,4.5,0.0,0.0,1482.0426018308194,1482.2412986905829,-0.19869685976345863,14.98,13.75,1.2300000000000004,127.5,80.0,18.5,12.0,5.5,6.0,0.847,1.515,51.4,42.9,57.0,48.6,0.0,0.0,0,0,11.911764705882351,3.176470588235294,12.823529411764708,1.05,1.3235294117647058,0.2352941176470588,337.52941176470586,10.441176470588236,10.43498452012384,13.5,23.7,17.15,21.15,13.205882352941176,1.3,17.8,1.5263157894736843,0.0789473684210526,46.2,10.0,15.8,33.94117647058823,1.1588235294117646,1.4352941176470588,113.0,133.0,27.0,53.0,36.5,80.0,10.4,3.3,14.25,1.05,1.4,0.2,388.0,9.45,11.647058823529411,9.35,25.9,14.65,19.7,9.45,2.3,15.25,1.1,0.05,2.38,8.4,14.1,31.8,1.175,1.575,5.65,6.7,35.0,64.0,38.0,72.0,0.0,4.0,3.0,3.0,3.0,6.0,1.0,-2.0,2.0,2.0,4_vs_3,0.0278637770897832,0.0,0.2376160990712074,0.2105263157894736,0.0704334365325076,0.0588235294117647,0.0,0.0719814241486068,0.1176470588235294,0.0147058823529411,56.0,35.5,54.5,60.0,56.0,46.0,36.0,38.0,0.0526315789473684,0.0,0.2105263157894736,0.2105263157894736,0.0588235294117647,0.1842105263157894,0.0,0.0588235294117647,0.1052631578947368,0.0294117647058823,45.0,44.0,47.0,44.0,45.0,44.5,44.0,44.0,0.5,0.049528879425073155,0.475,0.0197403846153846,0,0,0,0,0,0,0,0,0,0,0,0,0,0,0,0,0,0,2026_27,J1,明治安田J1リーグ,j1,28.0,2027-04-03,,kyot,ngsk,unplayed,2026_27-j1-28-kyot-vs-ngsk,20260812_074327,2026_27_j1,weekly_prediction_snapshot
2026_27,28,2027-04-03,g-os,0-0,ka-f,Ajinomoto Stadium,0,0,7.0,7.0,233.7,4-2-3-1,4-2-3-1,12.0,6.0,6.0,0.0,0.0,1484.87429753502,1554.9684351975595,-70.09413766253942,15.35,19.05,-3.700000000000001,93.0,127.0,20.0,26.0,5.0,8.0,1.038,1.501,57.9,28.6,57.3,51.3,0.0,0.0,0,0,12.763157894736842,4.088235294117647,14.911764705882351,1.1176470588235294,1.2894736842105263,0.3421052631578947,473.8157894736842,9.470588235294118,10.794117647058824,13.058823529411764,23.029411764705884,17.13157894736842,20.289473684210527,11.558823529411764,1.7941176470588236,17.676470588235293,1.0526315789473684,0.0294117647058823,48.1,11.176470588235292,16.91176470588235,31.789473684210527,1.2352941176470589,1.576470588235294,113.0,157.0,38.0,67.0,50.0,83.0,14.657894736842104,4.947368421052632,10.235294117647058,1.911764705882353,1.2352941176470589,0.3235294117647059,578.9705882352941,11.552631578947368,15.68421052631579,13.617647058823527,20.294117647058822,18.94117647058824,20.0,9.794117647058824,2.2058823529411766,13.588235294117649,1.1470588235294117,0.088235294117647,54.9,14.078947368421051,17.5,32.47058823529412,1.6473684210526316,1.052941176470588,111.0,157.0,42.0,70.0,44.0,82.0,0.0,4.0,4.0,2.0,4.0,3.0,3.0,-1.0,2.0,2.0,4_vs_4,0.131578947368421,0.0263157894736842,0.2631578947368421,0.1764705882352941,0.0588235294117647,0.1764705882352941,0.0263157894736842,0.1470588235294117,0.1470588235294117,0.0294117647058823,41.0,45.0,49.0,49.0,43.0,47.0,55.0,47.0,0.1764705882352941,0.0294117647058823,0.3421052631578947,0.4117647058823529,0.131578947368421,0.3529411764705882,0.0294117647058823,0.088235294117647,0.1764705882352941,0.1176470588235294,51.0,63.0,59.0,53.0,51.0,41.0,73.0,53.0,0.5,0.0373961218836565,0.5,0.032840909090909,0,0,0,0,0,0,0,0,0,0,0,0,0,0,0,0,0,0,2026_27,J1,明治安田J1リーグ,j1,28.0,2027-04-03,,g-os,ka-f,unplayed,2026_27-j1-28-g-os-vs-ka-f,20260812_074327,2026_27_j1,weekly_prediction_snapshot
2026_27,28,2027-04-03,kobe,0-0,hiro,Ajinomoto Stadium,0,0,6.0,7.0,639.0,4-1-2-3,3-4-2-1,4.0,5.0,-1.0,0.0,0.0,1568.2524919881544,1548.059515531813,20.192976456341285,16.6,19.05,-2.4499999999999993,93.0,117.0,26.0,29.0,8.0,8.0,1.011,2.689,51.9,50.0,56.8,67.6,0.0,0.0,0,0,12.411764705882351,4.176470588235294,11.852941176470589,1.605263157894737,0.9473684210526316,0.3421052631578947,518.9411764705883,11.470588235294118,12.411764705882351,14.235294117647058,21.86842105263158,16.794117647058822,18.473684210526315,9.911764705882351,2.210526315789474,16.92105263157895,0.9736842105263158,0.0294117647058823,53.7,11.382352941176473,16.605263157894736,31.94117647058824,1.3941176470588237,1.1088235294117648,113.0,163.0,42.0,70.0,44.0,88.0,14.705882352941176,4.676470588235294,10.921052631578949,1.3529411764705883,1.105263157894737,0.3235294117647059,481.1470588235294,10.470588235294118,14.705882352941176,16.764705882352942,18.352941176470587,18.657894736842103,18.647058823529413,11.794117647058824,1.7352941176470589,16.86842105263158,0.9117647058823528,0.0294117647058823,49.5,13.117647058823527,18.176470588235293,33.3235294117647,1.4088235294117646,1.068421052631579,112.0,164.0,40.0,76.0,46.0,87.0,0.0,4.0,3.0,3.0,3.0,6.0,1.0,-1.0,2.0,2.0,4_vs_3,0.0789473684210526,0.0263157894736842,0.2941176470588235,0.3823529411764705,0.1052631578947368,0.2105263157894736,0.0789473684210526,0.0789473684210526,0.1052631578947368,0.0294117647058823,57.0,56.0,47.0,43.0,45.0,39.0,54.0,61.0,0.1052631578947368,0.0526315789473684,0.3421052631578947,0.2941176470588235,0.1764705882352941,0.2352941176470588,0.0526315789473684,0.088235294117647,0.1176470588235294,0.0294117647058823,72.0,60.0,54.0,66.0,74.0,62.0,54.0,41.0,0.5,0.0472372065898819,0.4736842105263157,0.0276816608996539,0,0,0,0,0,0,0,0,0,0,0,0,0,0,0,0,0,0,2026_27,J1,明治安田J1リーグ,j1,28.0,2027-04-03,,kobe,hiro,unplayed,2026_27-j1-28-kobe-vs-hiro,20260812_074327,2026_27_j1,weekly_prediction_snapshot
2026_27,28,2027-04-03,okay,0-0,nago,Ajinomoto Stadium,0,0,7.0,7.0,230.3,3-4-2-1,3-4-2-1,9.0,9.0,0.0,0.0,0.0,1499.4001333498045,1519.4628165308918,-20.062683181087323,10.48,13.35,-2.869999999999999,100.0,120.0,18.0,25.0,6.0,7.0,2.493,1.037,63.2,61.0,65.3,42.5,0.0,0.0,0,0,0.0,0.0,0.0,0.0,0.0,0.0,0.0,0.0,0.0,0.0,0.0,0.0,0.0,0.0,0.0,0.0,0.0,0.0,0.0,0.0,0.0,0.0,0.0,0.0,0.0,0.0,0.0,0.0,0.0,0.0,11.205882352941176,3.8947368421052633,11.735294117647058,1.1578947368421053,1.0294117647058822,0.3823529411764705,403.1764705882353,11.676470588235292,10.705882352941176,13.441176470588236,21.647058823529413,18.58823529411765,18.94117647058824,10.176470588235292,1.7941176470588236,14.763157894736842,1.0,0.0588235294117647,46.2,8.973684210526315,17.294117647058822,30.289473684210527,1.1823529411764706,1.1176470588235294,114.0,155.0,39.0,74.0,48.0,79.0,0.0,3.0,6.0,1.0,3.0,6.0,1.0,1.0,2.0,2.0,3_vs_3,0.0,0.0,0.0,0.0,0.0,0.0,0.0,0.0,0.0,0.0,0.0,0.0,0.0,0.0,0.0,0.0,0.0,0.0,0.0588235294117647,0.0294117647058823,0.2647058823529412,0.2058823529411764,0.0294117647058823,0.1842105263157894,0.0,0.1052631578947368,0.1470588235294117,0.0526315789473684,51.0,50.0,38.0,45.0,47.0,44.0,43.0,46.0,0.4473684210526316,0.0279316712834718,0.5,0.0289285714285714,0,0,0,0,0,0,0,0,0,0,0,0,0,0,0,0,0,0,2026_27,J1,明治安田J1リーグ,j1,28.0,2027-04-03,,okay,nago,unplayed,2026_27-j1-28-okay-vs-nago,20260812_074327,2026_27_j1,weekly_prediction_snapshot
2026_27,29,2027-04-09,c-os,0-0,fuku,Ajinomoto Stadium,0,0,7.0,7.0,843.1,3-4-2-1,3-4-2-1,7.0,10.0,-3.0,0.0,0.0,1510.635587565086,1504.43640562365,6.199181941436109,12.5,12.03,0.47000000000000064,99.0,121.0,23.0,21.0,7.0,7.0,0.595,0.769,39.0,36.8,50.0,48.1,0.0,0.0,0,0,13.394736842105264,3.868421052631579,12.18421052631579,1.236842105263158,1.1764705882352942,0.2894736842105263,455.8157894736842,10.823529411764708,11.105263157894736,15.289473684210526,20.5,15.5,18.38235294117647,9.157894736842104,1.605263157894737,13.941176470588236,0.7368421052631579,0.0294117647058823,50.4,10.763157894736842,15.441176470588236,31.88235294117647,1.258823529411765,1.1973684210526316,114.0,129.0,41.0,62.0,48.0,66.0,10.5,3.176470588235294,11.157894736842104,0.868421052631579,1.0,0.3235294117647059,336.8684210526316,10.529411764705882,9.657894736842104,14.052631578947368,24.61764705882353,19.529411764705884,18.44117647058824,13.058823529411764,1.6176470588235294,18.61764705882353,1.4411764705882353,0.0263157894736842,42.7,8.368421052631579,17.5,32.28947368421053,1.0558823529411765,1.0323529411764707,109.0,120.0,26.0,52.0,38.0,67.0,0.0,4.0,4.0,2.0,3.0,6.0,1.0,-1.0,2.0,2.0,3_vs_3,0.088235294117647,0.0,0.2894736842105263,0.2894736842105263,0.0526315789473684,0.2368421052631578,0.0294117647058823,0.0789473684210526,0.088235294117647,0.0588235294117647,56.0,45.0,45.0,49.0,46.0,44.0,50.0,55.0,0.0526315789473684,0.0263157894736842,0.2105263157894736,0.2105263157894736,0.0263157894736842,0.2058823529411764,0.0,0.0263157894736842,0.0789473684210526,0.0263157894736842,42.0,45.0,44.0,47.0,54.0,51.0,40.0,34.0,0.5,0.0280470914127423,0.5,0.0240403640680649,0,0,0,0,0,0,0,0,0,0,0,0,0,0,0,0,0,0,2026_27,J1,明治安田J1リーグ,j1,29.0,2027-04-09,,c-os,fuku,unplayed,2026_27-j1-29-c-os-vs-fuku,20260812_074327,2026_27_j1,weekly_prediction_snapshot
2026_27,29,2027-04-10,uraw,0-0,kasw,Ajinomoto Stadium,0,0,6.0,7.0,242.7,4-1-2-3,3-4-2-1,8.0,10.0,-2.0,0.0,0.0,1527.1329713906612,1481.948214723065,45.184756667596275,14.0,17.85,-3.8500000000000014,93.0,96.0,24.0,19.0,7.0,6.0,2.553,1.09,71.4,42.1,46.0,57.2,0.0,0.0,0,0,12.029411764705882,3.941176470588235,12.578947368421051,1.2647058823529411,1.1470588235294117,0.3157894736842105,486.5,9.973684210526317,13.205882352941176,12.86842105263158,20.91176470588235,17.735294117647058,19.23529411764705,10.105263157894736,1.763157894736842,13.894736842105264,1.105263157894737,0.0294117647058823,52.7,10.558823529411764,16.81578947368421,30.47058823529412,1.363157894736842,1.1823529411764706,111.0,163.0,39.0,78.0,45.0,83.0,12.552631578947368,4.0588235294117645,11.382352941176473,1.0263157894736843,1.3529411764705883,0.2105263157894736,422.1315789473685,9.941176470588236,13.263157894736842,14.588235294117649,22.647058823529413,17.794117647058822,19.92105263157895,12.676470588235292,1.7352941176470589,16.441176470588236,1.588235294117647,0.0526315789473684,46.0,11.473684210526317,15.205882352941176,32.44117647058823,1.2289473684210528,1.181578947368421,113.0,163.0,39.0,80.0,47.0,82.0,0.0,4.0,5.0,1.0,3.0,5.0,2.0,0.0,2.0,2.0,4_vs_3,0.1842105263157894,0.0294117647058823,0.2352941176470588,0.2352941176470588,0.1176470588235294,0.2368421052631578,0.0263157894736842,0.0526315789473684,0.1470588235294117,0.0263157894736842,46.0,43.0,52.0,42.0,42.0,45.0,53.0,63.0,0.0526315789473684,0.0,0.1842105263157894,0.2105263157894736,0.2058823529411764,0.1842105263157894,0.0588235294117647,0.0588235294117647,0.1764705882352941,0.0588235294117647,50.0,43.0,54.0,45.0,55.0,63.0,43.0,43.0,0.4705882352941176,0.0207612456747404,0.4705882352941176,0.0282583621683967,0,0,0,0,0,0,0,0,0,0,0,0,0,0,0,0,0,0,2026_27,J1,明治安田J1リーグ,j1,29.0,2027-04-10,,uraw,kasw,unplayed,2026_27-j1-29-uraw-vs-kasw,20260812_074327,2026_27_j1,weekly_prediction_snapshot
2026_27,29,2027-04-10,chib,0-0,kyot,Ajinomoto Stadium,0,0,7.0,7.0,367.5,3-4-2-1,4-2-3-1,10.0,12.0,-2.0,0.0,0.0,1469.3397806394082,1487.110875027563,-17.77109438815478,13.3,14.98,-1.6799999999999997,82.0,110.5,6.5,17.0,3.0,6.0,0.481,0.847,32.4,43.2,51.4,42.9,0.0,0.0,0,0,10.75,3.45,15.65,1.0,1.65,0.1,394.6,11.1,11.647058823529411,11.6,27.0,15.85,16.7,11.35,1.7,13.6,1.55,0.05,2.355,7.95,15.1,28.35,1.135,1.65,5.95,6.05,35.0,64.0,38.0,72.0,11.911764705882351,3.176470588235294,12.823529411764708,1.05,1.3235294117647058,0.2352941176470588,337.52941176470586,10.441176470588236,10.43498452012384,13.5,23.7,17.15,21.15,13.205882352941176,1.3,17.8,1.5263157894736843,0.0789473684210526,46.2,10.0,15.8,33.94117647058823,1.1588235294117646,1.4352941176470588,113.0,133.0,27.0,53.0,36.5,80.0,0.0,4.0,4.0,2.0,4.0,3.0,3.0,-0.5,2.0,2.0,3_vs_4,0.0526315789473684,0.0,0.2105263157894736,0.2105263157894736,0.0588235294117647,0.1842105263157894,0.0,0.0588235294117647,0.1052631578947368,0.0294117647058823,45.0,44.0,47.0,44.0,45.0,44.5,44.0,44.0,0.0278637770897832,0.0,0.2376160990712074,0.2105263157894736,0.0704334365325076,0.0588235294117647,0.0,0.0719814241486068,0.1176470588235294,0.0147058823529411,56.0,35.5,54.5,60.0,56.0,46.0,36.0,38.0,0.42500000000000004,0.0081944444444444,0.4705882352941176,0.03751730103806225,0,0,0,0,0,0,0,0,0,0,0,0,0,0,0,0,0,0,2026_27,J1,明治安田J1リーグ,j1,29.0,2027-04-10,,chib,kyot,unplayed,2026_27-j1-29-chib-vs-kyot,20260812_074327,2026_27_j1,weekly_prediction_snapshot
2026_27,29,2027-04-10,FCtk,0-0,okay,Ajinomoto Stadium,0,0,7.0,6.0,0.0,4-4-2,3-4-2-1,9.0,9.0,0.0,0.0,1.0,1502.9687564818937,1494.8528330726735,8.115923409220159,17.15,10.48,6.669999999999998,0.0,127.0,22.0,18.0,6.0,6.0,0.998,2.493,41.1,46.9,63.2,61.0,0.0,0.0,0,0,0.0,0.0,0.0,0.0,0.0,0.0,0.0,0.0,0.0,0.0,0.0,0.0,0.0,0.0,0.0,0.0,0.0,0.0,0.0,0.0,0.0,0.0,0.0,0.0,0.0,0.0,0.0,0.0,0.0,0.0,0.0,0.0,0.0,0.0,0.0,0.0,0.0,0.0,0.0,0.0,0.0,0.0,0.0,0.0,0.0,0.0,0.0,0.0,0.0,0.0,0.0,0.0,0.0,0.0,0.0,0.0,0.0,0.0,0.0,0.0,0.0,4.0,3.0,3.0,3.0,6.0,1.0,-1.0,2.0,2.0,4_vs_3,0.0,0.0,0.0,0.0,0.0,0.0,0.0,0.0,0.0,0.0,0.0,0.0,0.0,0.0,0.0,0.0,0.0,0.0,0.0,0.0,0.0,0.0,0.0,0.0,0.0,0.0,0.0,0.0,0.0,0.0,0.0,0.0,0.0,0.0,0.0,0.0,0.5,0.0249307479224376,0.5,0.0225,0,0,0,0,0,0,0,0,0,0,0,0,0,0,0,0,0,0,2026_27,J1,明治安田J1リーグ,j1,29.0,2027-04-10,,FCtk,okay,unplayed,2026_27-j1-29-FCtk-vs-okay,20260812_074327,2026_27_j1,weekly_prediction_snapshot
2026_27,29,2027-04-10,tk-v,0-0,g-os,Ajinomoto Stadium,0,0,7.0,6.0,383.2,3-4-2-1,4-2-3-1,13.0,12.0,1.0,0.0,0.0,1506.3841338687366,1486.29287547773,20.091258391006704,9.33,15.35,-6.02,120.5,85.0,20.0,20.0,7.0,6.0,2.064,1.038,48.6,42.7,57.9,28.6,0.0,0.0,0,0,9.2,2.65,9.8,1.0,1.3,0.3,353.25,8.25,6.052631578947368,10.2,22.1,18.05263157894737,18.710526315789476,11.05,1.4,16.05,1.0,0.0,2.2,7.4,14.3,26.8,0.8400000000000001,1.065,5.95,7.2,15.0,26.5,19.0,33.5,12.763157894736842,4.088235294117647,14.911764705882351,1.1176470588235294,1.2894736842105263,0.3421052631578947,473.8157894736842,9.470588235294118,10.794117647058824,13.058823529411764,23.029411764705884,17.13157894736842,20.289473684210527,11.558823529411764,1.7941176470588236,17.676470588235293,1.0526315789473684,0.0294117647058823,48.1,11.176470588235292,16.91176470588235,31.789473684210527,1.2352941176470589,1.576470588235294,113.0,157.0,38.0,67.0,50.0,83.0,0.0,3.0,6.0,1.0,4.0,4.0,2.0,1.0,2.0,2.0,3_vs_4,0.0789473684210526,0.0394736842105263,0.1973684210526315,0.0789473684210526,0.0657894736842105,0.0789473684210526,0.0,0.0789473684210526,0.0394736842105263,0.0131578947368421,22.5,22.5,23.0,19.5,22.5,21.0,22.0,25.0,0.131578947368421,0.0263157894736842,0.2631578947368421,0.1764705882352941,0.0588235294117647,0.1764705882352941,0.0263157894736842,0.1470588235294117,0.1470588235294117,0.0294117647058823,41.0,45.0,49.0,49.0,43.0,47.0,55.0,47.0,0.48684210526315785,0.023057390439661853,0.4473684210526316,0.0339335180055401,0,0,0,0,0,0,0,0,0,0,0,0,0,0,0,0,0,0,2026_27,J1,明治安田J1リーグ,j1,29.0,2027-04-10,,tk-v,g-os,unplayed,2026_27-j1-29-tk-v-vs-g-os,20260812_074327,2026_27_j1,weekly_prediction_snapshot
2026_27,29,2027-04-10,mcd,0-0,kobe,Ajinomoto Stadium,0,0,6.0,7.0,412.8,3-4-2-1,4-1-2-3,3.0,4.0,-1.0,0.0,0.0,1539.9974199689445,1568.9211136856622,-28.923693716717708,18.4,16.6,1.7999999999999972,0.0,96.0,27.5,27.0,8.0,9.0,1.924,1.011,53.1,58.9,51.9,50.0,0.0,0.0,0,0,11.1,3.263157894736842,10.842105263157896,1.25,0.8947368421052632,0.35,328.63157894736844,11.45,5.25,11.2,17.15,15.31578947368421,17.026315789473685,9.95,1.2,12.8,1.15,0.05,2.26,8.4,17.15,28.7,1.11,0.9605263157894736,5.9,5.65,14.0,31.0,18.0,31.5,12.411764705882351,4.176470588235294,11.852941176470589,1.605263157894737,0.9473684210526316,0.3421052631578947,518.9411764705883,11.470588235294118,12.411764705882351,14.235294117647058,21.86842105263158,16.794117647058822,18.473684210526315,9.911764705882351,2.210526315789474,16.92105263157895,0.9736842105263158,0.0294117647058823,53.7,11.382352941176473,16.605263157894736,31.94117647058824,1.3941176470588237,1.1088235294117648,113.0,163.0,42.0,70.0,44.0,88.0,0.0,3.0,6.0,1.0,4.0,3.0,3.0,1.0,2.0,2.0,3_vs_4,0.0,0.0,0.0,0.0,0.0,0.0,0.0,0.0,0.0,0.0,0.0,0.0,0.0,0.0,0.0,0.0,0.0,0.0,0.0789473684210526,0.0263157894736842,0.2941176470588235,0.3823529411764705,0.1052631578947368,0.2105263157894736,0.0789473684210526,0.0789473684210526,0.1052631578947368,0.0294117647058823,57.0,56.0,47.0,43.0,45.0,39.0,54.0,61.0,0.48684210526315785,0.04772884663812635,0.4736842105263157,0.0423875432525951,0,0,0,0,0,0,0,0,0,0,0,0,0,0,0,0,0,0,2026_27,J1,明治安田J1リーグ,j1,29.0,2027-04-10,,mcd,kobe,unplayed,2026_27-j1-29-mcd-vs-kobe,20260812_074327,2026_27_j1,weekly_prediction_snapshot
2026_27,29,2027-04-10,ka-f,0-0,ngsk,Ajinomoto Stadium,0,0,6.0,6.5,357.7,4-2-3-1,3-4-2-1,6.0,7.0,-1.0,0.0,0.0,1552.3375348771292,1482.2412986905829,70.09623618654632,19.05,13.75,5.300000000000001,114.0,80.0,25.0,12.0,7.0,6.0,1.501,1.515,57.3,51.3,57.0,48.6,0.0,0.0,0,0,14.657894736842104,4.947368421052632,10.235294117647058,1.911764705882353,1.2352941176470589,0.3235294117647059,578.9705882352941,11.552631578947368,15.68421052631579,13.617647058823527,20.294117647058822,18.94117647058824,20.0,9.794117647058824,2.2058823529411766,13.588235294117649,1.1470588235294117,0.088235294117647,54.9,14.078947368421051,17.5,32.47058823529412,1.6473684210526316,1.052941176470588,111.0,157.0,42.0,70.0,44.0,82.0,10.4,3.3,14.25,1.05,1.4,0.2,388.0,9.45,11.647058823529411,9.35,25.9,14.65,19.7,9.45,2.3,15.25,1.1,0.05,2.38,8.4,14.1,31.8,1.175,1.575,5.65,6.7,35.0,64.0,38.0,72.0,0.0,4.0,3.0,3.0,3.0,6.0,1.0,-1.0,2.0,2.0,4_vs_3,0.1764705882352941,0.0294117647058823,0.3421052631578947,0.4117647058823529,0.131578947368421,0.3529411764705882,0.0294117647058823,0.088235294117647,0.1764705882352941,0.1176470588235294,51.0,63.0,59.0,53.0,51.0,41.0,73.0,53.0,0.0526315789473684,0.0,0.2105263157894736,0.2105263157894736,0.0588235294117647,0.1842105263157894,0.0,0.0588235294117647,0.1052631578947368,0.0294117647058823,45.0,44.0,47.0,44.0,45.0,44.5,44.0,44.0,0.45,0.0350346020761245,0.475,0.0197403846153846,0,0,0,0,0,0,0,0,0,0,0,0,0,0,0,0,0,0,2026_27,J1,明治安田J1リーグ,j1,29.0,2027-04-10,,ka-f,ngsk,unplayed,2026_27-j1-29-ka-f-vs-ngsk,20260812_074327,2026_27_j1,weekly_prediction_snapshot
2026_27,29,2027-04-10,y-fm,0-0,hiro,Ajinomoto Stadium,0,0,6.0,7.0,639.0,4-2-3-1,3-4-2-1,6.0,5.0,1.0,0.0,0.0,1553.7084627416564,1548.059515531813,5.6489472098433,14.1,19.05,-4.950000000000001,0.0,117.0,24.0,29.0,7.0,8.0,1.416,2.689,42.2,48.6,56.8,67.6,0.0,0.0,0,0,15.705882352941176,5.205882352941177,12.676470588235292,2.0294117647058822,1.1764705882352942,0.2647058823529412,607.2647058823529,11.852941176470589,17.205882352941178,18.294117647058822,18.647058823529413,16.973684210526315,19.11764705882353,11.842105263157896,1.5294117647058822,11.078947368421051,1.1842105263157894,0.0789473684210526,57.9,14.882352941176473,15.921052631578949,33.026315789473685,1.8088235294117647,1.3558823529411763,118.0,184.0,48.0,89.0,44.0,90.0,14.705882352941176,4.676470588235294,10.921052631578949,1.3529411764705883,1.105263157894737,0.3235294117647059,481.1470588235294,10.470588235294118,14.705882352941176,16.764705882352942,18.352941176470587,18.657894736842103,18.647058823529413,11.794117647058824,1.7352941176470589,16.86842105263158,0.9117647058823528,0.0294117647058823,49.5,13.117647058823527,18.176470588235293,33.3235294117647,1.4088235294117646,1.068421052631579,112.0,164.0,40.0,76.0,46.0,87.0,0.0,4.0,3.0,3.0,3.0,6.0,1.0,-1.0,2.0,2.0,4_vs_3,0.0,0.0,0.0,0.0,0.0,0.0,0.0,0.0,0.0,0.0,0.0,0.0,0.0,0.0,0.0,0.0,0.0,0.0,0.1052631578947368,0.0526315789473684,0.3421052631578947,0.2941176470588235,0.1764705882352941,0.2352941176470588,0.0526315789473684,0.088235294117647,0.1176470588235294,0.0294117647058823,72.0,60.0,54.0,66.0,74.0,62.0,54.0,41.0,0.5,0.0339335180055401,0.4736842105263157,0.0276816608996539,0,0,0,0,0,0,0,0,0,0,0,0,0,0,0,0,0,0,2026_27,J1,明治安田J1リーグ,j1,29.0,2027-04-10,,y-fm,hiro,unplayed,2026_27-j1-29-y-fm-vs-hiro,20260812_074327,2026_27_j1,weekly_prediction_snapshot
2026_27,29,2027-04-10,shim,0-0,mito,Ajinomoto Stadium,0,0,7.0,5.5,357.7,4-1-2-3,3-4-2-1,13.0,8.0,5.0,0.0,0.0,1477.4441154138574,1490.2875056389225,-12.84339022506515,13.83,10.8,3.0299999999999994,78.0,80.0,19.0,7.5,5.0,4.0,1.52,1.947,57.5,34.7,42.8,54.0,0.0,0.0,0,0,11.342105263157896,3.5,12.0,0.9736842105263158,1.4210526315789471,0.1176470588235294,407.60526315789474,9.157894736842104,8.421052631578947,13.342105263157896,21.47058823529412,15.263157894736842,19.07894736842105,8.894736842105264,1.9705882352941173,12.176470588235292,0.631578947368421,0.0263157894736842,43.5,8.973684210526315,14.052631578947368,29.44736842105263,1.0578947368421054,1.0842105263157895,113.0,156.0,39.0,71.0,49.0,83.0,10.6,3.1,11.25,0.95,1.8,0.1,427.6,10.8,11.647058823529411,11.3,19.55,14.4,18.6,10.15,1.6,13.3,1.55,0.3,2.54,8.3,14.15,30.25,0.975,1.33,5.9,6.35,35.0,64.0,38.0,72.0,0.0,4.0,4.0,2.0,4.0,4.0,2.0,0.0,2.0,2.0,4_vs_3,0.0,0.0,0.3421052631578947,0.2105263157894736,0.0,0.131578947368421,0.0,0.0526315789473684,0.088235294117647,0.088235294117647,35.0,34.0,47.0,47.0,36.0,44.0,42.0,53.0,0.0526315789473684,0.0,0.2105263157894736,0.2105263157894736,0.0588235294117647,0.1842105263157894,0.0,0.0588235294117647,0.1052631578947368,0.0294117647058823,45.0,44.0,47.0,44.0,45.0,44.5,44.0,44.0,0.5294117647058824,0.0381752077562327,0.4,0.00721153846153845,0,0,0,0,0,0,0,0,0,0,0,0,0,0,0,0,0,0,2026_27,J1,明治安田J1リーグ,j1,29.0,2027-04-10,,shim,mito,unplayed,2026_27-j1-29-shim-vs-mito,20260812_074327,2026_27_j1,weekly_prediction_snapshot
2026_27,29,2027-04-10,nago,0-0,kasm,Ajinomoto Stadium,0,0,7.0,7.0,289.2,3-4-2-1,4-4-2,8.0,4.0,4.0,0.0,0.0,1521.2102994510724,1555.0464607669046,-33.836161315832214,13.35,21.43,-8.08,114.0,88.0,26.0,32.0,7.0,8.0,1.037,2.945,65.3,42.5,51.4,57.8,0.0,0.0,0,0,11.205882352941176,3.8947368421052633,11.735294117647058,1.1578947368421053,1.0294117647058822,0.3823529411764705,403.1764705882353,11.676470588235292,10.705882352941176,13.441176470588236,21.647058823529413,18.58823529411765,18.94117647058824,10.176470588235292,1.7941176470588236,14.763157894736842,1.0,0.0588235294117647,46.2,8.973684210526315,17.294117647058822,30.289473684210527,1.1823529411764706,1.1176470588235294,114.0,155.0,39.0,74.0,48.0,79.0,12.941176470588236,4.176470588235294,11.147058823529411,1.5789473684210529,1.0789473684210529,0.3947368421052631,424.11764705882354,10.852941176470589,12.264705882352942,15.078947368421051,21.91176470588235,18.68421052631579,19.97058823529412,11.894736842105264,2.0,18.81578947368421,1.411764705882353,0.0588235294117647,50.1,11.5,17.36842105263158,33.55263157894737,1.2868421052631578,1.2078947368421051,112.0,167.0,40.0,80.0,45.0,86.0,0.0,3.0,6.0,1.0,4.0,4.0,2.0,1.0,2.0,2.0,3_vs_4,0.0588235294117647,0.0294117647058823,0.2647058823529412,0.2058823529411764,0.0294117647058823,0.1842105263157894,0.0,0.1052631578947368,0.1470588235294117,0.0526315789473684,51.0,50.0,38.0,45.0,47.0,44.0,43.0,46.0,0.0789473684210526,0.0,0.3823529411764705,0.2941176470588235,0.088235294117647,0.2631578947368421,0.0294117647058823,0.0588235294117647,0.1764705882352941,0.088235294117647,50.0,48.0,58.0,56.0,54.0,62.0,50.0,40.0,0.4736842105263157,0.028365650969529,0.5,0.0348904267589388,0,0,0,0,0,0,0,0,0,0,0,0,0,0,0,0,0,0,2026_27,J1,明治安田J1リーグ,j1,29.0,2027-04-10,,nago,kasm,unplayed,2026_27-j1-29-nago-vs-kasm,20260812_074327,2026_27_j1,weekly_prediction_snapshot
2026_27,30,2027-04-16,hiro,0-0,FCtk,Ajinomoto Stadium,0,0,7.0,7.0,225.6,3-4-2-1,4-4-2,6.0,8.0,-2.0,0.0,0.0,1537.0103290322477,1504.7254200609143,32.28490897133338,19.05,17.15,1.9000000000000021,113.0,0.0,26.0,23.0,7.0,7.0,2.689,0.998,56.8,67.6,41.1,46.9,0.0,0.0,0,0,14.705882352941176,4.676470588235294,10.921052631578949,1.3529411764705883,1.105263157894737,0.3235294117647059,481.1470588235294,10.470588235294118,14.705882352941176,16.764705882352942,18.352941176470587,18.657894736842103,18.647058823529413,11.794117647058824,1.7352941176470589,16.86842105263158,0.9117647058823528,0.0294117647058823,49.5,13.117647058823527,18.176470588235293,33.3235294117647,1.4088235294117646,1.068421052631579,112.0,164.0,40.0,76.0,46.0,87.0,0.0,0.0,0.0,0.0,0.0,0.0,0.0,0.0,0.0,0.0,0.0,0.0,0.0,0.0,0.0,0.0,0.0,0.0,0.0,0.0,0.0,0.0,0.0,0.0,0.0,0.0,0.0,0.0,0.0,0.0,0.0,3.0,6.0,1.0,4.0,3.0,3.0,1.0,2.0,2.0,3_vs_4,0.1052631578947368,0.0526315789473684,0.3421052631578947,0.2941176470588235,0.1764705882352941,0.2352941176470588,0.0526315789473684,0.088235294117647,0.1176470588235294,0.0294117647058823,72.0,60.0,54.0,66.0,74.0,62.0,54.0,41.0,0.0,0.0,0.0,0.0,0.0,0.0,0.0,0.0,0.0,0.0,0.0,0.0,0.0,0.0,0.0,0.0,0.0,0.0,0.5,0.0223059812160158,0.4736842105263157,0.0222925735391109,0,0,0,0,0,0,0,0,0,0,0,0,0,0,0,0,0,0,2026_27,J1,明治安田J1リーグ,j1,30.0,2027-04-16,,hiro,FCtk,unplayed,2026_27-j1-30-hiro-vs-FCtk,20260812_074327,2026_27_j1,weekly_prediction_snapshot
2026_27,30,2027-04-17,mito,0-0,kyot,Ajinomoto Stadium,0,0,7.0,7.0,367.5,3-4-2-1,4-2-3-1,9.0,12.0,-3.0,1.0,0.0,1481.3682664890543,1487.110875027563,-5.742608538508648,10.8,14.98,-4.18,82.0,110.5,10.5,17.0,3.5,6.0,1.947,0.847,42.8,54.0,51.4,42.9,0.0,0.0,0,0,10.6,3.1,11.25,0.95,1.8,0.1,427.6,10.8,11.647058823529411,11.3,19.55,14.4,18.6,10.15,1.6,13.3,1.55,0.3,2.54,8.3,14.15,30.25,0.975,1.33,5.9,6.35,35.0,64.0,38.0,72.0,11.911764705882351,3.176470588235294,12.823529411764708,1.05,1.3235294117647058,0.2352941176470588,337.52941176470586,10.441176470588236,10.43498452012384,13.5,23.7,17.15,21.15,13.205882352941176,1.3,17.8,1.5263157894736843,0.0789473684210526,46.2,10.0,15.8,33.94117647058823,1.1588235294117646,1.4352941176470588,113.0,133.0,27.0,53.0,36.5,80.0,0.0,4.0,4.0,2.0,4.0,3.0,3.0,-0.5,2.0,2.0,3_vs_4,0.0526315789473684,0.0,0.2105263157894736,0.2105263157894736,0.0588235294117647,0.1842105263157894,0.0,0.0588235294117647,0.1052631578947368,0.0294117647058823,45.0,44.0,47.0,44.0,45.0,44.5,44.0,44.0,0.0278637770897832,0.0,0.2376160990712074,0.2105263157894736,0.0704334365325076,0.0588235294117647,0.0,0.0719814241486068,0.1176470588235294,0.0147058823529411,56.0,35.5,54.5,60.0,56.0,46.0,36.0,38.0,0.55,0.01095238095238095,0.4705882352941176,0.03751730103806225,0,0,0,0,0,0,0,0,0,0,0,0,0,0,0,0,0,0,2026_27,J1,明治安田J1リーグ,j1,30.0,2027-04-17,,mito,kyot,unplayed,2026_27-j1-30-mito-vs-kyot,20260812_074327,2026_27_j1,weekly_prediction_snapshot
2026_27,30,2027-04-17,ka-f,0-0,tk-v,Ajinomoto Stadium,0,0,6.0,6.0,0.0,4-2-3-1,3-4-2-1,6.0,13.0,-7.0,0.0,0.0,1552.3375348771292,1507.9523244100073,44.38521046712185,19.05,9.33,9.72,114.0,118.5,25.0,21.0,7.0,7.0,1.501,2.064,57.3,51.3,48.6,42.7,0.0,0.0,0,0,14.657894736842104,4.947368421052632,10.235294117647058,1.911764705882353,1.2352941176470589,0.3235294117647059,578.9705882352941,11.552631578947368,15.68421052631579,13.617647058823527,20.294117647058822,18.94117647058824,20.0,9.794117647058824,2.2058823529411766,13.588235294117649,1.1470588235294117,0.088235294117647,54.9,14.078947368421051,17.5,32.47058823529412,1.6473684210526316,1.052941176470588,111.0,157.0,42.0,70.0,44.0,82.0,9.2,2.65,9.8,1.0,1.3,0.3,353.25,8.25,6.052631578947368,10.2,22.1,18.05263157894737,18.710526315789476,11.05,1.4,16.05,1.0,0.0,2.2,7.4,14.3,26.8,0.8400000000000001,1.065,5.95,7.2,15.0,26.5,19.0,33.5,0.0,4.0,3.0,3.0,3.0,6.0,1.0,-1.0,2.0,2.0,4_vs_3,0.1764705882352941,0.0294117647058823,0.3421052631578947,0.4117647058823529,0.131578947368421,0.3529411764705882,0.0294117647058823,0.088235294117647,0.1764705882352941,0.1176470588235294,51.0,63.0,59.0,53.0,51.0,41.0,73.0,53.0,0.0789473684210526,0.0394736842105263,0.1973684210526315,0.0789473684210526,0.0657894736842105,0.0789473684210526,0.0,0.0789473684210526,0.0394736842105263,0.0131578947368421,22.5,22.5,23.0,19.5,22.5,21.0,22.0,25.0,0.45,0.0350346020761245,0.48684210526315785,0.027239150507848503,0,0,0,0,0,0,0,0,0,0,0,0,0,0,0,0,0,0,2026_27,J1,明治安田J1リーグ,j1,30.0,2027-04-17,,ka-f,tk-v,unplayed,2026_27-j1-30-ka-f-vs-tk-v,20260812_074327,2026_27_j1,weekly_prediction_snapshot
2026_27,30,2027-04-17,y-fm,0-0,kasw,Ajinomoto Stadium,0,0,6.0,7.0,242.7,4-2-3-1,3-4-2-1,6.0,10.0,-4.0,0.0,0.0,1553.7084627416564,1481.948214723065,71.76024801859148,14.1,17.85,-3.7500000000000018,0.0,96.0,24.0,19.0,7.0,6.0,1.416,1.09,42.2,48.6,46.0,57.2,0.0,0.0,0,0,15.705882352941176,5.205882352941177,12.676470588235292,2.0294117647058822,1.1764705882352942,0.2647058823529412,607.2647058823529,11.852941176470589,17.205882352941178,18.294117647058822,18.647058823529413,16.973684210526315,19.11764705882353,11.842105263157896,1.5294117647058822,11.078947368421051,1.1842105263157894,0.0789473684210526,57.9,14.882352941176473,15.921052631578949,33.026315789473685,1.8088235294117647,1.3558823529411763,118.0,184.0,48.0,89.0,44.0,90.0,12.552631578947368,4.0588235294117645,11.382352941176473,1.0263157894736843,1.3529411764705883,0.2105263157894736,422.1315789473685,9.941176470588236,13.263157894736842,14.588235294117649,22.647058823529413,17.794117647058822,19.92105263157895,12.676470588235292,1.7352941176470589,16.441176470588236,1.588235294117647,0.0526315789473684,46.0,11.473684210526317,15.205882352941176,32.44117647058823,1.2289473684210528,1.181578947368421,113.0,163.0,39.0,80.0,47.0,82.0,0.0,4.0,3.0,3.0,3.0,5.0,2.0,-1.0,2.0,2.0,4_vs_3,0.0,0.0,0.0,0.0,0.0,0.0,0.0,0.0,0.0,0.0,0.0,0.0,0.0,0.0,0.0,0.0,0.0,0.0,0.0526315789473684,0.0,0.1842105263157894,0.2105263157894736,0.2058823529411764,0.1842105263157894,0.0588235294117647,0.0588235294117647,0.1764705882352941,0.0588235294117647,50.0,43.0,54.0,45.0,55.0,63.0,43.0,43.0,0.5,0.0339335180055401,0.4705882352941176,0.0282583621683967,0,0,0,0,0,0,0,0,0,0,0,0,0,0,0,0,0,0,2026_27,J1,明治安田J1リーグ,j1,30.0,2027-04-17,,y-fm,kasw,unplayed,2026_27-j1-30-y-fm-vs-kasw,20260812_074327,2026_27_j1,weekly_prediction_snapshot
2026_27,30,2027-04-17,shim,0-0,nago,Ajinomoto Stadium,0,0,7.0,7.0,230.3,4-1-2-3,3-4-2-1,13.0,9.0,4.0,0.0,0.0,1477.4441154138574,1519.4628165308918,-42.018701117034425,13.83,13.35,0.4800000000000004,78.0,120.0,19.0,25.0,5.0,7.0,1.52,1.037,57.5,34.7,65.3,42.5,0.0,0.0,0,0,11.342105263157896,3.5,12.0,0.9736842105263158,1.4210526315789471,0.1176470588235294,407.60526315789474,9.157894736842104,8.421052631578947,13.342105263157896,21.47058823529412,15.263157894736842,19.07894736842105,8.894736842105264,1.9705882352941173,12.176470588235292,0.631578947368421,0.0263157894736842,43.5,8.973684210526315,14.052631578947368,29.44736842105263,1.0578947368421054,1.0842105263157895,113.0,156.0,39.0,71.0,49.0,83.0,11.205882352941176,3.8947368421052633,11.735294117647058,1.1578947368421053,1.0294117647058822,0.3823529411764705,403.1764705882353,11.676470588235292,10.705882352941176,13.441176470588236,21.647058823529413,18.58823529411765,18.94117647058824,10.176470588235292,1.7941176470588236,14.763157894736842,1.0,0.0588235294117647,46.2,8.973684210526315,17.294117647058822,30.289473684210527,1.1823529411764706,1.1176470588235294,114.0,155.0,39.0,74.0,48.0,79.0,0.0,4.0,4.0,2.0,3.0,6.0,1.0,0.0,2.0,2.0,4_vs_3,0.0,0.0,0.3421052631578947,0.2105263157894736,0.0,0.131578947368421,0.0,0.0526315789473684,0.088235294117647,0.088235294117647,35.0,34.0,47.0,47.0,36.0,44.0,42.0,53.0,0.0588235294117647,0.0294117647058823,0.2647058823529412,0.2058823529411764,0.0294117647058823,0.1842105263157894,0.0,0.1052631578947368,0.1470588235294117,0.0526315789473684,51.0,50.0,38.0,45.0,47.0,44.0,43.0,46.0,0.5294117647058824,0.0381752077562327,0.5,0.0289285714285714,0,0,0,0,0,0,0,0,0,0,0,0,0,0,0,0,0,0,2026_27,J1,明治安田J1リーグ,j1,30.0,2027-04-17,,shim,nago,unplayed,2026_27-j1-30-shim-vs-nago,20260812_074327,2026_27_j1,weekly_prediction_snapshot
2026_27,30,2027-04-17,g-os,0-0,chib,Ajinomoto Stadium,0,0,7.0,6.5,357.7,4-2-3-1,3-4-2-1,12.0,9.5,2.5,0.0,0.0,1484.87429753502,1468.4504174736203,16.423880061399814,15.35,13.3,2.049999999999999,93.0,80.0,20.0,9.0,5.0,3.5,1.038,0.481,57.9,28.6,32.4,43.2,0.0,0.0,0,0,12.763157894736842,4.088235294117647,14.911764705882351,1.1176470588235294,1.2894736842105263,0.3421052631578947,473.8157894736842,9.470588235294118,10.794117647058824,13.058823529411764,23.029411764705884,17.13157894736842,20.289473684210527,11.558823529411764,1.7941176470588236,17.676470588235293,1.0526315789473684,0.0294117647058823,48.1,11.176470588235292,16.91176470588235,31.789473684210527,1.2352941176470589,1.576470588235294,113.0,157.0,38.0,67.0,50.0,83.0,10.75,3.45,15.65,1.0,1.65,0.1,394.6,11.1,11.647058823529411,11.6,27.0,15.85,16.7,11.35,1.7,13.6,1.55,0.05,2.355,7.95,15.1,28.35,1.135,1.65,5.95,6.05,35.0,64.0,38.0,72.0,0.0,4.0,4.0,2.0,4.0,4.0,2.0,-1.0,2.0,2.0,4_vs_3,0.131578947368421,0.0263157894736842,0.2631578947368421,0.1764705882352941,0.0588235294117647,0.1764705882352941,0.0263157894736842,0.1470588235294117,0.1470588235294117,0.0294117647058823,41.0,45.0,49.0,49.0,43.0,47.0,55.0,47.0,0.0526315789473684,0.0,0.2105263157894736,0.2105263157894736,0.0588235294117647,0.1842105263157894,0.0,0.0588235294117647,0.1052631578947368,0.0294117647058823,45.0,44.0,47.0,44.0,45.0,44.5,44.0,44.0,0.5,0.0373961218836565,0.525,0.0103854166666666,0,0,0,0,0,0,0,0,0,0,0,0,0,0,0,0,0,0,2026_27,J1,明治安田J1リーグ,j1,30.0,2027-04-17,,g-os,chib,unplayed,2026_27-j1-30-g-os-vs-chib,20260812_074327,2026_27_j1,weekly_prediction_snapshot
2026_27,30,2027-04-17,c-os,0-0,kasm,Ajinomoto Stadium,0,0,7.0,7.0,289.2,3-4-2-1,4-4-2,7.0,4.0,3.0,0.0,0.0,1510.635587565086,1555.0464607669046,-44.410873201818504,12.5,21.43,-8.93,99.0,88.0,23.0,32.0,7.0,8.0,0.595,2.945,39.0,36.8,51.4,57.8,0.0,0.0,0,0,13.394736842105264,3.868421052631579,12.18421052631579,1.236842105263158,1.1764705882352942,0.2894736842105263,455.8157894736842,10.823529411764708,11.105263157894736,15.289473684210526,20.5,15.5,18.38235294117647,9.157894736842104,1.605263157894737,13.941176470588236,0.7368421052631579,0.0294117647058823,50.4,10.763157894736842,15.441176470588236,31.88235294117647,1.258823529411765,1.1973684210526316,114.0,129.0,41.0,62.0,48.0,66.0,12.941176470588236,4.176470588235294,11.147058823529411,1.5789473684210529,1.0789473684210529,0.3947368421052631,424.11764705882354,10.852941176470589,12.264705882352942,15.078947368421051,21.91176470588235,18.68421052631579,19.97058823529412,11.894736842105264,2.0,18.81578947368421,1.411764705882353,0.0588235294117647,50.1,11.5,17.36842105263158,33.55263157894737,1.2868421052631578,1.2078947368421051,112.0,167.0,40.0,80.0,45.0,86.0,0.0,4.0,4.0,2.0,4.0,4.0,2.0,-1.0,2.0,2.0,3_vs_4,0.088235294117647,0.0,0.2894736842105263,0.2894736842105263,0.0526315789473684,0.2368421052631578,0.0294117647058823,0.0789473684210526,0.088235294117647,0.0588235294117647,56.0,45.0,45.0,49.0,46.0,44.0,50.0,55.0,0.0789473684210526,0.0,0.3823529411764705,0.2941176470588235,0.088235294117647,0.2631578947368421,0.0294117647058823,0.0588235294117647,0.1764705882352941,0.088235294117647,50.0,48.0,58.0,56.0,54.0,62.0,50.0,40.0,0.5,0.0280470914127423,0.5,0.0348904267589388,0,0,0,0,0,0,0,0,0,0,0,0,0,0,0,0,0,0,2026_27,J1,明治安田J1リーグ,j1,30.0,2027-04-17,,c-os,kasm,unplayed,2026_27-j1-30-c-os-vs-kasm,20260812_074327,2026_27_j1,weekly_prediction_snapshot
2026_27,30,2027-04-17,okay,0-0,uraw,Ajinomoto Stadium,0,0,7.0,7.0,234.7,3-4-2-1,4-1-2-3,9.0,8.0,1.0,0.0,0.0,1499.4001333498045,1527.74338246438,-28.34324911457543,10.48,14.0,-3.5199999999999996,100.0,99.0,18.0,25.0,6.0,7.0,2.493,2.553,63.2,61.0,71.4,42.1,0.0,0.0,0,0,0.0,0.0,0.0,0.0,0.0,0.0,0.0,0.0,0.0,0.0,0.0,0.0,0.0,0.0,0.0,0.0,0.0,0.0,0.0,0.0,0.0,0.0,0.0,0.0,0.0,0.0,0.0,0.0,0.0,0.0,12.029411764705882,3.941176470588235,12.578947368421051,1.2647058823529411,1.1470588235294117,0.3157894736842105,486.5,9.973684210526317,13.205882352941176,12.86842105263158,20.91176470588235,17.735294117647058,19.23529411764705,10.105263157894736,1.763157894736842,13.894736842105264,1.105263157894737,0.0294117647058823,52.7,10.558823529411764,16.81578947368421,30.47058823529412,1.363157894736842,1.1823529411764706,111.0,163.0,39.0,78.0,45.0,83.0,0.0,3.0,6.0,1.0,4.0,5.0,1.0,1.0,2.0,2.0,3_vs_4,0.0,0.0,0.0,0.0,0.0,0.0,0.0,0.0,0.0,0.0,0.0,0.0,0.0,0.0,0.0,0.0,0.0,0.0,0.1842105263157894,0.0294117647058823,0.2352941176470588,0.2352941176470588,0.1176470588235294,0.2368421052631578,0.0263157894736842,0.0526315789473684,0.1470588235294117,0.0263157894736842,46.0,43.0,52.0,42.0,42.0,45.0,53.0,63.0,0.4473684210526316,0.0279316712834718,0.5,0.0208333333333333,0,0,0,0,0,0,0,0,0,0,0,0,0,0,0,0,0,0,2026_27,J1,明治安田J1リーグ,j1,30.0,2027-04-17,,okay,uraw,unplayed,2026_27-j1-30-okay-vs-uraw,20260812_074327,2026_27_j1,weekly_prediction_snapshot
2026_27,30,2027-04-17,fuku,0-0,mcd,Ajinomoto Stadium,0,0,7.0,7.0,145.05,3-4-2-1,3-4-2-1,10.0,3.0,7.0,0.0,0.0,1502.0577783078763,1541.9609084585081,-39.903130150631796,12.03,18.4,-6.369999999999999,113.0,0.0,19.0,24.5,5.0,8.0,0.769,1.924,50.0,48.1,53.1,58.9,0.0,0.0,0,0,10.5,3.176470588235294,11.157894736842104,0.868421052631579,1.0,0.3235294117647059,336.8684210526316,10.529411764705882,9.657894736842104,14.052631578947368,24.61764705882353,19.529411764705884,18.44117647058824,13.058823529411764,1.6176470588235294,18.61764705882353,1.4411764705882353,0.0263157894736842,42.7,8.368421052631579,17.5,32.28947368421053,1.0558823529411765,1.0323529411764707,109.0,120.0,26.0,52.0,38.0,67.0,11.1,3.263157894736842,10.842105263157896,1.25,0.8947368421052632,0.35,328.63157894736844,11.45,5.25,11.2,17.15,15.31578947368421,17.026315789473685,9.95,1.2,12.8,1.15,0.05,2.26,8.4,17.15,28.7,1.11,0.9605263157894736,5.9,5.65,14.0,31.0,18.0,31.5,0.0,3.0,6.0,1.0,3.0,6.0,1.0,0.0,2.0,2.0,3_vs_3,0.0526315789473684,0.0263157894736842,0.2105263157894736,0.2105263157894736,0.0263157894736842,0.2058823529411764,0.0,0.0263157894736842,0.0789473684210526,0.0263157894736842,42.0,45.0,44.0,47.0,54.0,51.0,40.0,34.0,0.0,0.0,0.0,0.0,0.0,0.0,0.0,0.0,0.0,0.0,0.0,0.0,0.0,0.0,0.0,0.0,0.0,0.0,0.45,0.0218144044321329,0.475,0.03670329670329665,0,0,0,0,0,0,0,0,0,0,0,0,0,0,0,0,0,0,2026_27,J1,明治安田J1リーグ,j1,30.0,2027-04-17,,fuku,mcd,unplayed,2026_27-j1-30-fuku-vs-mcd,20260812_074327,2026_27_j1,weekly_prediction_snapshot
2026_27,30,2027-04-17,ngsk,0-0,kobe,Ajinomoto Stadium,0,0,7.0,7.0,412.8,3-4-2-1,4-1-2-3,8.5,4.0,4.5,0.5,0.0,1486.5869419238666,1568.9211136856622,-82.33417176179569,13.75,16.6,-2.8500000000000014,82.0,96.0,12.0,27.0,4.0,9.0,1.515,1.011,57.0,48.6,51.9,50.0,0.0,0.0,0,0,10.4,3.3,14.25,1.05,1.4,0.2,388.0,9.45,11.647058823529411,9.35,25.9,14.65,19.7,9.45,2.3,15.25,1.1,0.05,2.38,8.4,14.1,31.8,1.175,1.575,5.65,6.7,35.0,64.0,38.0,72.0,12.411764705882351,4.176470588235294,11.852941176470589,1.605263157894737,0.9473684210526316,0.3421052631578947,518.9411764705883,11.470588235294118,12.411764705882351,14.235294117647058,21.86842105263158,16.794117647058822,18.473684210526315,9.911764705882351,2.210526315789474,16.92105263157895,0.9736842105263158,0.0294117647058823,53.7,11.382352941176473,16.605263157894736,31.94117647058824,1.3941176470588237,1.1088235294117648,113.0,163.0,42.0,70.0,44.0,88.0,0.0,3.0,6.0,1.0,4.0,3.0,3.0,0.5,2.0,2.0,3_vs_4,0.0526315789473684,0.0,0.2105263157894736,0.2105263157894736,0.0588235294117647,0.1842105263157894,0.0,0.0588235294117647,0.1052631578947368,0.0294117647058823,45.0,44.0,47.0,44.0,45.0,44.5,44.0,44.0,0.0789473684210526,0.0263157894736842,0.2941176470588235,0.3823529411764705,0.1052631578947368,0.2105263157894736,0.0789473684210526,0.0789473684210526,0.1052631578947368,0.0294117647058823,57.0,56.0,47.0,43.0,45.0,39.0,54.0,61.0,0.47500000000000003,0.02306318681318675,0.4736842105263157,0.0423875432525951,0,0,0,0,0,0,0,0,0,0,0,0,0,0,0,0,0,0,2026_27,J1,明治安田J1リーグ,j1,30.0,2027-04-17,,ngsk,kobe,unplayed,2026_27-j1-30-ngsk-vs-kobe,20260812_074327,2026_27_j1,weekly_prediction_snapshot
2026_27,31,2027-04-24,kasm,0-0,kyot,Ajinomoto Stadium,0,0,7.0,7.0,367.5,4-4-2,4-2-3-1,4.0,12.0,-8.0,0.0,0.0,1556.0187819361674,1487.110875027563,68.90790690860445,21.43,14.98,6.449999999999999,86.0,110.5,30.0,17.0,9.0,6.0,2.945,0.847,51.4,57.8,51.4,42.9,0.0,0.0,0,0,12.941176470588236,4.176470588235294,11.147058823529411,1.5789473684210529,1.0789473684210529,0.3947368421052631,424.11764705882354,10.852941176470589,12.264705882352942,15.078947368421051,21.91176470588235,18.68421052631579,19.97058823529412,11.894736842105264,2.0,18.81578947368421,1.411764705882353,0.0588235294117647,50.1,11.5,17.36842105263158,33.55263157894737,1.2868421052631578,1.2078947368421051,112.0,167.0,40.0,80.0,45.0,86.0,11.911764705882351,3.176470588235294,12.823529411764708,1.05,1.3235294117647058,0.2352941176470588,337.52941176470586,10.441176470588236,10.43498452012384,13.5,23.7,17.15,21.15,13.205882352941176,1.3,17.8,1.5263157894736843,0.0789473684210526,46.2,10.0,15.8,33.94117647058823,1.1588235294117646,1.4352941176470588,113.0,133.0,27.0,53.0,36.5,80.0,0.0,4.0,4.0,2.0,4.0,3.0,3.0,-1.0,2.0,2.0,4_vs_4,0.0789473684210526,0.0,0.3823529411764705,0.2941176470588235,0.088235294117647,0.2631578947368421,0.0294117647058823,0.0588235294117647,0.1764705882352941,0.088235294117647,50.0,48.0,58.0,56.0,54.0,62.0,50.0,40.0,0.0278637770897832,0.0,0.2376160990712074,0.2105263157894736,0.0704334365325076,0.0588235294117647,0.0,0.0719814241486068,0.1176470588235294,0.0147058823529411,56.0,35.5,54.5,60.0,56.0,46.0,36.0,38.0,0.4705882352941176,0.0353474145891043,0.4705882352941176,0.03751730103806225,0,0,0,0,0,0,0,0,0,0,0,0,0,0,0,0,0,0,2026_27,J1,明治安田J1リーグ,j1,31.0,2027-04-24,,kasm,kyot,unplayed,2026_27-j1-31-kasm-vs-kyot,20260812_074327,2026_27_j1,weekly_prediction_snapshot
2026_27,31,2027-04-24,uraw,0-0,mito,Ajinomoto Stadium,0,0,6.0,5.5,357.7,4-1-2-3,3-4-2-1,8.0,8.0,0.0,0.0,0.0,1527.1329713906612,1490.2875056389225,36.84546575173863,14.0,10.8,3.1999999999999993,93.0,80.0,24.0,7.5,7.0,4.0,2.553,1.947,71.4,42.1,42.8,54.0,0.0,0.0,0,0,12.029411764705882,3.941176470588235,12.578947368421051,1.2647058823529411,1.1470588235294117,0.3157894736842105,486.5,9.973684210526317,13.205882352941176,12.86842105263158,20.91176470588235,17.735294117647058,19.23529411764705,10.105263157894736,1.763157894736842,13.894736842105264,1.105263157894737,0.0294117647058823,52.7,10.558823529411764,16.81578947368421,30.47058823529412,1.363157894736842,1.1823529411764706,111.0,163.0,39.0,78.0,45.0,83.0,10.6,3.1,11.25,0.95,1.8,0.1,427.6,10.8,11.647058823529411,11.3,19.55,14.4,18.6,10.15,1.6,13.3,1.55,0.3,2.54,8.3,14.15,30.25,0.975,1.33,5.9,6.35,35.0,64.0,38.0,72.0,0.0,4.0,5.0,1.0,4.0,4.0,2.0,0.0,2.0,2.0,4_vs_3,0.1842105263157894,0.0294117647058823,0.2352941176470588,0.2352941176470588,0.1176470588235294,0.2368421052631578,0.0263157894736842,0.0526315789473684,0.1470588235294117,0.0263157894736842,46.0,43.0,52.0,42.0,42.0,45.0,53.0,63.0,0.0526315789473684,0.0,0.2105263157894736,0.2105263157894736,0.0588235294117647,0.1842105263157894,0.0,0.0588235294117647,0.1052631578947368,0.0294117647058823,45.0,44.0,47.0,44.0,45.0,44.5,44.0,44.0,0.4705882352941176,0.0207612456747404,0.4,0.00721153846153845,0,0,0,0,0,0,0,0,0,0,0,0,0,0,0,0,0,0,2026_27,J1,明治安田J1リーグ,j1,31.0,2027-04-24,,uraw,mito,unplayed,2026_27-j1-31-uraw-vs-mito,20260812_074327,2026_27_j1,weekly_prediction_snapshot
2026_27,31,2027-04-24,kasw,0-0,g-os,Ajinomoto Stadium,0,0,6.0,6.0,383.2,3-4-2-1,4-2-3-1,10.0,12.0,-2.0,0.0,0.0,1475.6111733703474,1486.29287547773,-10.681702107382534,17.85,15.35,2.5000000000000018,101.0,85.0,19.0,20.0,6.0,6.0,1.09,1.038,46.0,57.2,57.9,28.6,0.0,0.0,0,0,12.552631578947368,4.0588235294117645,11.382352941176473,1.0263157894736843,1.3529411764705883,0.2105263157894736,422.1315789473685,9.941176470588236,13.263157894736842,14.588235294117649,22.647058823529413,17.794117647058822,19.92105263157895,12.676470588235292,1.7352941176470589,16.441176470588236,1.588235294117647,0.0526315789473684,46.0,11.473684210526317,15.205882352941176,32.44117647058823,1.2289473684210528,1.181578947368421,113.0,163.0,39.0,80.0,47.0,82.0,12.763157894736842,4.088235294117647,14.911764705882351,1.1176470588235294,1.2894736842105263,0.3421052631578947,473.8157894736842,9.470588235294118,10.794117647058824,13.058823529411764,23.029411764705884,17.13157894736842,20.289473684210527,11.558823529411764,1.7941176470588236,17.676470588235293,1.0526315789473684,0.0294117647058823,48.1,11.176470588235292,16.91176470588235,31.789473684210527,1.2352941176470589,1.576470588235294,113.0,157.0,38.0,67.0,50.0,83.0,0.0,3.0,5.0,2.0,4.0,4.0,2.0,1.0,2.0,2.0,3_vs_4,0.0526315789473684,0.0,0.1842105263157894,0.2105263157894736,0.2058823529411764,0.1842105263157894,0.0588235294117647,0.0588235294117647,0.1764705882352941,0.0588235294117647,50.0,43.0,54.0,45.0,55.0,63.0,43.0,43.0,0.131578947368421,0.0263157894736842,0.2631578947368421,0.1764705882352941,0.0588235294117647,0.1764705882352941,0.0263157894736842,0.1470588235294117,0.1470588235294117,0.0294117647058823,41.0,45.0,49.0,49.0,43.0,47.0,55.0,47.0,0.5,0.0292387543252595,0.4473684210526316,0.0339335180055401,0,0,0,0,0,0,0,0,0,0,0,0,0,0,0,0,0,0,2026_27,J1,明治安田J1リーグ,j1,31.0,2027-04-24,,kasw,g-os,unplayed,2026_27-j1-31-kasw-vs-g-os,20260812_074327,2026_27_j1,weekly_prediction_snapshot
2026_27,31,2027-04-24,FCtk,0-0,y-fm,Ajinomoto Stadium,0,0,7.0,7.0,230.3,4-4-2,4-2-3-1,9.0,7.0,2.0,0.0,0.0,1502.9687564818937,1570.7264926415494,-67.75773615965568,17.15,14.1,3.049999999999999,0.0,0.0,22.0,24.0,6.0,7.0,0.998,1.416,41.1,46.9,42.2,48.6,0.0,0.0,0,0,0.0,0.0,0.0,0.0,0.0,0.0,0.0,0.0,0.0,0.0,0.0,0.0,0.0,0.0,0.0,0.0,0.0,0.0,0.0,0.0,0.0,0.0,0.0,0.0,0.0,0.0,0.0,0.0,0.0,0.0,15.705882352941176,5.205882352941177,12.676470588235292,2.0294117647058822,1.1764705882352942,0.2647058823529412,607.2647058823529,11.852941176470589,17.205882352941178,18.294117647058822,18.647058823529413,16.973684210526315,19.11764705882353,11.842105263157896,1.5294117647058822,11.078947368421051,1.1842105263157894,0.0789473684210526,57.9,14.882352941176473,15.921052631578949,33.026315789473685,1.8088235294117647,1.3558823529411763,118.0,184.0,48.0,89.0,44.0,90.0,0.0,4.0,3.0,3.0,4.0,3.0,3.0,-1.0,2.0,2.0,4_vs_4,0.0,0.0,0.0,0.0,0.0,0.0,0.0,0.0,0.0,0.0,0.0,0.0,0.0,0.0,0.0,0.0,0.0,0.0,0.0,0.0,0.0,0.0,0.0,0.0,0.0,0.0,0.0,0.0,0.0,0.0,0.0,0.0,0.0,0.0,0.0,0.0,0.5,0.0249307479224376,0.4736842105263157,0.0339335180055401,0,0,0,0,0,0,0,0,0,0,0,0,0,0,0,0,0,0,2026_27,J1,明治安田J1リーグ,j1,31.0,2027-04-24,,FCtk,y-fm,unplayed,2026_27-j1-31-FCtk-vs-y-fm,20260812_074327,2026_27_j1,weekly_prediction_snapshot
2026_27,31,2027-04-24,tk-v,0-0,shim,Ajinomoto Stadium,0,0,7.0,7.0,222.2,3-4-2-1,4-1-2-3,13.0,13.0,0.0,0.0,0.0,1506.3841338687366,1478.0354137476809,28.34872012105575,9.33,13.83,-4.5,120.5,85.0,20.0,16.0,7.0,4.0,2.064,1.52,48.6,42.7,57.5,34.7,0.0,0.0,0,0,9.2,2.65,9.8,1.0,1.3,0.3,353.25,8.25,6.052631578947368,10.2,22.1,18.05263157894737,18.710526315789476,11.05,1.4,16.05,1.0,0.0,2.2,7.4,14.3,26.8,0.8400000000000001,1.065,5.95,7.2,15.0,26.5,19.0,33.5,11.342105263157896,3.5,12.0,0.9736842105263158,1.4210526315789471,0.1176470588235294,407.60526315789474,9.157894736842104,8.421052631578947,13.342105263157896,21.47058823529412,15.263157894736842,19.07894736842105,8.894736842105264,1.9705882352941173,12.176470588235292,0.631578947368421,0.0263157894736842,43.5,8.973684210526315,14.052631578947368,29.44736842105263,1.0578947368421054,1.0842105263157895,113.0,156.0,39.0,71.0,49.0,83.0,0.0,3.0,6.0,1.0,4.0,4.0,2.0,1.0,2.0,2.0,3_vs_4,0.0789473684210526,0.0394736842105263,0.1973684210526315,0.0789473684210526,0.0657894736842105,0.0789473684210526,0.0,0.0789473684210526,0.0394736842105263,0.0131578947368421,22.5,22.5,23.0,19.5,22.5,21.0,22.0,25.0,0.0,0.0,0.3421052631578947,0.2105263157894736,0.0,0.131578947368421,0.0,0.0526315789473684,0.088235294117647,0.088235294117647,35.0,34.0,47.0,47.0,36.0,44.0,42.0,53.0,0.48684210526315785,0.023057390439661853,0.45,0.032,0,0,0,0,0,0,0,0,0,0,0,0,0,0,0,0,0,0,2026_27,J1,明治安田J1リーグ,j1,31.0,2027-04-24,,tk-v,shim,unplayed,2026_27-j1-31-tk-v-vs-shim,20260812_074327,2026_27_j1,weekly_prediction_snapshot
2026_27,31,2027-04-24,nago,0-0,ka-f,Ajinomoto Stadium,0,0,7.0,7.0,233.7,3-4-2-1,4-2-3-1,8.0,6.0,2.0,0.0,0.0,1521.2102994510724,1554.9684351975595,-33.75813574648714,13.35,19.05,-5.700000000000001,114.0,127.0,26.0,26.0,7.0,8.0,1.037,1.501,65.3,42.5,57.3,51.3,0.0,0.0,0,0,11.205882352941176,3.8947368421052633,11.735294117647058,1.1578947368421053,1.0294117647058822,0.3823529411764705,403.1764705882353,11.676470588235292,10.705882352941176,13.441176470588236,21.647058823529413,18.58823529411765,18.94117647058824,10.176470588235292,1.7941176470588236,14.763157894736842,1.0,0.0588235294117647,46.2,8.973684210526315,17.294117647058822,30.289473684210527,1.1823529411764706,1.1176470588235294,114.0,155.0,39.0,74.0,48.0,79.0,14.657894736842104,4.947368421052632,10.235294117647058,1.911764705882353,1.2352941176470589,0.3235294117647059,578.9705882352941,11.552631578947368,15.68421052631579,13.617647058823527,20.294117647058822,18.94117647058824,20.0,9.794117647058824,2.2058823529411766,13.588235294117649,1.1470588235294117,0.088235294117647,54.9,14.078947368421051,17.5,32.47058823529412,1.6473684210526316,1.052941176470588,111.0,157.0,42.0,70.0,44.0,82.0,0.0,3.0,6.0,1.0,4.0,3.0,3.0,1.0,2.0,2.0,3_vs_4,0.0588235294117647,0.0294117647058823,0.2647058823529412,0.2058823529411764,0.0294117647058823,0.1842105263157894,0.0,0.1052631578947368,0.1470588235294117,0.0526315789473684,51.0,50.0,38.0,45.0,47.0,44.0,43.0,46.0,0.1764705882352941,0.0294117647058823,0.3421052631578947,0.4117647058823529,0.131578947368421,0.3529411764705882,0.0294117647058823,0.088235294117647,0.1764705882352941,0.1176470588235294,51.0,63.0,59.0,53.0,51.0,41.0,73.0,53.0,0.4736842105263157,0.028365650969529,0.5,0.032840909090909,0,0,0,0,0,0,0,0,0,0,0,0,0,0,0,0,0,0,2026_27,J1,明治安田J1リーグ,j1,31.0,2027-04-24,,nago,ka-f,unplayed,2026_27-j1-31-nago-vs-ka-f,20260812_074327,2026_27_j1,weekly_prediction_snapshot
2026_27,31,2027-04-24,kobe,0-0,fuku,Ajinomoto Stadium,0,0,6.0,7.0,843.1,4-1-2-3,3-4-2-1,4.0,10.0,-6.0,0.0,0.0,1568.2524919881544,1504.43640562365,63.81608636450437,16.6,12.03,4.570000000000002,93.0,121.0,26.0,21.0,8.0,7.0,1.011,0.769,51.9,50.0,50.0,48.1,0.0,0.0,0,0,12.411764705882351,4.176470588235294,11.852941176470589,1.605263157894737,0.9473684210526316,0.3421052631578947,518.9411764705883,11.470588235294118,12.411764705882351,14.235294117647058,21.86842105263158,16.794117647058822,18.473684210526315,9.911764705882351,2.210526315789474,16.92105263157895,0.9736842105263158,0.0294117647058823,53.7,11.382352941176473,16.605263157894736,31.94117647058824,1.3941176470588237,1.1088235294117648,113.0,163.0,42.0,70.0,44.0,88.0,10.5,3.176470588235294,11.157894736842104,0.868421052631579,1.0,0.3235294117647059,336.8684210526316,10.529411764705882,9.657894736842104,14.052631578947368,24.61764705882353,19.529411764705884,18.44117647058824,13.058823529411764,1.6176470588235294,18.61764705882353,1.4411764705882353,0.0263157894736842,42.7,8.368421052631579,17.5,32.28947368421053,1.0558823529411765,1.0323529411764707,109.0,120.0,26.0,52.0,38.0,67.0,0.0,4.0,3.0,3.0,3.0,6.0,1.0,-1.0,2.0,2.0,4_vs_3,0.0789473684210526,0.0263157894736842,0.2941176470588235,0.3823529411764705,0.1052631578947368,0.2105263157894736,0.0789473684210526,0.0789473684210526,0.1052631578947368,0.0294117647058823,57.0,56.0,47.0,43.0,45.0,39.0,54.0,61.0,0.0526315789473684,0.0263157894736842,0.2105263157894736,0.2105263157894736,0.0263157894736842,0.2058823529411764,0.0,0.0263157894736842,0.0789473684210526,0.0263157894736842,42.0,45.0,44.0,47.0,54.0,51.0,40.0,34.0,0.5,0.0472372065898819,0.5,0.0240403640680649,0,0,0,0,0,0,0,0,0,0,0,0,0,0,0,0,0,0,2026_27,J1,明治安田J1リーグ,j1,31.0,2027-04-24,,kobe,fuku,unplayed,2026_27-j1-31-kobe-vs-fuku,20260812_074327,2026_27_j1,weekly_prediction_snapshot
2026_27,31,2027-04-24,okay,0-0,c-os,Ajinomoto Stadium,0,0,7.0,6.0,385.9,3-4-2-1,3-4-2-1,9.0,8.0,1.0,0.0,0.0,1499.4001333498045,1509.1673593438288,-9.76722599402433,10.48,12.5,-2.0199999999999996,100.0,93.0,18.0,24.0,6.0,6.0,2.493,0.595,63.2,61.0,39.0,36.8,0.0,0.0,0,0,0.0,0.0,0.0,0.0,0.0,0.0,0.0,0.0,0.0,0.0,0.0,0.0,0.0,0.0,0.0,0.0,0.0,0.0,0.0,0.0,0.0,0.0,0.0,0.0,0.0,0.0,0.0,0.0,0.0,0.0,13.394736842105264,3.868421052631579,12.18421052631579,1.236842105263158,1.1764705882352942,0.2894736842105263,455.8157894736842,10.823529411764708,11.105263157894736,15.289473684210526,20.5,15.5,18.38235294117647,9.157894736842104,1.605263157894737,13.941176470588236,0.7368421052631579,0.0294117647058823,50.4,10.763157894736842,15.441176470588236,31.88235294117647,1.258823529411765,1.1973684210526316,114.0,129.0,41.0,62.0,48.0,66.0,0.0,3.0,6.0,1.0,4.0,4.0,2.0,1.0,2.0,2.0,3_vs_3,0.0,0.0,0.0,0.0,0.0,0.0,0.0,0.0,0.0,0.0,0.0,0.0,0.0,0.0,0.0,0.0,0.0,0.0,0.088235294117647,0.0,0.2894736842105263,0.2894736842105263,0.0526315789473684,0.2368421052631578,0.0294117647058823,0.0789473684210526,0.088235294117647,0.0588235294117647,56.0,45.0,45.0,49.0,46.0,44.0,50.0,55.0,0.4473684210526316,0.0279316712834718,0.4736842105263157,0.0293452222517966,0,0,0,0,0,0,0,0,0,0,0,0,0,0,0,0,0,0,2026_27,J1,明治安田J1リーグ,j1,31.0,2027-04-24,,okay,c-os,unplayed,2026_27-j1-31-okay-vs-c-os,20260812_074327,2026_27_j1,weekly_prediction_snapshot
2026_27,31,2027-04-24,hiro,0-0,mcd,Ajinomoto Stadium,0,0,7.0,7.0,145.05,3-4-2-1,3-4-2-1,6.0,3.0,3.0,0.0,0.0,1537.0103290322477,1541.9609084585081,-4.950579426260447,19.05,18.4,0.6500000000000021,113.0,0.0,26.0,24.5,7.0,8.0,2.689,1.924,56.8,67.6,53.1,58.9,0.0,0.0,0,0,14.705882352941176,4.676470588235294,10.921052631578949,1.3529411764705883,1.105263157894737,0.3235294117647059,481.1470588235294,10.470588235294118,14.705882352941176,16.764705882352942,18.352941176470587,18.657894736842103,18.647058823529413,11.794117647058824,1.7352941176470589,16.86842105263158,0.9117647058823528,0.0294117647058823,49.5,13.117647058823527,18.176470588235293,33.3235294117647,1.4088235294117646,1.068421052631579,112.0,164.0,40.0,76.0,46.0,87.0,11.1,3.263157894736842,10.842105263157896,1.25,0.8947368421052632,0.35,328.63157894736844,11.45,5.25,11.2,17.15,15.31578947368421,17.026315789473685,9.95,1.2,12.8,1.15,0.05,2.26,8.4,17.15,28.7,1.11,0.9605263157894736,5.9,5.65,14.0,31.0,18.0,31.5,0.0,3.0,6.0,1.0,3.0,6.0,1.0,1.0,2.0,2.0,3_vs_3,0.1052631578947368,0.0526315789473684,0.3421052631578947,0.2941176470588235,0.1764705882352941,0.2352941176470588,0.0526315789473684,0.088235294117647,0.1176470588235294,0.0294117647058823,72.0,60.0,54.0,66.0,74.0,62.0,54.0,41.0,0.0,0.0,0.0,0.0,0.0,0.0,0.0,0.0,0.0,0.0,0.0,0.0,0.0,0.0,0.0,0.0,0.0,0.0,0.5,0.0223059812160158,0.475,0.03670329670329665,0,0,0,0,0,0,0,0,0,0,0,0,0,0,0,0,0,0,2026_27,J1,明治安田J1リーグ,j1,31.0,2027-04-24,,hiro,mcd,unplayed,2026_27-j1-31-hiro-vs-mcd,20260812_074327,2026_27_j1,weekly_prediction_snapshot
2026_27,31,2027-04-24,ngsk,0-0,chib,Ajinomoto Stadium,0,0,7.0,6.5,357.7,3-4-2-1,3-4-2-1,8.5,9.5,-1.0,0.5,0.0,1486.5869419238666,1468.4504174736203,18.13652445024627,13.75,13.3,0.4499999999999993,82.0,80.0,12.0,9.0,4.0,3.5,1.515,0.481,57.0,48.6,32.4,43.2,0.0,0.0,0,0,10.4,3.3,14.25,1.05,1.4,0.2,388.0,9.45,11.647058823529411,9.35,25.9,14.65,19.7,9.45,2.3,15.25,1.1,0.05,2.38,8.4,14.1,31.8,1.175,1.575,5.65,6.7,35.0,64.0,38.0,72.0,10.75,3.45,15.65,1.0,1.65,0.1,394.6,11.1,11.647058823529411,11.6,27.0,15.85,16.7,11.35,1.7,13.6,1.55,0.05,2.355,7.95,15.1,28.35,1.135,1.65,5.95,6.05,35.0,64.0,38.0,72.0,0.0,3.0,6.0,1.0,4.0,4.0,2.0,0.5,2.0,2.0,3_vs_3,0.0526315789473684,0.0,0.2105263157894736,0.2105263157894736,0.0588235294117647,0.1842105263157894,0.0,0.0588235294117647,0.1052631578947368,0.0294117647058823,45.0,44.0,47.0,44.0,45.0,44.5,44.0,44.0,0.0526315789473684,0.0,0.2105263157894736,0.2105263157894736,0.0588235294117647,0.1842105263157894,0.0,0.0588235294117647,0.1052631578947368,0.0294117647058823,45.0,44.0,47.0,44.0,45.0,44.5,44.0,44.0,0.47500000000000003,0.02306318681318675,0.525,0.0103854166666666,0,0,0,0,0,0,0,0,0,0,0,0,0,0,0,0,0,0,2026_27,J1,明治安田J1リーグ,j1,31.0,2027-04-24,,ngsk,chib,unplayed,2026_27-j1-31-ngsk-vs-chib,20260812_074327,2026_27_j1,weekly_prediction_snapshot
2026_27,32,2027-04-29,kasm,0-0,kobe,Ajinomoto Stadium,0,0,7.0,7.0,412.8,4-4-2,4-1-2-3,4.0,4.0,0.0,0.0,0.0,1556.0187819361674,1568.9211136856622,-12.902331749494806,21.43,16.6,4.829999999999998,86.0,96.0,30.0,27.0,9.0,9.0,2.945,1.011,51.4,57.8,51.9,50.0,0.0,0.0,0,0,12.941176470588236,4.176470588235294,11.147058823529411,1.5789473684210529,1.0789473684210529,0.3947368421052631,424.11764705882354,10.852941176470589,12.264705882352942,15.078947368421051,21.91176470588235,18.68421052631579,19.97058823529412,11.894736842105264,2.0,18.81578947368421,1.411764705882353,0.0588235294117647,50.1,11.5,17.36842105263158,33.55263157894737,1.2868421052631578,1.2078947368421051,112.0,167.0,40.0,80.0,45.0,86.0,12.411764705882351,4.176470588235294,11.852941176470589,1.605263157894737,0.9473684210526316,0.3421052631578947,518.9411764705883,11.470588235294118,12.411764705882351,14.235294117647058,21.86842105263158,16.794117647058822,18.473684210526315,9.911764705882351,2.210526315789474,16.92105263157895,0.9736842105263158,0.0294117647058823,53.7,11.382352941176473,16.605263157894736,31.94117647058824,1.3941176470588237,1.1088235294117648,113.0,163.0,42.0,70.0,44.0,88.0,0.0,4.0,4.0,2.0,4.0,3.0,3.0,-1.0,2.0,2.0,4_vs_4,0.0789473684210526,0.0,0.3823529411764705,0.2941176470588235,0.088235294117647,0.2631578947368421,0.0294117647058823,0.0588235294117647,0.1764705882352941,0.088235294117647,50.0,48.0,58.0,56.0,54.0,62.0,50.0,40.0,0.0789473684210526,0.0263157894736842,0.2941176470588235,0.3823529411764705,0.1052631578947368,0.2105263157894736,0.0789473684210526,0.0789473684210526,0.1052631578947368,0.0294117647058823,57.0,56.0,47.0,43.0,45.0,39.0,54.0,61.0,0.4705882352941176,0.0353474145891043,0.4736842105263157,0.0423875432525951,0,0,0,0,0,0,0,0,0,0,0,0,0,0,0,0,0,0,2026_27,J1,明治安田J1リーグ,j1,32.0,2027-04-29,,kasm,kobe,unplayed,2026_27-j1-32-kasm-vs-kobe,20260812_074327,2026_27_j1,weekly_prediction_snapshot
2026_27,32,2027-04-29,uraw,0-0,mcd,Ajinomoto Stadium,0,0,6.0,7.0,145.05,4-1-2-3,3-4-2-1,8.0,3.0,5.0,0.0,0.0,1527.1329713906612,1541.9609084585081,-14.82793706784696,14.0,18.4,-4.399999999999999,93.0,0.0,24.0,24.5,7.0,8.0,2.553,1.924,71.4,42.1,53.1,58.9,0.0,0.0,0,0,12.029411764705882,3.941176470588235,12.578947368421051,1.2647058823529411,1.1470588235294117,0.3157894736842105,486.5,9.973684210526317,13.205882352941176,12.86842105263158,20.91176470588235,17.735294117647058,19.23529411764705,10.105263157894736,1.763157894736842,13.894736842105264,1.105263157894737,0.0294117647058823,52.7,10.558823529411764,16.81578947368421,30.47058823529412,1.363157894736842,1.1823529411764706,111.0,163.0,39.0,78.0,45.0,83.0,11.1,3.263157894736842,10.842105263157896,1.25,0.8947368421052632,0.35,328.63157894736844,11.45,5.25,11.2,17.15,15.31578947368421,17.026315789473685,9.95,1.2,12.8,1.15,0.05,2.26,8.4,17.15,28.7,1.11,0.9605263157894736,5.9,5.65,14.0,31.0,18.0,31.5,0.0,4.0,5.0,1.0,3.0,6.0,1.0,0.0,2.0,2.0,4_vs_3,0.1842105263157894,0.0294117647058823,0.2352941176470588,0.2352941176470588,0.1176470588235294,0.2368421052631578,0.0263157894736842,0.0526315789473684,0.1470588235294117,0.0263157894736842,46.0,43.0,52.0,42.0,42.0,45.0,53.0,63.0,0.0,0.0,0.0,0.0,0.0,0.0,0.0,0.0,0.0,0.0,0.0,0.0,0.0,0.0,0.0,0.0,0.0,0.0,0.4705882352941176,0.0207612456747404,0.475,0.03670329670329665,0,0,0,0,0,0,0,0,0,0,0,0,0,0,0,0,0,0,2026_27,J1,明治安田J1リーグ,j1,32.0,2027-04-29,,uraw,mcd,unplayed,2026_27-j1-32-uraw-vs-mcd,20260812_074327,2026_27_j1,weekly_prediction_snapshot
2026_27,32,2027-04-29,chib,0-0,hiro,Ajinomoto Stadium,0,0,7.0,7.0,639.0,3-4-2-1,3-4-2-1,10.0,5.0,5.0,0.0,0.0,1469.3397806394082,1548.059515531813,-78.71973489240486,13.3,19.05,-5.75,82.0,117.0,6.5,29.0,3.0,8.0,0.481,2.689,32.4,43.2,56.8,67.6,0.0,0.0,0,0,10.75,3.45,15.65,1.0,1.65,0.1,394.6,11.1,11.647058823529411,11.6,27.0,15.85,16.7,11.35,1.7,13.6,1.55,0.05,2.355,7.95,15.1,28.35,1.135,1.65,5.95,6.05,35.0,64.0,38.0,72.0,14.705882352941176,4.676470588235294,10.921052631578949,1.3529411764705883,1.105263157894737,0.3235294117647059,481.1470588235294,10.470588235294118,14.705882352941176,16.764705882352942,18.352941176470587,18.657894736842103,18.647058823529413,11.794117647058824,1.7352941176470589,16.86842105263158,0.9117647058823528,0.0294117647058823,49.5,13.117647058823527,18.176470588235293,33.3235294117647,1.4088235294117646,1.068421052631579,112.0,164.0,40.0,76.0,46.0,87.0,0.0,4.0,4.0,2.0,3.0,6.0,1.0,-0.5,2.0,2.0,3_vs_3,0.0526315789473684,0.0,0.2105263157894736,0.2105263157894736,0.0588235294117647,0.1842105263157894,0.0,0.0588235294117647,0.1052631578947368,0.0294117647058823,45.0,44.0,47.0,44.0,45.0,44.5,44.0,44.0,0.1052631578947368,0.0526315789473684,0.3421052631578947,0.2941176470588235,0.1764705882352941,0.2352941176470588,0.0526315789473684,0.088235294117647,0.1176470588235294,0.0294117647058823,72.0,60.0,54.0,66.0,74.0,62.0,54.0,41.0,0.42500000000000004,0.0081944444444444,0.4736842105263157,0.0276816608996539,0,0,0,0,0,0,0,0,0,0,0,0,0,0,0,0,0,0,2026_27,J1,明治安田J1リーグ,j1,32.0,2027-04-29,,chib,hiro,unplayed,2026_27-j1-32-chib-vs-hiro,20260812_074327,2026_27_j1,weekly_prediction_snapshot
2026_27,32,2027-04-29,kasw,0-0,FCtk,Ajinomoto Stadium,0,0,6.0,7.0,225.6,3-4-2-1,4-4-2,10.0,8.0,2.0,0.0,0.0,1475.6111733703474,1504.7254200609143,-29.114246690566915,17.85,17.15,0.7000000000000028,101.0,0.0,19.0,23.0,6.0,7.0,1.09,0.998,46.0,57.2,41.1,46.9,0.0,0.0,0,0,12.552631578947368,4.0588235294117645,11.382352941176473,1.0263157894736843,1.3529411764705883,0.2105263157894736,422.1315789473685,9.941176470588236,13.263157894736842,14.588235294117649,22.647058823529413,17.794117647058822,19.92105263157895,12.676470588235292,1.7352941176470589,16.441176470588236,1.588235294117647,0.0526315789473684,46.0,11.473684210526317,15.205882352941176,32.44117647058823,1.2289473684210528,1.181578947368421,113.0,163.0,39.0,80.0,47.0,82.0,0.0,0.0,0.0,0.0,0.0,0.0,0.0,0.0,0.0,0.0,0.0,0.0,0.0,0.0,0.0,0.0,0.0,0.0,0.0,0.0,0.0,0.0,0.0,0.0,0.0,0.0,0.0,0.0,0.0,0.0,0.0,3.0,5.0,2.0,4.0,3.0,3.0,1.0,2.0,2.0,3_vs_4,0.0526315789473684,0.0,0.1842105263157894,0.2105263157894736,0.2058823529411764,0.1842105263157894,0.0588235294117647,0.0588235294117647,0.1764705882352941,0.0588235294117647,50.0,43.0,54.0,45.0,55.0,63.0,43.0,43.0,0.0,0.0,0.0,0.0,0.0,0.0,0.0,0.0,0.0,0.0,0.0,0.0,0.0,0.0,0.0,0.0,0.0,0.0,0.5,0.0292387543252595,0.4736842105263157,0.0222925735391109,0,0,0,0,0,0,0,0,0,0,0,0,0,0,0,0,0,0,2026_27,J1,明治安田J1リーグ,j1,32.0,2027-04-29,,kasw,FCtk,unplayed,2026_27-j1-32-kasw-vs-FCtk,20260812_074327,2026_27_j1,weekly_prediction_snapshot
2026_27,32,2027-04-29,ka-f,0-0,mito,Ajinomoto Stadium,0,0,6.0,5.5,357.7,4-2-3-1,3-4-2-1,6.0,8.0,-2.0,0.0,0.0,1552.3375348771292,1490.2875056389225,62.05002923820666,19.05,10.8,8.25,114.0,80.0,25.0,7.5,7.0,4.0,1.501,1.947,57.3,51.3,42.8,54.0,0.0,0.0,0,0,14.657894736842104,4.947368421052632,10.235294117647058,1.911764705882353,1.2352941176470589,0.3235294117647059,578.9705882352941,11.552631578947368,15.68421052631579,13.617647058823527,20.294117647058822,18.94117647058824,20.0,9.794117647058824,2.2058823529411766,13.588235294117649,1.1470588235294117,0.088235294117647,54.9,14.078947368421051,17.5,32.47058823529412,1.6473684210526316,1.052941176470588,111.0,157.0,42.0,70.0,44.0,82.0,10.6,3.1,11.25,0.95,1.8,0.1,427.6,10.8,11.647058823529411,11.3,19.55,14.4,18.6,10.15,1.6,13.3,1.55,0.3,2.54,8.3,14.15,30.25,0.975,1.33,5.9,6.35,35.0,64.0,38.0,72.0,0.0,4.0,3.0,3.0,4.0,4.0,2.0,-1.0,2.0,2.0,4_vs_3,0.1764705882352941,0.0294117647058823,0.3421052631578947,0.4117647058823529,0.131578947368421,0.3529411764705882,0.0294117647058823,0.088235294117647,0.1764705882352941,0.1176470588235294,51.0,63.0,59.0,53.0,51.0,41.0,73.0,53.0,0.0526315789473684,0.0,0.2105263157894736,0.2105263157894736,0.0588235294117647,0.1842105263157894,0.0,0.0588235294117647,0.1052631578947368,0.0294117647058823,45.0,44.0,47.0,44.0,45.0,44.5,44.0,44.0,0.45,0.0350346020761245,0.4,0.00721153846153845,0,0,0,0,0,0,0,0,0,0,0,0,0,0,0,0,0,0,2026_27,J1,明治安田J1リーグ,j1,32.0,2027-04-29,,ka-f,mito,unplayed,2026_27-j1-32-ka-f-vs-mito,20260812_074327,2026_27_j1,weekly_prediction_snapshot
2026_27,32,2027-04-29,y-fm,0-0,nago,Ajinomoto Stadium,0,0,6.0,7.0,230.3,4-2-3-1,3-4-2-1,6.0,9.0,-3.0,0.0,0.0,1553.7084627416564,1519.4628165308918,34.24564621076456,14.1,13.35,0.75,0.0,120.0,24.0,25.0,7.0,7.0,1.416,1.037,42.2,48.6,65.3,42.5,0.0,0.0,0,0,15.705882352941176,5.205882352941177,12.676470588235292,2.0294117647058822,1.1764705882352942,0.2647058823529412,607.2647058823529,11.852941176470589,17.205882352941178,18.294117647058822,18.647058823529413,16.973684210526315,19.11764705882353,11.842105263157896,1.5294117647058822,11.078947368421051,1.1842105263157894,0.0789473684210526,57.9,14.882352941176473,15.921052631578949,33.026315789473685,1.8088235294117647,1.3558823529411763,118.0,184.0,48.0,89.0,44.0,90.0,11.205882352941176,3.8947368421052633,11.735294117647058,1.1578947368421053,1.0294117647058822,0.3823529411764705,403.1764705882353,11.676470588235292,10.705882352941176,13.441176470588236,21.647058823529413,18.58823529411765,18.94117647058824,10.176470588235292,1.7941176470588236,14.763157894736842,1.0,0.0588235294117647,46.2,8.973684210526315,17.294117647058822,30.289473684210527,1.1823529411764706,1.1176470588235294,114.0,155.0,39.0,74.0,48.0,79.0,0.0,4.0,3.0,3.0,3.0,6.0,1.0,-1.0,2.0,2.0,4_vs_3,0.0,0.0,0.0,0.0,0.0,0.0,0.0,0.0,0.0,0.0,0.0,0.0,0.0,0.0,0.0,0.0,0.0,0.0,0.0588235294117647,0.0294117647058823,0.2647058823529412,0.2058823529411764,0.0294117647058823,0.1842105263157894,0.0,0.1052631578947368,0.1470588235294117,0.0526315789473684,51.0,50.0,38.0,45.0,47.0,44.0,43.0,46.0,0.5,0.0339335180055401,0.5,0.0289285714285714,0,0,0,0,0,0,0,0,0,0,0,0,0,0,0,0,0,0,2026_27,J1,明治安田J1リーグ,j1,32.0,2027-04-29,,y-fm,nago,unplayed,2026_27-j1-32-y-fm-vs-nago,20260812_074327,2026_27_j1,weekly_prediction_snapshot
2026_27,32,2027-04-29,shim,0-0,okay,Ajinomoto Stadium,0,0,7.0,6.0,0.0,4-1-2-3,3-4-2-1,13.0,9.0,4.0,0.0,1.0,1477.4441154138574,1494.8528330726735,-17.40871765881616,13.83,10.48,3.3499999999999996,78.0,127.0,19.0,18.0,5.0,6.0,1.52,2.493,57.5,34.7,63.2,61.0,0.0,0.0,0,0,11.342105263157896,3.5,12.0,0.9736842105263158,1.4210526315789471,0.1176470588235294,407.60526315789474,9.157894736842104,8.421052631578947,13.342105263157896,21.47058823529412,15.263157894736842,19.07894736842105,8.894736842105264,1.9705882352941173,12.176470588235292,0.631578947368421,0.0263157894736842,43.5,8.973684210526315,14.052631578947368,29.44736842105263,1.0578947368421054,1.0842105263157895,113.0,156.0,39.0,71.0,49.0,83.0,0.0,0.0,0.0,0.0,0.0,0.0,0.0,0.0,0.0,0.0,0.0,0.0,0.0,0.0,0.0,0.0,0.0,0.0,0.0,0.0,0.0,0.0,0.0,0.0,0.0,0.0,0.0,0.0,0.0,0.0,0.0,4.0,4.0,2.0,3.0,6.0,1.0,0.0,2.0,2.0,4_vs_3,0.0,0.0,0.3421052631578947,0.2105263157894736,0.0,0.131578947368421,0.0,0.0526315789473684,0.088235294117647,0.088235294117647,35.0,34.0,47.0,47.0,36.0,44.0,42.0,53.0,0.0,0.0,0.0,0.0,0.0,0.0,0.0,0.0,0.0,0.0,0.0,0.0,0.0,0.0,0.0,0.0,0.0,0.0,0.5294117647058824,0.0381752077562327,0.5,0.0225,0,0,0,0,0,0,0,0,0,0,0,0,0,0,0,0,0,0,2026_27,J1,明治安田J1リーグ,j1,32.0,2027-04-29,,shim,okay,unplayed,2026_27-j1-32-shim-vs-okay,20260812_074327,2026_27_j1,weekly_prediction_snapshot
2026_27,32,2027-04-29,kyot,0-0,g-os,Ajinomoto Stadium,0,0,7.0,6.0,383.2,4-2-3-1,4-2-3-1,11.5,12.0,-0.5,0.0,0.0,1482.0426018308194,1486.29287547773,-4.2502736469105,14.98,15.35,-0.3699999999999992,127.5,85.0,18.5,20.0,5.5,6.0,0.847,1.038,51.4,42.9,57.9,28.6,0.0,0.0,0,0,11.911764705882351,3.176470588235294,12.823529411764708,1.05,1.3235294117647058,0.2352941176470588,337.52941176470586,10.441176470588236,10.43498452012384,13.5,23.7,17.15,21.15,13.205882352941176,1.3,17.8,1.5263157894736843,0.0789473684210526,46.2,10.0,15.8,33.94117647058823,1.1588235294117646,1.4352941176470588,113.0,133.0,27.0,53.0,36.5,80.0,12.763157894736842,4.088235294117647,14.911764705882351,1.1176470588235294,1.2894736842105263,0.3421052631578947,473.8157894736842,9.470588235294118,10.794117647058824,13.058823529411764,23.029411764705884,17.13157894736842,20.289473684210527,11.558823529411764,1.7941176470588236,17.676470588235293,1.0526315789473684,0.0294117647058823,48.1,11.176470588235292,16.91176470588235,31.789473684210527,1.2352941176470589,1.576470588235294,113.0,157.0,38.0,67.0,50.0,83.0,0.0,4.0,3.0,3.0,4.0,4.0,2.0,-2.0,2.0,2.0,4_vs_4,0.0278637770897832,0.0,0.2376160990712074,0.2105263157894736,0.0704334365325076,0.0588235294117647,0.0,0.0719814241486068,0.1176470588235294,0.0147058823529411,56.0,35.5,54.5,60.0,56.0,46.0,36.0,38.0,0.131578947368421,0.0263157894736842,0.2631578947368421,0.1764705882352941,0.0588235294117647,0.1764705882352941,0.0263157894736842,0.1470588235294117,0.1470588235294117,0.0294117647058823,41.0,45.0,49.0,49.0,43.0,47.0,55.0,47.0,0.5,0.049528879425073155,0.4473684210526316,0.0339335180055401,0,0,0,0,0,0,0,0,0,0,0,0,0,0,0,0,0,0,2026_27,J1,明治安田J1リーグ,j1,32.0,2027-04-29,,kyot,g-os,unplayed,2026_27-j1-32-kyot-vs-g-os,20260812_074327,2026_27_j1,weekly_prediction_snapshot
2026_27,32,2027-04-29,c-os,0-0,ngsk,Ajinomoto Stadium,0,0,7.0,6.5,357.7,3-4-2-1,3-4-2-1,7.0,7.0,0.0,0.0,0.0,1510.635587565086,1482.2412986905829,28.394288874503218,12.5,13.75,-1.25,99.0,80.0,23.0,12.0,7.0,6.0,0.595,1.515,39.0,36.8,57.0,48.6,0.0,0.0,0,0,13.394736842105264,3.868421052631579,12.18421052631579,1.236842105263158,1.1764705882352942,0.2894736842105263,455.8157894736842,10.823529411764708,11.105263157894736,15.289473684210526,20.5,15.5,18.38235294117647,9.157894736842104,1.605263157894737,13.941176470588236,0.7368421052631579,0.0294117647058823,50.4,10.763157894736842,15.441176470588236,31.88235294117647,1.258823529411765,1.1973684210526316,114.0,129.0,41.0,62.0,48.0,66.0,10.4,3.3,14.25,1.05,1.4,0.2,388.0,9.45,11.647058823529411,9.35,25.9,14.65,19.7,9.45,2.3,15.25,1.1,0.05,2.38,8.4,14.1,31.8,1.175,1.575,5.65,6.7,35.0,64.0,38.0,72.0,0.0,4.0,4.0,2.0,3.0,6.0,1.0,-1.0,2.0,2.0,3_vs_3,0.088235294117647,0.0,0.2894736842105263,0.2894736842105263,0.0526315789473684,0.2368421052631578,0.0294117647058823,0.0789473684210526,0.088235294117647,0.0588235294117647,56.0,45.0,45.0,49.0,46.0,44.0,50.0,55.0,0.0526315789473684,0.0,0.2105263157894736,0.2105263157894736,0.0588235294117647,0.1842105263157894,0.0,0.0588235294117647,0.1052631578947368,0.0294117647058823,45.0,44.0,47.0,44.0,45.0,44.5,44.0,44.0,0.5,0.0280470914127423,0.475,0.0197403846153846,0,0,0,0,0,0,0,0,0,0,0,0,0,0,0,0,0,0,2026_27,J1,明治安田J1リーグ,j1,32.0,2027-04-29,,c-os,ngsk,unplayed,2026_27-j1-32-c-os-vs-ngsk,20260812_074327,2026_27_j1,weekly_prediction_snapshot
2026_27,32,2027-04-29,fuku,0-0,tk-v,Ajinomoto Stadium,0,0,7.0,6.0,0.0,3-4-2-1,3-4-2-1,10.0,13.0,-3.0,0.0,0.0,1502.0577783078763,1507.9523244100073,-5.894546102131017,12.03,9.33,2.6999999999999993,113.0,118.5,19.0,21.0,5.0,7.0,0.769,2.064,50.0,48.1,48.6,42.7,0.0,0.0,0,0,10.5,3.176470588235294,11.157894736842104,0.868421052631579,1.0,0.3235294117647059,336.8684210526316,10.529411764705882,9.657894736842104,14.052631578947368,24.61764705882353,19.529411764705884,18.44117647058824,13.058823529411764,1.6176470588235294,18.61764705882353,1.4411764705882353,0.0263157894736842,42.7,8.368421052631579,17.5,32.28947368421053,1.0558823529411765,1.0323529411764707,109.0,120.0,26.0,52.0,38.0,67.0,9.2,2.65,9.8,1.0,1.3,0.3,353.25,8.25,6.052631578947368,10.2,22.1,18.05263157894737,18.710526315789476,11.05,1.4,16.05,1.0,0.0,2.2,7.4,14.3,26.8,0.8400000000000001,1.065,5.95,7.2,15.0,26.5,19.0,33.5,0.0,3.0,6.0,1.0,3.0,6.0,1.0,0.0,2.0,2.0,3_vs_3,0.0526315789473684,0.0263157894736842,0.2105263157894736,0.2105263157894736,0.0263157894736842,0.2058823529411764,0.0,0.0263157894736842,0.0789473684210526,0.0263157894736842,42.0,45.0,44.0,47.0,54.0,51.0,40.0,34.0,0.0789473684210526,0.0394736842105263,0.1973684210526315,0.0789473684210526,0.0657894736842105,0.0789473684210526,0.0,0.0789473684210526,0.0394736842105263,0.0131578947368421,22.5,22.5,23.0,19.5,22.5,21.0,22.0,25.0,0.45,0.0218144044321329,0.48684210526315785,0.027239150507848503,0,0,0,0,0,0,0,0,0,0,0,0,0,0,0,0,0,0,2026_27,J1,明治安田J1リーグ,j1,32.0,2027-04-29,,fuku,tk-v,unplayed,2026_27-j1-32-fuku-vs-tk-v,20260812_074327,2026_27_j1,weekly_prediction_snapshot
2026_27,33,2027-05-03,mito,0-0,fuku,Ajinomoto Stadium,0,0,7.0,7.0,843.1,3-4-2-1,3-4-2-1,9.0,10.0,-1.0,1.0,0.0,1481.3682664890543,1504.43640562365,-23.06813913459564,10.8,12.03,-1.2299999999999986,82.0,121.0,10.5,21.0,3.5,7.0,1.947,0.769,42.8,54.0,50.0,48.1,0.0,0.0,0,0,10.6,3.1,11.25,0.95,1.8,0.1,427.6,10.8,11.647058823529411,11.3,19.55,14.4,18.6,10.15,1.6,13.3,1.55,0.3,2.54,8.3,14.15,30.25,0.975,1.33,5.9,6.35,35.0,64.0,38.0,72.0,10.5,3.176470588235294,11.157894736842104,0.868421052631579,1.0,0.3235294117647059,336.8684210526316,10.529411764705882,9.657894736842104,14.052631578947368,24.61764705882353,19.529411764705884,18.44117647058824,13.058823529411764,1.6176470588235294,18.61764705882353,1.4411764705882353,0.0263157894736842,42.7,8.368421052631579,17.5,32.28947368421053,1.0558823529411765,1.0323529411764707,109.0,120.0,26.0,52.0,38.0,67.0,0.0,4.0,4.0,2.0,3.0,6.0,1.0,-0.5,2.0,2.0,3_vs_3,0.0526315789473684,0.0,0.2105263157894736,0.2105263157894736,0.0588235294117647,0.1842105263157894,0.0,0.0588235294117647,0.1052631578947368,0.0294117647058823,45.0,44.0,47.0,44.0,45.0,44.5,44.0,44.0,0.0526315789473684,0.0263157894736842,0.2105263157894736,0.2105263157894736,0.0263157894736842,0.2058823529411764,0.0,0.0263157894736842,0.0789473684210526,0.0263157894736842,42.0,45.0,44.0,47.0,54.0,51.0,40.0,34.0,0.55,0.01095238095238095,0.5,0.0240403640680649,0,0,0,0,0,0,0,0,0,0,0,0,0,0,0,0,0,0,2026_27,J1,明治安田J1リーグ,j1,33.0,2027-05-03,,mito,fuku,unplayed,2026_27-j1-33-mito-vs-fuku,20260812_074327,2026_27_j1,weekly_prediction_snapshot
2026_27,33,2027-05-03,FCtk,0-0,shim,Ajinomoto Stadium,0,0,7.0,7.0,222.2,4-4-2,4-1-2-3,9.0,13.0,-4.0,0.0,0.0,1502.9687564818937,1478.0354137476809,24.93334273421283,17.15,13.83,3.3199999999999985,0.0,85.0,22.0,16.0,6.0,4.0,0.998,1.52,41.1,46.9,57.5,34.7,0.0,0.0,0,0,0.0,0.0,0.0,0.0,0.0,0.0,0.0,0.0,0.0,0.0,0.0,0.0,0.0,0.0,0.0,0.0,0.0,0.0,0.0,0.0,0.0,0.0,0.0,0.0,0.0,0.0,0.0,0.0,0.0,0.0,11.342105263157896,3.5,12.0,0.9736842105263158,1.4210526315789471,0.1176470588235294,407.60526315789474,9.157894736842104,8.421052631578947,13.342105263157896,21.47058823529412,15.263157894736842,19.07894736842105,8.894736842105264,1.9705882352941173,12.176470588235292,0.631578947368421,0.0263157894736842,43.5,8.973684210526315,14.052631578947368,29.44736842105263,1.0578947368421054,1.0842105263157895,113.0,156.0,39.0,71.0,49.0,83.0,0.0,4.0,3.0,3.0,4.0,4.0,2.0,-1.0,2.0,2.0,4_vs_4,0.0,0.0,0.0,0.0,0.0,0.0,0.0,0.0,0.0,0.0,0.0,0.0,0.0,0.0,0.0,0.0,0.0,0.0,0.0,0.0,0.3421052631578947,0.2105263157894736,0.0,0.131578947368421,0.0,0.0526315789473684,0.088235294117647,0.088235294117647,35.0,34.0,47.0,47.0,36.0,44.0,42.0,53.0,0.5,0.0249307479224376,0.45,0.032,0,0,0,0,0,0,0,0,0,0,0,0,0,0,0,0,0,0,2026_27,J1,明治安田J1リーグ,j1,33.0,2027-05-03,,FCtk,shim,unplayed,2026_27-j1-33-FCtk-vs-shim,20260812_074327,2026_27_j1,weekly_prediction_snapshot
2026_27,33,2027-05-03,tk-v,0-0,c-os,Ajinomoto Stadium,0,0,7.0,6.0,385.9,3-4-2-1,3-4-2-1,13.0,8.0,5.0,0.0,0.0,1506.3841338687366,1509.1673593438288,-2.7832254750921948,9.33,12.5,-3.17,120.5,93.0,20.0,24.0,7.0,6.0,2.064,0.595,48.6,42.7,39.0,36.8,0.0,0.0,0,0,9.2,2.65,9.8,1.0,1.3,0.3,353.25,8.25,6.052631578947368,10.2,22.1,18.05263157894737,18.710526315789476,11.05,1.4,16.05,1.0,0.0,2.2,7.4,14.3,26.8,0.8400000000000001,1.065,5.95,7.2,15.0,26.5,19.0,33.5,13.394736842105264,3.868421052631579,12.18421052631579,1.236842105263158,1.1764705882352942,0.2894736842105263,455.8157894736842,10.823529411764708,11.105263157894736,15.289473684210526,20.5,15.5,18.38235294117647,9.157894736842104,1.605263157894737,13.941176470588236,0.7368421052631579,0.0294117647058823,50.4,10.763157894736842,15.441176470588236,31.88235294117647,1.258823529411765,1.1973684210526316,114.0,129.0,41.0,62.0,48.0,66.0,0.0,3.0,6.0,1.0,4.0,4.0,2.0,1.0,2.0,2.0,3_vs_3,0.0789473684210526,0.0394736842105263,0.1973684210526315,0.0789473684210526,0.0657894736842105,0.0789473684210526,0.0,0.0789473684210526,0.0394736842105263,0.0131578947368421,22.5,22.5,23.0,19.5,22.5,21.0,22.0,25.0,0.088235294117647,0.0,0.2894736842105263,0.2894736842105263,0.0526315789473684,0.2368421052631578,0.0294117647058823,0.0789473684210526,0.088235294117647,0.0588235294117647,56.0,45.0,45.0,49.0,46.0,44.0,50.0,55.0,0.48684210526315785,0.023057390439661853,0.4736842105263157,0.0293452222517966,0,0,0,0,0,0,0,0,0,0,0,0,0,0,0,0,0,0,2026_27,J1,明治安田J1リーグ,j1,33.0,2027-05-03,,tk-v,c-os,unplayed,2026_27-j1-33-tk-v-vs-c-os,20260812_074327,2026_27_j1,weekly_prediction_snapshot
2026_27,33,2027-05-03,mcd,0-0,kyot,Ajinomoto Stadium,0,0,6.0,7.0,367.5,3-4-2-1,4-2-3-1,3.0,12.0,-9.0,0.0,0.0,1539.9974199689445,1487.110875027563,52.886544941381544,18.4,14.98,3.419999999999998,0.0,110.5,27.5,17.0,8.0,6.0,1.924,0.847,53.1,58.9,51.4,42.9,0.0,0.0,0,0,11.1,3.263157894736842,10.842105263157896,1.25,0.8947368421052632,0.35,328.63157894736844,11.45,5.25,11.2,17.15,15.31578947368421,17.026315789473685,9.95,1.2,12.8,1.15,0.05,2.26,8.4,17.15,28.7,1.11,0.9605263157894736,5.9,5.65,14.0,31.0,18.0,31.5,11.911764705882351,3.176470588235294,12.823529411764708,1.05,1.3235294117647058,0.2352941176470588,337.52941176470586,10.441176470588236,10.43498452012384,13.5,23.7,17.15,21.15,13.205882352941176,1.3,17.8,1.5263157894736843,0.0789473684210526,46.2,10.0,15.8,33.94117647058823,1.1588235294117646,1.4352941176470588,113.0,133.0,27.0,53.0,36.5,80.0,0.0,3.0,6.0,1.0,4.0,3.0,3.0,1.0,2.0,2.0,3_vs_4,0.0,0.0,0.0,0.0,0.0,0.0,0.0,0.0,0.0,0.0,0.0,0.0,0.0,0.0,0.0,0.0,0.0,0.0,0.0278637770897832,0.0,0.2376160990712074,0.2105263157894736,0.0704334365325076,0.0588235294117647,0.0,0.0719814241486068,0.1176470588235294,0.0147058823529411,56.0,35.5,54.5,60.0,56.0,46.0,36.0,38.0,0.48684210526315785,0.04772884663812635,0.4705882352941176,0.03751730103806225,0,0,0,0,0,0,0,0,0,0,0,0,0,0,0,0,0,0,2026_27,J1,明治安田J1リーグ,j1,33.0,2027-05-03,,mcd,kyot,unplayed,2026_27-j1-33-mcd-vs-kyot,20260812_074327,2026_27_j1,weekly_prediction_snapshot
2026_27,33,2027-05-03,nago,0-0,chib,Ajinomoto Stadium,0,0,7.0,6.5,357.7,3-4-2-1,3-4-2-1,8.0,9.5,-1.5,0.0,0.0,1521.2102994510724,1468.4504174736203,52.759881977452096,13.35,13.3,0.049999999999998934,114.0,80.0,26.0,9.0,7.0,3.5,1.037,0.481,65.3,42.5,32.4,43.2,0.0,0.0,0,0,11.205882352941176,3.8947368421052633,11.735294117647058,1.1578947368421053,1.0294117647058822,0.3823529411764705,403.1764705882353,11.676470588235292,10.705882352941176,13.441176470588236,21.647058823529413,18.58823529411765,18.94117647058824,10.176470588235292,1.7941176470588236,14.763157894736842,1.0,0.0588235294117647,46.2,8.973684210526315,17.294117647058822,30.289473684210527,1.1823529411764706,1.1176470588235294,114.0,155.0,39.0,74.0,48.0,79.0,10.75,3.45,15.65,1.0,1.65,0.1,394.6,11.1,11.647058823529411,11.6,27.0,15.85,16.7,11.35,1.7,13.6,1.55,0.05,2.355,7.95,15.1,28.35,1.135,1.65,5.95,6.05,35.0,64.0,38.0,72.0,0.0,3.0,6.0,1.0,4.0,4.0,2.0,1.0,2.0,2.0,3_vs_3,0.0588235294117647,0.0294117647058823,0.2647058823529412,0.2058823529411764,0.0294117647058823,0.1842105263157894,0.0,0.1052631578947368,0.1470588235294117,0.0526315789473684,51.0,50.0,38.0,45.0,47.0,44.0,43.0,46.0,0.0526315789473684,0.0,0.2105263157894736,0.2105263157894736,0.0588235294117647,0.1842105263157894,0.0,0.0588235294117647,0.1052631578947368,0.0294117647058823,45.0,44.0,47.0,44.0,45.0,44.5,44.0,44.0,0.4736842105263157,0.028365650969529,0.525,0.0103854166666666,0,0,0,0,0,0,0,0,0,0,0,0,0,0,0,0,0,0,2026_27,J1,明治安田J1リーグ,j1,33.0,2027-05-03,,nago,chib,unplayed,2026_27-j1-33-nago-vs-chib,20260812_074327,2026_27_j1,weekly_prediction_snapshot
2026_27,33,2027-05-03,g-os,0-0,kasm,Ajinomoto Stadium,0,0,7.0,7.0,289.2,4-2-3-1,4-4-2,12.0,4.0,8.0,0.0,0.0,1484.87429753502,1555.0464607669046,-70.1721632318845,15.35,21.43,-6.08,93.0,88.0,20.0,32.0,5.0,8.0,1.038,2.945,57.9,28.6,51.4,57.8,0.0,0.0,0,0,12.763157894736842,4.088235294117647,14.911764705882351,1.1176470588235294,1.2894736842105263,0.3421052631578947,473.8157894736842,9.470588235294118,10.794117647058824,13.058823529411764,23.029411764705884,17.13157894736842,20.289473684210527,11.558823529411764,1.7941176470588236,17.676470588235293,1.0526315789473684,0.0294117647058823,48.1,11.176470588235292,16.91176470588235,31.789473684210527,1.2352941176470589,1.576470588235294,113.0,157.0,38.0,67.0,50.0,83.0,12.941176470588236,4.176470588235294,11.147058823529411,1.5789473684210529,1.0789473684210529,0.3947368421052631,424.11764705882354,10.852941176470589,12.264705882352942,15.078947368421051,21.91176470588235,18.68421052631579,19.97058823529412,11.894736842105264,2.0,18.81578947368421,1.411764705882353,0.0588235294117647,50.1,11.5,17.36842105263158,33.55263157894737,1.2868421052631578,1.2078947368421051,112.0,167.0,40.0,80.0,45.0,86.0,0.0,4.0,4.0,2.0,4.0,4.0,2.0,-1.0,2.0,2.0,4_vs_4,0.131578947368421,0.0263157894736842,0.2631578947368421,0.1764705882352941,0.0588235294117647,0.1764705882352941,0.0263157894736842,0.1470588235294117,0.1470588235294117,0.0294117647058823,41.0,45.0,49.0,49.0,43.0,47.0,55.0,47.0,0.0789473684210526,0.0,0.3823529411764705,0.2941176470588235,0.088235294117647,0.2631578947368421,0.0294117647058823,0.0588235294117647,0.1764705882352941,0.088235294117647,50.0,48.0,58.0,56.0,54.0,62.0,50.0,40.0,0.5,0.0373961218836565,0.5,0.0348904267589388,0,0,0,0,0,0,0,0,0,0,0,0,0,0,0,0,0,0,2026_27,J1,明治安田J1リーグ,j1,33.0,2027-05-03,,g-os,kasm,unplayed,2026_27-j1-33-g-os-vs-kasm,20260812_074327,2026_27_j1,weekly_prediction_snapshot
2026_27,33,2027-05-03,kobe,0-0,kasw,Ajinomoto Stadium,0,0,6.0,7.0,242.7,4-1-2-3,3-4-2-1,4.0,10.0,-6.0,0.0,0.0,1568.2524919881544,1481.948214723065,86.30427726508947,16.6,17.85,-1.25,93.0,96.0,26.0,19.0,8.0,6.0,1.011,1.09,51.9,50.0,46.0,57.2,0.0,0.0,0,0,12.411764705882351,4.176470588235294,11.852941176470589,1.605263157894737,0.9473684210526316,0.3421052631578947,518.9411764705883,11.470588235294118,12.411764705882351,14.235294117647058,21.86842105263158,16.794117647058822,18.473684210526315,9.911764705882351,2.210526315789474,16.92105263157895,0.9736842105263158,0.0294117647058823,53.7,11.382352941176473,16.605263157894736,31.94117647058824,1.3941176470588237,1.1088235294117648,113.0,163.0,42.0,70.0,44.0,88.0,12.552631578947368,4.0588235294117645,11.382352941176473,1.0263157894736843,1.3529411764705883,0.2105263157894736,422.1315789473685,9.941176470588236,13.263157894736842,14.588235294117649,22.647058823529413,17.794117647058822,19.92105263157895,12.676470588235292,1.7352941176470589,16.441176470588236,1.588235294117647,0.0526315789473684,46.0,11.473684210526317,15.205882352941176,32.44117647058823,1.2289473684210528,1.181578947368421,113.0,163.0,39.0,80.0,47.0,82.0,0.0,4.0,3.0,3.0,3.0,5.0,2.0,-1.0,2.0,2.0,4_vs_3,0.0789473684210526,0.0263157894736842,0.2941176470588235,0.3823529411764705,0.1052631578947368,0.2105263157894736,0.0789473684210526,0.0789473684210526,0.1052631578947368,0.0294117647058823,57.0,56.0,47.0,43.0,45.0,39.0,54.0,61.0,0.0526315789473684,0.0,0.1842105263157894,0.2105263157894736,0.2058823529411764,0.1842105263157894,0.0588235294117647,0.0588235294117647,0.1764705882352941,0.0588235294117647,50.0,43.0,54.0,45.0,55.0,63.0,43.0,43.0,0.5,0.0472372065898819,0.4705882352941176,0.0282583621683967,0,0,0,0,0,0,0,0,0,0,0,0,0,0,0,0,0,0,2026_27,J1,明治安田J1リーグ,j1,33.0,2027-05-03,,kobe,kasw,unplayed,2026_27-j1-33-kobe-vs-kasw,20260812_074327,2026_27_j1,weekly_prediction_snapshot
2026_27,33,2027-05-03,okay,0-0,ka-f,Ajinomoto Stadium,0,0,7.0,7.0,233.7,3-4-2-1,4-2-3-1,9.0,6.0,3.0,0.0,0.0,1499.4001333498045,1554.9684351975595,-55.56830184775504,10.48,19.05,-8.57,100.0,127.0,18.0,26.0,6.0,8.0,2.493,1.501,63.2,61.0,57.3,51.3,0.0,0.0,0,0,0.0,0.0,0.0,0.0,0.0,0.0,0.0,0.0,0.0,0.0,0.0,0.0,0.0,0.0,0.0,0.0,0.0,0.0,0.0,0.0,0.0,0.0,0.0,0.0,0.0,0.0,0.0,0.0,0.0,0.0,14.657894736842104,4.947368421052632,10.235294117647058,1.911764705882353,1.2352941176470589,0.3235294117647059,578.9705882352941,11.552631578947368,15.68421052631579,13.617647058823527,20.294117647058822,18.94117647058824,20.0,9.794117647058824,2.2058823529411766,13.588235294117649,1.1470588235294117,0.088235294117647,54.9,14.078947368421051,17.5,32.47058823529412,1.6473684210526316,1.052941176470588,111.0,157.0,42.0,70.0,44.0,82.0,0.0,3.0,6.0,1.0,4.0,3.0,3.0,1.0,2.0,2.0,3_vs_4,0.0,0.0,0.0,0.0,0.0,0.0,0.0,0.0,0.0,0.0,0.0,0.0,0.0,0.0,0.0,0.0,0.0,0.0,0.1764705882352941,0.0294117647058823,0.3421052631578947,0.4117647058823529,0.131578947368421,0.3529411764705882,0.0294117647058823,0.088235294117647,0.1764705882352941,0.1176470588235294,51.0,63.0,59.0,53.0,51.0,41.0,73.0,53.0,0.4473684210526316,0.0279316712834718,0.5,0.032840909090909,0,0,0,0,0,0,0,0,0,0,0,0,0,0,0,0,0,0,2026_27,J1,明治安田J1リーグ,j1,33.0,2027-05-03,,okay,ka-f,unplayed,2026_27-j1-33-okay-vs-ka-f,20260812_074327,2026_27_j1,weekly_prediction_snapshot
2026_27,33,2027-05-03,hiro,0-0,uraw,Ajinomoto Stadium,0,0,7.0,7.0,234.7,3-4-2-1,4-1-2-3,6.0,8.0,-2.0,0.0,0.0,1537.0103290322477,1527.74338246438,9.266946567867762,19.05,14.0,5.050000000000001,113.0,99.0,26.0,25.0,7.0,7.0,2.689,2.553,56.8,67.6,71.4,42.1,0.0,0.0,0,0,14.705882352941176,4.676470588235294,10.921052631578949,1.3529411764705883,1.105263157894737,0.3235294117647059,481.1470588235294,10.470588235294118,14.705882352941176,16.764705882352942,18.352941176470587,18.657894736842103,18.647058823529413,11.794117647058824,1.7352941176470589,16.86842105263158,0.9117647058823528,0.0294117647058823,49.5,13.117647058823527,18.176470588235293,33.3235294117647,1.4088235294117646,1.068421052631579,112.0,164.0,40.0,76.0,46.0,87.0,12.029411764705882,3.941176470588235,12.578947368421051,1.2647058823529411,1.1470588235294117,0.3157894736842105,486.5,9.973684210526317,13.205882352941176,12.86842105263158,20.91176470588235,17.735294117647058,19.23529411764705,10.105263157894736,1.763157894736842,13.894736842105264,1.105263157894737,0.0294117647058823,52.7,10.558823529411764,16.81578947368421,30.47058823529412,1.363157894736842,1.1823529411764706,111.0,163.0,39.0,78.0,45.0,83.0,0.0,3.0,6.0,1.0,4.0,5.0,1.0,1.0,2.0,2.0,3_vs_4,0.1052631578947368,0.0526315789473684,0.3421052631578947,0.2941176470588235,0.1764705882352941,0.2352941176470588,0.0526315789473684,0.088235294117647,0.1176470588235294,0.0294117647058823,72.0,60.0,54.0,66.0,74.0,62.0,54.0,41.0,0.1842105263157894,0.0294117647058823,0.2352941176470588,0.2352941176470588,0.1176470588235294,0.2368421052631578,0.0263157894736842,0.0526315789473684,0.1470588235294117,0.0263157894736842,46.0,43.0,52.0,42.0,42.0,45.0,53.0,63.0,0.5,0.0223059812160158,0.5,0.0208333333333333,0,0,0,0,0,0,0,0,0,0,0,0,0,0,0,0,0,0,2026_27,J1,明治安田J1リーグ,j1,33.0,2027-05-03,,hiro,uraw,unplayed,2026_27-j1-33-hiro-vs-uraw,20260812_074327,2026_27_j1,weekly_prediction_snapshot
2026_27,33,2027-05-03,ngsk,0-0,y-fm,Ajinomoto Stadium,0,0,7.0,7.0,230.3,3-4-2-1,4-2-3-1,8.5,7.0,1.5,0.5,0.0,1486.5869419238666,1570.7264926415494,-84.13955071768282,13.75,14.1,-0.34999999999999964,82.0,0.0,12.0,24.0,4.0,7.0,1.515,1.416,57.0,48.6,42.2,48.6,0.0,0.0,0,0,10.4,3.3,14.25,1.05,1.4,0.2,388.0,9.45,11.647058823529411,9.35,25.9,14.65,19.7,9.45,2.3,15.25,1.1,0.05,2.38,8.4,14.1,31.8,1.175,1.575,5.65,6.7,35.0,64.0,38.0,72.0,15.705882352941176,5.205882352941177,12.676470588235292,2.0294117647058822,1.1764705882352942,0.2647058823529412,607.2647058823529,11.852941176470589,17.205882352941178,18.294117647058822,18.647058823529413,16.973684210526315,19.11764705882353,11.842105263157896,1.5294117647058822,11.078947368421051,1.1842105263157894,0.0789473684210526,57.9,14.882352941176473,15.921052631578949,33.026315789473685,1.8088235294117647,1.3558823529411763,118.0,184.0,48.0,89.0,44.0,90.0,0.0,3.0,6.0,1.0,4.0,3.0,3.0,0.5,2.0,2.0,3_vs_4,0.0526315789473684,0.0,0.2105263157894736,0.2105263157894736,0.0588235294117647,0.1842105263157894,0.0,0.0588235294117647,0.1052631578947368,0.0294117647058823,45.0,44.0,47.0,44.0,45.0,44.5,44.0,44.0,0.0,0.0,0.0,0.0,0.0,0.0,0.0,0.0,0.0,0.0,0.0,0.0,0.0,0.0,0.0,0.0,0.0,0.0,0.47500000000000003,0.02306318681318675,0.4736842105263157,0.0339335180055401,0,0,0,0,0,0,0,0,0,0,0,0,0,0,0,0,0,0,2026_27,J1,明治安田J1リーグ,j1,33.0,2027-05-03,,ngsk,y-fm,unplayed,2026_27-j1-33-ngsk-vs-y-fm,20260812_074327,2026_27_j1,weekly_prediction_snapshot
2026_27,34,2027-05-09,kasm,0-0,ka-f,Ajinomoto Stadium,0,0,7.0,7.0,233.7,4-4-2,4-2-3-1,4.0,6.0,-2.0,0.0,0.0,1556.0187819361674,1554.9684351975595,1.0503467386079137,21.43,19.05,2.379999999999999,86.0,127.0,30.0,26.0,9.0,8.0,2.945,1.501,51.4,57.8,57.3,51.3,0.0,0.0,0,0,12.941176470588236,4.176470588235294,11.147058823529411,1.5789473684210529,1.0789473684210529,0.3947368421052631,424.11764705882354,10.852941176470589,12.264705882352942,15.078947368421051,21.91176470588235,18.68421052631579,19.97058823529412,11.894736842105264,2.0,18.81578947368421,1.411764705882353,0.0588235294117647,50.1,11.5,17.36842105263158,33.55263157894737,1.2868421052631578,1.2078947368421051,112.0,167.0,40.0,80.0,45.0,86.0,14.657894736842104,4.947368421052632,10.235294117647058,1.911764705882353,1.2352941176470589,0.3235294117647059,578.9705882352941,11.552631578947368,15.68421052631579,13.617647058823527,20.294117647058822,18.94117647058824,20.0,9.794117647058824,2.2058823529411766,13.588235294117649,1.1470588235294117,0.088235294117647,54.9,14.078947368421051,17.5,32.47058823529412,1.6473684210526316,1.052941176470588,111.0,157.0,42.0,70.0,44.0,82.0,0.0,4.0,4.0,2.0,4.0,3.0,3.0,-1.0,2.0,2.0,4_vs_4,0.0789473684210526,0.0,0.3823529411764705,0.2941176470588235,0.088235294117647,0.2631578947368421,0.0294117647058823,0.0588235294117647,0.1764705882352941,0.088235294117647,50.0,48.0,58.0,56.0,54.0,62.0,50.0,40.0,0.1764705882352941,0.0294117647058823,0.3421052631578947,0.4117647058823529,0.131578947368421,0.3529411764705882,0.0294117647058823,0.088235294117647,0.1764705882352941,0.1176470588235294,51.0,63.0,59.0,53.0,51.0,41.0,73.0,53.0,0.4705882352941176,0.0353474145891043,0.5,0.032840909090909,0,0,0,0,0,0,0,0,0,0,0,0,0,0,0,0,0,0,2026_27,J1,明治安田J1リーグ,j1,34.0,2027-05-09,,kasm,ka-f,unplayed,2026_27-j1-34-kasm-vs-ka-f,20260812_074327,2026_27_j1,weekly_prediction_snapshot
2026_27,34,2027-05-09,mito,0-0,okay,Ajinomoto Stadium,0,0,7.0,6.0,0.0,3-4-2-1,3-4-2-1,9.0,9.0,0.0,1.0,1.0,1481.3682664890543,1494.8528330726735,-13.484566583619198,10.8,10.48,0.3200000000000003,82.0,127.0,10.5,18.0,3.5,6.0,1.947,2.493,42.8,54.0,63.2,61.0,0.0,0.0,0,0,10.6,3.1,11.25,0.95,1.8,0.1,427.6,10.8,11.647058823529411,11.3,19.55,14.4,18.6,10.15,1.6,13.3,1.55,0.3,2.54,8.3,14.15,30.25,0.975,1.33,5.9,6.35,35.0,64.0,38.0,72.0,0.0,0.0,0.0,0.0,0.0,0.0,0.0,0.0,0.0,0.0,0.0,0.0,0.0,0.0,0.0,0.0,0.0,0.0,0.0,0.0,0.0,0.0,0.0,0.0,0.0,0.0,0.0,0.0,0.0,0.0,0.0,4.0,4.0,2.0,3.0,6.0,1.0,-0.5,2.0,2.0,3_vs_3,0.0526315789473684,0.0,0.2105263157894736,0.2105263157894736,0.0588235294117647,0.1842105263157894,0.0,0.0588235294117647,0.1052631578947368,0.0294117647058823,45.0,44.0,47.0,44.0,45.0,44.5,44.0,44.0,0.0,0.0,0.0,0.0,0.0,0.0,0.0,0.0,0.0,0.0,0.0,0.0,0.0,0.0,0.0,0.0,0.0,0.0,0.55,0.01095238095238095,0.5,0.0225,0,0,0,0,0,0,0,0,0,0,0,0,0,0,0,0,0,0,2026_27,J1,明治安田J1リーグ,j1,34.0,2027-05-09,,mito,okay,unplayed,2026_27-j1-34-mito-vs-okay,20260812_074327,2026_27_j1,weekly_prediction_snapshot
2026_27,34,2027-05-09,uraw,0-0,kobe,Ajinomoto Stadium,0,0,6.0,7.0,412.8,4-1-2-3,4-1-2-3,8.0,4.0,4.0,0.0,0.0,1527.1329713906612,1568.9211136856622,-41.78814229500108,14.0,16.6,-2.6000000000000014,93.0,96.0,24.0,27.0,7.0,9.0,2.553,1.011,71.4,42.1,51.9,50.0,0.0,0.0,0,0,12.029411764705882,3.941176470588235,12.578947368421051,1.2647058823529411,1.1470588235294117,0.3157894736842105,486.5,9.973684210526317,13.205882352941176,12.86842105263158,20.91176470588235,17.735294117647058,19.23529411764705,10.105263157894736,1.763157894736842,13.894736842105264,1.105263157894737,0.0294117647058823,52.7,10.558823529411764,16.81578947368421,30.47058823529412,1.363157894736842,1.1823529411764706,111.0,163.0,39.0,78.0,45.0,83.0,12.411764705882351,4.176470588235294,11.852941176470589,1.605263157894737,0.9473684210526316,0.3421052631578947,518.9411764705883,11.470588235294118,12.411764705882351,14.235294117647058,21.86842105263158,16.794117647058822,18.473684210526315,9.911764705882351,2.210526315789474,16.92105263157895,0.9736842105263158,0.0294117647058823,53.7,11.382352941176473,16.605263157894736,31.94117647058824,1.3941176470588237,1.1088235294117648,113.0,163.0,42.0,70.0,44.0,88.0,0.0,4.0,5.0,1.0,4.0,3.0,3.0,0.0,2.0,2.0,4_vs_4,0.1842105263157894,0.0294117647058823,0.2352941176470588,0.2352941176470588,0.1176470588235294,0.2368421052631578,0.0263157894736842,0.0526315789473684,0.1470588235294117,0.0263157894736842,46.0,43.0,52.0,42.0,42.0,45.0,53.0,63.0,0.0789473684210526,0.0263157894736842,0.2941176470588235,0.3823529411764705,0.1052631578947368,0.2105263157894736,0.0789473684210526,0.0789473684210526,0.1052631578947368,0.0294117647058823,57.0,56.0,47.0,43.0,45.0,39.0,54.0,61.0,0.4705882352941176,0.0207612456747404,0.4736842105263157,0.0423875432525951,0,0,0,0,0,0,0,0,0,0,0,0,0,0,0,0,0,0,2026_27,J1,明治安田J1リーグ,j1,34.0,2027-05-09,,uraw,kobe,unplayed,2026_27-j1-34-uraw-vs-kobe,20260812_074327,2026_27_j1,weekly_prediction_snapshot
2026_27,34,2027-05-09,chib,0-0,shim,Ajinomoto Stadium,0,0,7.0,7.0,222.2,3-4-2-1,4-1-2-3,10.0,13.0,-3.0,0.0,0.0,1469.3397806394082,1478.0354137476809,-8.69563310827266,13.3,13.83,-0.5299999999999994,82.0,85.0,6.5,16.0,3.0,4.0,0.481,1.52,32.4,43.2,57.5,34.7,0.0,0.0,0,0,10.75,3.45,15.65,1.0,1.65,0.1,394.6,11.1,11.647058823529411,11.6,27.0,15.85,16.7,11.35,1.7,13.6,1.55,0.05,2.355,7.95,15.1,28.35,1.135,1.65,5.95,6.05,35.0,64.0,38.0,72.0,11.342105263157896,3.5,12.0,0.9736842105263158,1.4210526315789471,0.1176470588235294,407.60526315789474,9.157894736842104,8.421052631578947,13.342105263157896,21.47058823529412,15.263157894736842,19.07894736842105,8.894736842105264,1.9705882352941173,12.176470588235292,0.631578947368421,0.0263157894736842,43.5,8.973684210526315,14.052631578947368,29.44736842105263,1.0578947368421054,1.0842105263157895,113.0,156.0,39.0,71.0,49.0,83.0,0.0,4.0,4.0,2.0,4.0,4.0,2.0,-0.5,2.0,2.0,3_vs_4,0.0526315789473684,0.0,0.2105263157894736,0.2105263157894736,0.0588235294117647,0.1842105263157894,0.0,0.0588235294117647,0.1052631578947368,0.0294117647058823,45.0,44.0,47.0,44.0,45.0,44.5,44.0,44.0,0.0,0.0,0.3421052631578947,0.2105263157894736,0.0,0.131578947368421,0.0,0.0526315789473684,0.088235294117647,0.088235294117647,35.0,34.0,47.0,47.0,36.0,44.0,42.0,53.0,0.42500000000000004,0.0081944444444444,0.45,0.032,0,0,0,0,0,0,0,0,0,0,0,0,0,0,0,0,0,0,2026_27,J1,明治安田J1リーグ,j1,34.0,2027-05-09,,chib,shim,unplayed,2026_27-j1-34-chib-vs-shim,20260812_074327,2026_27_j1,weekly_prediction_snapshot
2026_27,34,2027-05-09,kasw,0-0,mcd,Ajinomoto Stadium,0,0,6.0,7.0,145.05,3-4-2-1,3-4-2-1,10.0,3.0,7.0,0.0,0.0,1475.6111733703474,1541.9609084585081,-66.34973508816074,17.85,18.4,-0.5499999999999972,101.0,0.0,19.0,24.5,6.0,8.0,1.09,1.924,46.0,57.2,53.1,58.9,0.0,0.0,0,0,12.552631578947368,4.0588235294117645,11.382352941176473,1.0263157894736843,1.3529411764705883,0.2105263157894736,422.1315789473685,9.941176470588236,13.263157894736842,14.588235294117649,22.647058823529413,17.794117647058822,19.92105263157895,12.676470588235292,1.7352941176470589,16.441176470588236,1.588235294117647,0.0526315789473684,46.0,11.473684210526317,15.205882352941176,32.44117647058823,1.2289473684210528,1.181578947368421,113.0,163.0,39.0,80.0,47.0,82.0,11.1,3.263157894736842,10.842105263157896,1.25,0.8947368421052632,0.35,328.63157894736844,11.45,5.25,11.2,17.15,15.31578947368421,17.026315789473685,9.95,1.2,12.8,1.15,0.05,2.26,8.4,17.15,28.7,1.11,0.9605263157894736,5.9,5.65,14.0,31.0,18.0,31.5,0.0,3.0,5.0,2.0,3.0,6.0,1.0,1.0,2.0,2.0,3_vs_3,0.0526315789473684,0.0,0.1842105263157894,0.2105263157894736,0.2058823529411764,0.1842105263157894,0.0588235294117647,0.0588235294117647,0.1764705882352941,0.0588235294117647,50.0,43.0,54.0,45.0,55.0,63.0,43.0,43.0,0.0,0.0,0.0,0.0,0.0,0.0,0.0,0.0,0.0,0.0,0.0,0.0,0.0,0.0,0.0,0.0,0.0,0.0,0.5,0.0292387543252595,0.475,0.03670329670329665,0,0,0,0,0,0,0,0,0,0,0,0,0,0,0,0,0,0,2026_27,J1,明治安田J1リーグ,j1,34.0,2027-05-09,,kasw,mcd,unplayed,2026_27-j1-34-kasw-vs-mcd,20260812_074327,2026_27_j1,weekly_prediction_snapshot
2026_27,34,2027-05-09,FCtk,0-0,tk-v,Ajinomoto Stadium,0,0,7.0,6.0,0.0,4-4-2,3-4-2-1,9.0,13.0,-4.0,0.0,0.0,1502.9687564818937,1507.9523244100073,-4.983567928113644,17.15,9.33,7.8199999999999985,0.0,118.5,22.0,21.0,6.0,7.0,0.998,2.064,41.1,46.9,48.6,42.7,0.0,0.0,0,0,0.0,0.0,0.0,0.0,0.0,0.0,0.0,0.0,0.0,0.0,0.0,0.0,0.0,0.0,0.0,0.0,0.0,0.0,0.0,0.0,0.0,0.0,0.0,0.0,0.0,0.0,0.0,0.0,0.0,0.0,9.2,2.65,9.8,1.0,1.3,0.3,353.25,8.25,6.052631578947368,10.2,22.1,18.05263157894737,18.710526315789476,11.05,1.4,16.05,1.0,0.0,2.2,7.4,14.3,26.8,0.8400000000000001,1.065,5.95,7.2,15.0,26.5,19.0,33.5,0.0,4.0,3.0,3.0,3.0,6.0,1.0,-1.0,2.0,2.0,4_vs_3,0.0,0.0,0.0,0.0,0.0,0.0,0.0,0.0,0.0,0.0,0.0,0.0,0.0,0.0,0.0,0.0,0.0,0.0,0.0789473684210526,0.0394736842105263,0.1973684210526315,0.0789473684210526,0.0657894736842105,0.0789473684210526,0.0,0.0789473684210526,0.0394736842105263,0.0131578947368421,22.5,22.5,23.0,19.5,22.5,21.0,22.0,25.0,0.5,0.0249307479224376,0.48684210526315785,0.027239150507848503,0,0,0,0,0,0,0,0,0,0,0,0,0,0,0,0,0,0,2026_27,J1,明治安田J1リーグ,j1,34.0,2027-05-09,,FCtk,tk-v,unplayed,2026_27-j1-34-FCtk-vs-tk-v,20260812_074327,2026_27_j1,weekly_prediction_snapshot
2026_27,34,2027-05-09,y-fm,0-0,g-os,Ajinomoto Stadium,0,0,6.0,6.0,383.2,4-2-3-1,4-2-3-1,6.0,12.0,-6.0,0.0,0.0,1553.7084627416564,1486.29287547773,67.41558726392645,14.1,15.35,-1.25,0.0,85.0,24.0,20.0,7.0,6.0,1.416,1.038,42.2,48.6,57.9,28.6,0.0,0.0,0,0,15.705882352941176,5.205882352941177,12.676470588235292,2.0294117647058822,1.1764705882352942,0.2647058823529412,607.2647058823529,11.852941176470589,17.205882352941178,18.294117647058822,18.647058823529413,16.973684210526315,19.11764705882353,11.842105263157896,1.5294117647058822,11.078947368421051,1.1842105263157894,0.0789473684210526,57.9,14.882352941176473,15.921052631578949,33.026315789473685,1.8088235294117647,1.3558823529411763,118.0,184.0,48.0,89.0,44.0,90.0,12.763157894736842,4.088235294117647,14.911764705882351,1.1176470588235294,1.2894736842105263,0.3421052631578947,473.8157894736842,9.470588235294118,10.794117647058824,13.058823529411764,23.029411764705884,17.13157894736842,20.289473684210527,11.558823529411764,1.7941176470588236,17.676470588235293,1.0526315789473684,0.0294117647058823,48.1,11.176470588235292,16.91176470588235,31.789473684210527,1.2352941176470589,1.576470588235294,113.0,157.0,38.0,67.0,50.0,83.0,0.0,4.0,3.0,3.0,4.0,4.0,2.0,-1.0,2.0,2.0,4_vs_4,0.0,0.0,0.0,0.0,0.0,0.0,0.0,0.0,0.0,0.0,0.0,0.0,0.0,0.0,0.0,0.0,0.0,0.0,0.131578947368421,0.0263157894736842,0.2631578947368421,0.1764705882352941,0.0588235294117647,0.1764705882352941,0.0263157894736842,0.1470588235294117,0.1470588235294117,0.0294117647058823,41.0,45.0,49.0,49.0,43.0,47.0,55.0,47.0,0.5,0.0339335180055401,0.4473684210526316,0.0339335180055401,0,0,0,0,0,0,0,0,0,0,0,0,0,0,0,0,0,0,2026_27,J1,明治安田J1リーグ,j1,34.0,2027-05-09,,y-fm,g-os,unplayed,2026_27-j1-34-y-fm-vs-g-os,20260812_074327,2026_27_j1,weekly_prediction_snapshot
2026_27,34,2027-05-09,c-os,0-0,nago,Ajinomoto Stadium,0,0,7.0,7.0,230.3,3-4-2-1,3-4-2-1,7.0,9.0,-2.0,0.0,0.0,1510.635587565086,1519.4628165308918,-8.827228965805716,12.5,13.35,-0.8499999999999996,99.0,120.0,23.0,25.0,7.0,7.0,0.595,1.037,39.0,36.8,65.3,42.5,0.0,0.0,0,0,13.394736842105264,3.868421052631579,12.18421052631579,1.236842105263158,1.1764705882352942,0.2894736842105263,455.8157894736842,10.823529411764708,11.105263157894736,15.289473684210526,20.5,15.5,18.38235294117647,9.157894736842104,1.605263157894737,13.941176470588236,0.7368421052631579,0.0294117647058823,50.4,10.763157894736842,15.441176470588236,31.88235294117647,1.258823529411765,1.1973684210526316,114.0,129.0,41.0,62.0,48.0,66.0,11.205882352941176,3.8947368421052633,11.735294117647058,1.1578947368421053,1.0294117647058822,0.3823529411764705,403.1764705882353,11.676470588235292,10.705882352941176,13.441176470588236,21.647058823529413,18.58823529411765,18.94117647058824,10.176470588235292,1.7941176470588236,14.763157894736842,1.0,0.0588235294117647,46.2,8.973684210526315,17.294117647058822,30.289473684210527,1.1823529411764706,1.1176470588235294,114.0,155.0,39.0,74.0,48.0,79.0,0.0,4.0,4.0,2.0,3.0,6.0,1.0,-1.0,2.0,2.0,3_vs_3,0.088235294117647,0.0,0.2894736842105263,0.2894736842105263,0.0526315789473684,0.2368421052631578,0.0294117647058823,0.0789473684210526,0.088235294117647,0.0588235294117647,56.0,45.0,45.0,49.0,46.0,44.0,50.0,55.0,0.0588235294117647,0.0294117647058823,0.2647058823529412,0.2058823529411764,0.0294117647058823,0.1842105263157894,0.0,0.1052631578947368,0.1470588235294117,0.0526315789473684,51.0,50.0,38.0,45.0,47.0,44.0,43.0,46.0,0.5,0.0280470914127423,0.5,0.0289285714285714,0,0,0,0,0,0,0,0,0,0,0,0,0,0,0,0,0,0,2026_27,J1,明治安田J1リーグ,j1,34.0,2027-05-09,,c-os,nago,unplayed,2026_27-j1-34-c-os-vs-nago,20260812_074327,2026_27_j1,weekly_prediction_snapshot
2026_27,34,2027-05-09,hiro,0-0,ngsk,Ajinomoto Stadium,0,0,7.0,6.5,357.7,3-4-2-1,3-4-2-1,6.0,7.0,-1.0,0.0,0.0,1537.0103290322477,1482.2412986905829,54.7690303416648,19.05,13.75,5.300000000000001,113.0,80.0,26.0,12.0,7.0,6.0,2.689,1.515,56.8,67.6,57.0,48.6,0.0,0.0,0,0,14.705882352941176,4.676470588235294,10.921052631578949,1.3529411764705883,1.105263157894737,0.3235294117647059,481.1470588235294,10.470588235294118,14.705882352941176,16.764705882352942,18.352941176470587,18.657894736842103,18.647058823529413,11.794117647058824,1.7352941176470589,16.86842105263158,0.9117647058823528,0.0294117647058823,49.5,13.117647058823527,18.176470588235293,33.3235294117647,1.4088235294117646,1.068421052631579,112.0,164.0,40.0,76.0,46.0,87.0,10.4,3.3,14.25,1.05,1.4,0.2,388.0,9.45,11.647058823529411,9.35,25.9,14.65,19.7,9.45,2.3,15.25,1.1,0.05,2.38,8.4,14.1,31.8,1.175,1.575,5.65,6.7,35.0,64.0,38.0,72.0,0.0,3.0,6.0,1.0,3.0,6.0,1.0,1.0,2.0,2.0,3_vs_3,0.1052631578947368,0.0526315789473684,0.3421052631578947,0.2941176470588235,0.1764705882352941,0.2352941176470588,0.0526315789473684,0.088235294117647,0.1176470588235294,0.0294117647058823,72.0,60.0,54.0,66.0,74.0,62.0,54.0,41.0,0.0526315789473684,0.0,0.2105263157894736,0.2105263157894736,0.0588235294117647,0.1842105263157894,0.0,0.0588235294117647,0.1052631578947368,0.0294117647058823,45.0,44.0,47.0,44.0,45.0,44.5,44.0,44.0,0.5,0.0223059812160158,0.475,0.0197403846153846,0,0,0,0,0,0,0,0,0,0,0,0,0,0,0,0,0,0,2026_27,J1,明治安田J1リーグ,j1,34.0,2027-05-09,,hiro,ngsk,unplayed,2026_27-j1-34-hiro-vs-ngsk,20260812_074327,2026_27_j1,weekly_prediction_snapshot
2026_27,34,2027-05-09,fuku,0-0,kyot,Ajinomoto Stadium,0,0,7.0,7.0,367.5,3-4-2-1,4-2-3-1,10.0,12.0,-2.0,0.0,0.0,1502.0577783078763,1487.110875027563,14.946903280313336,12.03,14.98,-2.950000000000001,113.0,110.5,19.0,17.0,5.0,6.0,0.769,0.847,50.0,48.1,51.4,42.9,0.0,0.0,0,0,10.5,3.176470588235294,11.157894736842104,0.868421052631579,1.0,0.3235294117647059,336.8684210526316,10.529411764705882,9.657894736842104,14.052631578947368,24.61764705882353,19.529411764705884,18.44117647058824,13.058823529411764,1.6176470588235294,18.61764705882353,1.4411764705882353,0.0263157894736842,42.7,8.368421052631579,17.5,32.28947368421053,1.0558823529411765,1.0323529411764707,109.0,120.0,26.0,52.0,38.0,67.0,11.911764705882351,3.176470588235294,12.823529411764708,1.05,1.3235294117647058,0.2352941176470588,337.52941176470586,10.441176470588236,10.43498452012384,13.5,23.7,17.15,21.15,13.205882352941176,1.3,17.8,1.5263157894736843,0.0789473684210526,46.2,10.0,15.8,33.94117647058823,1.1588235294117646,1.4352941176470588,113.0,133.0,27.0,53.0,36.5,80.0,0.0,3.0,6.0,1.0,4.0,3.0,3.0,0.0,2.0,2.0,3_vs_4,0.0526315789473684,0.0263157894736842,0.2105263157894736,0.2105263157894736,0.0263157894736842,0.2058823529411764,0.0,0.0263157894736842,0.0789473684210526,0.0263157894736842,42.0,45.0,44.0,47.0,54.0,51.0,40.0,34.0,0.0278637770897832,0.0,0.2376160990712074,0.2105263157894736,0.0704334365325076,0.0588235294117647,0.0,0.0719814241486068,0.1176470588235294,0.0147058823529411,56.0,35.5,54.5,60.0,56.0,46.0,36.0,38.0,0.45,0.0218144044321329,0.4705882352941176,0.03751730103806225,0,0,0,0,0,0,0,0,0,0,0,0,0,0,0,0,0,0,2026_27,J1,明治安田J1リーグ,j1,34.0,2027-05-09,,fuku,kyot,unplayed,2026_27-j1-34-fuku-vs-kyot,20260812_074327,2026_27_j1,weekly_prediction_snapshot
2026_27,35,2027-05-15,uraw,0-0,fuku,Ajinomoto Stadium,0,0,6.0,7.0,843.1,4-1-2-3,3-4-2-1,8.0,10.0,-2.0,0.0,0.0,1527.1329713906612,1504.43640562365,22.69656576701118,14.0,12.03,1.9700000000000006,93.0,121.0,24.0,21.0,7.0,7.0,2.553,0.769,71.4,42.1,50.0,48.1,0.0,0.0,0,0,12.029411764705882,3.941176470588235,12.578947368421051,1.2647058823529411,1.1470588235294117,0.3157894736842105,486.5,9.973684210526317,13.205882352941176,12.86842105263158,20.91176470588235,17.735294117647058,19.23529411764705,10.105263157894736,1.763157894736842,13.894736842105264,1.105263157894737,0.0294117647058823,52.7,10.558823529411764,16.81578947368421,30.47058823529412,1.363157894736842,1.1823529411764706,111.0,163.0,39.0,78.0,45.0,83.0,10.5,3.176470588235294,11.157894736842104,0.868421052631579,1.0,0.3235294117647059,336.8684210526316,10.529411764705882,9.657894736842104,14.052631578947368,24.61764705882353,19.529411764705884,18.44117647058824,13.058823529411764,1.6176470588235294,18.61764705882353,1.4411764705882353,0.0263157894736842,42.7,8.368421052631579,17.5,32.28947368421053,1.0558823529411765,1.0323529411764707,109.0,120.0,26.0,52.0,38.0,67.0,0.0,4.0,5.0,1.0,3.0,6.0,1.0,0.0,2.0,2.0,4_vs_3,0.1842105263157894,0.0294117647058823,0.2352941176470588,0.2352941176470588,0.1176470588235294,0.2368421052631578,0.0263157894736842,0.0526315789473684,0.1470588235294117,0.0263157894736842,46.0,43.0,52.0,42.0,42.0,45.0,53.0,63.0,0.0526315789473684,0.0263157894736842,0.2105263157894736,0.2105263157894736,0.0263157894736842,0.2058823529411764,0.0,0.0263157894736842,0.0789473684210526,0.0263157894736842,42.0,45.0,44.0,47.0,54.0,51.0,40.0,34.0,0.4705882352941176,0.0207612456747404,0.5,0.0240403640680649,0,0,0,0,0,0,0,0,0,0,0,0,0,0,0,0,0,0,2026_27,J1,明治安田J1リーグ,j1,35.0,2027-05-15,,uraw,fuku,unplayed,2026_27-j1-35-uraw-vs-fuku,20260812_074327,2026_27_j1,weekly_prediction_snapshot
2026_27,35,2027-05-15,mcd,0-0,FCtk,Ajinomoto Stadium,0,0,6.0,7.0,225.6,3-4-2-1,4-4-2,3.0,8.0,-5.0,0.0,0.0,1539.9974199689445,1504.7254200609143,35.27199990803024,18.4,17.15,1.25,0.0,0.0,27.5,23.0,8.0,7.0,1.924,0.998,53.1,58.9,41.1,46.9,0.0,0.0,0,0,11.1,3.263157894736842,10.842105263157896,1.25,0.8947368421052632,0.35,328.63157894736844,11.45,5.25,11.2,17.15,15.31578947368421,17.026315789473685,9.95,1.2,12.8,1.15,0.05,2.26,8.4,17.15,28.7,1.11,0.9605263157894736,5.9,5.65,14.0,31.0,18.0,31.5,0.0,0.0,0.0,0.0,0.0,0.0,0.0,0.0,0.0,0.0,0.0,0.0,0.0,0.0,0.0,0.0,0.0,0.0,0.0,0.0,0.0,0.0,0.0,0.0,0.0,0.0,0.0,0.0,0.0,0.0,0.0,3.0,6.0,1.0,4.0,3.0,3.0,1.0,2.0,2.0,3_vs_4,0.0,0.0,0.0,0.0,0.0,0.0,0.0,0.0,0.0,0.0,0.0,0.0,0.0,0.0,0.0,0.0,0.0,0.0,0.0,0.0,0.0,0.0,0.0,0.0,0.0,0.0,0.0,0.0,0.0,0.0,0.0,0.0,0.0,0.0,0.0,0.0,0.48684210526315785,0.04772884663812635,0.4736842105263157,0.0222925735391109,0,0,0,0,0,0,0,0,0,0,0,0,0,0,0,0,0,0,2026_27,J1,明治安田J1リーグ,j1,35.0,2027-05-15,,mcd,FCtk,unplayed,2026_27-j1-35-mcd-vs-FCtk,20260812_074327,2026_27_j1,weekly_prediction_snapshot
2026_27,35,2027-05-15,ka-f,0-0,y-fm,Ajinomoto Stadium,0,0,6.0,7.0,230.3,4-2-3-1,4-2-3-1,6.0,7.0,-1.0,0.0,0.0,1552.3375348771292,1570.7264926415494,-18.388957764420184,19.05,14.1,4.950000000000001,114.0,0.0,25.0,24.0,7.0,7.0,1.501,1.416,57.3,51.3,42.2,48.6,0.0,0.0,0,0,14.657894736842104,4.947368421052632,10.235294117647058,1.911764705882353,1.2352941176470589,0.3235294117647059,578.9705882352941,11.552631578947368,15.68421052631579,13.617647058823527,20.294117647058822,18.94117647058824,20.0,9.794117647058824,2.2058823529411766,13.588235294117649,1.1470588235294117,0.088235294117647,54.9,14.078947368421051,17.5,32.47058823529412,1.6473684210526316,1.052941176470588,111.0,157.0,42.0,70.0,44.0,82.0,15.705882352941176,5.205882352941177,12.676470588235292,2.0294117647058822,1.1764705882352942,0.2647058823529412,607.2647058823529,11.852941176470589,17.205882352941178,18.294117647058822,18.647058823529413,16.973684210526315,19.11764705882353,11.842105263157896,1.5294117647058822,11.078947368421051,1.1842105263157894,0.0789473684210526,57.9,14.882352941176473,15.921052631578949,33.026315789473685,1.8088235294117647,1.3558823529411763,118.0,184.0,48.0,89.0,44.0,90.0,0.0,4.0,3.0,3.0,4.0,3.0,3.0,-1.0,2.0,2.0,4_vs_4,0.1764705882352941,0.0294117647058823,0.3421052631578947,0.4117647058823529,0.131578947368421,0.3529411764705882,0.0294117647058823,0.088235294117647,0.1764705882352941,0.1176470588235294,51.0,63.0,59.0,53.0,51.0,41.0,73.0,53.0,0.0,0.0,0.0,0.0,0.0,0.0,0.0,0.0,0.0,0.0,0.0,0.0,0.0,0.0,0.0,0.0,0.0,0.0,0.45,0.0350346020761245,0.4736842105263157,0.0339335180055401,0,0,0,0,0,0,0,0,0,0,0,0,0,0,0,0,0,0,2026_27,J1,明治安田J1リーグ,j1,35.0,2027-05-15,,ka-f,y-fm,unplayed,2026_27-j1-35-ka-f-vs-y-fm,20260812_074327,2026_27_j1,weekly_prediction_snapshot
2026_27,35,2027-05-15,shim,0-0,c-os,Ajinomoto Stadium,0,0,7.0,6.0,385.9,4-1-2-3,3-4-2-1,13.0,8.0,5.0,0.0,0.0,1477.4441154138574,1509.1673593438288,-31.72324392997143,13.83,12.5,1.33,78.0,93.0,19.0,24.0,5.0,6.0,1.52,0.595,57.5,34.7,39.0,36.8,0.0,0.0,0,0,11.342105263157896,3.5,12.0,0.9736842105263158,1.4210526315789471,0.1176470588235294,407.60526315789474,9.157894736842104,8.421052631578947,13.342105263157896,21.47058823529412,15.263157894736842,19.07894736842105,8.894736842105264,1.9705882352941173,12.176470588235292,0.631578947368421,0.0263157894736842,43.5,8.973684210526315,14.052631578947368,29.44736842105263,1.0578947368421054,1.0842105263157895,113.0,156.0,39.0,71.0,49.0,83.0,13.394736842105264,3.868421052631579,12.18421052631579,1.236842105263158,1.1764705882352942,0.2894736842105263,455.8157894736842,10.823529411764708,11.105263157894736,15.289473684210526,20.5,15.5,18.38235294117647,9.157894736842104,1.605263157894737,13.941176470588236,0.7368421052631579,0.0294117647058823,50.4,10.763157894736842,15.441176470588236,31.88235294117647,1.258823529411765,1.1973684210526316,114.0,129.0,41.0,62.0,48.0,66.0,0.0,4.0,4.0,2.0,4.0,4.0,2.0,0.0,2.0,2.0,4_vs_3,0.0,0.0,0.3421052631578947,0.2105263157894736,0.0,0.131578947368421,0.0,0.0526315789473684,0.088235294117647,0.088235294117647,35.0,34.0,47.0,47.0,36.0,44.0,42.0,53.0,0.088235294117647,0.0,0.2894736842105263,0.2894736842105263,0.0526315789473684,0.2368421052631578,0.0294117647058823,0.0789473684210526,0.088235294117647,0.0588235294117647,56.0,45.0,45.0,49.0,46.0,44.0,50.0,55.0,0.5294117647058824,0.0381752077562327,0.4736842105263157,0.0293452222517966,0,0,0,0,0,0,0,0,0,0,0,0,0,0,0,0,0,0,2026_27,J1,明治安田J1リーグ,j1,35.0,2027-05-15,,shim,c-os,unplayed,2026_27-j1-35-shim-vs-c-os,20260812_074327,2026_27_j1,weekly_prediction_snapshot
2026_27,35,2027-05-15,nago,0-0,kasw,Ajinomoto Stadium,0,0,7.0,7.0,242.7,3-4-2-1,3-4-2-1,8.0,10.0,-2.0,0.0,0.0,1521.2102994510724,1481.948214723065,39.262084728007494,13.35,17.85,-4.500000000000002,114.0,96.0,26.0,19.0,7.0,6.0,1.037,1.09,65.3,42.5,46.0,57.2,0.0,0.0,0,0,11.205882352941176,3.8947368421052633,11.735294117647058,1.1578947368421053,1.0294117647058822,0.3823529411764705,403.1764705882353,11.676470588235292,10.705882352941176,13.441176470588236,21.647058823529413,18.58823529411765,18.94117647058824,10.176470588235292,1.7941176470588236,14.763157894736842,1.0,0.0588235294117647,46.2,8.973684210526315,17.294117647058822,30.289473684210527,1.1823529411764706,1.1176470588235294,114.0,155.0,39.0,74.0,48.0,79.0,12.552631578947368,4.0588235294117645,11.382352941176473,1.0263157894736843,1.3529411764705883,0.2105263157894736,422.1315789473685,9.941176470588236,13.263157894736842,14.588235294117649,22.647058823529413,17.794117647058822,19.92105263157895,12.676470588235292,1.7352941176470589,16.441176470588236,1.588235294117647,0.0526315789473684,46.0,11.473684210526317,15.205882352941176,32.44117647058823,1.2289473684210528,1.181578947368421,113.0,163.0,39.0,80.0,47.0,82.0,0.0,3.0,6.0,1.0,3.0,5.0,2.0,1.0,2.0,2.0,3_vs_3,0.0588235294117647,0.0294117647058823,0.2647058823529412,0.2058823529411764,0.0294117647058823,0.1842105263157894,0.0,0.1052631578947368,0.1470588235294117,0.0526315789473684,51.0,50.0,38.0,45.0,47.0,44.0,43.0,46.0,0.0526315789473684,0.0,0.1842105263157894,0.2105263157894736,0.2058823529411764,0.1842105263157894,0.0588235294117647,0.0588235294117647,0.1764705882352941,0.0588235294117647,50.0,43.0,54.0,45.0,55.0,63.0,43.0,43.0,0.4736842105263157,0.028365650969529,0.4705882352941176,0.0282583621683967,0,0,0,0,0,0,0,0,0,0,0,0,0,0,0,0,0,0,2026_27,J1,明治安田J1リーグ,j1,35.0,2027-05-15,,nago,kasw,unplayed,2026_27-j1-35-nago-vs-kasw,20260812_074327,2026_27_j1,weekly_prediction_snapshot
2026_27,35,2027-05-15,kyot,0-0,hiro,Ajinomoto Stadium,0,0,7.0,7.0,639.0,4-2-3-1,3-4-2-1,11.5,5.0,6.5,0.0,0.0,1482.0426018308194,1548.059515531813,-66.01691370099365,14.98,19.05,-4.07,127.5,117.0,18.5,29.0,5.5,8.0,0.847,2.689,51.4,42.9,56.8,67.6,0.0,0.0,0,0,11.911764705882351,3.176470588235294,12.823529411764708,1.05,1.3235294117647058,0.2352941176470588,337.52941176470586,10.441176470588236,10.43498452012384,13.5,23.7,17.15,21.15,13.205882352941176,1.3,17.8,1.5263157894736843,0.0789473684210526,46.2,10.0,15.8,33.94117647058823,1.1588235294117646,1.4352941176470588,113.0,133.0,27.0,53.0,36.5,80.0,14.705882352941176,4.676470588235294,10.921052631578949,1.3529411764705883,1.105263157894737,0.3235294117647059,481.1470588235294,10.470588235294118,14.705882352941176,16.764705882352942,18.352941176470587,18.657894736842103,18.647058823529413,11.794117647058824,1.7352941176470589,16.86842105263158,0.9117647058823528,0.0294117647058823,49.5,13.117647058823527,18.176470588235293,33.3235294117647,1.4088235294117646,1.068421052631579,112.0,164.0,40.0,76.0,46.0,87.0,0.0,4.0,3.0,3.0,3.0,6.0,1.0,-2.0,2.0,2.0,4_vs_3,0.0278637770897832,0.0,0.2376160990712074,0.2105263157894736,0.0704334365325076,0.0588235294117647,0.0,0.0719814241486068,0.1176470588235294,0.0147058823529411,56.0,35.5,54.5,60.0,56.0,46.0,36.0,38.0,0.1052631578947368,0.0526315789473684,0.3421052631578947,0.2941176470588235,0.1764705882352941,0.2352941176470588,0.0526315789473684,0.088235294117647,0.1176470588235294,0.0294117647058823,72.0,60.0,54.0,66.0,74.0,62.0,54.0,41.0,0.5,0.049528879425073155,0.4736842105263157,0.0276816608996539,0,0,0,0,0,0,0,0,0,0,0,0,0,0,0,0,0,0,2026_27,J1,明治安田J1リーグ,j1,35.0,2027-05-15,,kyot,hiro,unplayed,2026_27-j1-35-kyot-vs-hiro,20260812_074327,2026_27_j1,weekly_prediction_snapshot
2026_27,35,2027-05-15,g-os,0-0,mito,Ajinomoto Stadium,0,0,7.0,5.5,357.7,4-2-3-1,3-4-2-1,12.0,8.0,4.0,0.0,0.0,1484.87429753502,1490.2875056389225,-5.413208103902434,15.35,10.8,4.549999999999999,93.0,80.0,20.0,7.5,5.0,4.0,1.038,1.947,57.9,28.6,42.8,54.0,0.0,0.0,0,0,12.763157894736842,4.088235294117647,14.911764705882351,1.1176470588235294,1.2894736842105263,0.3421052631578947,473.8157894736842,9.470588235294118,10.794117647058824,13.058823529411764,23.029411764705884,17.13157894736842,20.289473684210527,11.558823529411764,1.7941176470588236,17.676470588235293,1.0526315789473684,0.0294117647058823,48.1,11.176470588235292,16.91176470588235,31.789473684210527,1.2352941176470589,1.576470588235294,113.0,157.0,38.0,67.0,50.0,83.0,10.6,3.1,11.25,0.95,1.8,0.1,427.6,10.8,11.647058823529411,11.3,19.55,14.4,18.6,10.15,1.6,13.3,1.55,0.3,2.54,8.3,14.15,30.25,0.975,1.33,5.9,6.35,35.0,64.0,38.0,72.0,0.0,4.0,4.0,2.0,4.0,4.0,2.0,-1.0,2.0,2.0,4_vs_3,0.131578947368421,0.0263157894736842,0.2631578947368421,0.1764705882352941,0.0588235294117647,0.1764705882352941,0.0263157894736842,0.1470588235294117,0.1470588235294117,0.0294117647058823,41.0,45.0,49.0,49.0,43.0,47.0,55.0,47.0,0.0526315789473684,0.0,0.2105263157894736,0.2105263157894736,0.0588235294117647,0.1842105263157894,0.0,0.0588235294117647,0.1052631578947368,0.0294117647058823,45.0,44.0,47.0,44.0,45.0,44.5,44.0,44.0,0.5,0.0373961218836565,0.4,0.00721153846153845,0,0,0,0,0,0,0,0,0,0,0,0,0,0,0,0,0,0,2026_27,J1,明治安田J1リーグ,j1,35.0,2027-05-15,,g-os,mito,unplayed,2026_27-j1-35-g-os-vs-mito,20260812_074327,2026_27_j1,weekly_prediction_snapshot
2026_27,35,2027-05-15,kobe,0-0,tk-v,Ajinomoto Stadium,0,0,6.0,6.0,0.0,4-1-2-3,3-4-2-1,4.0,13.0,-9.0,0.0,0.0,1568.2524919881544,1507.9523244100073,60.30016757814701,16.6,9.33,7.270000000000001,93.0,118.5,26.0,21.0,8.0,7.0,1.011,2.064,51.9,50.0,48.6,42.7,0.0,0.0,0,0,12.411764705882351,4.176470588235294,11.852941176470589,1.605263157894737,0.9473684210526316,0.3421052631578947,518.9411764705883,11.470588235294118,12.411764705882351,14.235294117647058,21.86842105263158,16.794117647058822,18.473684210526315,9.911764705882351,2.210526315789474,16.92105263157895,0.9736842105263158,0.0294117647058823,53.7,11.382352941176473,16.605263157894736,31.94117647058824,1.3941176470588237,1.1088235294117648,113.0,163.0,42.0,70.0,44.0,88.0,9.2,2.65,9.8,1.0,1.3,0.3,353.25,8.25,6.052631578947368,10.2,22.1,18.05263157894737,18.710526315789476,11.05,1.4,16.05,1.0,0.0,2.2,7.4,14.3,26.8,0.8400000000000001,1.065,5.95,7.2,15.0,26.5,19.0,33.5,0.0,4.0,3.0,3.0,3.0,6.0,1.0,-1.0,2.0,2.0,4_vs_3,0.0789473684210526,0.0263157894736842,0.2941176470588235,0.3823529411764705,0.1052631578947368,0.2105263157894736,0.0789473684210526,0.0789473684210526,0.1052631578947368,0.0294117647058823,57.0,56.0,47.0,43.0,45.0,39.0,54.0,61.0,0.0789473684210526,0.0394736842105263,0.1973684210526315,0.0789473684210526,0.0657894736842105,0.0789473684210526,0.0,0.0789473684210526,0.0394736842105263,0.0131578947368421,22.5,22.5,23.0,19.5,22.5,21.0,22.0,25.0,0.5,0.0472372065898819,0.48684210526315785,0.027239150507848503,0,0,0,0,0,0,0,0,0,0,0,0,0,0,0,0,0,0,2026_27,J1,明治安田J1リーグ,j1,35.0,2027-05-15,,kobe,tk-v,unplayed,2026_27-j1-35-kobe-vs-tk-v,20260812_074327,2026_27_j1,weekly_prediction_snapshot
2026_27,35,2027-05-15,okay,0-0,chib,Ajinomoto Stadium,0,0,7.0,6.5,357.7,3-4-2-1,3-4-2-1,9.0,9.5,-0.5,0.0,0.0,1499.4001333498045,1468.4504174736203,30.9497158761842,10.48,13.3,-2.8200000000000003,100.0,80.0,18.0,9.0,6.0,3.5,2.493,0.481,63.2,61.0,32.4,43.2,0.0,0.0,0,0,0.0,0.0,0.0,0.0,0.0,0.0,0.0,0.0,0.0,0.0,0.0,0.0,0.0,0.0,0.0,0.0,0.0,0.0,0.0,0.0,0.0,0.0,0.0,0.0,0.0,0.0,0.0,0.0,0.0,0.0,10.75,3.45,15.65,1.0,1.65,0.1,394.6,11.1,11.647058823529411,11.6,27.0,15.85,16.7,11.35,1.7,13.6,1.55,0.05,2.355,7.95,15.1,28.35,1.135,1.65,5.95,6.05,35.0,64.0,38.0,72.0,0.0,3.0,6.0,1.0,4.0,4.0,2.0,1.0,2.0,2.0,3_vs_3,0.0,0.0,0.0,0.0,0.0,0.0,0.0,0.0,0.0,0.0,0.0,0.0,0.0,0.0,0.0,0.0,0.0,0.0,0.0526315789473684,0.0,0.2105263157894736,0.2105263157894736,0.0588235294117647,0.1842105263157894,0.0,0.0588235294117647,0.1052631578947368,0.0294117647058823,45.0,44.0,47.0,44.0,45.0,44.5,44.0,44.0,0.4473684210526316,0.0279316712834718,0.525,0.0103854166666666,0,0,0,0,0,0,0,0,0,0,0,0,0,0,0,0,0,0,2026_27,J1,明治安田J1リーグ,j1,35.0,2027-05-15,,okay,chib,unplayed,2026_27-j1-35-okay-vs-chib,20260812_074327,2026_27_j1,weekly_prediction_snapshot
2026_27,35,2027-05-15,ngsk,0-0,kasm,Ajinomoto Stadium,0,0,7.0,7.0,289.2,3-4-2-1,4-4-2,8.5,4.0,4.5,0.5,0.0,1486.5869419238666,1555.0464607669046,-68.45951884303804,13.75,21.43,-7.68,82.0,88.0,12.0,32.0,4.0,8.0,1.515,2.945,57.0,48.6,51.4,57.8,0.0,0.0,0,0,10.4,3.3,14.25,1.05,1.4,0.2,388.0,9.45,11.647058823529411,9.35,25.9,14.65,19.7,9.45,2.3,15.25,1.1,0.05,2.38,8.4,14.1,31.8,1.175,1.575,5.65,6.7,35.0,64.0,38.0,72.0,12.941176470588236,4.176470588235294,11.147058823529411,1.5789473684210529,1.0789473684210529,0.3947368421052631,424.11764705882354,10.852941176470589,12.264705882352942,15.078947368421051,21.91176470588235,18.68421052631579,19.97058823529412,11.894736842105264,2.0,18.81578947368421,1.411764705882353,0.0588235294117647,50.1,11.5,17.36842105263158,33.55263157894737,1.2868421052631578,1.2078947368421051,112.0,167.0,40.0,80.0,45.0,86.0,0.0,3.0,6.0,1.0,4.0,4.0,2.0,0.5,2.0,2.0,3_vs_4,0.0526315789473684,0.0,0.2105263157894736,0.2105263157894736,0.0588235294117647,0.1842105263157894,0.0,0.0588235294117647,0.1052631578947368,0.0294117647058823,45.0,44.0,47.0,44.0,45.0,44.5,44.0,44.0,0.0789473684210526,0.0,0.3823529411764705,0.2941176470588235,0.088235294117647,0.2631578947368421,0.0294117647058823,0.0588235294117647,0.1764705882352941,0.088235294117647,50.0,48.0,58.0,56.0,54.0,62.0,50.0,40.0,0.47500000000000003,0.02306318681318675,0.5,0.0348904267589388,0,0,0,0,0,0,0,0,0,0,0,0,0,0,0,0,0,0,2026_27,J1,明治安田J1リーグ,j1,35.0,2027-05-15,,ngsk,kasm,unplayed,2026_27-j1-35-ngsk-vs-kasm,20260812_074327,2026_27_j1,weekly_prediction_snapshot
2026_27,36,2027-05-22,mito,0-0,nago,Ajinomoto Stadium,0,0,7.0,7.0,230.3,3-4-2-1,3-4-2-1,9.0,9.0,0.0,1.0,0.0,1481.3682664890543,1519.4628165308918,-38.094550041837465,10.8,13.35,-2.549999999999999,82.0,120.0,10.5,25.0,3.5,7.0,1.947,1.037,42.8,54.0,65.3,42.5,0.0,0.0,0,0,10.6,3.1,11.25,0.95,1.8,0.1,427.6,10.8,11.647058823529411,11.3,19.55,14.4,18.6,10.15,1.6,13.3,1.55,0.3,2.54,8.3,14.15,30.25,0.975,1.33,5.9,6.35,35.0,64.0,38.0,72.0,11.205882352941176,3.8947368421052633,11.735294117647058,1.1578947368421053,1.0294117647058822,0.3823529411764705,403.1764705882353,11.676470588235292,10.705882352941176,13.441176470588236,21.647058823529413,18.58823529411765,18.94117647058824,10.176470588235292,1.7941176470588236,14.763157894736842,1.0,0.0588235294117647,46.2,8.973684210526315,17.294117647058822,30.289473684210527,1.1823529411764706,1.1176470588235294,114.0,155.0,39.0,74.0,48.0,79.0,0.0,4.0,4.0,2.0,3.0,6.0,1.0,-0.5,2.0,2.0,3_vs_3,0.0526315789473684,0.0,0.2105263157894736,0.2105263157894736,0.0588235294117647,0.1842105263157894,0.0,0.0588235294117647,0.1052631578947368,0.0294117647058823,45.0,44.0,47.0,44.0,45.0,44.5,44.0,44.0,0.0588235294117647,0.0294117647058823,0.2647058823529412,0.2058823529411764,0.0294117647058823,0.1842105263157894,0.0,0.1052631578947368,0.1470588235294117,0.0526315789473684,51.0,50.0,38.0,45.0,47.0,44.0,43.0,46.0,0.55,0.01095238095238095,0.5,0.0289285714285714,0,0,0,0,0,0,0,0,0,0,0,0,0,0,0,0,0,0,2026_27,J1,明治安田J1リーグ,j1,36.0,2027-05-22,,mito,nago,unplayed,2026_27-j1-36-mito-vs-nago,20260812_074327,2026_27_j1,weekly_prediction_snapshot
2026_27,36,2027-05-22,uraw,0-0,kyot,Ajinomoto Stadium,0,0,6.0,7.0,367.5,4-1-2-3,4-2-3-1,8.0,12.0,-4.0,0.0,0.0,1527.1329713906612,1487.110875027563,40.02209636309817,14.0,14.98,-0.9800000000000004,93.0,110.5,24.0,17.0,7.0,6.0,2.553,0.847,71.4,42.1,51.4,42.9,0.0,0.0,0,0,12.029411764705882,3.941176470588235,12.578947368421051,1.2647058823529411,1.1470588235294117,0.3157894736842105,486.5,9.973684210526317,13.205882352941176,12.86842105263158,20.91176470588235,17.735294117647058,19.23529411764705,10.105263157894736,1.763157894736842,13.894736842105264,1.105263157894737,0.0294117647058823,52.7,10.558823529411764,16.81578947368421,30.47058823529412,1.363157894736842,1.1823529411764706,111.0,163.0,39.0,78.0,45.0,83.0,11.911764705882351,3.176470588235294,12.823529411764708,1.05,1.3235294117647058,0.2352941176470588,337.52941176470586,10.441176470588236,10.43498452012384,13.5,23.7,17.15,21.15,13.205882352941176,1.3,17.8,1.5263157894736843,0.0789473684210526,46.2,10.0,15.8,33.94117647058823,1.1588235294117646,1.4352941176470588,113.0,133.0,27.0,53.0,36.5,80.0,0.0,4.0,5.0,1.0,4.0,3.0,3.0,0.0,2.0,2.0,4_vs_4,0.1842105263157894,0.0294117647058823,0.2352941176470588,0.2352941176470588,0.1176470588235294,0.2368421052631578,0.0263157894736842,0.0526315789473684,0.1470588235294117,0.0263157894736842,46.0,43.0,52.0,42.0,42.0,45.0,53.0,63.0,0.0278637770897832,0.0,0.2376160990712074,0.2105263157894736,0.0704334365325076,0.0588235294117647,0.0,0.0719814241486068,0.1176470588235294,0.0147058823529411,56.0,35.5,54.5,60.0,56.0,46.0,36.0,38.0,0.4705882352941176,0.0207612456747404,0.4705882352941176,0.03751730103806225,0,0,0,0,0,0,0,0,0,0,0,0,0,0,0,0,0,0,2026_27,J1,明治安田J1リーグ,j1,36.0,2027-05-22,,uraw,kyot,unplayed,2026_27-j1-36-uraw-vs-kyot,20260812_074327,2026_27_j1,weekly_prediction_snapshot
2026_27,36,2027-05-22,chib,0-0,kobe,Ajinomoto Stadium,0,0,7.0,7.0,412.8,3-4-2-1,4-1-2-3,10.0,4.0,6.0,0.0,0.0,1469.3397806394082,1568.9211136856622,-99.58133304625403,13.3,16.6,-3.3000000000000007,82.0,96.0,6.5,27.0,3.0,9.0,0.481,1.011,32.4,43.2,51.9,50.0,0.0,0.0,0,0,10.75,3.45,15.65,1.0,1.65,0.1,394.6,11.1,11.647058823529411,11.6,27.0,15.85,16.7,11.35,1.7,13.6,1.55,0.05,2.355,7.95,15.1,28.35,1.135,1.65,5.95,6.05,35.0,64.0,38.0,72.0,12.411764705882351,4.176470588235294,11.852941176470589,1.605263157894737,0.9473684210526316,0.3421052631578947,518.9411764705883,11.470588235294118,12.411764705882351,14.235294117647058,21.86842105263158,16.794117647058822,18.473684210526315,9.911764705882351,2.210526315789474,16.92105263157895,0.9736842105263158,0.0294117647058823,53.7,11.382352941176473,16.605263157894736,31.94117647058824,1.3941176470588237,1.1088235294117648,113.0,163.0,42.0,70.0,44.0,88.0,0.0,4.0,4.0,2.0,4.0,3.0,3.0,-0.5,2.0,2.0,3_vs_4,0.0526315789473684,0.0,0.2105263157894736,0.2105263157894736,0.0588235294117647,0.1842105263157894,0.0,0.0588235294117647,0.1052631578947368,0.0294117647058823,45.0,44.0,47.0,44.0,45.0,44.5,44.0,44.0,0.0789473684210526,0.0263157894736842,0.2941176470588235,0.3823529411764705,0.1052631578947368,0.2105263157894736,0.0789473684210526,0.0789473684210526,0.1052631578947368,0.0294117647058823,57.0,56.0,47.0,43.0,45.0,39.0,54.0,61.0,0.42500000000000004,0.0081944444444444,0.4736842105263157,0.0423875432525951,0,0,0,0,0,0,0,0,0,0,0,0,0,0,0,0,0,0,2026_27,J1,明治安田J1リーグ,j1,36.0,2027-05-22,,chib,kobe,unplayed,2026_27-j1-36-chib-vs-kobe,20260812_074327,2026_27_j1,weekly_prediction_snapshot
2026_27,36,2027-05-22,FCtk,0-0,g-os,Ajinomoto Stadium,0,0,7.0,6.0,383.2,4-4-2,4-2-3-1,9.0,12.0,-3.0,0.0,0.0,1502.9687564818937,1486.29287547773,16.675881004163784,17.15,15.35,1.799999999999999,0.0,85.0,22.0,20.0,6.0,6.0,0.998,1.038,41.1,46.9,57.9,28.6,0.0,0.0,0,0,0.0,0.0,0.0,0.0,0.0,0.0,0.0,0.0,0.0,0.0,0.0,0.0,0.0,0.0,0.0,0.0,0.0,0.0,0.0,0.0,0.0,0.0,0.0,0.0,0.0,0.0,0.0,0.0,0.0,0.0,12.763157894736842,4.088235294117647,14.911764705882351,1.1176470588235294,1.2894736842105263,0.3421052631578947,473.8157894736842,9.470588235294118,10.794117647058824,13.058823529411764,23.029411764705884,17.13157894736842,20.289473684210527,11.558823529411764,1.7941176470588236,17.676470588235293,1.0526315789473684,0.0294117647058823,48.1,11.176470588235292,16.91176470588235,31.789473684210527,1.2352941176470589,1.576470588235294,113.0,157.0,38.0,67.0,50.0,83.0,0.0,4.0,3.0,3.0,4.0,4.0,2.0,-1.0,2.0,2.0,4_vs_4,0.0,0.0,0.0,0.0,0.0,0.0,0.0,0.0,0.0,0.0,0.0,0.0,0.0,0.0,0.0,0.0,0.0,0.0,0.131578947368421,0.0263157894736842,0.2631578947368421,0.1764705882352941,0.0588235294117647,0.1764705882352941,0.0263157894736842,0.1470588235294117,0.1470588235294117,0.0294117647058823,41.0,45.0,49.0,49.0,43.0,47.0,55.0,47.0,0.5,0.0249307479224376,0.4473684210526316,0.0339335180055401,0,0,0,0,0,0,0,0,0,0,0,0,0,0,0,0,0,0,2026_27,J1,明治安田J1リーグ,j1,36.0,2027-05-22,,FCtk,g-os,unplayed,2026_27-j1-36-FCtk-vs-g-os,20260812_074327,2026_27_j1,weekly_prediction_snapshot
2026_27,36,2027-05-22,tk-v,0-0,ngsk,Ajinomoto Stadium,0,0,7.0,6.5,357.7,3-4-2-1,3-4-2-1,13.0,7.0,6.0,0.0,0.0,1506.3841338687366,1482.2412986905829,24.142835178153746,9.33,13.75,-4.42,120.5,80.0,20.0,12.0,7.0,6.0,2.064,1.515,48.6,42.7,57.0,48.6,0.0,0.0,0,0,9.2,2.65,9.8,1.0,1.3,0.3,353.25,8.25,6.052631578947368,10.2,22.1,18.05263157894737,18.710526315789476,11.05,1.4,16.05,1.0,0.0,2.2,7.4,14.3,26.8,0.8400000000000001,1.065,5.95,7.2,15.0,26.5,19.0,33.5,10.4,3.3,14.25,1.05,1.4,0.2,388.0,9.45,11.647058823529411,9.35,25.9,14.65,19.7,9.45,2.3,15.25,1.1,0.05,2.38,8.4,14.1,31.8,1.175,1.575,5.65,6.7,35.0,64.0,38.0,72.0,0.0,3.0,6.0,1.0,3.0,6.0,1.0,1.0,2.0,2.0,3_vs_3,0.0789473684210526,0.0394736842105263,0.1973684210526315,0.0789473684210526,0.0657894736842105,0.0789473684210526,0.0,0.0789473684210526,0.0394736842105263,0.0131578947368421,22.5,22.5,23.0,19.5,22.5,21.0,22.0,25.0,0.0526315789473684,0.0,0.2105263157894736,0.2105263157894736,0.0588235294117647,0.1842105263157894,0.0,0.0588235294117647,0.1052631578947368,0.0294117647058823,45.0,44.0,47.0,44.0,45.0,44.5,44.0,44.0,0.48684210526315785,0.023057390439661853,0.475,0.0197403846153846,0,0,0,0,0,0,0,0,0,0,0,0,0,0,0,0,0,0,2026_27,J1,明治安田J1リーグ,j1,36.0,2027-05-22,,tk-v,ngsk,unplayed,2026_27-j1-36-tk-v-vs-ngsk,20260812_074327,2026_27_j1,weekly_prediction_snapshot
2026_27,36,2027-05-22,ka-f,0-0,c-os,Ajinomoto Stadium,0,0,6.0,6.0,385.9,4-2-3-1,3-4-2-1,6.0,8.0,-2.0,0.0,0.0,1552.3375348771292,1509.1673593438288,43.17017553330038,19.05,12.5,6.550000000000001,114.0,93.0,25.0,24.0,7.0,6.0,1.501,0.595,57.3,51.3,39.0,36.8,0.0,0.0,0,0,14.657894736842104,4.947368421052632,10.235294117647058,1.911764705882353,1.2352941176470589,0.3235294117647059,578.9705882352941,11.552631578947368,15.68421052631579,13.617647058823527,20.294117647058822,18.94117647058824,20.0,9.794117647058824,2.2058823529411766,13.588235294117649,1.1470588235294117,0.088235294117647,54.9,14.078947368421051,17.5,32.47058823529412,1.6473684210526316,1.052941176470588,111.0,157.0,42.0,70.0,44.0,82.0,13.394736842105264,3.868421052631579,12.18421052631579,1.236842105263158,1.1764705882352942,0.2894736842105263,455.8157894736842,10.823529411764708,11.105263157894736,15.289473684210526,20.5,15.5,18.38235294117647,9.157894736842104,1.605263157894737,13.941176470588236,0.7368421052631579,0.0294117647058823,50.4,10.763157894736842,15.441176470588236,31.88235294117647,1.258823529411765,1.1973684210526316,114.0,129.0,41.0,62.0,48.0,66.0,0.0,4.0,3.0,3.0,4.0,4.0,2.0,-1.0,2.0,2.0,4_vs_3,0.1764705882352941,0.0294117647058823,0.3421052631578947,0.4117647058823529,0.131578947368421,0.3529411764705882,0.0294117647058823,0.088235294117647,0.1764705882352941,0.1176470588235294,51.0,63.0,59.0,53.0,51.0,41.0,73.0,53.0,0.088235294117647,0.0,0.2894736842105263,0.2894736842105263,0.0526315789473684,0.2368421052631578,0.0294117647058823,0.0789473684210526,0.088235294117647,0.0588235294117647,56.0,45.0,45.0,49.0,46.0,44.0,50.0,55.0,0.45,0.0350346020761245,0.4736842105263157,0.0293452222517966,0,0,0,0,0,0,0,0,0,0,0,0,0,0,0,0,0,0,2026_27,J1,明治安田J1リーグ,j1,36.0,2027-05-22,,ka-f,c-os,unplayed,2026_27-j1-36-ka-f-vs-c-os,20260812_074327,2026_27_j1,weekly_prediction_snapshot
2026_27,36,2027-05-22,y-fm,0-0,shim,Ajinomoto Stadium,0,0,6.0,7.0,222.2,4-2-3-1,4-1-2-3,6.0,13.0,-7.0,0.0,0.0,1553.7084627416564,1478.0354137476809,75.6730489939755,14.1,13.83,0.2699999999999996,0.0,85.0,24.0,16.0,7.0,4.0,1.416,1.52,42.2,48.6,57.5,34.7,0.0,0.0,0,0,15.705882352941176,5.205882352941177,12.676470588235292,2.0294117647058822,1.1764705882352942,0.2647058823529412,607.2647058823529,11.852941176470589,17.205882352941178,18.294117647058822,18.647058823529413,16.973684210526315,19.11764705882353,11.842105263157896,1.5294117647058822,11.078947368421051,1.1842105263157894,0.0789473684210526,57.9,14.882352941176473,15.921052631578949,33.026315789473685,1.8088235294117647,1.3558823529411763,118.0,184.0,48.0,89.0,44.0,90.0,11.342105263157896,3.5,12.0,0.9736842105263158,1.4210526315789471,0.1176470588235294,407.60526315789474,9.157894736842104,8.421052631578947,13.342105263157896,21.47058823529412,15.263157894736842,19.07894736842105,8.894736842105264,1.9705882352941173,12.176470588235292,0.631578947368421,0.0263157894736842,43.5,8.973684210526315,14.052631578947368,29.44736842105263,1.0578947368421054,1.0842105263157895,113.0,156.0,39.0,71.0,49.0,83.0,0.0,4.0,3.0,3.0,4.0,4.0,2.0,-1.0,2.0,2.0,4_vs_4,0.0,0.0,0.0,0.0,0.0,0.0,0.0,0.0,0.0,0.0,0.0,0.0,0.0,0.0,0.0,0.0,0.0,0.0,0.0,0.0,0.3421052631578947,0.2105263157894736,0.0,0.131578947368421,0.0,0.0526315789473684,0.088235294117647,0.088235294117647,35.0,34.0,47.0,47.0,36.0,44.0,42.0,53.0,0.5,0.0339335180055401,0.45,0.032,0,0,0,0,0,0,0,0,0,0,0,0,0,0,0,0,0,0,2026_27,J1,明治安田J1リーグ,j1,36.0,2027-05-22,,y-fm,shim,unplayed,2026_27-j1-36-y-fm-vs-shim,20260812_074327,2026_27_j1,weekly_prediction_snapshot
2026_27,36,2027-05-22,okay,0-0,mcd,Ajinomoto Stadium,0,0,7.0,7.0,145.05,3-4-2-1,3-4-2-1,9.0,3.0,6.0,0.0,0.0,1499.4001333498045,1541.9609084585081,-42.56077510870364,10.48,18.4,-7.919999999999998,100.0,0.0,18.0,24.5,6.0,8.0,2.493,1.924,63.2,61.0,53.1,58.9,0.0,0.0,0,0,0.0,0.0,0.0,0.0,0.0,0.0,0.0,0.0,0.0,0.0,0.0,0.0,0.0,0.0,0.0,0.0,0.0,0.0,0.0,0.0,0.0,0.0,0.0,0.0,0.0,0.0,0.0,0.0,0.0,0.0,11.1,3.263157894736842,10.842105263157896,1.25,0.8947368421052632,0.35,328.63157894736844,11.45,5.25,11.2,17.15,15.31578947368421,17.026315789473685,9.95,1.2,12.8,1.15,0.05,2.26,8.4,17.15,28.7,1.11,0.9605263157894736,5.9,5.65,14.0,31.0,18.0,31.5,0.0,3.0,6.0,1.0,3.0,6.0,1.0,1.0,2.0,2.0,3_vs_3,0.0,0.0,0.0,0.0,0.0,0.0,0.0,0.0,0.0,0.0,0.0,0.0,0.0,0.0,0.0,0.0,0.0,0.0,0.0,0.0,0.0,0.0,0.0,0.0,0.0,0.0,0.0,0.0,0.0,0.0,0.0,0.0,0.0,0.0,0.0,0.0,0.4473684210526316,0.0279316712834718,0.475,0.03670329670329665,0,0,0,0,0,0,0,0,0,0,0,0,0,0,0,0,0,0,2026_27,J1,明治安田J1リーグ,j1,36.0,2027-05-22,,okay,mcd,unplayed,2026_27-j1-36-okay-vs-mcd,20260812_074327,2026_27_j1,weekly_prediction_snapshot
2026_27,36,2027-05-22,hiro,0-0,kasw,Ajinomoto Stadium,0,0,7.0,7.0,242.7,3-4-2-1,3-4-2-1,6.0,10.0,-4.0,0.0,0.0,1537.0103290322477,1481.948214723065,55.06211430918279,19.05,17.85,1.1999999999999993,113.0,96.0,26.0,19.0,7.0,6.0,2.689,1.09,56.8,67.6,46.0,57.2,0.0,0.0,0,0,14.705882352941176,4.676470588235294,10.921052631578949,1.3529411764705883,1.105263157894737,0.3235294117647059,481.1470588235294,10.470588235294118,14.705882352941176,16.764705882352942,18.352941176470587,18.657894736842103,18.647058823529413,11.794117647058824,1.7352941176470589,16.86842105263158,0.9117647058823528,0.0294117647058823,49.5,13.117647058823527,18.176470588235293,33.3235294117647,1.4088235294117646,1.068421052631579,112.0,164.0,40.0,76.0,46.0,87.0,12.552631578947368,4.0588235294117645,11.382352941176473,1.0263157894736843,1.3529411764705883,0.2105263157894736,422.1315789473685,9.941176470588236,13.263157894736842,14.588235294117649,22.647058823529413,17.794117647058822,19.92105263157895,12.676470588235292,1.7352941176470589,16.441176470588236,1.588235294117647,0.0526315789473684,46.0,11.473684210526317,15.205882352941176,32.44117647058823,1.2289473684210528,1.181578947368421,113.0,163.0,39.0,80.0,47.0,82.0,0.0,3.0,6.0,1.0,3.0,5.0,2.0,1.0,2.0,2.0,3_vs_3,0.1052631578947368,0.0526315789473684,0.3421052631578947,0.2941176470588235,0.1764705882352941,0.2352941176470588,0.0526315789473684,0.088235294117647,0.1176470588235294,0.0294117647058823,72.0,60.0,54.0,66.0,74.0,62.0,54.0,41.0,0.0526315789473684,0.0,0.1842105263157894,0.2105263157894736,0.2058823529411764,0.1842105263157894,0.0588235294117647,0.0588235294117647,0.1764705882352941,0.0588235294117647,50.0,43.0,54.0,45.0,55.0,63.0,43.0,43.0,0.5,0.0223059812160158,0.4705882352941176,0.0282583621683967,0,0,0,0,0,0,0,0,0,0,0,0,0,0,0,0,0,0,2026_27,J1,明治安田J1リーグ,j1,36.0,2027-05-22,,hiro,kasw,unplayed,2026_27-j1-36-hiro-vs-kasw,20260812_074327,2026_27_j1,weekly_prediction_snapshot
2026_27,36,2027-05-22,fuku,0-0,kasm,Ajinomoto Stadium,0,0,7.0,7.0,289.2,3-4-2-1,4-4-2,10.0,4.0,6.0,0.0,0.0,1502.0577783078763,1555.0464607669046,-52.98868245902827,12.03,21.43,-9.4,113.0,88.0,19.0,32.0,5.0,8.0,0.769,2.945,50.0,48.1,51.4,57.8,0.0,0.0,0,0,10.5,3.176470588235294,11.157894736842104,0.868421052631579,1.0,0.3235294117647059,336.8684210526316,10.529411764705882,9.657894736842104,14.052631578947368,24.61764705882353,19.529411764705884,18.44117647058824,13.058823529411764,1.6176470588235294,18.61764705882353,1.4411764705882353,0.0263157894736842,42.7,8.368421052631579,17.5,32.28947368421053,1.0558823529411765,1.0323529411764707,109.0,120.0,26.0,52.0,38.0,67.0,12.941176470588236,4.176470588235294,11.147058823529411,1.5789473684210529,1.0789473684210529,0.3947368421052631,424.11764705882354,10.852941176470589,12.264705882352942,15.078947368421051,21.91176470588235,18.68421052631579,19.97058823529412,11.894736842105264,2.0,18.81578947368421,1.411764705882353,0.0588235294117647,50.1,11.5,17.36842105263158,33.55263157894737,1.2868421052631578,1.2078947368421051,112.0,167.0,40.0,80.0,45.0,86.0,0.0,3.0,6.0,1.0,4.0,4.0,2.0,0.0,2.0,2.0,3_vs_4,0.0526315789473684,0.0263157894736842,0.2105263157894736,0.2105263157894736,0.0263157894736842,0.2058823529411764,0.0,0.0263157894736842,0.0789473684210526,0.0263157894736842,42.0,45.0,44.0,47.0,54.0,51.0,40.0,34.0,0.0789473684210526,0.0,0.3823529411764705,0.2941176470588235,0.088235294117647,0.2631578947368421,0.0294117647058823,0.0588235294117647,0.1764705882352941,0.088235294117647,50.0,48.0,58.0,56.0,54.0,62.0,50.0,40.0,0.45,0.0218144044321329,0.5,0.0348904267589388,0,0,0,0,0,0,0,0,0,0,0,0,0,0,0,0,0,0,2026_27,J1,明治安田J1リーグ,j1,36.0,2027-05-22,,fuku,kasm,unplayed,2026_27-j1-36-fuku-vs-kasm,20260812_074327,2026_27_j1,weekly_prediction_snapshot
2026_27,37,2027-05-29,kasw,0-0,kasm,Ajinomoto Stadium,0,0,6.0,7.0,289.2,3-4-2-1,4-4-2,10.0,4.0,6.0,0.0,0.0,1475.6111733703474,1555.0464607669046,-79.43528739655721,17.85,21.43,-3.5799999999999983,101.0,88.0,19.0,32.0,6.0,8.0,1.09,2.945,46.0,57.2,51.4,57.8,0.0,0.0,0,0,12.552631578947368,4.0588235294117645,11.382352941176473,1.0263157894736843,1.3529411764705883,0.2105263157894736,422.1315789473685,9.941176470588236,13.263157894736842,14.588235294117649,22.647058823529413,17.794117647058822,19.92105263157895,12.676470588235292,1.7352941176470589,16.441176470588236,1.588235294117647,0.0526315789473684,46.0,11.473684210526317,15.205882352941176,32.44117647058823,1.2289473684210528,1.181578947368421,113.0,163.0,39.0,80.0,47.0,82.0,12.941176470588236,4.176470588235294,11.147058823529411,1.5789473684210529,1.0789473684210529,0.3947368421052631,424.11764705882354,10.852941176470589,12.264705882352942,15.078947368421051,21.91176470588235,18.68421052631579,19.97058823529412,11.894736842105264,2.0,18.81578947368421,1.411764705882353,0.0588235294117647,50.1,11.5,17.36842105263158,33.55263157894737,1.2868421052631578,1.2078947368421051,112.0,167.0,40.0,80.0,45.0,86.0,0.0,3.0,5.0,2.0,4.0,4.0,2.0,1.0,2.0,2.0,3_vs_4,0.0526315789473684,0.0,0.1842105263157894,0.2105263157894736,0.2058823529411764,0.1842105263157894,0.0588235294117647,0.0588235294117647,0.1764705882352941,0.0588235294117647,50.0,43.0,54.0,45.0,55.0,63.0,43.0,43.0,0.0789473684210526,0.0,0.3823529411764705,0.2941176470588235,0.088235294117647,0.2631578947368421,0.0294117647058823,0.0588235294117647,0.1764705882352941,0.088235294117647,50.0,48.0,58.0,56.0,54.0,62.0,50.0,40.0,0.5,0.0292387543252595,0.5,0.0348904267589388,0,0,0,0,0,0,0,0,0,0,0,0,0,0,0,0,0,0,2026_27,J1,明治安田J1リーグ,j1,37.0,2027-05-29,,kasw,kasm,unplayed,2026_27-j1-37-kasw-vs-kasm,20260812_074327,2026_27_j1,weekly_prediction_snapshot
2026_27,37,2027-05-29,FCtk,0-0,kobe,Ajinomoto Stadium,0,0,7.0,7.0,412.8,4-4-2,4-1-2-3,9.0,4.0,5.0,0.0,0.0,1502.9687564818937,1568.9211136856622,-65.95235720376854,17.15,16.6,0.5499999999999972,0.0,96.0,22.0,27.0,6.0,9.0,0.998,1.011,41.1,46.9,51.9,50.0,0.0,0.0,0,0,0.0,0.0,0.0,0.0,0.0,0.0,0.0,0.0,0.0,0.0,0.0,0.0,0.0,0.0,0.0,0.0,0.0,0.0,0.0,0.0,0.0,0.0,0.0,0.0,0.0,0.0,0.0,0.0,0.0,0.0,12.411764705882351,4.176470588235294,11.852941176470589,1.605263157894737,0.9473684210526316,0.3421052631578947,518.9411764705883,11.470588235294118,12.411764705882351,14.235294117647058,21.86842105263158,16.794117647058822,18.473684210526315,9.911764705882351,2.210526315789474,16.92105263157895,0.9736842105263158,0.0294117647058823,53.7,11.382352941176473,16.605263157894736,31.94117647058824,1.3941176470588237,1.1088235294117648,113.0,163.0,42.0,70.0,44.0,88.0,0.0,4.0,3.0,3.0,4.0,3.0,3.0,-1.0,2.0,2.0,4_vs_4,0.0,0.0,0.0,0.0,0.0,0.0,0.0,0.0,0.0,0.0,0.0,0.0,0.0,0.0,0.0,0.0,0.0,0.0,0.0789473684210526,0.0263157894736842,0.2941176470588235,0.3823529411764705,0.1052631578947368,0.2105263157894736,0.0789473684210526,0.0789473684210526,0.1052631578947368,0.0294117647058823,57.0,56.0,47.0,43.0,45.0,39.0,54.0,61.0,0.5,0.0249307479224376,0.4736842105263157,0.0423875432525951,0,0,0,0,0,0,0,0,0,0,0,0,0,0,0,0,0,0,2026_27,J1,明治安田J1リーグ,j1,37.0,2027-05-29,,FCtk,kobe,unplayed,2026_27-j1-37-FCtk-vs-kobe,20260812_074327,2026_27_j1,weekly_prediction_snapshot
2026_27,37,2027-05-29,tk-v,0-0,okay,Ajinomoto Stadium,0,0,7.0,6.0,0.0,3-4-2-1,3-4-2-1,13.0,9.0,4.0,0.0,1.0,1506.3841338687366,1494.8528330726735,11.531300796063078,9.33,10.48,-1.1500000000000004,120.5,127.0,20.0,18.0,7.0,6.0,2.064,2.493,48.6,42.7,63.2,61.0,0.0,0.0,0,0,9.2,2.65,9.8,1.0,1.3,0.3,353.25,8.25,6.052631578947368,10.2,22.1,18.05263157894737,18.710526315789476,11.05,1.4,16.05,1.0,0.0,2.2,7.4,14.3,26.8,0.8400000000000001,1.065,5.95,7.2,15.0,26.5,19.0,33.5,0.0,0.0,0.0,0.0,0.0,0.0,0.0,0.0,0.0,0.0,0.0,0.0,0.0,0.0,0.0,0.0,0.0,0.0,0.0,0.0,0.0,0.0,0.0,0.0,0.0,0.0,0.0,0.0,0.0,0.0,0.0,3.0,6.0,1.0,3.0,6.0,1.0,1.0,2.0,2.0,3_vs_3,0.0789473684210526,0.0394736842105263,0.1973684210526315,0.0789473684210526,0.0657894736842105,0.0789473684210526,0.0,0.0789473684210526,0.0394736842105263,0.0131578947368421,22.5,22.5,23.0,19.5,22.5,21.0,22.0,25.0,0.0,0.0,0.0,0.0,0.0,0.0,0.0,0.0,0.0,0.0,0.0,0.0,0.0,0.0,0.0,0.0,0.0,0.0,0.48684210526315785,0.023057390439661853,0.5,0.0225,0,0,0,0,0,0,0,0,0,0,0,0,0,0,0,0,0,0,2026_27,J1,明治安田J1リーグ,j1,37.0,2027-05-29,,tk-v,okay,unplayed,2026_27-j1-37-tk-v-vs-okay,20260812_074327,2026_27_j1,weekly_prediction_snapshot
2026_27,37,2027-05-29,y-fm,0-0,chib,Ajinomoto Stadium,0,0,6.0,6.5,357.7,4-2-3-1,3-4-2-1,6.0,9.5,-3.5,0.0,0.0,1553.7084627416564,1468.4504174736203,85.25804526803608,14.1,13.3,0.7999999999999989,0.0,80.0,24.0,9.0,7.0,3.5,1.416,0.481,42.2,48.6,32.4,43.2,0.0,0.0,0,0,15.705882352941176,5.205882352941177,12.676470588235292,2.0294117647058822,1.1764705882352942,0.2647058823529412,607.2647058823529,11.852941176470589,17.205882352941178,18.294117647058822,18.647058823529413,16.973684210526315,19.11764705882353,11.842105263157896,1.5294117647058822,11.078947368421051,1.1842105263157894,0.0789473684210526,57.9,14.882352941176473,15.921052631578949,33.026315789473685,1.8088235294117647,1.3558823529411763,118.0,184.0,48.0,89.0,44.0,90.0,10.75,3.45,15.65,1.0,1.65,0.1,394.6,11.1,11.647058823529411,11.6,27.0,15.85,16.7,11.35,1.7,13.6,1.55,0.05,2.355,7.95,15.1,28.35,1.135,1.65,5.95,6.05,35.0,64.0,38.0,72.0,0.0,4.0,3.0,3.0,4.0,4.0,2.0,-1.0,2.0,2.0,4_vs_3,0.0,0.0,0.0,0.0,0.0,0.0,0.0,0.0,0.0,0.0,0.0,0.0,0.0,0.0,0.0,0.0,0.0,0.0,0.0526315789473684,0.0,0.2105263157894736,0.2105263157894736,0.0588235294117647,0.1842105263157894,0.0,0.0588235294117647,0.1052631578947368,0.0294117647058823,45.0,44.0,47.0,44.0,45.0,44.5,44.0,44.0,0.5,0.0339335180055401,0.525,0.0103854166666666,0,0,0,0,0,0,0,0,0,0,0,0,0,0,0,0,0,0,2026_27,J1,明治安田J1リーグ,j1,37.0,2027-05-29,,y-fm,chib,unplayed,2026_27-j1-37-y-fm-vs-chib,20260812_074327,2026_27_j1,weekly_prediction_snapshot
2026_27,37,2027-05-29,kyot,0-0,nago,Ajinomoto Stadium,0,0,7.0,7.0,230.3,4-2-3-1,3-4-2-1,11.5,9.0,2.5,0.0,0.0,1482.0426018308194,1519.4628165308918,-37.42021470007239,14.98,13.35,1.6300000000000008,127.5,120.0,18.5,25.0,5.5,7.0,0.847,1.037,51.4,42.9,65.3,42.5,0.0,0.0,0,0,11.911764705882351,3.176470588235294,12.823529411764708,1.05,1.3235294117647058,0.2352941176470588,337.52941176470586,10.441176470588236,10.43498452012384,13.5,23.7,17.15,21.15,13.205882352941176,1.3,17.8,1.5263157894736843,0.0789473684210526,46.2,10.0,15.8,33.94117647058823,1.1588235294117646,1.4352941176470588,113.0,133.0,27.0,53.0,36.5,80.0,11.205882352941176,3.8947368421052633,11.735294117647058,1.1578947368421053,1.0294117647058822,0.3823529411764705,403.1764705882353,11.676470588235292,10.705882352941176,13.441176470588236,21.647058823529413,18.58823529411765,18.94117647058824,10.176470588235292,1.7941176470588236,14.763157894736842,1.0,0.0588235294117647,46.2,8.973684210526315,17.294117647058822,30.289473684210527,1.1823529411764706,1.1176470588235294,114.0,155.0,39.0,74.0,48.0,79.0,0.0,4.0,3.0,3.0,3.0,6.0,1.0,-2.0,2.0,2.0,4_vs_3,0.0278637770897832,0.0,0.2376160990712074,0.2105263157894736,0.0704334365325076,0.0588235294117647,0.0,0.0719814241486068,0.1176470588235294,0.0147058823529411,56.0,35.5,54.5,60.0,56.0,46.0,36.0,38.0,0.0588235294117647,0.0294117647058823,0.2647058823529412,0.2058823529411764,0.0294117647058823,0.1842105263157894,0.0,0.1052631578947368,0.1470588235294117,0.0526315789473684,51.0,50.0,38.0,45.0,47.0,44.0,43.0,46.0,0.5,0.049528879425073155,0.5,0.0289285714285714,0,0,0,0,0,0,0,0,0,0,0,0,0,0,0,0,0,0,2026_27,J1,明治安田J1リーグ,j1,37.0,2027-05-29,,kyot,nago,unplayed,2026_27-j1-37-kyot-vs-nago,20260812_074327,2026_27_j1,weekly_prediction_snapshot
2026_27,37,2027-05-29,g-os,0-0,shim,Ajinomoto Stadium,0,0,7.0,7.0,222.2,4-2-3-1,4-1-2-3,12.0,13.0,-1.0,0.0,0.0,1484.87429753502,1478.0354137476809,6.838883787339228,15.35,13.83,1.5199999999999996,93.0,85.0,20.0,16.0,5.0,4.0,1.038,1.52,57.9,28.6,57.5,34.7,0.0,0.0,0,0,12.763157894736842,4.088235294117647,14.911764705882351,1.1176470588235294,1.2894736842105263,0.3421052631578947,473.8157894736842,9.470588235294118,10.794117647058824,13.058823529411764,23.029411764705884,17.13157894736842,20.289473684210527,11.558823529411764,1.7941176470588236,17.676470588235293,1.0526315789473684,0.0294117647058823,48.1,11.176470588235292,16.91176470588235,31.789473684210527,1.2352941176470589,1.576470588235294,113.0,157.0,38.0,67.0,50.0,83.0,11.342105263157896,3.5,12.0,0.9736842105263158,1.4210526315789471,0.1176470588235294,407.60526315789474,9.157894736842104,8.421052631578947,13.342105263157896,21.47058823529412,15.263157894736842,19.07894736842105,8.894736842105264,1.9705882352941173,12.176470588235292,0.631578947368421,0.0263157894736842,43.5,8.973684210526315,14.052631578947368,29.44736842105263,1.0578947368421054,1.0842105263157895,113.0,156.0,39.0,71.0,49.0,83.0,0.0,4.0,4.0,2.0,4.0,4.0,2.0,-1.0,2.0,2.0,4_vs_4,0.131578947368421,0.0263157894736842,0.2631578947368421,0.1764705882352941,0.0588235294117647,0.1764705882352941,0.0263157894736842,0.1470588235294117,0.1470588235294117,0.0294117647058823,41.0,45.0,49.0,49.0,43.0,47.0,55.0,47.0,0.0,0.0,0.3421052631578947,0.2105263157894736,0.0,0.131578947368421,0.0,0.0526315789473684,0.088235294117647,0.088235294117647,35.0,34.0,47.0,47.0,36.0,44.0,42.0,53.0,0.5,0.0373961218836565,0.45,0.032,0,0,0,0,0,0,0,0,0,0,0,0,0,0,0,0,0,0,2026_27,J1,明治安田J1リーグ,j1,37.0,2027-05-29,,g-os,shim,unplayed,2026_27-j1-37-g-os-vs-shim,20260812_074327,2026_27_j1,weekly_prediction_snapshot
2026_27,37,2027-05-29,c-os,0-0,uraw,Ajinomoto Stadium,0,0,7.0,7.0,234.7,3-4-2-1,4-1-2-3,7.0,8.0,-1.0,0.0,0.0,1510.635587565086,1527.74338246438,-17.107794899293822,12.5,14.0,-1.5,99.0,99.0,23.0,25.0,7.0,7.0,0.595,2.553,39.0,36.8,71.4,42.1,0.0,0.0,0,0,13.394736842105264,3.868421052631579,12.18421052631579,1.236842105263158,1.1764705882352942,0.2894736842105263,455.8157894736842,10.823529411764708,11.105263157894736,15.289473684210526,20.5,15.5,18.38235294117647,9.157894736842104,1.605263157894737,13.941176470588236,0.7368421052631579,0.0294117647058823,50.4,10.763157894736842,15.441176470588236,31.88235294117647,1.258823529411765,1.1973684210526316,114.0,129.0,41.0,62.0,48.0,66.0,12.029411764705882,3.941176470588235,12.578947368421051,1.2647058823529411,1.1470588235294117,0.3157894736842105,486.5,9.973684210526317,13.205882352941176,12.86842105263158,20.91176470588235,17.735294117647058,19.23529411764705,10.105263157894736,1.763157894736842,13.894736842105264,1.105263157894737,0.0294117647058823,52.7,10.558823529411764,16.81578947368421,30.47058823529412,1.363157894736842,1.1823529411764706,111.0,163.0,39.0,78.0,45.0,83.0,0.0,4.0,4.0,2.0,4.0,5.0,1.0,-1.0,2.0,2.0,3_vs_4,0.088235294117647,0.0,0.2894736842105263,0.2894736842105263,0.0526315789473684,0.2368421052631578,0.0294117647058823,0.0789473684210526,0.088235294117647,0.0588235294117647,56.0,45.0,45.0,49.0,46.0,44.0,50.0,55.0,0.1842105263157894,0.0294117647058823,0.2352941176470588,0.2352941176470588,0.1176470588235294,0.2368421052631578,0.0263157894736842,0.0526315789473684,0.1470588235294117,0.0263157894736842,46.0,43.0,52.0,42.0,42.0,45.0,53.0,63.0,0.5,0.0280470914127423,0.5,0.0208333333333333,0,0,0,0,0,0,0,0,0,0,0,0,0,0,0,0,0,0,2026_27,J1,明治安田J1リーグ,j1,37.0,2027-05-29,,c-os,uraw,unplayed,2026_27-j1-37-c-os-vs-uraw,20260812_074327,2026_27_j1,weekly_prediction_snapshot
2026_27,37,2027-05-29,hiro,0-0,mito,Ajinomoto Stadium,0,0,7.0,5.5,357.7,3-4-2-1,3-4-2-1,6.0,8.0,-2.0,0.0,0.0,1537.0103290322477,1490.2875056389225,46.72282339332514,19.05,10.8,8.25,113.0,80.0,26.0,7.5,7.0,4.0,2.689,1.947,56.8,67.6,42.8,54.0,0.0,0.0,0,0,14.705882352941176,4.676470588235294,10.921052631578949,1.3529411764705883,1.105263157894737,0.3235294117647059,481.1470588235294,10.470588235294118,14.705882352941176,16.764705882352942,18.352941176470587,18.657894736842103,18.647058823529413,11.794117647058824,1.7352941176470589,16.86842105263158,0.9117647058823528,0.0294117647058823,49.5,13.117647058823527,18.176470588235293,33.3235294117647,1.4088235294117646,1.068421052631579,112.0,164.0,40.0,76.0,46.0,87.0,10.6,3.1,11.25,0.95,1.8,0.1,427.6,10.8,11.647058823529411,11.3,19.55,14.4,18.6,10.15,1.6,13.3,1.55,0.3,2.54,8.3,14.15,30.25,0.975,1.33,5.9,6.35,35.0,64.0,38.0,72.0,0.0,3.0,6.0,1.0,4.0,4.0,2.0,1.0,2.0,2.0,3_vs_3,0.1052631578947368,0.0526315789473684,0.3421052631578947,0.2941176470588235,0.1764705882352941,0.2352941176470588,0.0526315789473684,0.088235294117647,0.1176470588235294,0.0294117647058823,72.0,60.0,54.0,66.0,74.0,62.0,54.0,41.0,0.0526315789473684,0.0,0.2105263157894736,0.2105263157894736,0.0588235294117647,0.1842105263157894,0.0,0.0588235294117647,0.1052631578947368,0.0294117647058823,45.0,44.0,47.0,44.0,45.0,44.5,44.0,44.0,0.5,0.0223059812160158,0.4,0.00721153846153845,0,0,0,0,0,0,0,0,0,0,0,0,0,0,0,0,0,0,2026_27,J1,明治安田J1リーグ,j1,37.0,2027-05-29,,hiro,mito,unplayed,2026_27-j1-37-hiro-vs-mito,20260812_074327,2026_27_j1,weekly_prediction_snapshot
2026_27,37,2027-05-29,fuku,0-0,ka-f,Ajinomoto Stadium,0,0,7.0,7.0,233.7,3-4-2-1,4-2-3-1,10.0,6.0,4.0,0.0,0.0,1502.0577783078763,1554.9684351975595,-52.910656889683196,12.03,19.05,-7.020000000000001,113.0,127.0,19.0,26.0,5.0,8.0,0.769,1.501,50.0,48.1,57.3,51.3,0.0,0.0,0,0,10.5,3.176470588235294,11.157894736842104,0.868421052631579,1.0,0.3235294117647059,336.8684210526316,10.529411764705882,9.657894736842104,14.052631578947368,24.61764705882353,19.529411764705884,18.44117647058824,13.058823529411764,1.6176470588235294,18.61764705882353,1.4411764705882353,0.0263157894736842,42.7,8.368421052631579,17.5,32.28947368421053,1.0558823529411765,1.0323529411764707,109.0,120.0,26.0,52.0,38.0,67.0,14.657894736842104,4.947368421052632,10.235294117647058,1.911764705882353,1.2352941176470589,0.3235294117647059,578.9705882352941,11.552631578947368,15.68421052631579,13.617647058823527,20.294117647058822,18.94117647058824,20.0,9.794117647058824,2.2058823529411766,13.588235294117649,1.1470588235294117,0.088235294117647,54.9,14.078947368421051,17.5,32.47058823529412,1.6473684210526316,1.052941176470588,111.0,157.0,42.0,70.0,44.0,82.0,0.0,3.0,6.0,1.0,4.0,3.0,3.0,0.0,2.0,2.0,3_vs_4,0.0526315789473684,0.0263157894736842,0.2105263157894736,0.2105263157894736,0.0263157894736842,0.2058823529411764,0.0,0.0263157894736842,0.0789473684210526,0.0263157894736842,42.0,45.0,44.0,47.0,54.0,51.0,40.0,34.0,0.1764705882352941,0.0294117647058823,0.3421052631578947,0.4117647058823529,0.131578947368421,0.3529411764705882,0.0294117647058823,0.088235294117647,0.1764705882352941,0.1176470588235294,51.0,63.0,59.0,53.0,51.0,41.0,73.0,53.0,0.45,0.0218144044321329,0.5,0.032840909090909,0,0,0,0,0,0,0,0,0,0,0,0,0,0,0,0,0,0,2026_27,J1,明治安田J1リーグ,j1,37.0,2027-05-29,,fuku,ka-f,unplayed,2026_27-j1-37-fuku-vs-ka-f,20260812_074327,2026_27_j1,weekly_prediction_snapshot
2026_27,37,2027-05-29,ngsk,0-0,mcd,Ajinomoto Stadium,0,0,7.0,7.0,145.05,3-4-2-1,3-4-2-1,8.5,3.0,5.5,0.5,0.0,1486.5869419238666,1541.9609084585081,-55.37396653464157,13.75,18.4,-4.649999999999999,82.0,0.0,12.0,24.5,4.0,8.0,1.515,1.924,57.0,48.6,53.1,58.9,0.0,0.0,0,0,10.4,3.3,14.25,1.05,1.4,0.2,388.0,9.45,11.647058823529411,9.35,25.9,14.65,19.7,9.45,2.3,15.25,1.1,0.05,2.38,8.4,14.1,31.8,1.175,1.575,5.65,6.7,35.0,64.0,38.0,72.0,11.1,3.263157894736842,10.842105263157896,1.25,0.8947368421052632,0.35,328.63157894736844,11.45,5.25,11.2,17.15,15.31578947368421,17.026315789473685,9.95,1.2,12.8,1.15,0.05,2.26,8.4,17.15,28.7,1.11,0.9605263157894736,5.9,5.65,14.0,31.0,18.0,31.5,0.0,3.0,6.0,1.0,3.0,6.0,1.0,0.5,2.0,2.0,3_vs_3,0.0526315789473684,0.0,0.2105263157894736,0.2105263157894736,0.0588235294117647,0.1842105263157894,0.0,0.0588235294117647,0.1052631578947368,0.0294117647058823,45.0,44.0,47.0,44.0,45.0,44.5,44.0,44.0,0.0,0.0,0.0,0.0,0.0,0.0,0.0,0.0,0.0,0.0,0.0,0.0,0.0,0.0,0.0,0.0,0.0,0.0,0.47500000000000003,0.02306318681318675,0.475,0.03670329670329665,0,0,0,0,0,0,0,0,0,0,0,0,0,0,0,0,0,0,2026_27,J1,明治安田J1リーグ,j1,37.0,2027-05-29,,ngsk,mcd,unplayed,2026_27-j1-37-ngsk-vs-mcd,20260812_074327,2026_27_j1,weekly_prediction_snapshot
2026_27,38,2027-06-06,kasm,0-0,FCtk,Ajinomoto Stadium,0,0,7.0,7.0,225.6,4-4-2,4-4-2,4.0,8.0,-4.0,0.0,0.0,1556.0187819361674,1504.7254200609143,51.29336187525314,21.43,17.15,4.280000000000001,86.0,0.0,30.0,23.0,9.0,7.0,2.945,0.998,51.4,57.8,41.1,46.9,0.0,0.0,0,0,12.941176470588236,4.176470588235294,11.147058823529411,1.5789473684210529,1.0789473684210529,0.3947368421052631,424.11764705882354,10.852941176470589,12.264705882352942,15.078947368421051,21.91176470588235,18.68421052631579,19.97058823529412,11.894736842105264,2.0,18.81578947368421,1.411764705882353,0.0588235294117647,50.1,11.5,17.36842105263158,33.55263157894737,1.2868421052631578,1.2078947368421051,112.0,167.0,40.0,80.0,45.0,86.0,0.0,0.0,0.0,0.0,0.0,0.0,0.0,0.0,0.0,0.0,0.0,0.0,0.0,0.0,0.0,0.0,0.0,0.0,0.0,0.0,0.0,0.0,0.0,0.0,0.0,0.0,0.0,0.0,0.0,0.0,0.0,4.0,4.0,2.0,4.0,3.0,3.0,-1.0,2.0,2.0,4_vs_4,0.0789473684210526,0.0,0.3823529411764705,0.2941176470588235,0.088235294117647,0.2631578947368421,0.0294117647058823,0.0588235294117647,0.1764705882352941,0.088235294117647,50.0,48.0,58.0,56.0,54.0,62.0,50.0,40.0,0.0,0.0,0.0,0.0,0.0,0.0,0.0,0.0,0.0,0.0,0.0,0.0,0.0,0.0,0.0,0.0,0.0,0.0,0.4705882352941176,0.0353474145891043,0.4736842105263157,0.0222925735391109,0,0,0,0,0,0,0,0,0,0,0,0,0,0,0,0,0,0,2026_27,J1,明治安田J1リーグ,j1,38.0,2027-06-06,,kasm,FCtk,unplayed,2026_27-j1-38-kasm-vs-FCtk,20260812_074327,2026_27_j1,weekly_prediction_snapshot
2026_27,38,2027-06-06,mito,0-0,y-fm,Ajinomoto Stadium,0,0,7.0,7.0,230.3,3-4-2-1,4-2-3-1,9.0,7.0,2.0,1.0,0.0,1481.3682664890543,1570.7264926415494,-89.35822615249504,10.8,14.1,-3.299999999999999,82.0,0.0,10.5,24.0,3.5,7.0,1.947,1.416,42.8,54.0,42.2,48.6,0.0,0.0,0,0,10.6,3.1,11.25,0.95,1.8,0.1,427.6,10.8,11.647058823529411,11.3,19.55,14.4,18.6,10.15,1.6,13.3,1.55,0.3,2.54,8.3,14.15,30.25,0.975,1.33,5.9,6.35,35.0,64.0,38.0,72.0,15.705882352941176,5.205882352941177,12.676470588235292,2.0294117647058822,1.1764705882352942,0.2647058823529412,607.2647058823529,11.852941176470589,17.205882352941178,18.294117647058822,18.647058823529413,16.973684210526315,19.11764705882353,11.842105263157896,1.5294117647058822,11.078947368421051,1.1842105263157894,0.0789473684210526,57.9,14.882352941176473,15.921052631578949,33.026315789473685,1.8088235294117647,1.3558823529411763,118.0,184.0,48.0,89.0,44.0,90.0,0.0,4.0,4.0,2.0,4.0,3.0,3.0,-0.5,2.0,2.0,3_vs_4,0.0526315789473684,0.0,0.2105263157894736,0.2105263157894736,0.0588235294117647,0.1842105263157894,0.0,0.0588235294117647,0.1052631578947368,0.0294117647058823,45.0,44.0,47.0,44.0,45.0,44.5,44.0,44.0,0.0,0.0,0.0,0.0,0.0,0.0,0.0,0.0,0.0,0.0,0.0,0.0,0.0,0.0,0.0,0.0,0.0,0.0,0.55,0.01095238095238095,0.4736842105263157,0.0339335180055401,0,0,0,0,0,0,0,0,0,0,0,0,0,0,0,0,0,0,2026_27,J1,明治安田J1リーグ,j1,38.0,2027-06-06,,mito,y-fm,unplayed,2026_27-j1-38-mito-vs-y-fm,20260812_074327,2026_27_j1,weekly_prediction_snapshot
2026_27,38,2027-06-06,uraw,0-0,g-os,Ajinomoto Stadium,0,0,6.0,6.0,383.2,4-1-2-3,4-2-3-1,8.0,12.0,-4.0,0.0,0.0,1527.1329713906612,1486.29287547773,40.84009591293125,14.0,15.35,-1.3499999999999996,93.0,85.0,24.0,20.0,7.0,6.0,2.553,1.038,71.4,42.1,57.9,28.6,0.0,0.0,0,0,12.029411764705882,3.941176470588235,12.578947368421051,1.2647058823529411,1.1470588235294117,0.3157894736842105,486.5,9.973684210526317,13.205882352941176,12.86842105263158,20.91176470588235,17.735294117647058,19.23529411764705,10.105263157894736,1.763157894736842,13.894736842105264,1.105263157894737,0.0294117647058823,52.7,10.558823529411764,16.81578947368421,30.47058823529412,1.363157894736842,1.1823529411764706,111.0,163.0,39.0,78.0,45.0,83.0,12.763157894736842,4.088235294117647,14.911764705882351,1.1176470588235294,1.2894736842105263,0.3421052631578947,473.8157894736842,9.470588235294118,10.794117647058824,13.058823529411764,23.029411764705884,17.13157894736842,20.289473684210527,11.558823529411764,1.7941176470588236,17.676470588235293,1.0526315789473684,0.0294117647058823,48.1,11.176470588235292,16.91176470588235,31.789473684210527,1.2352941176470589,1.576470588235294,113.0,157.0,38.0,67.0,50.0,83.0,0.0,4.0,5.0,1.0,4.0,4.0,2.0,0.0,2.0,2.0,4_vs_4,0.1842105263157894,0.0294117647058823,0.2352941176470588,0.2352941176470588,0.1176470588235294,0.2368421052631578,0.0263157894736842,0.0526315789473684,0.1470588235294117,0.0263157894736842,46.0,43.0,52.0,42.0,42.0,45.0,53.0,63.0,0.131578947368421,0.0263157894736842,0.2631578947368421,0.1764705882352941,0.0588235294117647,0.1764705882352941,0.0263157894736842,0.1470588235294117,0.1470588235294117,0.0294117647058823,41.0,45.0,49.0,49.0,43.0,47.0,55.0,47.0,0.4705882352941176,0.0207612456747404,0.4473684210526316,0.0339335180055401,0,0,0,0,0,0,0,0,0,0,0,0,0,0,0,0,0,0,2026_27,J1,明治安田J1リーグ,j1,38.0,2027-06-06,,uraw,g-os,unplayed,2026_27-j1-38-uraw-vs-g-os,20260812_074327,2026_27_j1,weekly_prediction_snapshot
2026_27,38,2027-06-06,chib,0-0,kasw,Ajinomoto Stadium,0,0,7.0,7.0,242.7,3-4-2-1,3-4-2-1,10.0,10.0,0.0,0.0,0.0,1469.3397806394082,1481.948214723065,-12.608434083656675,13.3,17.85,-4.550000000000001,82.0,96.0,6.5,19.0,3.0,6.0,0.481,1.09,32.4,43.2,46.0,57.2,0.0,0.0,0,0,10.75,3.45,15.65,1.0,1.65,0.1,394.6,11.1,11.647058823529411,11.6,27.0,15.85,16.7,11.35,1.7,13.6,1.55,0.05,2.355,7.95,15.1,28.35,1.135,1.65,5.95,6.05,35.0,64.0,38.0,72.0,12.552631578947368,4.0588235294117645,11.382352941176473,1.0263157894736843,1.3529411764705883,0.2105263157894736,422.1315789473685,9.941176470588236,13.263157894736842,14.588235294117649,22.647058823529413,17.794117647058822,19.92105263157895,12.676470588235292,1.7352941176470589,16.441176470588236,1.588235294117647,0.0526315789473684,46.0,11.473684210526317,15.205882352941176,32.44117647058823,1.2289473684210528,1.181578947368421,113.0,163.0,39.0,80.0,47.0,82.0,0.0,4.0,4.0,2.0,3.0,5.0,2.0,-0.5,2.0,2.0,3_vs_3,0.0526315789473684,0.0,0.2105263157894736,0.2105263157894736,0.0588235294117647,0.1842105263157894,0.0,0.0588235294117647,0.1052631578947368,0.0294117647058823,45.0,44.0,47.0,44.0,45.0,44.5,44.0,44.0,0.0526315789473684,0.0,0.1842105263157894,0.2105263157894736,0.2058823529411764,0.1842105263157894,0.0588235294117647,0.0588235294117647,0.1764705882352941,0.0588235294117647,50.0,43.0,54.0,45.0,55.0,63.0,43.0,43.0,0.42500000000000004,0.0081944444444444,0.4705882352941176,0.0282583621683967,0,0,0,0,0,0,0,0,0,0,0,0,0,0,0,0,0,0,2026_27,J1,明治安田J1リーグ,j1,38.0,2027-06-06,,chib,kasw,unplayed,2026_27-j1-38-chib-vs-kasw,20260812_074327,2026_27_j1,weekly_prediction_snapshot
2026_27,38,2027-06-06,mcd,0-0,c-os,Ajinomoto Stadium,0,0,6.0,6.0,385.9,3-4-2-1,3-4-2-1,3.0,8.0,-5.0,0.0,0.0,1539.9974199689445,1509.1673593438288,30.83006062511572,18.4,12.5,5.899999999999999,0.0,93.0,27.5,24.0,8.0,6.0,1.924,0.595,53.1,58.9,39.0,36.8,0.0,0.0,0,0,11.1,3.263157894736842,10.842105263157896,1.25,0.8947368421052632,0.35,328.63157894736844,11.45,5.25,11.2,17.15,15.31578947368421,17.026315789473685,9.95,1.2,12.8,1.15,0.05,2.26,8.4,17.15,28.7,1.11,0.9605263157894736,5.9,5.65,14.0,31.0,18.0,31.5,13.394736842105264,3.868421052631579,12.18421052631579,1.236842105263158,1.1764705882352942,0.2894736842105263,455.8157894736842,10.823529411764708,11.105263157894736,15.289473684210526,20.5,15.5,18.38235294117647,9.157894736842104,1.605263157894737,13.941176470588236,0.7368421052631579,0.0294117647058823,50.4,10.763157894736842,15.441176470588236,31.88235294117647,1.258823529411765,1.1973684210526316,114.0,129.0,41.0,62.0,48.0,66.0,0.0,3.0,6.0,1.0,4.0,4.0,2.0,1.0,2.0,2.0,3_vs_3,0.0,0.0,0.0,0.0,0.0,0.0,0.0,0.0,0.0,0.0,0.0,0.0,0.0,0.0,0.0,0.0,0.0,0.0,0.088235294117647,0.0,0.2894736842105263,0.2894736842105263,0.0526315789473684,0.2368421052631578,0.0294117647058823,0.0789473684210526,0.088235294117647,0.0588235294117647,56.0,45.0,45.0,49.0,46.0,44.0,50.0,55.0,0.48684210526315785,0.04772884663812635,0.4736842105263157,0.0293452222517966,0,0,0,0,0,0,0,0,0,0,0,0,0,0,0,0,0,0,2026_27,J1,明治安田J1リーグ,j1,38.0,2027-06-06,,mcd,c-os,unplayed,2026_27-j1-38-mcd-vs-c-os,20260812_074327,2026_27_j1,weekly_prediction_snapshot
2026_27,38,2027-06-06,ka-f,0-0,hiro,Ajinomoto Stadium,0,0,6.0,7.0,639.0,4-2-3-1,3-4-2-1,6.0,5.0,1.0,0.0,0.0,1552.3375348771292,1548.059515531813,4.278019345316125,19.05,19.05,0.0,114.0,117.0,25.0,29.0,7.0,8.0,1.501,2.689,57.3,51.3,56.8,67.6,0.0,0.0,0,0,14.657894736842104,4.947368421052632,10.235294117647058,1.911764705882353,1.2352941176470589,0.3235294117647059,578.9705882352941,11.552631578947368,15.68421052631579,13.617647058823527,20.294117647058822,18.94117647058824,20.0,9.794117647058824,2.2058823529411766,13.588235294117649,1.1470588235294117,0.088235294117647,54.9,14.078947368421051,17.5,32.47058823529412,1.6473684210526316,1.052941176470588,111.0,157.0,42.0,70.0,44.0,82.0,14.705882352941176,4.676470588235294,10.921052631578949,1.3529411764705883,1.105263157894737,0.3235294117647059,481.1470588235294,10.470588235294118,14.705882352941176,16.764705882352942,18.352941176470587,18.657894736842103,18.647058823529413,11.794117647058824,1.7352941176470589,16.86842105263158,0.9117647058823528,0.0294117647058823,49.5,13.117647058823527,18.176470588235293,33.3235294117647,1.4088235294117646,1.068421052631579,112.0,164.0,40.0,76.0,46.0,87.0,0.0,4.0,3.0,3.0,3.0,6.0,1.0,-1.0,2.0,2.0,4_vs_3,0.1764705882352941,0.0294117647058823,0.3421052631578947,0.4117647058823529,0.131578947368421,0.3529411764705882,0.0294117647058823,0.088235294117647,0.1764705882352941,0.1176470588235294,51.0,63.0,59.0,53.0,51.0,41.0,73.0,53.0,0.1052631578947368,0.0526315789473684,0.3421052631578947,0.2941176470588235,0.1764705882352941,0.2352941176470588,0.0526315789473684,0.088235294117647,0.1176470588235294,0.0294117647058823,72.0,60.0,54.0,66.0,74.0,62.0,54.0,41.0,0.45,0.0350346020761245,0.4736842105263157,0.0276816608996539,0,0,0,0,0,0,0,0,0,0,0,0,0,0,0,0,0,0,2026_27,J1,明治安田J1リーグ,j1,38.0,2027-06-06,,ka-f,hiro,unplayed,2026_27-j1-38-ka-f-vs-hiro,20260812_074327,2026_27_j1,weekly_prediction_snapshot
2026_27,38,2027-06-06,shim,0-0,ngsk,Ajinomoto Stadium,0,0,7.0,6.5,357.7,4-1-2-3,3-4-2-1,13.0,7.0,6.0,0.0,0.0,1477.4441154138574,1482.2412986905829,-4.797183276725491,13.83,13.75,0.08000000000000007,78.0,80.0,19.0,12.0,5.0,6.0,1.52,1.515,57.5,34.7,57.0,48.6,0.0,0.0,0,0,11.342105263157896,3.5,12.0,0.9736842105263158,1.4210526315789471,0.1176470588235294,407.60526315789474,9.157894736842104,8.421052631578947,13.342105263157896,21.47058823529412,15.263157894736842,19.07894736842105,8.894736842105264,1.9705882352941173,12.176470588235292,0.631578947368421,0.0263157894736842,43.5,8.973684210526315,14.052631578947368,29.44736842105263,1.0578947368421054,1.0842105263157895,113.0,156.0,39.0,71.0,49.0,83.0,10.4,3.3,14.25,1.05,1.4,0.2,388.0,9.45,11.647058823529411,9.35,25.9,14.65,19.7,9.45,2.3,15.25,1.1,0.05,2.38,8.4,14.1,31.8,1.175,1.575,5.65,6.7,35.0,64.0,38.0,72.0,0.0,4.0,4.0,2.0,3.0,6.0,1.0,0.0,2.0,2.0,4_vs_3,0.0,0.0,0.3421052631578947,0.2105263157894736,0.0,0.131578947368421,0.0,0.0526315789473684,0.088235294117647,0.088235294117647,35.0,34.0,47.0,47.0,36.0,44.0,42.0,53.0,0.0526315789473684,0.0,0.2105263157894736,0.2105263157894736,0.0588235294117647,0.1842105263157894,0.0,0.0588235294117647,0.1052631578947368,0.0294117647058823,45.0,44.0,47.0,44.0,45.0,44.5,44.0,44.0,0.5294117647058824,0.0381752077562327,0.475,0.0197403846153846,0,0,0,0,0,0,0,0,0,0,0,0,0,0,0,0,0,0,2026_27,J1,明治安田J1リーグ,j1,38.0,2027-06-06,,shim,ngsk,unplayed,2026_27-j1-38-shim-vs-ngsk,20260812_074327,2026_27_j1,weekly_prediction_snapshot
2026_27,38,2027-06-06,nago,0-0,tk-v,Ajinomoto Stadium,0,0,7.0,6.0,0.0,3-4-2-1,3-4-2-1,8.0,13.0,-5.0,0.0,0.0,1521.2102994510724,1507.9523244100073,13.257975041065038,13.35,9.33,4.02,114.0,118.5,26.0,21.0,7.0,7.0,1.037,2.064,65.3,42.5,48.6,42.7,0.0,0.0,0,0,11.205882352941176,3.8947368421052633,11.735294117647058,1.1578947368421053,1.0294117647058822,0.3823529411764705,403.1764705882353,11.676470588235292,10.705882352941176,13.441176470588236,21.647058823529413,18.58823529411765,18.94117647058824,10.176470588235292,1.7941176470588236,14.763157894736842,1.0,0.0588235294117647,46.2,8.973684210526315,17.294117647058822,30.289473684210527,1.1823529411764706,1.1176470588235294,114.0,155.0,39.0,74.0,48.0,79.0,9.2,2.65,9.8,1.0,1.3,0.3,353.25,8.25,6.052631578947368,10.2,22.1,18.05263157894737,18.710526315789476,11.05,1.4,16.05,1.0,0.0,2.2,7.4,14.3,26.8,0.8400000000000001,1.065,5.95,7.2,15.0,26.5,19.0,33.5,0.0,3.0,6.0,1.0,3.0,6.0,1.0,1.0,2.0,2.0,3_vs_3,0.0588235294117647,0.0294117647058823,0.2647058823529412,0.2058823529411764,0.0294117647058823,0.1842105263157894,0.0,0.1052631578947368,0.1470588235294117,0.0526315789473684,51.0,50.0,38.0,45.0,47.0,44.0,43.0,46.0,0.0789473684210526,0.0394736842105263,0.1973684210526315,0.0789473684210526,0.0657894736842105,0.0789473684210526,0.0,0.0789473684210526,0.0394736842105263,0.0131578947368421,22.5,22.5,23.0,19.5,22.5,21.0,22.0,25.0,0.4736842105263157,0.028365650969529,0.48684210526315785,0.027239150507848503,0,0,0,0,0,0,0,0,0,0,0,0,0,0,0,0,0,0,2026_27,J1,明治安田J1リーグ,j1,38.0,2027-06-06,,nago,tk-v,unplayed,2026_27-j1-38-nago-vs-tk-v,20260812_074327,2026_27_j1,weekly_prediction_snapshot
2026_27,38,2027-06-06,kobe,0-0,kyot,Ajinomoto Stadium,0,0,6.0,7.0,367.5,4-1-2-3,4-2-3-1,4.0,12.0,-8.0,0.0,0.0,1568.2524919881544,1487.110875027563,81.14161696059136,16.6,14.98,1.620000000000001,93.0,110.5,26.0,17.0,8.0,6.0,1.011,0.847,51.9,50.0,51.4,42.9,0.0,0.0,0,0,12.411764705882351,4.176470588235294,11.852941176470589,1.605263157894737,0.9473684210526316,0.3421052631578947,518.9411764705883,11.470588235294118,12.411764705882351,14.235294117647058,21.86842105263158,16.794117647058822,18.473684210526315,9.911764705882351,2.210526315789474,16.92105263157895,0.9736842105263158,0.0294117647058823,53.7,11.382352941176473,16.605263157894736,31.94117647058824,1.3941176470588237,1.1088235294117648,113.0,163.0,42.0,70.0,44.0,88.0,11.911764705882351,3.176470588235294,12.823529411764708,1.05,1.3235294117647058,0.2352941176470588,337.52941176470586,10.441176470588236,10.43498452012384,13.5,23.7,17.15,21.15,13.205882352941176,1.3,17.8,1.5263157894736843,0.0789473684210526,46.2,10.0,15.8,33.94117647058823,1.1588235294117646,1.4352941176470588,113.0,133.0,27.0,53.0,36.5,80.0,0.0,4.0,3.0,3.0,4.0,3.0,3.0,-1.0,2.0,2.0,4_vs_4,0.0789473684210526,0.0263157894736842,0.2941176470588235,0.3823529411764705,0.1052631578947368,0.2105263157894736,0.0789473684210526,0.0789473684210526,0.1052631578947368,0.0294117647058823,57.0,56.0,47.0,43.0,45.0,39.0,54.0,61.0,0.0278637770897832,0.0,0.2376160990712074,0.2105263157894736,0.0704334365325076,0.0588235294117647,0.0,0.0719814241486068,0.1176470588235294,0.0147058823529411,56.0,35.5,54.5,60.0,56.0,46.0,36.0,38.0,0.5,0.0472372065898819,0.4705882352941176,0.03751730103806225,0,0,0,0,0,0,0,0,0,0,0,0,0,0,0,0,0,0,2026_27,J1,明治安田J1リーグ,j1,38.0,2027-06-06,,kobe,kyot,unplayed,2026_27-j1-38-kobe-vs-kyot,20260812_074327,2026_27_j1,weekly_prediction_snapshot
2026_27,38,2027-06-06,okay,0-0,fuku,Ajinomoto Stadium,0,0,7.0,7.0,843.1,3-4-2-1,3-4-2-1,9.0,10.0,-1.0,0.0,0.0,1499.4001333498045,1504.43640562365,-5.036272273845498,10.48,12.03,-1.549999999999999,100.0,121.0,18.0,21.0,6.0,7.0,2.493,0.769,63.2,61.0,50.0,48.1,0.0,0.0,0,0,0.0,0.0,0.0,0.0,0.0,0.0,0.0,0.0,0.0,0.0,0.0,0.0,0.0,0.0,0.0,0.0,0.0,0.0,0.0,0.0,0.0,0.0,0.0,0.0,0.0,0.0,0.0,0.0,0.0,0.0,10.5,3.176470588235294,11.157894736842104,0.868421052631579,1.0,0.3235294117647059,336.8684210526316,10.529411764705882,9.657894736842104,14.052631578947368,24.61764705882353,19.529411764705884,18.44117647058824,13.058823529411764,1.6176470588235294,18.61764705882353,1.4411764705882353,0.0263157894736842,42.7,8.368421052631579,17.5,32.28947368421053,1.0558823529411765,1.0323529411764707,109.0,120.0,26.0,52.0,38.0,67.0,0.0,3.0,6.0,1.0,3.0,6.0,1.0,1.0,2.0,2.0,3_vs_3,0.0,0.0,0.0,0.0,0.0,0.0,0.0,0.0,0.0,0.0,0.0,0.0,0.0,0.0,0.0,0.0,0.0,0.0,0.0526315789473684,0.0263157894736842,0.2105263157894736,0.2105263157894736,0.0263157894736842,0.2058823529411764,0.0,0.0263157894736842,0.0789473684210526,0.0263157894736842,42.0,45.0,44.0,47.0,54.0,51.0,40.0,34.0,0.4473684210526316,0.0279316712834718,0.5,0.0240403640680649,0,0,0,0,0,0,0,0,0,0,0,0,0,0,0,0,0,0,2026_27,J1,明治安田J1リーグ,j1,38.0,2027-06-06,,okay,fuku,unplayed,2026_27-j1-38-okay-vs-fuku,20260812_074327,2026_27_j1,weekly_prediction_snapshot
