Season,Section,Date,Home,Score,Away,Stadium,Attendance,Home_Goals,Away_Goals,Home_Rest_Days,Away_Rest_Days,Away_Travel_Distance_km,Home_Formation,Away_Formation,Home_Current_Rank,Away_Current_Rank,Rank_Diff,Home_Rank_Delta_3,Away_Rank_Delta_3,Home_Elo_Before,Away_Elo_Before,Elo_Diff,Home_Market_Value,Away_Market_Value,Market_Value_Diff,Home_Manager_Tenure,Away_Manager_Tenure,Home_Current_Points,Away_Current_Points,Home_Rolling_Points_5,Away_Rolling_Points_5,Home_Rolling_xG,Away_Rolling_xG,Home_AGI,Home_KAGI,Away_AGI,Away_KAGI,H2H_Score_Avg,Capacity,Stadium_Fill_Rate,Goal_Diff,Match_Result,Home_Prev_Total Shots,Home_Prev_Shots on Target,Home_Prev_Total Shots Against,Home_Prev_Total Goals,Home_Prev_Total Goals Against,Home_Prev_Clean Sheets,Home_Prev_Total Passes,Home_Prev_Total Dribbles,Home_Prev_Total Through Passes,Home_Prev_Total Crosses,Home_Prev_Total Clearances,Home_Prev_Total Tackles,Home_Prev_Total Blocks,Home_Prev_Total Fouls,Home_Prev_Total Interceptions,Home_Prev_Aerial Duels Won,Home_Prev_Yellow Cards,Home_Prev_Red Cards,Home_Prev_Average Possession,Home_Prev_Chances Created,Home_Prev_Duels Won,Home_Prev_Recoveries,Home_Prev_Expected Goals,Home_Prev_Expected Goals Against,Home_Prev_Avg Distance Covered,Home_Prev_Avg Sprints,Home_Prev_Distance Covered (In Possession),Home_Prev_Sprints (In Possession),Home_Prev_Distance Covered (Out of Possession),Home_Prev_Sprints (Out of Possession),Away_Prev_Total Shots,Away_Prev_Shots on Target,Away_Prev_Total Shots Against,Away_Prev_Total Goals,Away_Prev_Total Goals Against,Away_Prev_Clean Sheets,Away_Prev_Total Passes,Away_Prev_Total Dribbles,Away_Prev_Total Through Passes,Away_Prev_Total Crosses,Away_Prev_Total Clearances,Away_Prev_Total Tackles,Away_Prev_Total Blocks,Away_Prev_Total Fouls,Away_Prev_Total Interceptions,Away_Prev_Aerial Duels Won,Away_Prev_Yellow Cards,Away_Prev_Red Cards,Away_Prev_Average Possession,Away_Prev_Chances Created,Away_Prev_Duels Won,Away_Prev_Recoveries,Away_Prev_Expected Goals,Away_Prev_Expected Goals Against,Away_Prev_Avg Distance Covered,Away_Prev_Avg Sprints,Away_Prev_Distance Covered (In Possession),Away_Prev_Sprints (In Possession),Away_Prev_Distance Covered (Out of Possession),Away_Prev_Sprints (Out of Possession),is_Mirror_Game,Home_DF_count,Home_MF_count,Home_FW_count,Away_DF_count,Away_MF_count,Away_FW_count,Home_Midfield_Advantage,Defense_Margin_Home,Defense_Margin_Away,Backline_Matchup,Home_Prev_Goal PK,Home_Prev_Goal Direct Set Piece,Home_Prev_Goal Indirect Set Piece,Home_Prev_Goal Cross,Home_Prev_Goal Through Pass,Home_Prev_Goal from pass within 30m,Home_Prev_Goal from pass farther than 30m,Home_Prev_Goal from Dribble,Home_Prev_Goal from Ball Lost,Home_Prev_Goal Other,Home_Prev_Set-piece Index,Home_Prev_Left Attack Index,Home_Prev_Center Attack Index,Home_Prev_Right Attack Index,Home_Prev_Short Counter,Home_Prev_Long Counter,Home_Prev_Opponent Area Possession,Home_Prev_My Area Possession,Away_Prev_Goal PK,Away_Prev_Goal Direct Set Piece,Away_Prev_Goal Indirect Set Piece,Away_Prev_Goal Cross,Away_Prev_Goal Through Pass,Away_Prev_Goal from pass within 30m,Away_Prev_Goal from pass farther than 30m,Away_Prev_Goal from Dribble,Away_Prev_Goal from Ball Lost,Away_Prev_Goal Other,Away_Prev_Set-piece Index,Away_Prev_Left Attack Index,Away_Prev_Center Attack Index,Away_Prev_Right Attack Index,Away_Prev_Short Counter,Away_Prev_Long Counter,Away_Prev_Opponent Area Possession,Away_Prev_My Area Possession,Home_Season_Progress,Home_Urgency_Score,Away_Season_Progress,Away_Urgency_Score,Backline_Matchup_3_vs_3,Backline_Matchup_3_vs_4,Backline_Matchup_4_vs_3,Backline_Matchup_4_vs_4,Home_Formation_3-1-4-2,Home_Formation_3-3-2-2,Home_Formation_3-4-2-1,Home_Formation_4-1-2-3,Home_Formation_4-2-1-3,Home_Formation_4-2-3-1,Home_Formation_4-4-2,Away_Formation_3-1-4-2,Away_Formation_3-3-2-2,Away_Formation_3-4-2-1,Away_Formation_4-1-2-3,Away_Formation_4-2-1-3,Away_Formation_4-2-3-1,Away_Formation_4-4-2,season,league,competition,category,section,match_date,kickoff_time,home_team,away_team,status,match_id
2026_special,1,2026-02-06,y-fm,0-0,mcd,Ajinomoto Stadium,13697.0,0,0,6.0,7.0,145.05,4-2-1-3,3-4-2-1,0.0,0.0,0.0,0.0,0.0,1602.479355440467,1572.0534875967746,30.42586784369246,14430000.0,19300000.0,-4870000.0,0.0,0.0,25.0,31.5,8.0,8.0,1.201,1.132,50.4,52.3,48.2,54.8,0.0,0.0,0.0,0,0,15.705882352941176,5.205882352941177,12.676470588235292,2.0294117647058822,1.1764705882352942,0.2647058823529412,607.2647058823529,11.852941176470589,17.205882352941178,18.294117647058822,18.647058823529413,16.973684210526315,19.11764705882353,11.842105263157896,1.5294117647058822,11.078947368421051,1.1842105263157894,0.0789473684210526,57.9,14.882352941176473,15.921052631578949,33.026315789473685,1.8088235294117647,1.3558823529411763,118.0,184.0,48.0,89.0,44.0,90.0,6.092105263157895,1.631578947368421,5.421052631578948,0.7105263157894736,0.4473684210526316,0.23684210526315785,164.31578947368422,6.144736842105263,5.25,8.263157894736842,9.802631578947368,7.657894736842105,8.513157894736842,7.131578947368421,0.7105263157894736,10.828947368421051,0.75,0.0263157894736842,22.4,5.236842105263158,8.68421052631579,16.75,0.6907894736842105,0.4802631578947368,58.0,63.5,14.0,31.0,18.0,31.5,0.0,4.0,3.0,3.0,3.5,5.0,1.5,-1.0,2.0,2.0,4_vs_3,0.0,0.0,0.0,0.0,0.0,0.0,0.0,0.0,0.0,0.0,0.0,0.0,0.0,0.0,0.0,0.0,0.0,0.0,0.0,0.0,0.0,0.0,0.0,0.0,0.0,0.0,0.0,0.0,0.0,0.0,0.0,0.0,0.0,0.0,0.0,0.0,0.4736842105263157,0.0569845666798575,0.49999999999999994,0.06755540166204985,0,0,0,0,0,0,0,0,0,0,0,0,0,0,0,0,0,0,2026_special,J1,明治安田Ｊ１百年構想 EASTグループ,100yj1,1,2026-02-06,19:03,y-fm,mcd,finished,2026_special-100yj1-1-y-fm-vs-mcd
2026_special,1,2026-02-06,kyot,0-0,kobe,Ajinomoto Stadium,13697.0,0,0,7.0,7.0,412.8,4-1-2-3,4-1-2-3,13.0,4.0,9.0,0.0,0.0,1483.0471288767508,1611.2503664050294,-128.20323752827858,15730000.0,17700000.0,-1970000.0,127.5,96.0,21.0,24.0,6.5,9.0,1.111,1.718,54.2,46.2,52.1,50.3,0.0,0.0,0.0,0,0,11.911764705882351,3.176470588235294,13.35294117647059,1.131578947368421,1.3235294117647058,0.2352941176470588,330.5147058823529,10.735294117647058,10.43498452012384,14.617647058823527,25.558823529411764,17.409442724458206,20.83513931888545,13.421052631578949,1.5255417956656347,17.894736842105264,1.4396284829721364,0.0835913312693498,46.55,9.441176470588236,15.81501547987616,33.94117647058823,1.188235294117647,1.4,113.0,135.0,27.0,53.0,36.5,80.0,12.411764705882351,4.176470588235294,11.852941176470589,1.605263157894737,0.9473684210526316,0.3421052631578947,518.9411764705883,11.470588235294118,12.411764705882351,14.235294117647058,21.86842105263158,16.794117647058822,18.473684210526315,9.911764705882351,2.210526315789474,16.92105263157895,0.9736842105263158,0.0294117647058823,53.7,11.382352941176473,16.605263157894736,31.94117647058824,1.3941176470588237,1.1088235294117648,113.0,163.0,42.0,70.0,44.0,88.0,0.0,4.0,3.0,3.0,4.0,3.0,3.0,-2.0,2.0,2.0,4_vs_4,0.02786377708978325,0.0,0.2376160990712074,0.2105263157894736,0.07043343653250769,0.0588235294117647,0.0,0.0719814241486068,0.1176470588235294,0.01470588235294115,56.0,35.5,54.5,60.0,56.0,46.0,36.0,38.0,0.0789473684210526,0.0263157894736842,0.2941176470588235,0.3823529411764705,0.1052631578947368,0.2105263157894736,0.0789473684210526,0.0789473684210526,0.1052631578947368,0.0294117647058823,57.0,56.0,47.0,43.0,45.0,39.0,54.0,61.0,0.5,0.051988523941432455,0.5,0.0443213296398891,0,0,0,0,0,0,0,0,0,0,0,0,0,0,0,0,0,0,2026_special,J1,明治安田Ｊ１百年構想 WESTグループ,100yj1,1,2026-02-06,19:03,kyot,kobe,finished,2026_special-100yj1-1-kyot-vs-kobe
2026_special,1,2026-02-06,ngsk,0-0,hiro,Ajinomoto Stadium,13697.0,0,0,7.0,7.0,639.0,3-4-2-1,3-4-2-1,8.0,5.0,3.0,0.0,0.0,1509.5295185893274,1580.9061483660332,-71.37662977670584,14950000.0,20900000.0,-5950000.0,82.0,117.0,20.0,29.0,7.0,8.0,1.312,1.91,45.3,46.7,57.6,52.0,0.0,0.0,0.0,0,0,12.029411764705882,3.8684210526315783,11.588235294117649,1.1764705882352942,1.1470588235294117,0.2647058823529412,436.7948916408669,10.36842105263158,11.647058823529411,13.823529411764705,20.94736842105263,17.294117647058822,18.852941176470587,11.029411764705882,1.7352941176470589,14.447368421052632,1.0294117647058822,0.0294117647058823,48.9,10.705882352941176,16.323529411764707,31.789473684210527,1.2263157894736842,1.181578947368421,113.0,135.0,35.0,64.0,38.0,72.0,14.705882352941176,4.676470588235294,10.921052631578949,1.3529411764705883,1.105263157894737,0.3235294117647059,481.1470588235294,10.470588235294118,14.705882352941176,16.764705882352942,18.352941176470587,18.657894736842103,18.647058823529413,11.794117647058824,1.7352941176470589,16.86842105263158,0.9117647058823528,0.0294117647058823,49.5,13.117647058823527,18.176470588235293,33.3235294117647,1.4088235294117646,1.068421052631579,112.0,164.0,40.0,76.0,46.0,87.0,0.0,4.0,5.0,2.0,3.0,6.0,1.0,0.0,2.0,2.0,3_vs_3,0.0526315789473684,0.0,0.2105263157894736,0.2105263157894736,0.0588235294117647,0.1842105263157894,0.0,0.0588235294117647,0.1052631578947368,0.0294117647058823,45.0,44.0,47.0,44.0,45.0,44.5,44.0,44.0,0.1052631578947368,0.0526315789473684,0.3421052631578947,0.2941176470588235,0.1764705882352941,0.2352941176470588,0.0526315789473684,0.088235294117647,0.1176470588235294,0.0294117647058823,72.0,60.0,54.0,66.0,74.0,62.0,54.0,41.0,0.4736842105263157,0.03372576177285315,0.5,0.0251825736590279,0,0,0,0,0,0,0,0,0,0,0,0,0,0,0,0,0,0,2026_special,J1,明治安田Ｊ１百年構想 WESTグループ,100yj1,1,2026-02-06,19:06,ngsk,hiro,finished,2026_special-100yj1-1-ngsk-vs-hiro
2026_special,1,2026-02-07,chib,0-0,uraw,Ajinomoto Stadium,13697.0,0,0,7.0,7.0,234.7,4-4-2,4-2-3-1,8.0,8.0,0.0,0.0,0.0,1509.5295185893274,1546.105970950524,-36.576452361196516,11900000.0,17730000.0,-5830000.0,82.0,99.0,20.0,25.0,7.0,7.0,1.194,1.437,40.0,48.5,50.6,49.6,0.0,0.0,0.0,0,0,12.029411764705882,3.8684210526315783,11.588235294117649,1.1764705882352942,1.1470588235294117,0.2647058823529412,436.7948916408669,10.36842105263158,11.647058823529411,13.823529411764705,20.94736842105263,17.294117647058822,18.852941176470587,11.029411764705882,1.7352941176470589,14.447368421052632,1.0294117647058822,0.0294117647058823,48.9,10.705882352941176,16.323529411764707,31.789473684210527,1.2263157894736842,1.181578947368421,113.0,135.0,35.0,64.0,38.0,72.0,12.029411764705882,3.941176470588236,12.578947368421051,1.2647058823529411,1.1470588235294117,0.3157894736842105,486.5,9.973684210526317,13.205882352941176,12.86842105263158,20.91176470588235,17.735294117647058,19.235294117647054,10.105263157894736,1.763157894736842,13.894736842105264,1.105263157894737,0.0294117647058823,52.7,10.558823529411764,16.81578947368421,30.47058823529412,1.363157894736842,1.1823529411764706,111.0,163.0,39.0,78.0,45.0,83.0,0.0,4.0,5.0,2.0,4.0,5.0,1.0,0.0,2.0,2.0,4_vs_4,0.0526315789473684,0.0,0.2105263157894736,0.2105263157894736,0.0588235294117647,0.1842105263157894,0.0,0.0588235294117647,0.1052631578947368,0.0294117647058823,45.0,44.0,47.0,44.0,45.0,44.5,44.0,44.0,0.1842105263157894,0.0294117647058823,0.2352941176470588,0.2352941176470588,0.1176470588235294,0.2368421052631578,0.0263157894736842,0.0526315789473684,0.1470588235294117,0.0263157894736842,46.0,43.0,52.0,42.0,42.0,45.0,53.0,63.0,0.4736842105263157,0.03372576177285315,0.5,0.025,0,0,0,0,0,0,0,0,0,0,0,0,0,0,0,0,0,0,2026_special,J1,明治安田Ｊ１百年構想 EASTグループ,100yj1,1,2026-02-07,13:04,chib,uraw,finished,2026_special-100yj1-1-chib-vs-uraw
2026_special,1,2026-02-07,FCtk,0-0,kasm,Ajinomoto Stadium,13697.0,0,0,7.0,7.0,289.2,4-4-2,4-4-2,0.0,4.0,-4.0,0.0,0.0,1505.1732969988918,1581.086740142147,-75.91344314325511,15680000.0,23030000.0,-7350000.0,0.0,88.0,0.0,30.0,7.0,8.0,1.631,1.445,48.2,52.8,47.3,48.1,0.0,0.0,0.0,0,0,0.0,0.0,0.0,0.0,0.0,0.0,0.0,0.0,0.0,0.0,0.0,0.0,0.0,0.0,0.0,0.0,0.0,0.0,0.0,0.0,0.0,0.0,0.0,0.0,0.0,0.0,0.0,0.0,0.0,0.0,12.941176470588236,4.176470588235294,11.147058823529411,1.5789473684210529,1.0789473684210529,0.3947368421052631,424.11764705882354,10.852941176470589,12.264705882352942,15.078947368421051,21.91176470588235,18.68421052631579,19.97058823529412,11.894736842105264,2.0,18.81578947368421,1.411764705882353,0.0588235294117647,50.1,11.5,17.36842105263158,33.55263157894737,1.2868421052631578,1.2078947368421051,112.0,167.0,40.0,80.0,45.0,86.0,0.0,4.0,3.0,3.0,4.0,4.0,2.0,-1.0,2.0,2.0,4_vs_4,0.0,0.0,0.0,0.0,0.0,0.0,0.0,0.0,0.0,0.0,0.0,0.0,0.0,0.0,0.0,0.0,0.0,0.0,0.0789473684210526,0.0,0.3823529411764705,0.2941176470588235,0.088235294117647,0.2631578947368421,0.0294117647058823,0.0588235294117647,0.1764705882352941,0.088235294117647,50.0,48.0,58.0,56.0,54.0,62.0,50.0,40.0,0.0,0.0,0.5,0.0377077562326869,0,0,0,0,0,0,0,0,0,0,0,0,0,0,0,0,0,0,2026_special,J1,明治安田Ｊ１百年構想 EASTグループ,100yj1,1,2026-02-07,13:35,FCtk,kasm,finished,2026_special-100yj1-1-FCtk-vs-kasm
2026_special,1,2026-02-07,c-os,0-0,g-os,Ajinomoto Stadium,13697.0,0,0,7.0,6.0,383.2,4-2-3-1,4-2-3-1,7.0,12.0,-5.0,0.0,0.0,1528.4739621715223,1474.8519838369311,53.62197833459118,14350000.0,15430000.0,-1080000.0,99.0,85.0,25.0,20.0,7.0,7.0,1.36,1.432,49.5,46.4,51.1,46.7,0.0,0.0,0.0,0,0,13.394736842105264,3.8684210526315783,12.18421052631579,1.236842105263158,1.1764705882352942,0.2894736842105263,455.8157894736842,10.823529411764708,11.105263157894736,15.289473684210526,20.5,15.5,18.38235294117647,9.157894736842104,1.605263157894737,13.941176470588236,0.7368421052631579,0.0294117647058823,50.4,10.763157894736842,15.441176470588236,31.88235294117647,1.258823529411765,1.1973684210526316,114.0,129.0,41.0,62.0,48.0,66.0,12.763157894736842,4.088235294117647,14.911764705882351,1.1176470588235294,1.2894736842105263,0.3421052631578947,473.8157894736842,9.470588235294118,10.794117647058824,13.058823529411764,23.029411764705884,17.13157894736842,20.289473684210527,11.558823529411764,1.7941176470588236,17.676470588235293,1.0526315789473684,0.0294117647058823,48.1,11.176470588235292,16.91176470588235,31.789473684210527,1.2352941176470589,1.576470588235294,113.0,157.0,38.0,67.0,50.0,83.0,0.0,4.0,4.0,2.0,4.0,4.0,2.0,-1.0,2.0,2.0,4_vs_4,0.088235294117647,0.0,0.2894736842105263,0.2894736842105263,0.0526315789473684,0.2368421052631578,0.0294117647058823,0.0789473684210526,0.088235294117647,0.0588235294117647,56.0,45.0,45.0,49.0,46.0,44.0,50.0,55.0,0.131578947368421,0.0263157894736842,0.2631578947368421,0.1764705882352941,0.0588235294117647,0.1764705882352941,0.0263157894736842,0.1470588235294117,0.1470588235294117,0.0294117647058823,41.0,45.0,49.0,49.0,43.0,47.0,55.0,47.0,0.5,0.0279316712834718,0.4736842105263157,0.0373961218836565,0,0,0,0,0,0,0,0,0,0,0,0,0,0,0,0,0,0,2026_special,J1,明治安田Ｊ１百年構想 WESTグループ,100yj1,1,2026-02-07,16:03,c-os,g-os,finished,2026_special-100yj1-1-c-os-vs-g-os
2026_special,1,2026-02-08,ka-f,0-0,kasw,Ajinomoto Stadium,13697.0,0,0,6.0,7.0,242.7,4-2-3-1,3-4-2-1,6.0,11.0,-5.0,0.0,0.0,1587.410772611103,1463.874953058819,123.53581955228401,21300000.0,18450000.0,2850000.0,114.0,96.0,28.0,21.0,8.0,7.0,1.171,1.395,52.1,50.6,50.5,54.3,0.0,0.0,0.0,0,0,14.657894736842104,4.947368421052632,10.235294117647058,1.911764705882353,1.2352941176470589,0.3235294117647059,578.9705882352941,11.552631578947368,15.68421052631579,13.617647058823527,20.294117647058822,18.94117647058824,20.0,9.794117647058824,2.2058823529411766,13.588235294117649,1.1470588235294117,0.088235294117647,54.9,14.078947368421051,17.5,32.47058823529412,1.6473684210526316,1.052941176470588,111.0,157.0,42.0,70.0,44.0,82.0,12.552631578947368,4.0588235294117645,11.382352941176473,1.0263157894736843,1.3529411764705883,0.2105263157894736,422.1315789473685,9.941176470588236,13.263157894736842,14.588235294117649,22.647058823529413,17.794117647058822,19.92105263157895,12.676470588235292,1.7352941176470589,16.441176470588236,1.588235294117647,0.0526315789473684,46.0,11.473684210526317,15.205882352941176,32.44117647058823,1.2289473684210528,1.181578947368421,113.0,163.0,39.0,80.0,47.0,82.0,0.0,4.0,3.0,3.0,3.0,5.0,2.0,-1.0,2.0,2.0,4_vs_3,0.1764705882352941,0.0294117647058823,0.3421052631578947,0.4117647058823529,0.131578947368421,0.3529411764705882,0.0294117647058823,0.088235294117647,0.1764705882352941,0.1176470588235294,51.0,63.0,59.0,53.0,51.0,41.0,73.0,53.0,0.0526315789473684,0.0,0.1842105263157894,0.2105263157894736,0.2058823529411764,0.1842105263157894,0.0588235294117647,0.0588235294117647,0.1764705882352941,0.0588235294117647,50.0,43.0,54.0,45.0,55.0,63.0,43.0,43.0,0.4736842105263157,0.0396923749817757,0.4736842105263157,0.0396923749817757,0,0,0,0,0,0,0,0,0,0,0,0,0,0,0,0,0,0,2026_special,J1,明治安田Ｊ１百年構想 EASTグループ,100yj1,1,2026-02-08,15:03,ka-f,kasw,finished,2026_special-100yj1-1-ka-f-vs-kasw
2026_special,1,2026-02-08,tk-v,0-0,mito,Ajinomoto Stadium,13697.0,0,0,7.0,7.0,357.7,3-4-2-1,4-4-2,14.0,8.0,6.0,0.0,0.0,1504.6550651609919,1506.8677727889888,-2.212707627996906,8700000.0,9700000.0,-1000000.0,120.5,80.0,24.0,20.0,7.0,7.0,0.893,1.025,45.6,57.4,48.3,51.7,0.0,0.0,0.0,0,0,6.026315789473684,2.1842105263157894,5.894736842105263,0.6710526315789473,0.6710526315789473,0.15789473684210525,200.48684210526315,4.842105263157895,6.052631578947368,5.973684210526316,13.11842105263158,9.026315789473685,9.355263157894738,5.960526315789474,1.0,8.763157894736842,0.6578947368421053,0.0263157894736842,22.95,5.105263157894737,7.894736842105263,15.828947368421051,0.6026315789473684,0.6039473684210526,58.0,61.0,15.0,26.5,19.0,33.5,12.029411764705882,3.8684210526315783,11.588235294117649,1.1764705882352942,1.1470588235294117,0.2647058823529412,436.7948916408669,10.36842105263158,11.647058823529411,13.823529411764705,20.94736842105263,17.294117647058822,18.852941176470587,11.029411764705882,1.7352941176470589,14.447368421052632,1.0294117647058822,0.0294117647058823,48.9,10.705882352941176,16.323529411764707,31.789473684210527,1.2263157894736842,1.181578947368421,113.0,135.0,35.0,64.0,38.0,72.0,0.0,3.0,6.0,1.0,4.0,5.0,2.0,1.0,2.0,2.0,3_vs_4,0.0789473684210526,0.0394736842105263,0.19736842105263155,0.0789473684210526,0.0657894736842105,0.0789473684210526,0.0,0.0789473684210526,0.0394736842105263,0.0131578947368421,22.5,22.5,23.0,19.5,22.5,21.0,22.0,25.0,0.0526315789473684,0.0,0.2105263157894736,0.2105263157894736,0.0588235294117647,0.1842105263157894,0.0,0.0588235294117647,0.1052631578947368,0.0294117647058823,45.0,44.0,47.0,44.0,45.0,44.5,44.0,44.0,0.513157894736842,0.03355263157894735,0.4736842105263157,0.0332409972299168,0,0,0,0,0,0,0,0,0,0,0,0,0,0,0,0,0,0,2026_special,J1,明治安田Ｊ１百年構想 EASTグループ,100yj1,1,2026-02-08,16:03,tk-v,mito,finished,2026_special-100yj1-1-tk-v-vs-mito
2026_special,1,2026-02-08,fuku,0-0,okay,Ajinomoto Stadium,13697.0,0,0,7.0,6.0,0.0,3-4-2-1,3-4-2-1,10.0,12.0,-2.0,0.0,1.0,1498.8558792382391,1488.4488488061263,10.407030432112833,10830000.0,11200000.0,-370000.0,113.0,127.0,21.0,24.0,6.0,5.0,0.959,1.253,51.1,53.0,53.9,49.2,0.0,0.0,0.0,0,0,10.5,3.176470588235294,11.157894736842104,0.868421052631579,1.0,0.3235294117647059,336.8684210526316,10.529411764705882,9.657894736842104,14.052631578947368,24.61764705882353,19.529411764705884,18.44117647058824,13.058823529411764,1.6176470588235294,18.61764705882353,1.4411764705882353,0.0263157894736842,42.7,8.368421052631579,17.5,32.28947368421053,1.0558823529411765,1.0323529411764707,109.0,120.0,26.0,52.0,38.0,67.0,0.0,0.0,0.0,0.0,0.0,0.0,0.0,0.0,0.0,0.0,0.0,0.0,0.0,0.0,0.0,0.0,0.0,0.0,0.0,0.0,0.0,0.0,0.0,0.0,0.0,0.0,0.0,0.0,0.0,0.0,0.0,3.0,6.0,1.0,3.0,6.0,1.0,0.0,2.0,2.0,3_vs_3,0.0526315789473684,0.0263157894736842,0.2105263157894736,0.2105263157894736,0.0263157894736842,0.2058823529411764,0.0,0.0263157894736842,0.0789473684210526,0.0263157894736842,42.0,45.0,44.0,47.0,54.0,51.0,40.0,34.0,0.0,0.0,0.0,0.0,0.0,0.0,0.0,0.0,0.0,0.0,0.0,0.0,0.0,0.0,0.0,0.0,0.0,0.0,0.4736842105263157,0.0249307479224376,0.5526315789473685,0.0339335180055401,0,0,0,0,0,0,0,0,0,0,0,0,0,0,0,0,0,0,2026_special,J1,明治安田Ｊ１百年構想 WESTグループ,100yj1,1,2026-02-08,13:08,fuku,okay,finished,2026_special-100yj1-1-fuku-vs-okay
2026_special,1,2026-02-08,nago,0-0,shim,Ajinomoto Stadium,13697.0,0,0,7.0,7.0,222.2,3-4-2-1,4-1-2-3,8.0,13.0,-5.0,0.0,0.0,1520.4820799936924,1454.3484905594707,66.13358943422168,15900000.0,12900000.0,3000000.0,114.0,85.0,27.0,17.0,7.0,5.0,1.431,1.163,52.8,44.4,51.1,51.4,0.0,0.0,0.0,0,0,11.205882352941176,3.8947368421052633,11.735294117647058,1.1578947368421053,1.0294117647058822,0.3823529411764705,403.1764705882353,11.676470588235292,10.705882352941176,13.441176470588236,21.647058823529413,18.58823529411765,18.94117647058824,10.176470588235292,1.7941176470588236,14.763157894736842,1.0,0.0588235294117647,46.2,8.973684210526315,17.294117647058822,30.289473684210527,1.1823529411764706,1.1176470588235294,114.0,155.0,39.0,74.0,48.0,79.0,11.342105263157896,3.5,12.0,0.9736842105263158,1.4210526315789471,0.1176470588235294,407.60526315789474,9.157894736842104,8.421052631578947,13.342105263157896,21.47058823529412,15.263157894736842,19.07894736842105,8.894736842105264,1.9705882352941175,12.176470588235292,0.631578947368421,0.0263157894736842,43.5,8.973684210526315,14.052631578947368,29.44736842105263,1.0578947368421054,1.0842105263157895,113.0,156.0,39.0,71.0,49.0,83.0,0.0,3.0,6.0,1.0,4.0,4.0,2.0,1.0,2.0,2.0,3_vs_4,0.0588235294117647,0.0294117647058823,0.2647058823529412,0.2058823529411764,0.0294117647058823,0.1842105263157894,0.0,0.1052631578947368,0.1470588235294117,0.0526315789473684,51.0,50.0,38.0,45.0,47.0,44.0,43.0,46.0,0.0,0.0,0.3421052631578947,0.2105263157894736,0.0,0.131578947368421,0.0,0.0526315789473684,0.088235294117647,0.088235294117647,35.0,34.0,47.0,47.0,36.0,44.0,42.0,53.0,0.5,0.0339335180055401,0.5,0.0393477713422311,0,0,0,0,0,0,0,0,0,0,0,0,0,0,0,0,0,0,2026_special,J1,明治安田Ｊ１百年構想 WESTグループ,100yj1,1,2026-02-08,14:03,nago,shim,finished,2026_special-100yj1-1-nago-vs-shim
2026_special,2,2026-02-13,kobe,0-0,ngsk,Ajinomoto Stadium,13697.0,0,0,7.0,7.0,357.7,4-1-2-3,3-4-2-1,4.0,8.0,-4.0,0.0,0.0,1612.7483455948493,1506.8677727889888,105.88057280586054,17700000.0,14950000.0,2750000.0,93.0,80.0,24.0,20.0,9.0,7.0,1.718,1.312,52.1,50.3,45.3,46.7,0.0,0.0,0.0,0,0,12.411764705882351,4.176470588235294,11.852941176470589,1.605263157894737,0.9473684210526316,0.3421052631578947,518.9411764705883,11.470588235294118,12.411764705882351,14.235294117647058,21.86842105263158,16.794117647058822,18.473684210526315,9.911764705882351,2.210526315789474,16.92105263157895,0.9736842105263158,0.0294117647058823,53.7,11.382352941176473,16.605263157894736,31.94117647058824,1.3941176470588237,1.1088235294117648,113.0,163.0,42.0,70.0,44.0,88.0,12.029411764705882,3.8684210526315783,11.588235294117649,1.1764705882352942,1.1470588235294117,0.2647058823529412,436.7948916408669,10.36842105263158,11.647058823529411,13.823529411764705,20.94736842105263,17.294117647058822,18.852941176470587,11.029411764705882,1.7352941176470589,14.447368421052632,1.0294117647058822,0.0294117647058823,48.9,10.705882352941176,16.323529411764707,31.789473684210527,1.2263157894736842,1.181578947368421,113.0,135.0,35.0,64.0,38.0,72.0,0.0,4.0,3.0,3.0,4.0,5.0,2.0,-1.0,2.0,2.0,4_vs_3,0.0789473684210526,0.0263157894736842,0.2941176470588235,0.3823529411764705,0.1052631578947368,0.2105263157894736,0.0789473684210526,0.0789473684210526,0.1052631578947368,0.0294117647058823,57.0,56.0,47.0,43.0,45.0,39.0,54.0,61.0,0.0526315789473684,0.0,0.2105263157894736,0.2105263157894736,0.0588235294117647,0.1842105263157894,0.0,0.0588235294117647,0.1052631578947368,0.0294117647058823,45.0,44.0,47.0,44.0,45.0,44.5,44.0,44.0,0.4736842105263157,0.0416666666666666,0.4736842105263157,0.0332409972299168,0,0,0,0,0,0,0,0,0,0,0,0,0,0,0,0,0,0,2026_special,J1,明治安田Ｊ１百年構想 WESTグループ,100yj1,2,2026-02-13,19:03,kobe,ngsk,finished,2026_special-100yj1-2-kobe-vs-ngsk
2026_special,2,2026-02-14,mcd,0-0,mito,Ajinomoto Stadium,13697.0,0,0,6.0,7.0,357.7,3-4-2-1,4-4-2,0.0,8.0,-8.0,0.0,0.0,1579.3237324440397,1506.8677727889888,72.45595965505095,19300000.0,9700000.0,9600000.0,0.0,80.0,34.5,20.0,8.0,7.0,1.132,1.025,48.2,54.8,48.3,51.7,0.0,0.0,0.0,0,0,6.092105263157895,1.631578947368421,5.421052631578948,0.7105263157894736,0.4473684210526316,0.23684210526315785,164.31578947368422,6.144736842105263,5.25,8.263157894736842,9.802631578947368,7.657894736842105,8.513157894736842,7.131578947368421,0.7105263157894736,10.828947368421051,0.75,0.0263157894736842,22.4,5.236842105263158,8.68421052631579,16.75,0.6907894736842105,0.4802631578947368,58.0,63.5,14.0,31.0,18.0,31.5,12.029411764705882,3.8684210526315783,11.588235294117649,1.1764705882352942,1.1470588235294117,0.2647058823529412,436.7948916408669,10.36842105263158,11.647058823529411,13.823529411764705,20.94736842105263,17.294117647058822,18.852941176470587,11.029411764705882,1.7352941176470589,14.447368421052632,1.0294117647058822,0.0294117647058823,48.9,10.705882352941176,16.323529411764707,31.789473684210527,1.2263157894736842,1.181578947368421,113.0,135.0,35.0,64.0,38.0,72.0,0.0,3.5,5.0,1.5,4.0,5.0,2.0,0.0,2.0,2.0,3_vs_4,0.0,0.0,0.0,0.0,0.0,0.0,0.0,0.0,0.0,0.0,0.0,0.0,0.0,0.0,0.0,0.0,0.0,0.0,0.0526315789473684,0.0,0.2105263157894736,0.2105263157894736,0.0588235294117647,0.1842105263157894,0.0,0.0588235294117647,0.1052631578947368,0.0294117647058823,45.0,44.0,47.0,44.0,45.0,44.5,44.0,44.0,0.5263157894736843,0.0718458826492067,0.4736842105263157,0.0332409972299168,0,0,0,0,0,0,0,0,0,0,0,0,0,0,0,0,0,0,2026_special,J1,明治安田Ｊ１百年構想 EASTグループ,100yj1,2,2026-02-14,14:03,mcd,mito,finished,2026_special-100yj1-2-mcd-vs-mito
2026_special,2,2026-02-14,FCtk,0-0,uraw,Ajinomoto Stadium,13697.0,0,0,7.0,7.0,234.7,4-4-2,4-2-3-1,0.0,8.0,-8.0,0.0,0.0,1505.1732969988918,1546.105970950524,-40.93267395163207,15680000.0,17730000.0,-2050000.0,0.0,99.0,0.0,25.0,7.0,7.0,1.631,1.437,48.2,52.8,50.6,49.6,0.0,0.0,0.0,0,0,0.0,0.0,0.0,0.0,0.0,0.0,0.0,0.0,0.0,0.0,0.0,0.0,0.0,0.0,0.0,0.0,0.0,0.0,0.0,0.0,0.0,0.0,0.0,0.0,0.0,0.0,0.0,0.0,0.0,0.0,12.029411764705882,3.941176470588236,12.578947368421051,1.2647058823529411,1.1470588235294117,0.3157894736842105,486.5,9.973684210526317,13.205882352941176,12.86842105263158,20.91176470588235,17.735294117647058,19.235294117647054,10.105263157894736,1.763157894736842,13.894736842105264,1.105263157894737,0.0294117647058823,52.7,10.558823529411764,16.81578947368421,30.47058823529412,1.363157894736842,1.1823529411764706,111.0,163.0,39.0,78.0,45.0,83.0,0.0,4.0,3.0,3.0,4.0,5.0,1.0,-1.0,2.0,2.0,4_vs_4,0.0,0.0,0.0,0.0,0.0,0.0,0.0,0.0,0.0,0.0,0.0,0.0,0.0,0.0,0.0,0.0,0.0,0.0,0.1842105263157894,0.0294117647058823,0.2352941176470588,0.2352941176470588,0.1176470588235294,0.2368421052631578,0.0263157894736842,0.0526315789473684,0.1470588235294117,0.0263157894736842,46.0,43.0,52.0,42.0,42.0,45.0,53.0,63.0,0.0,0.0,0.5,0.025,0,0,0,0,0,0,0,0,0,0,0,0,0,0,0,0,0,0,2026_special,J1,明治安田Ｊ１百年構想 EASTグループ,100yj1,2,2026-02-14,15:03,FCtk,uraw,finished,2026_special-100yj1-2-FCtk-vs-uraw
2026_special,2,2026-02-14,kasm,0-0,y-fm,Ajinomoto Stadium,13697.0,0,0,7.0,6.0,230.3,4-4-2,4-2-1-3,4.0,0.0,4.0,0.0,0.0,1590.7185052811446,1602.4015606637863,-11.683055382641669,23030000.0,14430000.0,8600000.0,86.0,0.0,31.0,24.0,9.0,9.0,1.445,1.201,47.3,48.1,50.4,52.3,0.0,0.0,0.0,0,0,12.941176470588236,4.176470588235294,11.147058823529411,1.5789473684210529,1.0789473684210529,0.3947368421052631,424.11764705882354,10.852941176470589,12.264705882352942,15.078947368421051,21.91176470588235,18.68421052631579,19.97058823529412,11.894736842105264,2.0,18.81578947368421,1.411764705882353,0.0588235294117647,50.1,11.5,17.36842105263158,33.55263157894737,1.2868421052631578,1.2078947368421051,112.0,167.0,40.0,80.0,45.0,86.0,15.705882352941176,5.205882352941177,12.676470588235292,2.0294117647058822,1.1764705882352942,0.2647058823529412,607.2647058823529,11.852941176470589,17.205882352941178,18.294117647058822,18.647058823529413,16.973684210526315,19.11764705882353,11.842105263157896,1.5294117647058822,11.078947368421051,1.1842105263157894,0.0789473684210526,57.9,14.882352941176473,15.921052631578949,33.026315789473685,1.8088235294117647,1.3558823529411763,118.0,184.0,48.0,89.0,44.0,90.0,0.0,4.0,4.0,2.0,4.0,3.0,3.0,-1.0,2.0,2.0,4_vs_4,0.0789473684210526,0.0,0.3823529411764705,0.2941176470588235,0.088235294117647,0.2631578947368421,0.0294117647058823,0.0588235294117647,0.1764705882352941,0.088235294117647,50.0,48.0,58.0,56.0,54.0,62.0,50.0,40.0,0.0,0.0,0.0,0.0,0.0,0.0,0.0,0.0,0.0,0.0,0.0,0.0,0.0,0.0,0.0,0.0,0.0,0.0,0.4736842105263157,0.0364638823780098,0.5,0.0558633425669436,0,0,0,0,0,0,0,0,0,0,0,0,0,0,0,0,0,0,2026_special,J1,明治安田Ｊ１百年構想 EASTグループ,100yj1,2,2026-02-14,15:03,kasm,y-fm,finished,2026_special-100yj1-2-kasm-vs-y-fm
2026_special,2,2026-02-14,hiro,0-0,okay,Ajinomoto Stadium,13697.0,0,0,7.0,6.0,0.0,3-4-2-1,3-4-2-1,6.0,12.0,-6.0,0.0,1.0,1578.4873311818164,1488.4488488061263,90.03848237569014,20900000.0,11200000.0,9700000.0,113.0,127.0,26.0,24.0,8.0,5.0,1.91,1.253,57.6,52.0,53.9,49.2,0.0,0.0,0.0,0,0,14.705882352941176,4.676470588235294,10.921052631578949,1.3529411764705883,1.105263157894737,0.3235294117647059,481.1470588235294,10.470588235294118,14.705882352941176,16.764705882352942,18.352941176470587,18.657894736842103,18.647058823529413,11.794117647058824,1.7352941176470589,16.86842105263158,0.9117647058823528,0.0294117647058823,49.5,13.117647058823527,18.176470588235293,33.3235294117647,1.4088235294117646,1.068421052631579,112.0,164.0,40.0,76.0,46.0,87.0,0.0,0.0,0.0,0.0,0.0,0.0,0.0,0.0,0.0,0.0,0.0,0.0,0.0,0.0,0.0,0.0,0.0,0.0,0.0,0.0,0.0,0.0,0.0,0.0,0.0,0.0,0.0,0.0,0.0,0.0,0.0,3.0,6.0,1.0,3.0,6.0,1.0,1.0,2.0,2.0,3_vs_3,0.1052631578947368,0.0526315789473684,0.3421052631578947,0.2941176470588235,0.1764705882352941,0.2352941176470588,0.0526315789473684,0.088235294117647,0.1176470588235294,0.0294117647058823,72.0,60.0,54.0,66.0,74.0,62.0,54.0,41.0,0.0,0.0,0.0,0.0,0.0,0.0,0.0,0.0,0.0,0.0,0.0,0.0,0.0,0.0,0.0,0.0,0.0,0.0,0.4736842105263157,0.0257830811847432,0.5526315789473685,0.0339335180055401,0,0,0,0,0,0,0,0,0,0,0,0,0,0,0,0,0,0,2026_special,J1,明治安田Ｊ１百年構想 WESTグループ,100yj1,2,2026-02-14,14:03,hiro,okay,finished,2026_special-100yj1-2-hiro-vs-okay
2026_special,2,2026-02-14,shim,0-0,kyot,Ajinomoto Stadium,13697.0,0,0,7.0,7.0,367.5,4-1-2-3,4-1-2-3,13.0,13.0,0.0,1.0,0.0,1459.903557213622,1482.394720240757,-22.491163027134917,12900000.0,15730000.0,-2830000.0,78.0,110.5,20.0,19.5,5.0,6.0,1.163,1.111,51.1,51.4,54.2,46.2,0.0,0.0,0.0,0,0,11.342105263157896,3.5,12.0,0.9736842105263158,1.4210526315789471,0.1176470588235294,407.60526315789474,9.157894736842104,8.421052631578947,13.342105263157896,21.47058823529412,15.263157894736842,19.07894736842105,8.894736842105264,1.9705882352941175,12.176470588235292,0.631578947368421,0.0263157894736842,43.5,8.973684210526315,14.052631578947368,29.44736842105263,1.0578947368421054,1.0842105263157895,113.0,156.0,39.0,71.0,49.0,83.0,11.911764705882351,3.176470588235294,13.35294117647059,1.131578947368421,1.3235294117647058,0.2352941176470588,330.5147058823529,10.735294117647058,10.43498452012384,14.617647058823527,25.558823529411764,17.409442724458206,20.83513931888545,13.421052631578949,1.5255417956656347,17.894736842105264,1.4396284829721364,0.0835913312693498,46.55,9.441176470588236,15.81501547987616,33.94117647058823,1.188235294117647,1.4,113.0,135.0,27.0,53.0,36.5,80.0,0.0,4.0,4.0,2.0,4.0,3.0,3.0,0.0,2.0,2.0,4_vs_4,0.0,0.0,0.3421052631578947,0.2105263157894736,0.0,0.131578947368421,0.0,0.0526315789473684,0.088235294117647,0.088235294117647,35.0,34.0,47.0,47.0,36.0,44.0,42.0,53.0,0.02786377708978325,0.0,0.2376160990712074,0.2105263157894736,0.07043343653250769,0.0588235294117647,0.0,0.0719814241486068,0.1176470588235294,0.01470588235294115,56.0,35.5,54.5,60.0,56.0,46.0,36.0,38.0,0.5,0.0372422283779624,0.4605263157894737,0.0427631578947368,0,0,0,0,0,0,0,0,0,0,0,0,0,0,0,0,0,0,2026_special,J1,明治安田Ｊ１百年構想 WESTグループ,100yj1,2,2026-02-14,14:03,shim,kyot,finished,2026_special-100yj1-2-shim-vs-kyot
2026_special,2,2026-02-15,chib,0-0,ka-f,Ajinomoto Stadium,13697.0,0,0,7.0,7.0,233.7,4-4-2,4-2-3-1,8.0,6.0,2.0,0.0,0.0,1509.5295185893274,1594.7797550093385,-85.2502364200111,11900000.0,21300000.0,-9400000.0,82.0,127.0,20.0,29.0,7.0,9.0,1.194,1.171,40.0,48.5,52.1,50.6,0.0,0.0,0.0,0,0,12.029411764705882,3.8684210526315783,11.588235294117649,1.1764705882352942,1.1470588235294117,0.2647058823529412,436.7948916408669,10.36842105263158,11.647058823529411,13.823529411764705,20.94736842105263,17.294117647058822,18.852941176470587,11.029411764705882,1.7352941176470589,14.447368421052632,1.0294117647058822,0.0294117647058823,48.9,10.705882352941176,16.323529411764707,31.789473684210527,1.2263157894736842,1.181578947368421,113.0,135.0,35.0,64.0,38.0,72.0,14.657894736842104,4.947368421052632,10.235294117647058,1.911764705882353,1.2352941176470589,0.3235294117647059,578.9705882352941,11.552631578947368,15.68421052631579,13.617647058823527,20.294117647058822,18.94117647058824,20.0,9.794117647058824,2.2058823529411766,13.588235294117649,1.1470588235294117,0.088235294117647,54.9,14.078947368421051,17.5,32.47058823529412,1.6473684210526316,1.052941176470588,111.0,157.0,42.0,70.0,44.0,82.0,0.0,4.0,5.0,2.0,4.0,3.0,3.0,0.0,2.0,2.0,4_vs_4,0.0526315789473684,0.0,0.2105263157894736,0.2105263157894736,0.0588235294117647,0.1842105263157894,0.0,0.0588235294117647,0.1052631578947368,0.0294117647058823,45.0,44.0,47.0,44.0,45.0,44.5,44.0,44.0,0.1764705882352941,0.0294117647058823,0.3421052631578947,0.4117647058823529,0.131578947368421,0.3529411764705882,0.0294117647058823,0.088235294117647,0.1764705882352941,0.1176470588235294,51.0,63.0,59.0,53.0,51.0,41.0,73.0,53.0,0.4736842105263157,0.03372576177285315,0.5,0.0363888189372953,0,0,0,0,0,0,0,0,0,0,0,0,0,0,0,0,0,0,2026_special,J1,明治安田Ｊ１百年構想 EASTグループ,100yj1,2,2026-02-15,13:03,chib,ka-f,finished,2026_special-100yj1-2-chib-vs-ka-f
2026_special,2,2026-02-15,kasw,0-0,tk-v,Ajinomoto Stadium,13697.0,0,0,6.0,6.0,0.0,3-4-2-1,3-4-2-1,12.0,14.0,-2.0,0.0,0.0,1467.1220364785213,1501.5800108714086,-34.45797439288731,18450000.0,8700000.0,9750000.0,101.0,118.5,20.0,24.0,6.0,7.0,1.395,0.893,50.5,54.3,45.6,57.4,0.0,0.0,0.0,0,0,12.552631578947368,4.0588235294117645,11.382352941176473,1.0263157894736843,1.3529411764705883,0.2105263157894736,422.1315789473685,9.941176470588236,13.263157894736842,14.588235294117649,22.647058823529413,17.794117647058822,19.92105263157895,12.676470588235292,1.7352941176470589,16.441176470588236,1.588235294117647,0.0526315789473684,46.0,11.473684210526317,15.205882352941176,32.44117647058823,1.2289473684210528,1.181578947368421,113.0,163.0,39.0,80.0,47.0,82.0,6.026315789473684,2.1842105263157894,5.894736842105263,0.6710526315789473,0.6710526315789473,0.15789473684210525,200.48684210526315,4.842105263157895,6.052631578947368,5.973684210526316,13.11842105263158,9.026315789473685,9.355263157894738,5.960526315789474,1.0,8.763157894736842,0.6578947368421053,0.0263157894736842,22.95,5.105263157894737,7.894736842105263,15.828947368421051,0.6026315789473684,0.6039473684210526,58.0,61.0,15.0,26.5,19.0,33.5,0.0,3.0,5.0,2.0,3.0,6.0,1.0,1.0,2.0,2.0,3_vs_3,0.0526315789473684,0.0,0.1842105263157894,0.2105263157894736,0.2058823529411764,0.1842105263157894,0.0588235294117647,0.0588235294117647,0.1764705882352941,0.0588235294117647,50.0,43.0,54.0,45.0,55.0,63.0,43.0,43.0,0.0789473684210526,0.0394736842105263,0.19736842105263155,0.0789473684210526,0.0657894736842105,0.0789473684210526,0.0,0.0789473684210526,0.0394736842105263,0.0131578947368421,22.5,22.5,23.0,19.5,22.5,21.0,22.0,25.0,0.5,0.0372422283779624,0.513157894736842,0.036448627549735546,0,0,0,0,0,0,0,0,0,0,0,0,0,0,0,0,0,0,2026_special,J1,明治安田Ｊ１百年構想 EASTグループ,100yj1,2,2026-02-15,14:03,kasw,tk-v,finished,2026_special-100yj1-2-kasw-vs-tk-v
2026_special,2,2026-02-15,fuku,0-0,c-os,Ajinomoto Stadium,13697.0,0,0,7.0,6.0,385.9,3-4-2-1,4-2-3-1,10.0,7.0,3.0,0.0,0.0,1498.8558792382391,1517.5446891102308,-18.68880987199168,10830000.0,14350000.0,-3520000.0,113.0,93.0,21.0,26.0,6.0,6.0,0.959,1.36,51.1,53.0,49.5,46.4,0.0,0.0,0.0,0,0,10.5,3.176470588235294,11.157894736842104,0.868421052631579,1.0,0.3235294117647059,336.8684210526316,10.529411764705882,9.657894736842104,14.052631578947368,24.61764705882353,19.529411764705884,18.44117647058824,13.058823529411764,1.6176470588235294,18.61764705882353,1.4411764705882353,0.0263157894736842,42.7,8.368421052631579,17.5,32.28947368421053,1.0558823529411765,1.0323529411764707,109.0,120.0,26.0,52.0,38.0,67.0,13.394736842105264,3.8684210526315783,12.18421052631579,1.236842105263158,1.1764705882352942,0.2894736842105263,455.8157894736842,10.823529411764708,11.105263157894736,15.289473684210526,20.5,15.5,18.38235294117647,9.157894736842104,1.605263157894737,13.941176470588236,0.7368421052631579,0.0294117647058823,50.4,10.763157894736842,15.441176470588236,31.88235294117647,1.258823529411765,1.1973684210526316,114.0,129.0,41.0,62.0,48.0,66.0,0.0,3.0,6.0,1.0,4.0,4.0,2.0,0.0,2.0,2.0,3_vs_4,0.0526315789473684,0.0263157894736842,0.2105263157894736,0.2105263157894736,0.0263157894736842,0.2058823529411764,0.0,0.0263157894736842,0.0789473684210526,0.0263157894736842,42.0,45.0,44.0,47.0,54.0,51.0,40.0,34.0,0.088235294117647,0.0,0.2894736842105263,0.2894736842105263,0.0526315789473684,0.2368421052631578,0.0294117647058823,0.0789473684210526,0.088235294117647,0.0588235294117647,56.0,45.0,45.0,49.0,46.0,44.0,50.0,55.0,0.4736842105263157,0.0249307479224376,0.5,0.0280470914127423,0,0,0,0,0,0,0,0,0,0,0,0,0,0,0,0,0,0,2026_special,J1,明治安田Ｊ１百年構想 WESTグループ,100yj1,2,2026-02-15,15:03,fuku,c-os,finished,2026_special-100yj1-2-fuku-vs-c-os
2026_special,2,2026-02-15,g-os,0-0,nago,Ajinomoto Stadium,13697.0,0,0,7.0,7.0,230.3,4-2-3-1,3-4-2-1,13.0,9.0,4.0,0.0,0.0,1473.8803223429218,1515.1299339257123,-41.24961158279052,15430000.0,15900000.0,-470000.0,93.0,120.0,21.0,26.0,6.0,7.0,1.432,1.431,51.1,46.7,52.8,44.4,0.0,0.0,0.0,0,0,12.763157894736842,4.088235294117647,14.911764705882351,1.1176470588235294,1.2894736842105263,0.3421052631578947,473.8157894736842,9.470588235294118,10.794117647058824,13.058823529411764,23.029411764705884,17.13157894736842,20.289473684210527,11.558823529411764,1.7941176470588236,17.676470588235293,1.0526315789473684,0.0294117647058823,48.1,11.176470588235292,16.91176470588235,31.789473684210527,1.2352941176470589,1.576470588235294,113.0,157.0,38.0,67.0,50.0,83.0,11.205882352941176,3.8947368421052633,11.735294117647058,1.1578947368421053,1.0294117647058822,0.3823529411764705,403.1764705882353,11.676470588235292,10.705882352941176,13.441176470588236,21.647058823529413,18.58823529411765,18.94117647058824,10.176470588235292,1.7941176470588236,14.763157894736842,1.0,0.0588235294117647,46.2,8.973684210526315,17.294117647058822,30.289473684210527,1.1823529411764706,1.1176470588235294,114.0,155.0,39.0,74.0,48.0,79.0,0.0,4.0,4.0,2.0,3.0,6.0,1.0,-1.0,2.0,2.0,4_vs_3,0.131578947368421,0.0263157894736842,0.2631578947368421,0.1764705882352941,0.0588235294117647,0.1764705882352941,0.0263157894736842,0.1470588235294117,0.1470588235294117,0.0294117647058823,41.0,45.0,49.0,49.0,43.0,47.0,55.0,47.0,0.0588235294117647,0.0294117647058823,0.2647058823529412,0.2058823529411764,0.0294117647058823,0.1842105263157894,0.0,0.1052631578947368,0.1470588235294117,0.0526315789473684,51.0,50.0,38.0,45.0,47.0,44.0,43.0,46.0,0.5,0.0415945290858725,0.4736842105263157,0.0307787011388119,0,0,0,0,0,0,0,0,0,0,0,0,0,0,0,0,0,0,2026_special,J1,明治安田Ｊ１百年構想 WESTグループ,100yj1,2,2026-02-15,16:03,g-os,nago,finished,2026_special-100yj1-2-g-os-vs-nago
2026_special,3,2026-02-21,tk-v,0-0,mcd,Ajinomoto Stadium,13697.0,0,0,7.0,7.0,145.05,3-4-2-1,3-4-2-1,14.0,0.0,14.0,0.0,0.0,1504.6550651609919,1572.0534875967746,-67.39842243578278,8700000.0,19300000.0,-10600000.0,120.5,0.0,24.0,31.5,7.0,8.0,0.893,1.132,45.6,57.4,48.2,54.8,0.0,0.0,0.0,0,0,6.026315789473684,2.1842105263157894,5.894736842105263,0.6710526315789473,0.6710526315789473,0.15789473684210525,200.48684210526315,4.842105263157895,6.052631578947368,5.973684210526316,13.11842105263158,9.026315789473685,9.355263157894738,5.960526315789474,1.0,8.763157894736842,0.6578947368421053,0.0263157894736842,22.95,5.105263157894737,7.894736842105263,15.828947368421051,0.6026315789473684,0.6039473684210526,58.0,61.0,15.0,26.5,19.0,33.5,6.092105263157895,1.631578947368421,5.421052631578948,0.7105263157894736,0.4473684210526316,0.23684210526315785,164.31578947368422,6.144736842105263,5.25,8.263157894736842,9.802631578947368,7.657894736842105,8.513157894736842,7.131578947368421,0.7105263157894736,10.828947368421051,0.75,0.0263157894736842,22.4,5.236842105263158,8.68421052631579,16.75,0.6907894736842105,0.4802631578947368,58.0,63.5,14.0,31.0,18.0,31.5,0.0,3.0,6.0,1.0,3.5,5.0,1.5,1.0,2.0,2.0,3_vs_3,0.0789473684210526,0.0394736842105263,0.19736842105263155,0.0789473684210526,0.0657894736842105,0.0789473684210526,0.0,0.0789473684210526,0.0394736842105263,0.0131578947368421,22.5,22.5,23.0,19.5,22.5,21.0,22.0,25.0,0.0,0.0,0.0,0.0,0.0,0.0,0.0,0.0,0.0,0.0,0.0,0.0,0.0,0.0,0.0,0.0,0.0,0.0,0.513157894736842,0.03355263157894735,0.49999999999999994,0.06755540166204985,0,0,0,0,0,0,0,0,0,0,0,0,0,0,0,0,0,0,2026_special,J1,明治安田Ｊ１百年構想 EASTグループ,100yj1,3,2026-02-21,14:03,tk-v,mcd,finished,2026_special-100yj1-3-tk-v-vs-mcd
2026_special,3,2026-02-21,y-fm,0-0,uraw,Ajinomoto Stadium,13697.0,0,0,6.0,7.0,234.7,4-2-1-3,4-2-3-1,0.0,8.0,-8.0,0.0,0.0,1602.479355440467,1546.105970950524,56.37338448994319,14430000.0,17730000.0,-3300000.0,0.0,99.0,25.0,25.0,8.0,7.0,1.201,1.437,50.4,52.3,50.6,49.6,0.0,0.0,0.0,0,0,15.705882352941176,5.205882352941177,12.676470588235292,2.0294117647058822,1.1764705882352942,0.2647058823529412,607.2647058823529,11.852941176470589,17.205882352941178,18.294117647058822,18.647058823529413,16.973684210526315,19.11764705882353,11.842105263157896,1.5294117647058822,11.078947368421051,1.1842105263157894,0.0789473684210526,57.9,14.882352941176473,15.921052631578949,33.026315789473685,1.8088235294117647,1.3558823529411763,118.0,184.0,48.0,89.0,44.0,90.0,12.029411764705882,3.941176470588236,12.578947368421051,1.2647058823529411,1.1470588235294117,0.3157894736842105,486.5,9.973684210526317,13.205882352941176,12.86842105263158,20.91176470588235,17.735294117647058,19.235294117647054,10.105263157894736,1.763157894736842,13.894736842105264,1.105263157894737,0.0294117647058823,52.7,10.558823529411764,16.81578947368421,30.47058823529412,1.363157894736842,1.1823529411764706,111.0,163.0,39.0,78.0,45.0,83.0,0.0,4.0,3.0,3.0,4.0,5.0,1.0,-1.0,2.0,2.0,4_vs_4,0.0,0.0,0.0,0.0,0.0,0.0,0.0,0.0,0.0,0.0,0.0,0.0,0.0,0.0,0.0,0.0,0.0,0.0,0.1842105263157894,0.0294117647058823,0.2352941176470588,0.2352941176470588,0.1176470588235294,0.2368421052631578,0.0263157894736842,0.0526315789473684,0.1470588235294117,0.0263157894736842,46.0,43.0,52.0,42.0,42.0,45.0,53.0,63.0,0.4736842105263157,0.0569845666798575,0.5,0.025,0,0,0,0,0,0,0,0,0,0,0,0,0,0,0,0,0,0,2026_special,J1,明治安田Ｊ１百年構想 EASTグループ,100yj1,3,2026-02-21,14:03,y-fm,uraw,finished,2026_special-100yj1-3-y-fm-vs-uraw
2026_special,3,2026-02-21,ka-f,0-0,FCtk,Ajinomoto Stadium,13697.0,0,0,6.0,7.0,225.6,4-2-3-1,4-4-2,6.0,0.0,6.0,0.0,0.0,1587.410772611103,1507.3530303445389,80.05774226656422,21300000.0,15680000.0,5620000.0,114.0,0.0,28.0,0.0,8.0,7.0,1.171,1.631,52.1,50.6,48.2,52.8,0.0,0.0,0.0,0,0,14.657894736842104,4.947368421052632,10.235294117647058,1.911764705882353,1.2352941176470589,0.3235294117647059,578.9705882352941,11.552631578947368,15.68421052631579,13.617647058823527,20.294117647058822,18.94117647058824,20.0,9.794117647058824,2.2058823529411766,13.588235294117649,1.1470588235294117,0.088235294117647,54.9,14.078947368421051,17.5,32.47058823529412,1.6473684210526316,1.052941176470588,111.0,157.0,42.0,70.0,44.0,82.0,0.0,0.0,0.0,0.0,0.0,0.0,0.0,0.0,0.0,0.0,0.0,0.0,0.0,0.0,0.0,0.0,0.0,0.0,0.0,0.0,0.0,0.0,0.0,0.0,0.0,0.0,0.0,0.0,0.0,0.0,0.0,4.0,3.0,3.0,4.0,3.0,3.0,-1.0,2.0,2.0,4_vs_4,0.1764705882352941,0.0294117647058823,0.3421052631578947,0.4117647058823529,0.131578947368421,0.3529411764705882,0.0294117647058823,0.088235294117647,0.1764705882352941,0.1176470588235294,51.0,63.0,59.0,53.0,51.0,41.0,73.0,53.0,0.0,0.0,0.0,0.0,0.0,0.0,0.0,0.0,0.0,0.0,0.0,0.0,0.0,0.0,0.0,0.0,0.0,0.0,0.4736842105263157,0.0396923749817757,0.0,0.0,0,0,0,0,0,0,0,0,0,0,0,0,0,0,0,0,0,0,2026_special,J1,明治安田Ｊ１百年構想 EASTグループ,100yj1,3,2026-02-21,15:03,ka-f,FCtk,finished,2026_special-100yj1-3-ka-f-vs-FCtk
2026_special,3,2026-02-21,kasm,0-0,kasw,Ajinomoto Stadium,13697.0,0,0,7.0,7.0,242.7,4-4-2,3-4-2-1,4.0,11.0,-7.0,0.0,0.0,1590.7185052811446,1463.874953058819,126.84355222232557,23030000.0,18450000.0,4580000.0,86.0,96.0,31.0,21.0,9.0,7.0,1.445,1.395,47.3,48.1,50.5,54.3,0.0,0.0,0.0,0,0,12.941176470588236,4.176470588235294,11.147058823529411,1.5789473684210529,1.0789473684210529,0.3947368421052631,424.11764705882354,10.852941176470589,12.264705882352942,15.078947368421051,21.91176470588235,18.68421052631579,19.97058823529412,11.894736842105264,2.0,18.81578947368421,1.411764705882353,0.0588235294117647,50.1,11.5,17.36842105263158,33.55263157894737,1.2868421052631578,1.2078947368421051,112.0,167.0,40.0,80.0,45.0,86.0,12.552631578947368,4.0588235294117645,11.382352941176473,1.0263157894736843,1.3529411764705883,0.2105263157894736,422.1315789473685,9.941176470588236,13.263157894736842,14.588235294117649,22.647058823529413,17.794117647058822,19.92105263157895,12.676470588235292,1.7352941176470589,16.441176470588236,1.588235294117647,0.0526315789473684,46.0,11.473684210526317,15.205882352941176,32.44117647058823,1.2289473684210528,1.181578947368421,113.0,163.0,39.0,80.0,47.0,82.0,0.0,4.0,4.0,2.0,3.0,5.0,2.0,-1.0,2.0,2.0,4_vs_3,0.0789473684210526,0.0,0.3823529411764705,0.2941176470588235,0.088235294117647,0.2631578947368421,0.0294117647058823,0.0588235294117647,0.1764705882352941,0.088235294117647,50.0,48.0,58.0,56.0,54.0,62.0,50.0,40.0,0.0526315789473684,0.0,0.1842105263157894,0.2105263157894736,0.2058823529411764,0.1842105263157894,0.0588235294117647,0.0588235294117647,0.1764705882352941,0.0588235294117647,50.0,43.0,54.0,45.0,55.0,63.0,43.0,43.0,0.4736842105263157,0.0364638823780098,0.4736842105263157,0.0396923749817757,0,0,0,0,0,0,0,0,0,0,0,0,0,0,0,0,0,0,2026_special,J1,明治安田Ｊ１百年構想 EASTグループ,100yj1,3,2026-02-21,16:03,kasm,kasw,finished,2026_special-100yj1-3-kasm-vs-kasw
2026_special,3,2026-02-21,shim,0-0,kobe,Ajinomoto Stadium,13697.0,0,0,7.0,7.0,412.8,4-1-2-3,4-1-2-3,13.0,4.0,9.0,1.0,0.0,1459.903557213622,1611.2503664050294,-151.34680919140737,12900000.0,17700000.0,-4800000.0,78.0,96.0,20.0,24.0,5.0,9.0,1.163,1.718,51.1,51.4,52.1,50.3,0.0,0.0,0.0,0,0,11.342105263157896,3.5,12.0,0.9736842105263158,1.4210526315789471,0.1176470588235294,407.60526315789474,9.157894736842104,8.421052631578947,13.342105263157896,21.47058823529412,15.263157894736842,19.07894736842105,8.894736842105264,1.9705882352941175,12.176470588235292,0.631578947368421,0.0263157894736842,43.5,8.973684210526315,14.052631578947368,29.44736842105263,1.0578947368421054,1.0842105263157895,113.0,156.0,39.0,71.0,49.0,83.0,12.411764705882351,4.176470588235294,11.852941176470589,1.605263157894737,0.9473684210526316,0.3421052631578947,518.9411764705883,11.470588235294118,12.411764705882351,14.235294117647058,21.86842105263158,16.794117647058822,18.473684210526315,9.911764705882351,2.210526315789474,16.92105263157895,0.9736842105263158,0.0294117647058823,53.7,11.382352941176473,16.605263157894736,31.94117647058824,1.3941176470588237,1.1088235294117648,113.0,163.0,42.0,70.0,44.0,88.0,0.0,4.0,4.0,2.0,4.0,3.0,3.0,0.0,2.0,2.0,4_vs_4,0.0,0.0,0.3421052631578947,0.2105263157894736,0.0,0.131578947368421,0.0,0.0526315789473684,0.088235294117647,0.088235294117647,35.0,34.0,47.0,47.0,36.0,44.0,42.0,53.0,0.0789473684210526,0.0263157894736842,0.2941176470588235,0.3823529411764705,0.1052631578947368,0.2105263157894736,0.0789473684210526,0.0789473684210526,0.1052631578947368,0.0294117647058823,57.0,56.0,47.0,43.0,45.0,39.0,54.0,61.0,0.5,0.0372422283779624,0.5,0.0443213296398891,0,0,0,0,0,0,0,0,0,0,0,0,0,0,0,0,0,0,2026_special,J1,明治安田Ｊ１百年構想 WESTグループ,100yj1,3,2026-02-21,14:33,shim,kobe,finished,2026_special-100yj1-3-shim-vs-kobe
2026_special,3,2026-02-21,nago,0-0,ngsk,Ajinomoto Stadium,13697.0,0,0,7.0,7.0,357.7,3-4-2-1,3-4-2-1,8.0,8.0,0.0,0.0,0.0,1520.4820799936924,1506.8677727889888,13.614307204703664,15900000.0,14950000.0,950000.0,114.0,80.0,27.0,20.0,7.0,7.0,1.431,1.312,52.8,44.4,45.3,46.7,0.0,0.0,0.0,0,0,11.205882352941176,3.8947368421052633,11.735294117647058,1.1578947368421053,1.0294117647058822,0.3823529411764705,403.1764705882353,11.676470588235292,10.705882352941176,13.441176470588236,21.647058823529413,18.58823529411765,18.94117647058824,10.176470588235292,1.7941176470588236,14.763157894736842,1.0,0.0588235294117647,46.2,8.973684210526315,17.294117647058822,30.289473684210527,1.1823529411764706,1.1176470588235294,114.0,155.0,39.0,74.0,48.0,79.0,12.029411764705882,3.8684210526315783,11.588235294117649,1.1764705882352942,1.1470588235294117,0.2647058823529412,436.7948916408669,10.36842105263158,11.647058823529411,13.823529411764705,20.94736842105263,17.294117647058822,18.852941176470587,11.029411764705882,1.7352941176470589,14.447368421052632,1.0294117647058822,0.0294117647058823,48.9,10.705882352941176,16.323529411764707,31.789473684210527,1.2263157894736842,1.181578947368421,113.0,135.0,35.0,64.0,38.0,72.0,0.0,3.0,6.0,1.0,4.0,5.0,2.0,1.0,2.0,2.0,3_vs_3,0.0588235294117647,0.0294117647058823,0.2647058823529412,0.2058823529411764,0.0294117647058823,0.1842105263157894,0.0,0.1052631578947368,0.1470588235294117,0.0526315789473684,51.0,50.0,38.0,45.0,47.0,44.0,43.0,46.0,0.0526315789473684,0.0,0.2105263157894736,0.2105263157894736,0.0588235294117647,0.1842105263157894,0.0,0.0588235294117647,0.1052631578947368,0.0294117647058823,45.0,44.0,47.0,44.0,45.0,44.5,44.0,44.0,0.5,0.0339335180055401,0.4736842105263157,0.0332409972299168,0,0,0,0,0,0,0,0,0,0,0,0,0,0,0,0,0,0,2026_special,J1,明治安田Ｊ１百年構想 WESTグループ,100yj1,3,2026-02-21,15:03,nago,ngsk,finished,2026_special-100yj1-3-nago-vs-ngsk
2026_special,3,2026-02-22,mito,0-0,chib,Ajinomoto Stadium,13697.0,0,0,7.0,7.0,357.7,4-4-2,4-4-2,8.0,8.0,0.0,0.0,0.0,1509.5295185893274,1506.8677727889888,2.661745800338622,9700000.0,11900000.0,-2200000.0,82.0,80.0,20.0,20.0,7.0,7.0,1.025,1.194,48.3,51.7,40.0,48.5,0.0,0.0,0.0,0,0,12.029411764705882,3.8684210526315783,11.588235294117649,1.1764705882352942,1.1470588235294117,0.2647058823529412,436.7948916408669,10.36842105263158,11.647058823529411,13.823529411764705,20.94736842105263,17.294117647058822,18.852941176470587,11.029411764705882,1.7352941176470589,14.447368421052632,1.0294117647058822,0.0294117647058823,48.9,10.705882352941176,16.323529411764707,31.789473684210527,1.2263157894736842,1.181578947368421,113.0,135.0,35.0,64.0,38.0,72.0,12.029411764705882,3.8684210526315783,11.588235294117649,1.1764705882352942,1.1470588235294117,0.2647058823529412,436.7948916408669,10.36842105263158,11.647058823529411,13.823529411764705,20.94736842105263,17.294117647058822,18.852941176470587,11.029411764705882,1.7352941176470589,14.447368421052632,1.0294117647058822,0.0294117647058823,48.9,10.705882352941176,16.323529411764707,31.789473684210527,1.2263157894736842,1.181578947368421,113.0,135.0,35.0,64.0,38.0,72.0,0.0,4.0,5.0,2.0,4.0,5.0,2.0,0.0,2.0,2.0,4_vs_4,0.0526315789473684,0.0,0.2105263157894736,0.2105263157894736,0.0588235294117647,0.1842105263157894,0.0,0.0588235294117647,0.1052631578947368,0.0294117647058823,45.0,44.0,47.0,44.0,45.0,44.5,44.0,44.0,0.0526315789473684,0.0,0.2105263157894736,0.2105263157894736,0.0588235294117647,0.1842105263157894,0.0,0.0588235294117647,0.1052631578947368,0.0294117647058823,45.0,44.0,47.0,44.0,45.0,44.5,44.0,44.0,0.4736842105263157,0.03372576177285315,0.4736842105263157,0.0332409972299168,0,0,0,0,0,0,0,0,0,0,0,0,0,0,0,0,0,0,2026_special,J1,明治安田Ｊ１百年構想 EASTグループ,100yj1,3,2026-02-22,14:03,mito,chib,finished,2026_special-100yj1-3-mito-vs-chib
2026_special,3,2026-02-22,okay,0-0,g-os,Ajinomoto Stadium,13697.0,0,0,7.0,6.0,383.2,3-4-2-1,4-2-3-1,10.0,12.0,-2.0,0.0,0.0,1501.047372404431,1474.8519838369311,26.195388567499776,11200000.0,15430000.0,-4230000.0,100.0,85.0,22.0,20.0,6.0,7.0,1.253,1.432,53.9,49.2,51.1,46.7,0.0,0.0,0.0,0,0,0.0,0.0,0.0,0.0,0.0,0.0,0.0,0.0,0.0,0.0,0.0,0.0,0.0,0.0,0.0,0.0,0.0,0.0,0.0,0.0,0.0,0.0,0.0,0.0,0.0,0.0,0.0,0.0,0.0,0.0,12.763157894736842,4.088235294117647,14.911764705882351,1.1176470588235294,1.2894736842105263,0.3421052631578947,473.8157894736842,9.470588235294118,10.794117647058824,13.058823529411764,23.029411764705884,17.13157894736842,20.289473684210527,11.558823529411764,1.7941176470588236,17.676470588235293,1.0526315789473684,0.0294117647058823,48.1,11.176470588235292,16.91176470588235,31.789473684210527,1.2352941176470589,1.576470588235294,113.0,157.0,38.0,67.0,50.0,83.0,0.0,3.0,6.0,1.0,4.0,4.0,2.0,1.0,2.0,2.0,3_vs_4,0.0,0.0,0.0,0.0,0.0,0.0,0.0,0.0,0.0,0.0,0.0,0.0,0.0,0.0,0.0,0.0,0.0,0.0,0.131578947368421,0.0263157894736842,0.2631578947368421,0.1764705882352941,0.0588235294117647,0.1764705882352941,0.0263157894736842,0.1470588235294117,0.1470588235294117,0.0294117647058823,41.0,45.0,49.0,49.0,43.0,47.0,55.0,47.0,0.4736842105263157,0.0333564173591874,0.4736842105263157,0.0373961218836565,0,0,0,0,0,0,0,0,0,0,0,0,0,0,0,0,0,0,2026_special,J1,明治安田Ｊ１百年構想 WESTグループ,100yj1,3,2026-02-22,14:03,okay,g-os,finished,2026_special-100yj1-3-okay-vs-g-os
2026_special,3,2026-02-22,kyot,0-0,fuku,Ajinomoto Stadium,13697.0,0,0,7.0,7.0,843.1,4-1-2-3,3-4-2-1,13.0,10.0,3.0,0.0,0.0,1483.0471288767508,1493.4237115482938,-10.37658267154302,15730000.0,10830000.0,4900000.0,127.5,121.0,21.0,22.0,6.5,7.0,1.111,0.959,54.2,46.2,51.1,53.0,0.0,0.0,0.0,0,0,11.911764705882351,3.176470588235294,13.35294117647059,1.131578947368421,1.3235294117647058,0.2352941176470588,330.5147058823529,10.735294117647058,10.43498452012384,14.617647058823527,25.558823529411764,17.409442724458206,20.83513931888545,13.421052631578949,1.5255417956656347,17.894736842105264,1.4396284829721364,0.0835913312693498,46.55,9.441176470588236,15.81501547987616,33.94117647058823,1.188235294117647,1.4,113.0,135.0,27.0,53.0,36.5,80.0,10.5,3.176470588235294,11.157894736842104,0.868421052631579,1.0,0.3235294117647059,336.8684210526316,10.529411764705882,9.657894736842104,14.052631578947368,24.61764705882353,19.529411764705884,18.44117647058824,13.058823529411764,1.6176470588235294,18.61764705882353,1.4411764705882353,0.0263157894736842,42.7,8.368421052631579,17.5,32.28947368421053,1.0558823529411765,1.0323529411764707,109.0,120.0,26.0,52.0,38.0,67.0,0.0,4.0,3.0,3.0,3.0,6.0,1.0,-2.0,2.0,2.0,4_vs_3,0.02786377708978325,0.0,0.2376160990712074,0.2105263157894736,0.07043343653250769,0.0588235294117647,0.0,0.0719814241486068,0.1176470588235294,0.01470588235294115,56.0,35.5,54.5,60.0,56.0,46.0,36.0,38.0,0.0526315789473684,0.0263157894736842,0.2105263157894736,0.2105263157894736,0.0263157894736842,0.2058823529411764,0.0,0.0263157894736842,0.0789473684210526,0.0263157894736842,42.0,45.0,44.0,47.0,54.0,51.0,40.0,34.0,0.5,0.051988523941432455,0.5,0.026167392164622,0,0,0,0,0,0,0,0,0,0,0,0,0,0,0,0,0,0,2026_special,J1,明治安田Ｊ１百年構想 WESTグループ,100yj1,3,2026-02-22,14:03,kyot,fuku,finished,2026_special-100yj1-3-kyot-vs-fuku
2026_special,3,2026-02-22,c-os,0-0,hiro,Ajinomoto Stadium,13697.0,0,0,7.0,7.0,639.0,4-2-3-1,3-4-2-1,7.0,5.0,2.0,0.0,0.0,1528.4739621715223,1580.9061483660332,-52.432186194510905,14350000.0,20900000.0,-6550000.0,99.0,117.0,25.0,29.0,7.0,8.0,1.36,1.91,49.5,46.4,57.6,52.0,0.0,0.0,0.0,0,0,13.394736842105264,3.8684210526315783,12.18421052631579,1.236842105263158,1.1764705882352942,0.2894736842105263,455.8157894736842,10.823529411764708,11.105263157894736,15.289473684210526,20.5,15.5,18.38235294117647,9.157894736842104,1.605263157894737,13.941176470588236,0.7368421052631579,0.0294117647058823,50.4,10.763157894736842,15.441176470588236,31.88235294117647,1.258823529411765,1.1973684210526316,114.0,129.0,41.0,62.0,48.0,66.0,14.705882352941176,4.676470588235294,10.921052631578949,1.3529411764705883,1.105263157894737,0.3235294117647059,481.1470588235294,10.470588235294118,14.705882352941176,16.764705882352942,18.352941176470587,18.657894736842103,18.647058823529413,11.794117647058824,1.7352941176470589,16.86842105263158,0.9117647058823528,0.0294117647058823,49.5,13.117647058823527,18.176470588235293,33.3235294117647,1.4088235294117646,1.068421052631579,112.0,164.0,40.0,76.0,46.0,87.0,0.0,4.0,4.0,2.0,3.0,6.0,1.0,-1.0,2.0,2.0,4_vs_3,0.088235294117647,0.0,0.2894736842105263,0.2894736842105263,0.0526315789473684,0.2368421052631578,0.0294117647058823,0.0789473684210526,0.088235294117647,0.0588235294117647,56.0,45.0,45.0,49.0,46.0,44.0,50.0,55.0,0.1052631578947368,0.0526315789473684,0.3421052631578947,0.2941176470588235,0.1764705882352941,0.2352941176470588,0.0526315789473684,0.088235294117647,0.1176470588235294,0.0294117647058823,72.0,60.0,54.0,66.0,74.0,62.0,54.0,41.0,0.5,0.0279316712834718,0.5,0.0251825736590279,0,0,0,0,0,0,0,0,0,0,0,0,0,0,0,0,0,0,2026_special,J1,明治安田Ｊ１百年構想 WESTグループ,100yj1,3,2026-02-22,15:03,c-os,hiro,finished,2026_special-100yj1-3-c-os-vs-hiro
2026_special,4,2026-02-27,mcd,0-0,chib,Ajinomoto Stadium,13697.0,0,0,6.0,7.0,357.7,3-4-2-1,4-4-2,0.0,8.0,-8.0,0.0,0.0,1579.3237324440397,1506.8677727889888,72.45595965505095,19300000.0,11900000.0,7400000.0,0.0,80.0,34.5,20.0,8.0,7.0,1.132,1.194,48.2,54.8,40.0,48.5,0.0,0.0,0.0,0,0,6.092105263157895,1.631578947368421,5.421052631578948,0.7105263157894736,0.4473684210526316,0.23684210526315785,164.31578947368422,6.144736842105263,5.25,8.263157894736842,9.802631578947368,7.657894736842105,8.513157894736842,7.131578947368421,0.7105263157894736,10.828947368421051,0.75,0.0263157894736842,22.4,5.236842105263158,8.68421052631579,16.75,0.6907894736842105,0.4802631578947368,58.0,63.5,14.0,31.0,18.0,31.5,12.029411764705882,3.8684210526315783,11.588235294117649,1.1764705882352942,1.1470588235294117,0.2647058823529412,436.7948916408669,10.36842105263158,11.647058823529411,13.823529411764705,20.94736842105263,17.294117647058822,18.852941176470587,11.029411764705882,1.7352941176470589,14.447368421052632,1.0294117647058822,0.0294117647058823,48.9,10.705882352941176,16.323529411764707,31.789473684210527,1.2263157894736842,1.181578947368421,113.0,135.0,35.0,64.0,38.0,72.0,0.0,3.5,5.0,1.5,4.0,5.0,2.0,0.0,2.0,2.0,3_vs_4,0.0,0.0,0.0,0.0,0.0,0.0,0.0,0.0,0.0,0.0,0.0,0.0,0.0,0.0,0.0,0.0,0.0,0.0,0.0526315789473684,0.0,0.2105263157894736,0.2105263157894736,0.0588235294117647,0.1842105263157894,0.0,0.0588235294117647,0.1052631578947368,0.0294117647058823,45.0,44.0,47.0,44.0,45.0,44.5,44.0,44.0,0.5263157894736843,0.0718458826492067,0.4736842105263157,0.0332409972299168,0,0,0,0,0,0,0,0,0,0,0,0,0,0,0,0,0,0,2026_special,J1,明治安田Ｊ１百年構想 EASTグループ,100yj1,4,2026-02-27,19:03,mcd,chib,finished,2026_special-100yj1-4-mcd-vs-chib
2026_special,4,2026-02-27,hiro,0-0,kyot,Ajinomoto Stadium,13697.0,0,0,7.0,7.0,367.5,3-4-2-1,4-1-2-3,6.0,13.0,-7.0,0.0,0.0,1578.4873311818164,1482.394720240757,96.09261094105955,20900000.0,15730000.0,5170000.0,113.0,110.5,26.0,19.5,8.0,6.0,1.91,1.111,57.6,52.0,54.2,46.2,0.0,0.0,0.0,0,0,14.705882352941176,4.676470588235294,10.921052631578949,1.3529411764705883,1.105263157894737,0.3235294117647059,481.1470588235294,10.470588235294118,14.705882352941176,16.764705882352942,18.352941176470587,18.657894736842103,18.647058823529413,11.794117647058824,1.7352941176470589,16.86842105263158,0.9117647058823528,0.0294117647058823,49.5,13.117647058823527,18.176470588235293,33.3235294117647,1.4088235294117646,1.068421052631579,112.0,164.0,40.0,76.0,46.0,87.0,11.911764705882351,3.176470588235294,13.35294117647059,1.131578947368421,1.3235294117647058,0.2352941176470588,330.5147058823529,10.735294117647058,10.43498452012384,14.617647058823527,25.558823529411764,17.409442724458206,20.83513931888545,13.421052631578949,1.5255417956656347,17.894736842105264,1.4396284829721364,0.0835913312693498,46.55,9.441176470588236,15.81501547987616,33.94117647058823,1.188235294117647,1.4,113.0,135.0,27.0,53.0,36.5,80.0,0.0,3.0,6.0,1.0,4.0,3.0,3.0,1.0,2.0,2.0,3_vs_4,0.1052631578947368,0.0526315789473684,0.3421052631578947,0.2941176470588235,0.1764705882352941,0.2352941176470588,0.0526315789473684,0.088235294117647,0.1176470588235294,0.0294117647058823,72.0,60.0,54.0,66.0,74.0,62.0,54.0,41.0,0.02786377708978325,0.0,0.2376160990712074,0.2105263157894736,0.07043343653250769,0.0588235294117647,0.0,0.0719814241486068,0.1176470588235294,0.01470588235294115,56.0,35.5,54.5,60.0,56.0,46.0,36.0,38.0,0.4736842105263157,0.0257830811847432,0.4605263157894737,0.0427631578947368,0,0,0,0,0,0,0,0,0,0,0,0,0,0,0,0,0,0,2026_special,J1,明治安田Ｊ１百年構想 WESTグループ,100yj1,4,2026-02-27,19:03,hiro,kyot,finished,2026_special-100yj1-4-hiro-vs-kyot
2026_special,4,2026-02-27,kobe,0-0,fuku,Ajinomoto Stadium,13697.0,0,0,7.0,7.0,843.1,4-1-2-3,3-4-2-1,4.0,10.0,-6.0,0.0,0.0,1612.7483455948493,1493.4237115482938,119.3246340465555,17700000.0,10830000.0,6870000.0,93.0,121.0,24.0,22.0,9.0,7.0,1.718,0.959,52.1,50.3,51.1,53.0,0.0,0.0,0.0,0,0,12.411764705882351,4.176470588235294,11.852941176470589,1.605263157894737,0.9473684210526316,0.3421052631578947,518.9411764705883,11.470588235294118,12.411764705882351,14.235294117647058,21.86842105263158,16.794117647058822,18.473684210526315,9.911764705882351,2.210526315789474,16.92105263157895,0.9736842105263158,0.0294117647058823,53.7,11.382352941176473,16.605263157894736,31.94117647058824,1.3941176470588237,1.1088235294117648,113.0,163.0,42.0,70.0,44.0,88.0,10.5,3.176470588235294,11.157894736842104,0.868421052631579,1.0,0.3235294117647059,336.8684210526316,10.529411764705882,9.657894736842104,14.052631578947368,24.61764705882353,19.529411764705884,18.44117647058824,13.058823529411764,1.6176470588235294,18.61764705882353,1.4411764705882353,0.0263157894736842,42.7,8.368421052631579,17.5,32.28947368421053,1.0558823529411765,1.0323529411764707,109.0,120.0,26.0,52.0,38.0,67.0,0.0,4.0,3.0,3.0,3.0,6.0,1.0,-1.0,2.0,2.0,4_vs_3,0.0789473684210526,0.0263157894736842,0.2941176470588235,0.3823529411764705,0.1052631578947368,0.2105263157894736,0.0789473684210526,0.0789473684210526,0.1052631578947368,0.0294117647058823,57.0,56.0,47.0,43.0,45.0,39.0,54.0,61.0,0.0526315789473684,0.0263157894736842,0.2105263157894736,0.2105263157894736,0.0263157894736842,0.2058823529411764,0.0,0.0263157894736842,0.0789473684210526,0.0263157894736842,42.0,45.0,44.0,47.0,54.0,51.0,40.0,34.0,0.4736842105263157,0.0416666666666666,0.5,0.026167392164622,0,0,0,0,0,0,0,0,0,0,0,0,0,0,0,0,0,0,2026_special,J1,明治安田Ｊ１百年構想 WESTグループ,100yj1,4,2026-02-27,19:03,kobe,fuku,finished,2026_special-100yj1-4-kobe-vs-fuku
2026_special,4,2026-02-28,y-fm,0-0,tk-v,Ajinomoto Stadium,13697.0,0,0,6.0,6.0,0.0,4-2-1-3,3-4-2-1,0.0,14.0,-14.0,0.0,0.0,1602.479355440467,1501.5800108714086,100.89934456905848,14430000.0,8700000.0,5730000.0,0.0,118.5,25.0,24.0,8.0,7.0,1.201,0.893,50.4,52.3,45.6,57.4,0.0,0.0,0.0,0,0,15.705882352941176,5.205882352941177,12.676470588235292,2.0294117647058822,1.1764705882352942,0.2647058823529412,607.2647058823529,11.852941176470589,17.205882352941178,18.294117647058822,18.647058823529413,16.973684210526315,19.11764705882353,11.842105263157896,1.5294117647058822,11.078947368421051,1.1842105263157894,0.0789473684210526,57.9,14.882352941176473,15.921052631578949,33.026315789473685,1.8088235294117647,1.3558823529411763,118.0,184.0,48.0,89.0,44.0,90.0,6.026315789473684,2.1842105263157894,5.894736842105263,0.6710526315789473,0.6710526315789473,0.15789473684210525,200.48684210526315,4.842105263157895,6.052631578947368,5.973684210526316,13.11842105263158,9.026315789473685,9.355263157894738,5.960526315789474,1.0,8.763157894736842,0.6578947368421053,0.0263157894736842,22.95,5.105263157894737,7.894736842105263,15.828947368421051,0.6026315789473684,0.6039473684210526,58.0,61.0,15.0,26.5,19.0,33.5,0.0,4.0,3.0,3.0,3.0,6.0,1.0,-1.0,2.0,2.0,4_vs_3,0.0,0.0,0.0,0.0,0.0,0.0,0.0,0.0,0.0,0.0,0.0,0.0,0.0,0.0,0.0,0.0,0.0,0.0,0.0789473684210526,0.0394736842105263,0.19736842105263155,0.0789473684210526,0.0657894736842105,0.0789473684210526,0.0,0.0789473684210526,0.0394736842105263,0.0131578947368421,22.5,22.5,23.0,19.5,22.5,21.0,22.0,25.0,0.4736842105263157,0.0569845666798575,0.513157894736842,0.036448627549735546,0,0,0,0,0,0,0,0,0,0,0,0,0,0,0,0,0,0,2026_special,J1,明治安田Ｊ１百年構想 EASTグループ,100yj1,4,2026-02-28,13:03,y-fm,tk-v,finished,2026_special-100yj1-4-y-fm-vs-tk-v
2026_special,4,2026-02-28,uraw,0-0,kasm,Ajinomoto Stadium,13697.0,0,0,6.0,7.0,289.2,4-2-3-1,4-4-2,8.0,4.0,4.0,0.0,0.0,1549.6385738216893,1581.086740142147,-31.44816632045763,17730000.0,23030000.0,-5300000.0,93.0,88.0,25.0,30.0,8.0,8.0,1.437,1.445,50.6,49.6,47.3,48.1,0.0,0.0,0.0,0,0,12.029411764705882,3.941176470588236,12.578947368421051,1.2647058823529411,1.1470588235294117,0.3157894736842105,486.5,9.973684210526317,13.205882352941176,12.86842105263158,20.91176470588235,17.735294117647058,19.235294117647054,10.105263157894736,1.763157894736842,13.894736842105264,1.105263157894737,0.0294117647058823,52.7,10.558823529411764,16.81578947368421,30.47058823529412,1.363157894736842,1.1823529411764706,111.0,163.0,39.0,78.0,45.0,83.0,12.941176470588236,4.176470588235294,11.147058823529411,1.5789473684210529,1.0789473684210529,0.3947368421052631,424.11764705882354,10.852941176470589,12.264705882352942,15.078947368421051,21.91176470588235,18.68421052631579,19.97058823529412,11.894736842105264,2.0,18.81578947368421,1.411764705882353,0.0588235294117647,50.1,11.5,17.36842105263158,33.55263157894737,1.2868421052631578,1.2078947368421051,112.0,167.0,40.0,80.0,45.0,86.0,0.0,4.0,5.0,1.0,4.0,4.0,2.0,0.0,2.0,2.0,4_vs_4,0.1842105263157894,0.0294117647058823,0.2352941176470588,0.2352941176470588,0.1176470588235294,0.2368421052631578,0.0263157894736842,0.0526315789473684,0.1470588235294117,0.0263157894736842,46.0,43.0,52.0,42.0,42.0,45.0,53.0,63.0,0.0789473684210526,0.0,0.3823529411764705,0.2941176470588235,0.088235294117647,0.2631578947368421,0.0294117647058823,0.0588235294117647,0.1764705882352941,0.088235294117647,50.0,48.0,58.0,56.0,54.0,62.0,50.0,40.0,0.4736842105263157,0.0279316712834718,0.5,0.0377077562326869,0,0,0,0,0,0,0,0,0,0,0,0,0,0,0,0,0,0,2026_special,J1,明治安田Ｊ１百年構想 EASTグループ,100yj1,4,2026-02-28,14:03,uraw,kasm,finished,2026_special-100yj1-4-uraw-vs-kasm
2026_special,4,2026-02-28,FCtk,0-0,kasw,Ajinomoto Stadium,13697.0,0,0,7.0,7.0,242.7,4-4-2,3-4-2-1,0.0,11.0,-11.0,0.0,0.0,1505.1732969988918,1463.874953058819,41.298343940072755,15680000.0,18450000.0,-2770000.0,0.0,96.0,0.0,21.0,7.0,7.0,1.631,1.395,48.2,52.8,50.5,54.3,0.0,0.0,0.0,0,0,0.0,0.0,0.0,0.0,0.0,0.0,0.0,0.0,0.0,0.0,0.0,0.0,0.0,0.0,0.0,0.0,0.0,0.0,0.0,0.0,0.0,0.0,0.0,0.0,0.0,0.0,0.0,0.0,0.0,0.0,12.552631578947368,4.0588235294117645,11.382352941176473,1.0263157894736843,1.3529411764705883,0.2105263157894736,422.1315789473685,9.941176470588236,13.263157894736842,14.588235294117649,22.647058823529413,17.794117647058822,19.92105263157895,12.676470588235292,1.7352941176470589,16.441176470588236,1.588235294117647,0.0526315789473684,46.0,11.473684210526317,15.205882352941176,32.44117647058823,1.2289473684210528,1.181578947368421,113.0,163.0,39.0,80.0,47.0,82.0,0.0,4.0,3.0,3.0,3.0,5.0,2.0,-1.0,2.0,2.0,4_vs_3,0.0,0.0,0.0,0.0,0.0,0.0,0.0,0.0,0.0,0.0,0.0,0.0,0.0,0.0,0.0,0.0,0.0,0.0,0.0526315789473684,0.0,0.1842105263157894,0.2105263157894736,0.2058823529411764,0.1842105263157894,0.0588235294117647,0.0588235294117647,0.1764705882352941,0.0588235294117647,50.0,43.0,54.0,45.0,55.0,63.0,43.0,43.0,0.0,0.0,0.4736842105263157,0.0396923749817757,0,0,0,0,0,0,0,0,0,0,0,0,0,0,0,0,0,0,2026_special,J1,明治安田Ｊ１百年構想 EASTグループ,100yj1,4,2026-02-28,15:03,FCtk,kasw,finished,2026_special-100yj1-4-FCtk-vs-kasw
2026_special,4,2026-02-28,g-os,0-0,shim,Ajinomoto Stadium,13697.0,0,0,7.0,7.0,222.2,4-2-3-1,4-1-2-3,13.0,13.0,0.0,0.0,0.0,1473.8803223429218,1454.3484905594707,19.531831783451025,15430000.0,12900000.0,2530000.0,93.0,85.0,21.0,17.0,6.0,5.0,1.432,1.163,51.1,46.7,51.1,51.4,0.0,0.0,0.0,0,0,12.763157894736842,4.088235294117647,14.911764705882351,1.1176470588235294,1.2894736842105263,0.3421052631578947,473.8157894736842,9.470588235294118,10.794117647058824,13.058823529411764,23.029411764705884,17.13157894736842,20.289473684210527,11.558823529411764,1.7941176470588236,17.676470588235293,1.0526315789473684,0.0294117647058823,48.1,11.176470588235292,16.91176470588235,31.789473684210527,1.2352941176470589,1.576470588235294,113.0,157.0,38.0,67.0,50.0,83.0,11.342105263157896,3.5,12.0,0.9736842105263158,1.4210526315789471,0.1176470588235294,407.60526315789474,9.157894736842104,8.421052631578947,13.342105263157896,21.47058823529412,15.263157894736842,19.07894736842105,8.894736842105264,1.9705882352941175,12.176470588235292,0.631578947368421,0.0263157894736842,43.5,8.973684210526315,14.052631578947368,29.44736842105263,1.0578947368421054,1.0842105263157895,113.0,156.0,39.0,71.0,49.0,83.0,0.0,4.0,4.0,2.0,4.0,4.0,2.0,-1.0,2.0,2.0,4_vs_4,0.131578947368421,0.0263157894736842,0.2631578947368421,0.1764705882352941,0.0588235294117647,0.1764705882352941,0.0263157894736842,0.1470588235294117,0.1470588235294117,0.0294117647058823,41.0,45.0,49.0,49.0,43.0,47.0,55.0,47.0,0.0,0.0,0.3421052631578947,0.2105263157894736,0.0,0.131578947368421,0.0,0.0526315789473684,0.088235294117647,0.088235294117647,35.0,34.0,47.0,47.0,36.0,44.0,42.0,53.0,0.5,0.0415945290858725,0.5,0.0393477713422311,0,0,0,0,0,0,0,0,0,0,0,0,0,0,0,0,0,0,2026_special,J1,明治安田Ｊ１百年構想 WESTグループ,100yj1,4,2026-02-28,15:03,g-os,shim,finished,2026_special-100yj1-4-g-os-vs-shim
2026_special,4,2026-02-28,ngsk,0-0,c-os,Ajinomoto Stadium,13697.0,0,0,7.0,6.0,385.9,3-4-2-1,4-2-3-1,8.0,7.0,1.0,0.0,0.0,1509.5295185893274,1517.5446891102308,-8.015170520903439,14950000.0,14350000.0,600000.0,82.0,93.0,20.0,26.0,7.0,6.0,1.312,1.36,45.3,46.7,49.5,46.4,0.0,0.0,0.0,0,0,12.029411764705882,3.8684210526315783,11.588235294117649,1.1764705882352942,1.1470588235294117,0.2647058823529412,436.7948916408669,10.36842105263158,11.647058823529411,13.823529411764705,20.94736842105263,17.294117647058822,18.852941176470587,11.029411764705882,1.7352941176470589,14.447368421052632,1.0294117647058822,0.0294117647058823,48.9,10.705882352941176,16.323529411764707,31.789473684210527,1.2263157894736842,1.181578947368421,113.0,135.0,35.0,64.0,38.0,72.0,13.394736842105264,3.8684210526315783,12.18421052631579,1.236842105263158,1.1764705882352942,0.2894736842105263,455.8157894736842,10.823529411764708,11.105263157894736,15.289473684210526,20.5,15.5,18.38235294117647,9.157894736842104,1.605263157894737,13.941176470588236,0.7368421052631579,0.0294117647058823,50.4,10.763157894736842,15.441176470588236,31.88235294117647,1.258823529411765,1.1973684210526316,114.0,129.0,41.0,62.0,48.0,66.0,0.0,4.0,5.0,2.0,4.0,4.0,2.0,0.0,2.0,2.0,3_vs_4,0.0526315789473684,0.0,0.2105263157894736,0.2105263157894736,0.0588235294117647,0.1842105263157894,0.0,0.0588235294117647,0.1052631578947368,0.0294117647058823,45.0,44.0,47.0,44.0,45.0,44.5,44.0,44.0,0.088235294117647,0.0,0.2894736842105263,0.2894736842105263,0.0526315789473684,0.2368421052631578,0.0294117647058823,0.0789473684210526,0.088235294117647,0.0588235294117647,56.0,45.0,45.0,49.0,46.0,44.0,50.0,55.0,0.4736842105263157,0.03372576177285315,0.5,0.0280470914127423,0,0,0,0,0,0,0,0,0,0,0,0,0,0,0,0,0,0,2026_special,J1,明治安田Ｊ１百年構想 WESTグループ,100yj1,4,2026-02-28,17:03,ngsk,c-os,finished,2026_special-100yj1-4-ngsk-vs-c-os
2026_special,4,2026-03-01,ka-f,0-0,mito,Ajinomoto Stadium,13697.0,0,0,6.0,7.0,357.7,4-2-3-1,4-4-2,6.0,8.0,-2.0,0.0,0.0,1587.410772611103,1506.8677727889888,80.54299982211433,21300000.0,9700000.0,11600000.0,114.0,80.0,28.0,20.0,8.0,7.0,1.171,1.025,52.1,50.6,48.3,51.7,0.0,0.0,0.0,0,0,14.657894736842104,4.947368421052632,10.235294117647058,1.911764705882353,1.2352941176470589,0.3235294117647059,578.9705882352941,11.552631578947368,15.68421052631579,13.617647058823527,20.294117647058822,18.94117647058824,20.0,9.794117647058824,2.2058823529411766,13.588235294117649,1.1470588235294117,0.088235294117647,54.9,14.078947368421051,17.5,32.47058823529412,1.6473684210526316,1.052941176470588,111.0,157.0,42.0,70.0,44.0,82.0,12.029411764705882,3.8684210526315783,11.588235294117649,1.1764705882352942,1.1470588235294117,0.2647058823529412,436.7948916408669,10.36842105263158,11.647058823529411,13.823529411764705,20.94736842105263,17.294117647058822,18.852941176470587,11.029411764705882,1.7352941176470589,14.447368421052632,1.0294117647058822,0.0294117647058823,48.9,10.705882352941176,16.323529411764707,31.789473684210527,1.2263157894736842,1.181578947368421,113.0,135.0,35.0,64.0,38.0,72.0,0.0,4.0,3.0,3.0,4.0,5.0,2.0,-1.0,2.0,2.0,4_vs_4,0.1764705882352941,0.0294117647058823,0.3421052631578947,0.4117647058823529,0.131578947368421,0.3529411764705882,0.0294117647058823,0.088235294117647,0.1764705882352941,0.1176470588235294,51.0,63.0,59.0,53.0,51.0,41.0,73.0,53.0,0.0526315789473684,0.0,0.2105263157894736,0.2105263157894736,0.0588235294117647,0.1842105263157894,0.0,0.0588235294117647,0.1052631578947368,0.0294117647058823,45.0,44.0,47.0,44.0,45.0,44.5,44.0,44.0,0.4736842105263157,0.0396923749817757,0.4736842105263157,0.0332409972299168,0,0,0,0,0,0,0,0,0,0,0,0,0,0,0,0,0,0,2026_special,J1,明治安田Ｊ１百年構想 EASTグループ,100yj1,4,2026-03-01,16:03,ka-f,mito,finished,2026_special-100yj1-4-ka-f-vs-mito
2026_special,4,2026-03-01,okay,0-0,nago,Ajinomoto Stadium,13697.0,0,0,7.0,7.0,230.3,3-4-2-1,3-4-2-1,10.0,9.0,1.0,0.0,0.0,1501.047372404431,1515.1299339257123,-14.082561521281377,11200000.0,15900000.0,-4700000.0,100.0,120.0,22.0,26.0,6.0,7.0,1.253,1.431,53.9,49.2,52.8,44.4,0.0,0.0,0.0,0,0,0.0,0.0,0.0,0.0,0.0,0.0,0.0,0.0,0.0,0.0,0.0,0.0,0.0,0.0,0.0,0.0,0.0,0.0,0.0,0.0,0.0,0.0,0.0,0.0,0.0,0.0,0.0,0.0,0.0,0.0,11.205882352941176,3.8947368421052633,11.735294117647058,1.1578947368421053,1.0294117647058822,0.3823529411764705,403.1764705882353,11.676470588235292,10.705882352941176,13.441176470588236,21.647058823529413,18.58823529411765,18.94117647058824,10.176470588235292,1.7941176470588236,14.763157894736842,1.0,0.0588235294117647,46.2,8.973684210526315,17.294117647058822,30.289473684210527,1.1823529411764706,1.1176470588235294,114.0,155.0,39.0,74.0,48.0,79.0,0.0,3.0,6.0,1.0,3.0,6.0,1.0,1.0,2.0,2.0,3_vs_3,0.0,0.0,0.0,0.0,0.0,0.0,0.0,0.0,0.0,0.0,0.0,0.0,0.0,0.0,0.0,0.0,0.0,0.0,0.0588235294117647,0.0294117647058823,0.2647058823529412,0.2058823529411764,0.0294117647058823,0.1842105263157894,0.0,0.1052631578947368,0.1470588235294117,0.0526315789473684,51.0,50.0,38.0,45.0,47.0,44.0,43.0,46.0,0.4736842105263157,0.0333564173591874,0.4736842105263157,0.0307787011388119,0,0,0,0,0,0,0,0,0,0,0,0,0,0,0,0,0,0,2026_special,J1,明治安田Ｊ１百年構想 WESTグループ,100yj1,4,2026-03-01,14:03,okay,nago,finished,2026_special-100yj1-4-okay-vs-nago
2026_special,5,2026-03-07,chib,0-0,kasw,Ajinomoto Stadium,13697.0,0,0,7.0,7.0,242.7,4-4-2,3-4-2-1,8.0,11.0,-3.0,0.0,0.0,1509.5295185893274,1463.874953058819,45.65456553050831,11900000.0,18450000.0,-6550000.0,82.0,96.0,20.0,21.0,7.0,7.0,1.194,1.395,40.0,48.5,50.5,54.3,0.0,0.0,0.0,0,0,12.029411764705882,3.8684210526315783,11.588235294117649,1.1764705882352942,1.1470588235294117,0.2647058823529412,436.7948916408669,10.36842105263158,11.647058823529411,13.823529411764705,20.94736842105263,17.294117647058822,18.852941176470587,11.029411764705882,1.7352941176470589,14.447368421052632,1.0294117647058822,0.0294117647058823,48.9,10.705882352941176,16.323529411764707,31.789473684210527,1.2263157894736842,1.181578947368421,113.0,135.0,35.0,64.0,38.0,72.0,12.552631578947368,4.0588235294117645,11.382352941176473,1.0263157894736843,1.3529411764705883,0.2105263157894736,422.1315789473685,9.941176470588236,13.263157894736842,14.588235294117649,22.647058823529413,17.794117647058822,19.92105263157895,12.676470588235292,1.7352941176470589,16.441176470588236,1.588235294117647,0.0526315789473684,46.0,11.473684210526317,15.205882352941176,32.44117647058823,1.2289473684210528,1.181578947368421,113.0,163.0,39.0,80.0,47.0,82.0,0.0,4.0,5.0,2.0,3.0,5.0,2.0,0.0,2.0,2.0,4_vs_3,0.0526315789473684,0.0,0.2105263157894736,0.2105263157894736,0.0588235294117647,0.1842105263157894,0.0,0.0588235294117647,0.1052631578947368,0.0294117647058823,45.0,44.0,47.0,44.0,45.0,44.5,44.0,44.0,0.0526315789473684,0.0,0.1842105263157894,0.2105263157894736,0.2058823529411764,0.1842105263157894,0.0588235294117647,0.0588235294117647,0.1764705882352941,0.0588235294117647,50.0,43.0,54.0,45.0,55.0,63.0,43.0,43.0,0.4736842105263157,0.03372576177285315,0.4736842105263157,0.0396923749817757,0,0,0,0,0,0,0,0,0,0,0,0,0,0,0,0,0,0,2026_special,J1,明治安田Ｊ１百年構想 EASTグループ,100yj1,5,2026-03-07,13:03,chib,kasw,finished,2026_special-100yj1-5-chib-vs-kasw
2026_special,5,2026-03-07,FCtk,0-0,y-fm,Ajinomoto Stadium,13697.0,0,0,7.0,6.0,230.3,4-4-2,4-2-1-3,0.0,0.0,0.0,0.0,0.0,1505.1732969988918,1602.4015606637863,-97.22826366489448,15680000.0,14430000.0,1250000.0,0.0,0.0,0.0,24.0,7.0,9.0,1.631,1.201,48.2,52.8,50.4,52.3,0.0,0.0,0.0,0,0,0.0,0.0,0.0,0.0,0.0,0.0,0.0,0.0,0.0,0.0,0.0,0.0,0.0,0.0,0.0,0.0,0.0,0.0,0.0,0.0,0.0,0.0,0.0,0.0,0.0,0.0,0.0,0.0,0.0,0.0,15.705882352941176,5.205882352941177,12.676470588235292,2.0294117647058822,1.1764705882352942,0.2647058823529412,607.2647058823529,11.852941176470589,17.205882352941178,18.294117647058822,18.647058823529413,16.973684210526315,19.11764705882353,11.842105263157896,1.5294117647058822,11.078947368421051,1.1842105263157894,0.0789473684210526,57.9,14.882352941176473,15.921052631578949,33.026315789473685,1.8088235294117647,1.3558823529411763,118.0,184.0,48.0,89.0,44.0,90.0,0.0,4.0,3.0,3.0,4.0,3.0,3.0,-1.0,2.0,2.0,4_vs_4,0.0,0.0,0.0,0.0,0.0,0.0,0.0,0.0,0.0,0.0,0.0,0.0,0.0,0.0,0.0,0.0,0.0,0.0,0.0,0.0,0.0,0.0,0.0,0.0,0.0,0.0,0.0,0.0,0.0,0.0,0.0,0.0,0.0,0.0,0.0,0.0,0.0,0.0,0.5,0.0558633425669436,0,0,0,0,0,0,0,0,0,0,0,0,0,0,0,0,0,0,2026_special,J1,明治安田Ｊ１百年構想 EASTグループ,100yj1,5,2026-03-07,14:03,FCtk,y-fm,finished,2026_special-100yj1-5-FCtk-vs-y-fm
2026_special,5,2026-03-07,uraw,0-0,mito,Ajinomoto Stadium,13697.0,0,0,6.0,7.0,357.7,4-2-3-1,4-4-2,8.0,8.0,0.0,0.0,0.0,1549.6385738216893,1506.8677727889888,42.77080103270055,17730000.0,9700000.0,8030000.0,93.0,80.0,25.0,20.0,8.0,7.0,1.437,1.025,50.6,49.6,48.3,51.7,0.0,0.0,0.0,0,0,12.029411764705882,3.941176470588236,12.578947368421051,1.2647058823529411,1.1470588235294117,0.3157894736842105,486.5,9.973684210526317,13.205882352941176,12.86842105263158,20.91176470588235,17.735294117647058,19.235294117647054,10.105263157894736,1.763157894736842,13.894736842105264,1.105263157894737,0.0294117647058823,52.7,10.558823529411764,16.81578947368421,30.47058823529412,1.363157894736842,1.1823529411764706,111.0,163.0,39.0,78.0,45.0,83.0,12.029411764705882,3.8684210526315783,11.588235294117649,1.1764705882352942,1.1470588235294117,0.2647058823529412,436.7948916408669,10.36842105263158,11.647058823529411,13.823529411764705,20.94736842105263,17.294117647058822,18.852941176470587,11.029411764705882,1.7352941176470589,14.447368421052632,1.0294117647058822,0.0294117647058823,48.9,10.705882352941176,16.323529411764707,31.789473684210527,1.2263157894736842,1.181578947368421,113.0,135.0,35.0,64.0,38.0,72.0,0.0,4.0,5.0,1.0,4.0,5.0,2.0,0.0,2.0,2.0,4_vs_4,0.1842105263157894,0.0294117647058823,0.2352941176470588,0.2352941176470588,0.1176470588235294,0.2368421052631578,0.0263157894736842,0.0526315789473684,0.1470588235294117,0.0263157894736842,46.0,43.0,52.0,42.0,42.0,45.0,53.0,63.0,0.0526315789473684,0.0,0.2105263157894736,0.2105263157894736,0.0588235294117647,0.1842105263157894,0.0,0.0588235294117647,0.1052631578947368,0.0294117647058823,45.0,44.0,47.0,44.0,45.0,44.5,44.0,44.0,0.4736842105263157,0.0279316712834718,0.4736842105263157,0.0332409972299168,0,0,0,0,0,0,0,0,0,0,0,0,0,0,0,0,0,0,2026_special,J1,明治安田Ｊ１百年構想 EASTグループ,100yj1,5,2026-03-07,15:03,uraw,mito,finished,2026_special-100yj1-5-uraw-vs-mito
2026_special,5,2026-03-07,kasm,0-0,tk-v,Ajinomoto Stadium,13697.0,0,0,7.0,6.0,0.0,4-4-2,3-4-2-1,4.0,14.0,-10.0,0.0,0.0,1590.7185052811446,1501.5800108714086,89.13849440973604,23030000.0,8700000.0,14330000.0,86.0,118.5,31.0,24.0,9.0,7.0,1.445,0.893,47.3,48.1,45.6,57.4,0.0,0.0,0.0,0,0,12.941176470588236,4.176470588235294,11.147058823529411,1.5789473684210529,1.0789473684210529,0.3947368421052631,424.11764705882354,10.852941176470589,12.264705882352942,15.078947368421051,21.91176470588235,18.68421052631579,19.97058823529412,11.894736842105264,2.0,18.81578947368421,1.411764705882353,0.0588235294117647,50.1,11.5,17.36842105263158,33.55263157894737,1.2868421052631578,1.2078947368421051,112.0,167.0,40.0,80.0,45.0,86.0,6.026315789473684,2.1842105263157894,5.894736842105263,0.6710526315789473,0.6710526315789473,0.15789473684210525,200.48684210526315,4.842105263157895,6.052631578947368,5.973684210526316,13.11842105263158,9.026315789473685,9.355263157894738,5.960526315789474,1.0,8.763157894736842,0.6578947368421053,0.0263157894736842,22.95,5.105263157894737,7.894736842105263,15.828947368421051,0.6026315789473684,0.6039473684210526,58.0,61.0,15.0,26.5,19.0,33.5,0.0,4.0,4.0,2.0,3.0,6.0,1.0,-1.0,2.0,2.0,4_vs_3,0.0789473684210526,0.0,0.3823529411764705,0.2941176470588235,0.088235294117647,0.2631578947368421,0.0294117647058823,0.0588235294117647,0.1764705882352941,0.088235294117647,50.0,48.0,58.0,56.0,54.0,62.0,50.0,40.0,0.0789473684210526,0.0394736842105263,0.19736842105263155,0.0789473684210526,0.0657894736842105,0.0789473684210526,0.0,0.0789473684210526,0.0394736842105263,0.0131578947368421,22.5,22.5,23.0,19.5,22.5,21.0,22.0,25.0,0.4736842105263157,0.0364638823780098,0.513157894736842,0.036448627549735546,0,0,0,0,0,0,0,0,0,0,0,0,0,0,0,0,0,0,2026_special,J1,明治安田Ｊ１百年構想 EASTグループ,100yj1,5,2026-03-07,16:03,kasm,tk-v,finished,2026_special-100yj1-5-kasm-vs-tk-v
2026_special,5,2026-03-07,c-os,0-0,shim,Ajinomoto Stadium,13697.0,0,0,7.0,7.0,222.2,4-2-3-1,4-1-2-3,7.0,13.0,-6.0,0.0,0.0,1528.4739621715223,1454.3484905594707,74.12547161205157,14350000.0,12900000.0,1450000.0,99.0,85.0,25.0,17.0,7.0,5.0,1.36,1.163,49.5,46.4,51.1,51.4,0.0,0.0,0.0,0,0,13.394736842105264,3.8684210526315783,12.18421052631579,1.236842105263158,1.1764705882352942,0.2894736842105263,455.8157894736842,10.823529411764708,11.105263157894736,15.289473684210526,20.5,15.5,18.38235294117647,9.157894736842104,1.605263157894737,13.941176470588236,0.7368421052631579,0.0294117647058823,50.4,10.763157894736842,15.441176470588236,31.88235294117647,1.258823529411765,1.1973684210526316,114.0,129.0,41.0,62.0,48.0,66.0,11.342105263157896,3.5,12.0,0.9736842105263158,1.4210526315789471,0.1176470588235294,407.60526315789474,9.157894736842104,8.421052631578947,13.342105263157896,21.47058823529412,15.263157894736842,19.07894736842105,8.894736842105264,1.9705882352941175,12.176470588235292,0.631578947368421,0.0263157894736842,43.5,8.973684210526315,14.052631578947368,29.44736842105263,1.0578947368421054,1.0842105263157895,113.0,156.0,39.0,71.0,49.0,83.0,0.0,4.0,4.0,2.0,4.0,4.0,2.0,-1.0,2.0,2.0,4_vs_4,0.088235294117647,0.0,0.2894736842105263,0.2894736842105263,0.0526315789473684,0.2368421052631578,0.0294117647058823,0.0789473684210526,0.088235294117647,0.0588235294117647,56.0,45.0,45.0,49.0,46.0,44.0,50.0,55.0,0.0,0.0,0.3421052631578947,0.2105263157894736,0.0,0.131578947368421,0.0,0.0526315789473684,0.088235294117647,0.088235294117647,35.0,34.0,47.0,47.0,36.0,44.0,42.0,53.0,0.5,0.0279316712834718,0.5,0.0393477713422311,0,0,0,0,0,0,0,0,0,0,0,0,0,0,0,0,0,0,2026_special,J1,明治安田Ｊ１百年構想 WESTグループ,100yj1,5,2026-03-07,15:03,c-os,shim,finished,2026_special-100yj1-5-c-os-vs-shim
2026_special,5,2026-03-07,fuku,0-0,nago,Ajinomoto Stadium,13697.0,0,0,7.0,7.0,230.3,3-4-2-1,3-4-2-1,10.0,9.0,1.0,0.0,0.0,1498.8558792382391,1515.1299339257123,-16.274054687473154,10830000.0,15900000.0,-5070000.0,113.0,120.0,21.0,26.0,6.0,7.0,0.959,1.431,51.1,53.0,52.8,44.4,0.0,0.0,0.0,0,0,10.5,3.176470588235294,11.157894736842104,0.868421052631579,1.0,0.3235294117647059,336.8684210526316,10.529411764705882,9.657894736842104,14.052631578947368,24.61764705882353,19.529411764705884,18.44117647058824,13.058823529411764,1.6176470588235294,18.61764705882353,1.4411764705882353,0.0263157894736842,42.7,8.368421052631579,17.5,32.28947368421053,1.0558823529411765,1.0323529411764707,109.0,120.0,26.0,52.0,38.0,67.0,11.205882352941176,3.8947368421052633,11.735294117647058,1.1578947368421053,1.0294117647058822,0.3823529411764705,403.1764705882353,11.676470588235292,10.705882352941176,13.441176470588236,21.647058823529413,18.58823529411765,18.94117647058824,10.176470588235292,1.7941176470588236,14.763157894736842,1.0,0.0588235294117647,46.2,8.973684210526315,17.294117647058822,30.289473684210527,1.1823529411764706,1.1176470588235294,114.0,155.0,39.0,74.0,48.0,79.0,0.0,3.0,6.0,1.0,3.0,6.0,1.0,0.0,2.0,2.0,3_vs_3,0.0526315789473684,0.0263157894736842,0.2105263157894736,0.2105263157894736,0.0263157894736842,0.2058823529411764,0.0,0.0263157894736842,0.0789473684210526,0.0263157894736842,42.0,45.0,44.0,47.0,54.0,51.0,40.0,34.0,0.0588235294117647,0.0294117647058823,0.2647058823529412,0.2058823529411764,0.0294117647058823,0.1842105263157894,0.0,0.1052631578947368,0.1470588235294117,0.0526315789473684,51.0,50.0,38.0,45.0,47.0,44.0,43.0,46.0,0.4736842105263157,0.0249307479224376,0.4736842105263157,0.0307787011388119,0,0,0,0,0,0,0,0,0,0,0,0,0,0,0,0,0,0,2026_special,J1,明治安田Ｊ１百年構想 WESTグループ,100yj1,5,2026-03-07,16:03,fuku,nago,finished,2026_special-100yj1-5-fuku-vs-nago
2026_special,5,2026-03-08,okay,0-0,kyot,Ajinomoto Stadium,13697.0,0,0,7.0,7.0,367.5,3-4-2-1,4-1-2-3,10.0,13.0,-3.0,0.0,0.0,1501.047372404431,1482.394720240757,18.65265216367402,11200000.0,15730000.0,-4530000.0,100.0,110.5,22.0,19.5,6.0,6.0,1.253,1.111,53.9,49.2,54.2,46.2,0.0,0.0,0.0,0,0,0.0,0.0,0.0,0.0,0.0,0.0,0.0,0.0,0.0,0.0,0.0,0.0,0.0,0.0,0.0,0.0,0.0,0.0,0.0,0.0,0.0,0.0,0.0,0.0,0.0,0.0,0.0,0.0,0.0,0.0,11.911764705882351,3.176470588235294,13.35294117647059,1.131578947368421,1.3235294117647058,0.2352941176470588,330.5147058823529,10.735294117647058,10.43498452012384,14.617647058823527,25.558823529411764,17.409442724458206,20.83513931888545,13.421052631578949,1.5255417956656347,17.894736842105264,1.4396284829721364,0.0835913312693498,46.55,9.441176470588236,15.81501547987616,33.94117647058823,1.188235294117647,1.4,113.0,135.0,27.0,53.0,36.5,80.0,0.0,3.0,6.0,1.0,4.0,3.0,3.0,1.0,2.0,2.0,3_vs_4,0.0,0.0,0.0,0.0,0.0,0.0,0.0,0.0,0.0,0.0,0.0,0.0,0.0,0.0,0.0,0.0,0.0,0.0,0.02786377708978325,0.0,0.2376160990712074,0.2105263157894736,0.07043343653250769,0.0588235294117647,0.0,0.0719814241486068,0.1176470588235294,0.01470588235294115,56.0,35.5,54.5,60.0,56.0,46.0,36.0,38.0,0.4736842105263157,0.0333564173591874,0.4605263157894737,0.0427631578947368,0,0,0,0,0,0,0,0,0,0,0,0,0,0,0,0,0,0,2026_special,J1,明治安田Ｊ１百年構想 WESTグループ,100yj1,5,2026-03-08,13:00,okay,kyot,finished,2026_special-100yj1-5-okay-vs-kyot
2026_special,5,2026-03-08,g-os,0-0,ngsk,Ajinomoto Stadium,13697.0,0,0,7.0,7.0,357.7,4-2-3-1,3-4-2-1,13.0,8.0,5.0,0.0,0.0,1473.8803223429218,1506.8677727889888,-32.98745044606699,15430000.0,14950000.0,480000.0,93.0,80.0,21.0,20.0,6.0,7.0,1.432,1.312,51.1,46.7,45.3,46.7,0.0,0.0,0.0,0,0,12.763157894736842,4.088235294117647,14.911764705882351,1.1176470588235294,1.2894736842105263,0.3421052631578947,473.8157894736842,9.470588235294118,10.794117647058824,13.058823529411764,23.029411764705884,17.13157894736842,20.289473684210527,11.558823529411764,1.7941176470588236,17.676470588235293,1.0526315789473684,0.0294117647058823,48.1,11.176470588235292,16.91176470588235,31.789473684210527,1.2352941176470589,1.576470588235294,113.0,157.0,38.0,67.0,50.0,83.0,12.029411764705882,3.8684210526315783,11.588235294117649,1.1764705882352942,1.1470588235294117,0.2647058823529412,436.7948916408669,10.36842105263158,11.647058823529411,13.823529411764705,20.94736842105263,17.294117647058822,18.852941176470587,11.029411764705882,1.7352941176470589,14.447368421052632,1.0294117647058822,0.0294117647058823,48.9,10.705882352941176,16.323529411764707,31.789473684210527,1.2263157894736842,1.181578947368421,113.0,135.0,35.0,64.0,38.0,72.0,0.0,4.0,4.0,2.0,4.0,5.0,2.0,-1.0,2.0,2.0,4_vs_3,0.131578947368421,0.0263157894736842,0.2631578947368421,0.1764705882352941,0.0588235294117647,0.1764705882352941,0.0263157894736842,0.1470588235294117,0.1470588235294117,0.0294117647058823,41.0,45.0,49.0,49.0,43.0,47.0,55.0,47.0,0.0526315789473684,0.0,0.2105263157894736,0.2105263157894736,0.0588235294117647,0.1842105263157894,0.0,0.0588235294117647,0.1052631578947368,0.0294117647058823,45.0,44.0,47.0,44.0,45.0,44.5,44.0,44.0,0.5,0.0415945290858725,0.4736842105263157,0.0332409972299168,0,0,0,0,0,0,0,0,0,0,0,0,0,0,0,0,0,0,2026_special,J1,明治安田Ｊ１百年構想 WESTグループ,100yj1,5,2026-03-08,15:03,g-os,ngsk,finished,2026_special-100yj1-5-g-os-vs-ngsk
2026_special,6,2026-03-14,y-fm,0-0,chib,Ajinomoto Stadium,13697.0,0,0,6.0,7.0,357.7,4-2-1-3,4-4-2,0.0,8.0,-8.0,0.0,0.0,1602.479355440467,1506.8677727889888,95.61158265147833,14430000.0,11900000.0,2530000.0,0.0,80.0,25.0,20.0,8.0,7.0,1.201,1.194,50.4,52.3,40.0,48.5,0.0,0.0,0.0,0,0,15.705882352941176,5.205882352941177,12.676470588235292,2.0294117647058822,1.1764705882352942,0.2647058823529412,607.2647058823529,11.852941176470589,17.205882352941178,18.294117647058822,18.647058823529413,16.973684210526315,19.11764705882353,11.842105263157896,1.5294117647058822,11.078947368421051,1.1842105263157894,0.0789473684210526,57.9,14.882352941176473,15.921052631578949,33.026315789473685,1.8088235294117647,1.3558823529411763,118.0,184.0,48.0,89.0,44.0,90.0,12.029411764705882,3.8684210526315783,11.588235294117649,1.1764705882352942,1.1470588235294117,0.2647058823529412,436.7948916408669,10.36842105263158,11.647058823529411,13.823529411764705,20.94736842105263,17.294117647058822,18.852941176470587,11.029411764705882,1.7352941176470589,14.447368421052632,1.0294117647058822,0.0294117647058823,48.9,10.705882352941176,16.323529411764707,31.789473684210527,1.2263157894736842,1.181578947368421,113.0,135.0,35.0,64.0,38.0,72.0,0.0,4.0,3.0,3.0,4.0,5.0,2.0,-1.0,2.0,2.0,4_vs_4,0.0,0.0,0.0,0.0,0.0,0.0,0.0,0.0,0.0,0.0,0.0,0.0,0.0,0.0,0.0,0.0,0.0,0.0,0.0526315789473684,0.0,0.2105263157894736,0.2105263157894736,0.0588235294117647,0.1842105263157894,0.0,0.0588235294117647,0.1052631578947368,0.0294117647058823,45.0,44.0,47.0,44.0,45.0,44.5,44.0,44.0,0.4736842105263157,0.0569845666798575,0.4736842105263157,0.0332409972299168,0,0,0,0,0,0,0,0,0,0,0,0,0,0,0,0,0,0,2026_special,J1,明治安田Ｊ１百年構想 EASTグループ,100yj1,6,2026-03-14,13:03,y-fm,chib,finished,2026_special-100yj1-6-y-fm-vs-chib
2026_special,6,2026-03-14,kasw,0-0,mcd,Ajinomoto Stadium,13697.0,0,0,6.0,7.0,145.05,3-4-2-1,3-4-2-1,12.0,0.0,12.0,0.0,0.0,1467.1220364785213,1572.0534875967746,-104.93145111825334,18450000.0,19300000.0,-850000.0,101.0,0.0,20.0,31.5,6.0,8.0,1.395,1.132,50.5,54.3,48.2,54.8,0.0,0.0,0.0,0,0,12.552631578947368,4.0588235294117645,11.382352941176473,1.0263157894736843,1.3529411764705883,0.2105263157894736,422.1315789473685,9.941176470588236,13.263157894736842,14.588235294117649,22.647058823529413,17.794117647058822,19.92105263157895,12.676470588235292,1.7352941176470589,16.441176470588236,1.588235294117647,0.0526315789473684,46.0,11.473684210526317,15.205882352941176,32.44117647058823,1.2289473684210528,1.181578947368421,113.0,163.0,39.0,80.0,47.0,82.0,6.092105263157895,1.631578947368421,5.421052631578948,0.7105263157894736,0.4473684210526316,0.23684210526315785,164.31578947368422,6.144736842105263,5.25,8.263157894736842,9.802631578947368,7.657894736842105,8.513157894736842,7.131578947368421,0.7105263157894736,10.828947368421051,0.75,0.0263157894736842,22.4,5.236842105263158,8.68421052631579,16.75,0.6907894736842105,0.4802631578947368,58.0,63.5,14.0,31.0,18.0,31.5,0.0,3.0,5.0,2.0,3.5,5.0,1.5,1.0,2.0,2.0,3_vs_3,0.0526315789473684,0.0,0.1842105263157894,0.2105263157894736,0.2058823529411764,0.1842105263157894,0.0588235294117647,0.0588235294117647,0.1764705882352941,0.0588235294117647,50.0,43.0,54.0,45.0,55.0,63.0,43.0,43.0,0.0,0.0,0.0,0.0,0.0,0.0,0.0,0.0,0.0,0.0,0.0,0.0,0.0,0.0,0.0,0.0,0.0,0.0,0.5,0.0372422283779624,0.49999999999999994,0.06755540166204985,0,0,0,0,0,0,0,0,0,0,0,0,0,0,0,0,0,0,2026_special,J1,明治安田Ｊ１百年構想 EASTグループ,100yj1,6,2026-03-14,14:03,kasw,mcd,finished,2026_special-100yj1-6-kasw-vs-mcd
2026_special,6,2026-03-14,mito,0-0,FCtk,Ajinomoto Stadium,13697.0,0,0,7.0,7.0,225.6,4-4-2,4-4-2,8.0,0.0,8.0,0.0,0.0,1509.5295185893274,1507.3530303445389,2.1764882447885157,9700000.0,15680000.0,-5980000.0,82.0,0.0,20.0,0.0,7.0,7.0,1.025,1.631,48.3,51.7,48.2,52.8,0.0,0.0,0.0,0,0,12.029411764705882,3.8684210526315783,11.588235294117649,1.1764705882352942,1.1470588235294117,0.2647058823529412,436.7948916408669,10.36842105263158,11.647058823529411,13.823529411764705,20.94736842105263,17.294117647058822,18.852941176470587,11.029411764705882,1.7352941176470589,14.447368421052632,1.0294117647058822,0.0294117647058823,48.9,10.705882352941176,16.323529411764707,31.789473684210527,1.2263157894736842,1.181578947368421,113.0,135.0,35.0,64.0,38.0,72.0,0.0,0.0,0.0,0.0,0.0,0.0,0.0,0.0,0.0,0.0,0.0,0.0,0.0,0.0,0.0,0.0,0.0,0.0,0.0,0.0,0.0,0.0,0.0,0.0,0.0,0.0,0.0,0.0,0.0,0.0,0.0,4.0,5.0,2.0,4.0,3.0,3.0,0.0,2.0,2.0,4_vs_4,0.0526315789473684,0.0,0.2105263157894736,0.2105263157894736,0.0588235294117647,0.1842105263157894,0.0,0.0588235294117647,0.1052631578947368,0.0294117647058823,45.0,44.0,47.0,44.0,45.0,44.5,44.0,44.0,0.0,0.0,0.0,0.0,0.0,0.0,0.0,0.0,0.0,0.0,0.0,0.0,0.0,0.0,0.0,0.0,0.0,0.0,0.4736842105263157,0.03372576177285315,0.0,0.0,0,0,0,0,0,0,0,0,0,0,0,0,0,0,0,0,0,0,2026_special,J1,明治安田Ｊ１百年構想 EASTグループ,100yj1,6,2026-03-14,14:03,mito,FCtk,finished,2026_special-100yj1-6-mito-vs-FCtk
2026_special,6,2026-03-14,kasm,0-0,ka-f,Ajinomoto Stadium,13697.0,0,0,7.0,7.0,233.7,4-4-2,4-2-3-1,4.0,6.0,-2.0,0.0,0.0,1590.7185052811446,1594.7797550093385,-4.061249728193843,23030000.0,21300000.0,1730000.0,86.0,127.0,31.0,29.0,9.0,9.0,1.445,1.171,47.3,48.1,52.1,50.6,0.0,0.0,0.0,0,0,12.941176470588236,4.176470588235294,11.147058823529411,1.5789473684210529,1.0789473684210529,0.3947368421052631,424.11764705882354,10.852941176470589,12.264705882352942,15.078947368421051,21.91176470588235,18.68421052631579,19.97058823529412,11.894736842105264,2.0,18.81578947368421,1.411764705882353,0.0588235294117647,50.1,11.5,17.36842105263158,33.55263157894737,1.2868421052631578,1.2078947368421051,112.0,167.0,40.0,80.0,45.0,86.0,14.657894736842104,4.947368421052632,10.235294117647058,1.911764705882353,1.2352941176470589,0.3235294117647059,578.9705882352941,11.552631578947368,15.68421052631579,13.617647058823527,20.294117647058822,18.94117647058824,20.0,9.794117647058824,2.2058823529411766,13.588235294117649,1.1470588235294117,0.088235294117647,54.9,14.078947368421051,17.5,32.47058823529412,1.6473684210526316,1.052941176470588,111.0,157.0,42.0,70.0,44.0,82.0,0.0,4.0,4.0,2.0,4.0,3.0,3.0,-1.0,2.0,2.0,4_vs_4,0.0789473684210526,0.0,0.3823529411764705,0.2941176470588235,0.088235294117647,0.2631578947368421,0.0294117647058823,0.0588235294117647,0.1764705882352941,0.088235294117647,50.0,48.0,58.0,56.0,54.0,62.0,50.0,40.0,0.1764705882352941,0.0294117647058823,0.3421052631578947,0.4117647058823529,0.131578947368421,0.3529411764705882,0.0294117647058823,0.088235294117647,0.1764705882352941,0.1176470588235294,51.0,63.0,59.0,53.0,51.0,41.0,73.0,53.0,0.4736842105263157,0.0364638823780098,0.5,0.0363888189372953,0,0,0,0,0,0,0,0,0,0,0,0,0,0,0,0,0,0,2026_special,J1,明治安田Ｊ１百年構想 EASTグループ,100yj1,6,2026-03-14,15:03,kasm,ka-f,finished,2026_special-100yj1-6-kasm-vs-ka-f
2026_special,6,2026-03-14,tk-v,0-0,uraw,Ajinomoto Stadium,13697.0,0,0,7.0,7.0,234.7,3-4-2-1,4-2-3-1,14.0,8.0,6.0,0.0,0.0,1504.6550651609919,1546.105970950524,-41.450905789532044,8700000.0,17730000.0,-9030000.0,120.5,99.0,24.0,25.0,7.0,7.0,0.893,1.437,45.6,57.4,50.6,49.6,0.0,0.0,0.0,0,0,6.026315789473684,2.1842105263157894,5.894736842105263,0.6710526315789473,0.6710526315789473,0.15789473684210525,200.48684210526315,4.842105263157895,6.052631578947368,5.973684210526316,13.11842105263158,9.026315789473685,9.355263157894738,5.960526315789474,1.0,8.763157894736842,0.6578947368421053,0.0263157894736842,22.95,5.105263157894737,7.894736842105263,15.828947368421051,0.6026315789473684,0.6039473684210526,58.0,61.0,15.0,26.5,19.0,33.5,12.029411764705882,3.941176470588236,12.578947368421051,1.2647058823529411,1.1470588235294117,0.3157894736842105,486.5,9.973684210526317,13.205882352941176,12.86842105263158,20.91176470588235,17.735294117647058,19.235294117647054,10.105263157894736,1.763157894736842,13.894736842105264,1.105263157894737,0.0294117647058823,52.7,10.558823529411764,16.81578947368421,30.47058823529412,1.363157894736842,1.1823529411764706,111.0,163.0,39.0,78.0,45.0,83.0,0.0,3.0,6.0,1.0,4.0,5.0,1.0,1.0,2.0,2.0,3_vs_4,0.0789473684210526,0.0394736842105263,0.19736842105263155,0.0789473684210526,0.0657894736842105,0.0789473684210526,0.0,0.0789473684210526,0.0394736842105263,0.0131578947368421,22.5,22.5,23.0,19.5,22.5,21.0,22.0,25.0,0.1842105263157894,0.0294117647058823,0.2352941176470588,0.2352941176470588,0.1176470588235294,0.2368421052631578,0.0263157894736842,0.0526315789473684,0.1470588235294117,0.0263157894736842,46.0,43.0,52.0,42.0,42.0,45.0,53.0,63.0,0.513157894736842,0.03355263157894735,0.5,0.025,0,0,0,0,0,0,0,0,0,0,0,0,0,0,0,0,0,0,2026_special,J1,明治安田Ｊ１百年構想 EASTグループ,100yj1,6,2026-03-14,16:03,tk-v,uraw,finished,2026_special-100yj1-6-tk-v-vs-uraw
2026_special,6,2026-03-14,nago,0-0,kobe,Ajinomoto Stadium,13697.0,0,0,7.0,7.0,412.8,3-4-2-1,4-1-2-3,8.0,4.0,4.0,0.0,0.0,1520.4820799936924,1611.2503664050294,-90.76828641133693,15900000.0,17700000.0,-1800000.0,114.0,96.0,27.0,24.0,7.0,9.0,1.431,1.718,52.8,44.4,52.1,50.3,0.0,0.0,0.0,0,0,11.205882352941176,3.8947368421052633,11.735294117647058,1.1578947368421053,1.0294117647058822,0.3823529411764705,403.1764705882353,11.676470588235292,10.705882352941176,13.441176470588236,21.647058823529413,18.58823529411765,18.94117647058824,10.176470588235292,1.7941176470588236,14.763157894736842,1.0,0.0588235294117647,46.2,8.973684210526315,17.294117647058822,30.289473684210527,1.1823529411764706,1.1176470588235294,114.0,155.0,39.0,74.0,48.0,79.0,12.411764705882351,4.176470588235294,11.852941176470589,1.605263157894737,0.9473684210526316,0.3421052631578947,518.9411764705883,11.470588235294118,12.411764705882351,14.235294117647058,21.86842105263158,16.794117647058822,18.473684210526315,9.911764705882351,2.210526315789474,16.92105263157895,0.9736842105263158,0.0294117647058823,53.7,11.382352941176473,16.605263157894736,31.94117647058824,1.3941176470588237,1.1088235294117648,113.0,163.0,42.0,70.0,44.0,88.0,0.0,3.0,6.0,1.0,4.0,3.0,3.0,1.0,2.0,2.0,3_vs_4,0.0588235294117647,0.0294117647058823,0.2647058823529412,0.2058823529411764,0.0294117647058823,0.1842105263157894,0.0,0.1052631578947368,0.1470588235294117,0.0526315789473684,51.0,50.0,38.0,45.0,47.0,44.0,43.0,46.0,0.0789473684210526,0.0263157894736842,0.2941176470588235,0.3823529411764705,0.1052631578947368,0.2105263157894736,0.0789473684210526,0.0789473684210526,0.1052631578947368,0.0294117647058823,57.0,56.0,47.0,43.0,45.0,39.0,54.0,61.0,0.5,0.0339335180055401,0.5,0.0443213296398891,0,0,0,0,0,0,0,0,0,0,0,0,0,0,0,0,0,0,2026_special,J1,明治安田Ｊ１百年構想 WESTグループ,100yj1,6,2026-03-14,14:03,nago,kobe,finished,2026_special-100yj1-6-nago-vs-kobe
2026_special,6,2026-03-14,kyot,0-0,c-os,Ajinomoto Stadium,13697.0,0,0,7.0,6.0,385.9,4-1-2-3,4-2-3-1,13.0,7.0,6.0,0.0,0.0,1483.0471288767508,1517.5446891102308,-34.497560233480044,15730000.0,14350000.0,1380000.0,127.5,93.0,21.0,26.0,6.5,6.0,1.111,1.36,54.2,46.2,49.5,46.4,0.0,0.0,0.0,0,0,11.911764705882351,3.176470588235294,13.35294117647059,1.131578947368421,1.3235294117647058,0.2352941176470588,330.5147058823529,10.735294117647058,10.43498452012384,14.617647058823527,25.558823529411764,17.409442724458206,20.83513931888545,13.421052631578949,1.5255417956656347,17.894736842105264,1.4396284829721364,0.0835913312693498,46.55,9.441176470588236,15.81501547987616,33.94117647058823,1.188235294117647,1.4,113.0,135.0,27.0,53.0,36.5,80.0,13.394736842105264,3.8684210526315783,12.18421052631579,1.236842105263158,1.1764705882352942,0.2894736842105263,455.8157894736842,10.823529411764708,11.105263157894736,15.289473684210526,20.5,15.5,18.38235294117647,9.157894736842104,1.605263157894737,13.941176470588236,0.7368421052631579,0.0294117647058823,50.4,10.763157894736842,15.441176470588236,31.88235294117647,1.258823529411765,1.1973684210526316,114.0,129.0,41.0,62.0,48.0,66.0,0.0,4.0,3.0,3.0,4.0,4.0,2.0,-2.0,2.0,2.0,4_vs_4,0.02786377708978325,0.0,0.2376160990712074,0.2105263157894736,0.07043343653250769,0.0588235294117647,0.0,0.0719814241486068,0.1176470588235294,0.01470588235294115,56.0,35.5,54.5,60.0,56.0,46.0,36.0,38.0,0.088235294117647,0.0,0.2894736842105263,0.2894736842105263,0.0526315789473684,0.2368421052631578,0.0294117647058823,0.0789473684210526,0.088235294117647,0.0588235294117647,56.0,45.0,45.0,49.0,46.0,44.0,50.0,55.0,0.5,0.051988523941432455,0.5,0.0280470914127423,0,0,0,0,0,0,0,0,0,0,0,0,0,0,0,0,0,0,2026_special,J1,明治安田Ｊ１百年構想 WESTグループ,100yj1,6,2026-03-14,14:03,kyot,c-os,finished,2026_special-100yj1-6-kyot-vs-c-os
2026_special,6,2026-03-14,shim,0-0,okay,Ajinomoto Stadium,13697.0,0,0,7.0,6.0,0.0,4-1-2-3,3-4-2-1,13.0,12.0,1.0,1.0,1.0,1459.903557213622,1488.4488488061263,-28.545291592504327,12900000.0,11200000.0,1700000.0,78.0,127.0,20.0,24.0,5.0,5.0,1.163,1.253,51.1,51.4,53.9,49.2,0.0,0.0,0.0,0,0,11.342105263157896,3.5,12.0,0.9736842105263158,1.4210526315789471,0.1176470588235294,407.60526315789474,9.157894736842104,8.421052631578947,13.342105263157896,21.47058823529412,15.263157894736842,19.07894736842105,8.894736842105264,1.9705882352941175,12.176470588235292,0.631578947368421,0.0263157894736842,43.5,8.973684210526315,14.052631578947368,29.44736842105263,1.0578947368421054,1.0842105263157895,113.0,156.0,39.0,71.0,49.0,83.0,0.0,0.0,0.0,0.0,0.0,0.0,0.0,0.0,0.0,0.0,0.0,0.0,0.0,0.0,0.0,0.0,0.0,0.0,0.0,0.0,0.0,0.0,0.0,0.0,0.0,0.0,0.0,0.0,0.0,0.0,0.0,4.0,4.0,2.0,3.0,6.0,1.0,0.0,2.0,2.0,4_vs_3,0.0,0.0,0.3421052631578947,0.2105263157894736,0.0,0.131578947368421,0.0,0.0526315789473684,0.088235294117647,0.088235294117647,35.0,34.0,47.0,47.0,36.0,44.0,42.0,53.0,0.0,0.0,0.0,0.0,0.0,0.0,0.0,0.0,0.0,0.0,0.0,0.0,0.0,0.0,0.0,0.0,0.0,0.0,0.5,0.0372422283779624,0.5526315789473685,0.0339335180055401,0,0,0,0,0,0,0,0,0,0,0,0,0,0,0,0,0,0,2026_special,J1,明治安田Ｊ１百年構想 WESTグループ,100yj1,6,2026-03-14,14:03,shim,okay,finished,2026_special-100yj1-6-shim-vs-okay
2026_special,6,2026-03-14,hiro,0-0,g-os,Ajinomoto Stadium,13697.0,0,0,7.0,6.0,383.2,3-4-2-1,4-2-3-1,6.0,12.0,-6.0,0.0,0.0,1578.4873311818164,1474.8519838369311,103.6353473448853,20900000.0,15430000.0,5470000.0,113.0,85.0,26.0,20.0,8.0,7.0,1.91,1.432,57.6,52.0,51.1,46.7,0.0,0.0,0.0,0,0,14.705882352941176,4.676470588235294,10.921052631578949,1.3529411764705883,1.105263157894737,0.3235294117647059,481.1470588235294,10.470588235294118,14.705882352941176,16.764705882352942,18.352941176470587,18.657894736842103,18.647058823529413,11.794117647058824,1.7352941176470589,16.86842105263158,0.9117647058823528,0.0294117647058823,49.5,13.117647058823527,18.176470588235293,33.3235294117647,1.4088235294117646,1.068421052631579,112.0,164.0,40.0,76.0,46.0,87.0,12.763157894736842,4.088235294117647,14.911764705882351,1.1176470588235294,1.2894736842105263,0.3421052631578947,473.8157894736842,9.470588235294118,10.794117647058824,13.058823529411764,23.029411764705884,17.13157894736842,20.289473684210527,11.558823529411764,1.7941176470588236,17.676470588235293,1.0526315789473684,0.0294117647058823,48.1,11.176470588235292,16.91176470588235,31.789473684210527,1.2352941176470589,1.576470588235294,113.0,157.0,38.0,67.0,50.0,83.0,0.0,3.0,6.0,1.0,4.0,4.0,2.0,1.0,2.0,2.0,3_vs_4,0.1052631578947368,0.0526315789473684,0.3421052631578947,0.2941176470588235,0.1764705882352941,0.2352941176470588,0.0526315789473684,0.088235294117647,0.1176470588235294,0.0294117647058823,72.0,60.0,54.0,66.0,74.0,62.0,54.0,41.0,0.131578947368421,0.0263157894736842,0.2631578947368421,0.1764705882352941,0.0588235294117647,0.1764705882352941,0.0263157894736842,0.1470588235294117,0.1470588235294117,0.0294117647058823,41.0,45.0,49.0,49.0,43.0,47.0,55.0,47.0,0.4736842105263157,0.0257830811847432,0.4736842105263157,0.0373961218836565,0,0,0,0,0,0,0,0,0,0,0,0,0,0,0,0,0,0,2026_special,J1,明治安田Ｊ１百年構想 WESTグループ,100yj1,6,2026-03-14,15:01,hiro,g-os,finished,2026_special-100yj1-6-hiro-vs-g-os
2026_special,6,2026-03-15,ngsk,0-0,fuku,Ajinomoto Stadium,13697.0,0,0,7.0,7.0,843.1,3-4-2-1,3-4-2-1,8.0,10.0,-2.0,0.0,0.0,1509.5295185893274,1493.4237115482938,16.105807041033586,14950000.0,10830000.0,4120000.0,82.0,121.0,20.0,22.0,7.0,7.0,1.312,0.959,45.3,46.7,51.1,53.0,0.0,0.0,0.0,0,0,12.029411764705882,3.8684210526315783,11.588235294117649,1.1764705882352942,1.1470588235294117,0.2647058823529412,436.7948916408669,10.36842105263158,11.647058823529411,13.823529411764705,20.94736842105263,17.294117647058822,18.852941176470587,11.029411764705882,1.7352941176470589,14.447368421052632,1.0294117647058822,0.0294117647058823,48.9,10.705882352941176,16.323529411764707,31.789473684210527,1.2263157894736842,1.181578947368421,113.0,135.0,35.0,64.0,38.0,72.0,10.5,3.176470588235294,11.157894736842104,0.868421052631579,1.0,0.3235294117647059,336.8684210526316,10.529411764705882,9.657894736842104,14.052631578947368,24.61764705882353,19.529411764705884,18.44117647058824,13.058823529411764,1.6176470588235294,18.61764705882353,1.4411764705882353,0.0263157894736842,42.7,8.368421052631579,17.5,32.28947368421053,1.0558823529411765,1.0323529411764707,109.0,120.0,26.0,52.0,38.0,67.0,0.0,4.0,5.0,2.0,3.0,6.0,1.0,0.0,2.0,2.0,3_vs_3,0.0526315789473684,0.0,0.2105263157894736,0.2105263157894736,0.0588235294117647,0.1842105263157894,0.0,0.0588235294117647,0.1052631578947368,0.0294117647058823,45.0,44.0,47.0,44.0,45.0,44.5,44.0,44.0,0.0526315789473684,0.0263157894736842,0.2105263157894736,0.2105263157894736,0.0263157894736842,0.2058823529411764,0.0,0.0263157894736842,0.0789473684210526,0.0263157894736842,42.0,45.0,44.0,47.0,54.0,51.0,40.0,34.0,0.4736842105263157,0.03372576177285315,0.5,0.026167392164622,0,0,0,0,0,0,0,0,0,0,0,0,0,0,0,0,0,0,2026_special,J1,明治安田Ｊ１百年構想 WESTグループ,100yj1,6,2026-03-15,14:04,ngsk,fuku,finished,2026_special-100yj1-6-ngsk-vs-fuku
2026_special,7,2026-03-18,mito,0-0,y-fm,Ajinomoto Stadium,13697.0,0,0,7.0,6.0,230.3,4-4-2,4-2-1-3,8.0,0.0,8.0,0.0,0.0,1509.5295185893274,1602.4015606637863,-92.87204207445893,9700000.0,14430000.0,-4730000.0,82.0,0.0,20.0,24.0,7.0,9.0,1.025,1.201,48.3,51.7,50.4,52.3,0.0,0.0,0.0,0,0,12.029411764705882,3.8684210526315783,11.588235294117649,1.1764705882352942,1.1470588235294117,0.2647058823529412,436.7948916408669,10.36842105263158,11.647058823529411,13.823529411764705,20.94736842105263,17.294117647058822,18.852941176470587,11.029411764705882,1.7352941176470589,14.447368421052632,1.0294117647058822,0.0294117647058823,48.9,10.705882352941176,16.323529411764707,31.789473684210527,1.2263157894736842,1.181578947368421,113.0,135.0,35.0,64.0,38.0,72.0,15.705882352941176,5.205882352941177,12.676470588235292,2.0294117647058822,1.1764705882352942,0.2647058823529412,607.2647058823529,11.852941176470589,17.205882352941178,18.294117647058822,18.647058823529413,16.973684210526315,19.11764705882353,11.842105263157896,1.5294117647058822,11.078947368421051,1.1842105263157894,0.0789473684210526,57.9,14.882352941176473,15.921052631578949,33.026315789473685,1.8088235294117647,1.3558823529411763,118.0,184.0,48.0,89.0,44.0,90.0,0.0,4.0,5.0,2.0,4.0,3.0,3.0,0.0,2.0,2.0,4_vs_4,0.0526315789473684,0.0,0.2105263157894736,0.2105263157894736,0.0588235294117647,0.1842105263157894,0.0,0.0588235294117647,0.1052631578947368,0.0294117647058823,45.0,44.0,47.0,44.0,45.0,44.5,44.0,44.0,0.0,0.0,0.0,0.0,0.0,0.0,0.0,0.0,0.0,0.0,0.0,0.0,0.0,0.0,0.0,0.0,0.0,0.0,0.4736842105263157,0.03372576177285315,0.5,0.0558633425669436,0,0,0,0,0,0,0,0,0,0,0,0,0,0,0,0,0,0,2026_special,J1,明治安田Ｊ１百年構想 EASTグループ,100yj1,7,2026-03-18,19:03,mito,y-fm,finished,2026_special-100yj1-7-mito-vs-y-fm
2026_special,7,2026-03-18,tk-v,0-0,ka-f,Ajinomoto Stadium,13697.0,0,0,7.0,7.0,233.7,3-4-2-1,4-2-3-1,14.0,6.0,8.0,0.0,0.0,1504.6550651609919,1594.7797550093385,-90.12468984834663,8700000.0,21300000.0,-12600000.0,120.5,127.0,24.0,29.0,7.0,9.0,0.893,1.171,45.6,57.4,52.1,50.6,0.0,0.0,0.0,0,0,6.026315789473684,2.1842105263157894,5.894736842105263,0.6710526315789473,0.6710526315789473,0.15789473684210525,200.48684210526315,4.842105263157895,6.052631578947368,5.973684210526316,13.11842105263158,9.026315789473685,9.355263157894738,5.960526315789474,1.0,8.763157894736842,0.6578947368421053,0.0263157894736842,22.95,5.105263157894737,7.894736842105263,15.828947368421051,0.6026315789473684,0.6039473684210526,58.0,61.0,15.0,26.5,19.0,33.5,14.657894736842104,4.947368421052632,10.235294117647058,1.911764705882353,1.2352941176470589,0.3235294117647059,578.9705882352941,11.552631578947368,15.68421052631579,13.617647058823527,20.294117647058822,18.94117647058824,20.0,9.794117647058824,2.2058823529411766,13.588235294117649,1.1470588235294117,0.088235294117647,54.9,14.078947368421051,17.5,32.47058823529412,1.6473684210526316,1.052941176470588,111.0,157.0,42.0,70.0,44.0,82.0,0.0,3.0,6.0,1.0,4.0,3.0,3.0,1.0,2.0,2.0,3_vs_4,0.0789473684210526,0.0394736842105263,0.19736842105263155,0.0789473684210526,0.0657894736842105,0.0789473684210526,0.0,0.0789473684210526,0.0394736842105263,0.0131578947368421,22.5,22.5,23.0,19.5,22.5,21.0,22.0,25.0,0.1764705882352941,0.0294117647058823,0.3421052631578947,0.4117647058823529,0.131578947368421,0.3529411764705882,0.0294117647058823,0.088235294117647,0.1764705882352941,0.1176470588235294,51.0,63.0,59.0,53.0,51.0,41.0,73.0,53.0,0.513157894736842,0.03355263157894735,0.5,0.0363888189372953,0,0,0,0,0,0,0,0,0,0,0,0,0,0,0,0,0,0,2026_special,J1,明治安田Ｊ１百年構想 EASTグループ,100yj1,7,2026-03-18,19:03,tk-v,ka-f,finished,2026_special-100yj1-7-tk-v-vs-ka-f
2026_special,7,2026-03-18,chib,0-0,FCtk,Ajinomoto Stadium,13697.0,0,0,7.0,7.0,225.6,4-4-2,4-4-2,8.0,0.0,8.0,0.0,0.0,1509.5295185893274,1507.3530303445389,2.1764882447885157,11900000.0,15680000.0,-3780000.0,82.0,0.0,20.0,0.0,7.0,7.0,1.194,1.631,40.0,48.5,48.2,52.8,0.0,0.0,0.0,0,0,12.029411764705882,3.8684210526315783,11.588235294117649,1.1764705882352942,1.1470588235294117,0.2647058823529412,436.7948916408669,10.36842105263158,11.647058823529411,13.823529411764705,20.94736842105263,17.294117647058822,18.852941176470587,11.029411764705882,1.7352941176470589,14.447368421052632,1.0294117647058822,0.0294117647058823,48.9,10.705882352941176,16.323529411764707,31.789473684210527,1.2263157894736842,1.181578947368421,113.0,135.0,35.0,64.0,38.0,72.0,0.0,0.0,0.0,0.0,0.0,0.0,0.0,0.0,0.0,0.0,0.0,0.0,0.0,0.0,0.0,0.0,0.0,0.0,0.0,0.0,0.0,0.0,0.0,0.0,0.0,0.0,0.0,0.0,0.0,0.0,0.0,4.0,5.0,2.0,4.0,3.0,3.0,0.0,2.0,2.0,4_vs_4,0.0526315789473684,0.0,0.2105263157894736,0.2105263157894736,0.0588235294117647,0.1842105263157894,0.0,0.0588235294117647,0.1052631578947368,0.0294117647058823,45.0,44.0,47.0,44.0,45.0,44.5,44.0,44.0,0.0,0.0,0.0,0.0,0.0,0.0,0.0,0.0,0.0,0.0,0.0,0.0,0.0,0.0,0.0,0.0,0.0,0.0,0.4736842105263157,0.03372576177285315,0.0,0.0,0,0,0,0,0,0,0,0,0,0,0,0,0,0,0,0,0,0,2026_special,J1,明治安田Ｊ１百年構想 EASTグループ,100yj1,7,2026-03-18,19:03,chib,FCtk,finished,2026_special-100yj1-7-chib-vs-FCtk
2026_special,7,2026-03-18,uraw,0-0,kasw,Ajinomoto Stadium,13697.0,0,0,6.0,7.0,242.7,4-2-3-1,3-4-2-1,8.0,11.0,-3.0,0.0,0.0,1549.6385738216893,1463.874953058819,85.76362076287023,17730000.0,18450000.0,-720000.0,93.0,96.0,25.0,21.0,8.0,7.0,1.437,1.395,50.6,49.6,50.5,54.3,0.0,0.0,0.0,0,0,12.029411764705882,3.941176470588236,12.578947368421051,1.2647058823529411,1.1470588235294117,0.3157894736842105,486.5,9.973684210526317,13.205882352941176,12.86842105263158,20.91176470588235,17.735294117647058,19.235294117647054,10.105263157894736,1.763157894736842,13.894736842105264,1.105263157894737,0.0294117647058823,52.7,10.558823529411764,16.81578947368421,30.47058823529412,1.363157894736842,1.1823529411764706,111.0,163.0,39.0,78.0,45.0,83.0,12.552631578947368,4.0588235294117645,11.382352941176473,1.0263157894736843,1.3529411764705883,0.2105263157894736,422.1315789473685,9.941176470588236,13.263157894736842,14.588235294117649,22.647058823529413,17.794117647058822,19.92105263157895,12.676470588235292,1.7352941176470589,16.441176470588236,1.588235294117647,0.0526315789473684,46.0,11.473684210526317,15.205882352941176,32.44117647058823,1.2289473684210528,1.181578947368421,113.0,163.0,39.0,80.0,47.0,82.0,0.0,4.0,5.0,1.0,3.0,5.0,2.0,0.0,2.0,2.0,4_vs_3,0.1842105263157894,0.0294117647058823,0.2352941176470588,0.2352941176470588,0.1176470588235294,0.2368421052631578,0.0263157894736842,0.0526315789473684,0.1470588235294117,0.0263157894736842,46.0,43.0,52.0,42.0,42.0,45.0,53.0,63.0,0.0526315789473684,0.0,0.1842105263157894,0.2105263157894736,0.2058823529411764,0.1842105263157894,0.0588235294117647,0.0588235294117647,0.1764705882352941,0.0588235294117647,50.0,43.0,54.0,45.0,55.0,63.0,43.0,43.0,0.4736842105263157,0.0279316712834718,0.4736842105263157,0.0396923749817757,0,0,0,0,0,0,0,0,0,0,0,0,0,0,0,0,0,0,2026_special,J1,明治安田Ｊ１百年構想 EASTグループ,100yj1,7,2026-03-18,19:33,uraw,kasw,finished,2026_special-100yj1-7-uraw-vs-kasw
2026_special,7,2026-03-18,mcd,0-0,kasm,Ajinomoto Stadium,13697.0,0,0,6.0,7.0,289.2,3-4-2-1,4-4-2,0.0,4.0,-4.0,0.0,0.0,1579.3237324440397,1581.086740142147,-1.7630076981072307,19300000.0,23030000.0,-3730000.0,0.0,88.0,34.5,30.0,8.0,8.0,1.132,1.445,48.2,54.8,47.3,48.1,0.0,0.0,0.0,0,0,6.092105263157895,1.631578947368421,5.421052631578948,0.7105263157894736,0.4473684210526316,0.23684210526315785,164.31578947368422,6.144736842105263,5.25,8.263157894736842,9.802631578947368,7.657894736842105,8.513157894736842,7.131578947368421,0.7105263157894736,10.828947368421051,0.75,0.0263157894736842,22.4,5.236842105263158,8.68421052631579,16.75,0.6907894736842105,0.4802631578947368,58.0,63.5,14.0,31.0,18.0,31.5,12.941176470588236,4.176470588235294,11.147058823529411,1.5789473684210529,1.0789473684210529,0.3947368421052631,424.11764705882354,10.852941176470589,12.264705882352942,15.078947368421051,21.91176470588235,18.68421052631579,19.97058823529412,11.894736842105264,2.0,18.81578947368421,1.411764705882353,0.0588235294117647,50.1,11.5,17.36842105263158,33.55263157894737,1.2868421052631578,1.2078947368421051,112.0,167.0,40.0,80.0,45.0,86.0,0.0,3.5,5.0,1.5,4.0,4.0,2.0,0.0,2.0,2.0,3_vs_4,0.0,0.0,0.0,0.0,0.0,0.0,0.0,0.0,0.0,0.0,0.0,0.0,0.0,0.0,0.0,0.0,0.0,0.0,0.0789473684210526,0.0,0.3823529411764705,0.2941176470588235,0.088235294117647,0.2631578947368421,0.0294117647058823,0.0588235294117647,0.1764705882352941,0.088235294117647,50.0,48.0,58.0,56.0,54.0,62.0,50.0,40.0,0.5263157894736843,0.0718458826492067,0.5,0.0377077562326869,0,0,0,0,0,0,0,0,0,0,0,0,0,0,0,0,0,0,2026_special,J1,明治安田Ｊ１百年構想 EASTグループ,100yj1,7,2026-03-18,19:33,mcd,kasm,finished,2026_special-100yj1-7-mcd-vs-kasm
2026_special,7,2026-03-18,c-os,0-0,okay,Ajinomoto Stadium,13697.0,0,0,7.0,6.0,0.0,4-2-3-1,3-4-2-1,7.0,12.0,-5.0,0.0,1.0,1528.4739621715223,1488.4488488061263,40.02511336539601,14350000.0,11200000.0,3150000.0,99.0,127.0,25.0,24.0,7.0,5.0,1.36,1.253,49.5,46.4,53.9,49.2,0.0,0.0,0.0,0,0,13.394736842105264,3.8684210526315783,12.18421052631579,1.236842105263158,1.1764705882352942,0.2894736842105263,455.8157894736842,10.823529411764708,11.105263157894736,15.289473684210526,20.5,15.5,18.38235294117647,9.157894736842104,1.605263157894737,13.941176470588236,0.7368421052631579,0.0294117647058823,50.4,10.763157894736842,15.441176470588236,31.88235294117647,1.258823529411765,1.1973684210526316,114.0,129.0,41.0,62.0,48.0,66.0,0.0,0.0,0.0,0.0,0.0,0.0,0.0,0.0,0.0,0.0,0.0,0.0,0.0,0.0,0.0,0.0,0.0,0.0,0.0,0.0,0.0,0.0,0.0,0.0,0.0,0.0,0.0,0.0,0.0,0.0,0.0,4.0,4.0,2.0,3.0,6.0,1.0,-1.0,2.0,2.0,4_vs_3,0.088235294117647,0.0,0.2894736842105263,0.2894736842105263,0.0526315789473684,0.2368421052631578,0.0294117647058823,0.0789473684210526,0.088235294117647,0.0588235294117647,56.0,45.0,45.0,49.0,46.0,44.0,50.0,55.0,0.0,0.0,0.0,0.0,0.0,0.0,0.0,0.0,0.0,0.0,0.0,0.0,0.0,0.0,0.0,0.0,0.0,0.0,0.5,0.0279316712834718,0.5526315789473685,0.0339335180055401,0,0,0,0,0,0,0,0,0,0,0,0,0,0,0,0,0,0,2026_special,J1,明治安田Ｊ１百年構想 WESTグループ,100yj1,7,2026-03-18,18:33,c-os,okay,finished,2026_special-100yj1-7-c-os-vs-okay
2026_special,7,2026-03-18,nago,0-0,hiro,Ajinomoto Stadium,13697.0,0,0,7.0,7.0,639.0,3-4-2-1,3-4-2-1,8.0,5.0,3.0,0.0,0.0,1520.4820799936924,1580.9061483660332,-60.4240683723408,15900000.0,20900000.0,-5000000.0,114.0,117.0,27.0,29.0,7.0,8.0,1.431,1.91,52.8,44.4,57.6,52.0,0.0,0.0,0.0,0,0,11.205882352941176,3.8947368421052633,11.735294117647058,1.1578947368421053,1.0294117647058822,0.3823529411764705,403.1764705882353,11.676470588235292,10.705882352941176,13.441176470588236,21.647058823529413,18.58823529411765,18.94117647058824,10.176470588235292,1.7941176470588236,14.763157894736842,1.0,0.0588235294117647,46.2,8.973684210526315,17.294117647058822,30.289473684210527,1.1823529411764706,1.1176470588235294,114.0,155.0,39.0,74.0,48.0,79.0,14.705882352941176,4.676470588235294,10.921052631578949,1.3529411764705883,1.105263157894737,0.3235294117647059,481.1470588235294,10.470588235294118,14.705882352941176,16.764705882352942,18.352941176470587,18.657894736842103,18.647058823529413,11.794117647058824,1.7352941176470589,16.86842105263158,0.9117647058823528,0.0294117647058823,49.5,13.117647058823527,18.176470588235293,33.3235294117647,1.4088235294117646,1.068421052631579,112.0,164.0,40.0,76.0,46.0,87.0,0.0,3.0,6.0,1.0,3.0,6.0,1.0,1.0,2.0,2.0,3_vs_3,0.0588235294117647,0.0294117647058823,0.2647058823529412,0.2058823529411764,0.0294117647058823,0.1842105263157894,0.0,0.1052631578947368,0.1470588235294117,0.0526315789473684,51.0,50.0,38.0,45.0,47.0,44.0,43.0,46.0,0.1052631578947368,0.0526315789473684,0.3421052631578947,0.2941176470588235,0.1764705882352941,0.2352941176470588,0.0526315789473684,0.088235294117647,0.1176470588235294,0.0294117647058823,72.0,60.0,54.0,66.0,74.0,62.0,54.0,41.0,0.5,0.0339335180055401,0.5,0.0251825736590279,0,0,0,0,0,0,0,0,0,0,0,0,0,0,0,0,0,0,2026_special,J1,明治安田Ｊ１百年構想 WESTグループ,100yj1,7,2026-03-18,19:03,nago,hiro,finished,2026_special-100yj1-7-nago-vs-hiro
2026_special,7,2026-03-18,fuku,0-0,shim,Ajinomoto Stadium,13697.0,0,0,7.0,7.0,222.2,3-4-2-1,4-1-2-3,10.0,13.0,-3.0,0.0,0.0,1498.8558792382391,1454.3484905594707,44.50738867876839,10830000.0,12900000.0,-2070000.0,113.0,85.0,21.0,17.0,6.0,5.0,0.959,1.163,51.1,53.0,51.1,51.4,0.0,0.0,0.0,0,0,10.5,3.176470588235294,11.157894736842104,0.868421052631579,1.0,0.3235294117647059,336.8684210526316,10.529411764705882,9.657894736842104,14.052631578947368,24.61764705882353,19.529411764705884,18.44117647058824,13.058823529411764,1.6176470588235294,18.61764705882353,1.4411764705882353,0.0263157894736842,42.7,8.368421052631579,17.5,32.28947368421053,1.0558823529411765,1.0323529411764707,109.0,120.0,26.0,52.0,38.0,67.0,11.342105263157896,3.5,12.0,0.9736842105263158,1.4210526315789471,0.1176470588235294,407.60526315789474,9.157894736842104,8.421052631578947,13.342105263157896,21.47058823529412,15.263157894736842,19.07894736842105,8.894736842105264,1.9705882352941175,12.176470588235292,0.631578947368421,0.0263157894736842,43.5,8.973684210526315,14.052631578947368,29.44736842105263,1.0578947368421054,1.0842105263157895,113.0,156.0,39.0,71.0,49.0,83.0,0.0,3.0,6.0,1.0,4.0,4.0,2.0,0.0,2.0,2.0,3_vs_4,0.0526315789473684,0.0263157894736842,0.2105263157894736,0.2105263157894736,0.0263157894736842,0.2058823529411764,0.0,0.0263157894736842,0.0789473684210526,0.0263157894736842,42.0,45.0,44.0,47.0,54.0,51.0,40.0,34.0,0.0,0.0,0.3421052631578947,0.2105263157894736,0.0,0.131578947368421,0.0,0.0526315789473684,0.088235294117647,0.088235294117647,35.0,34.0,47.0,47.0,36.0,44.0,42.0,53.0,0.4736842105263157,0.0249307479224376,0.5,0.0393477713422311,0,0,0,0,0,0,0,0,0,0,0,0,0,0,0,0,0,0,2026_special,J1,明治安田Ｊ１百年構想 WESTグループ,100yj1,7,2026-03-18,19:03,fuku,shim,finished,2026_special-100yj1-7-fuku-vs-shim
2026_special,7,2026-03-18,kobe,0-0,g-os,Ajinomoto Stadium,13697.0,0,0,7.0,6.0,383.2,4-1-2-3,4-2-3-1,4.0,12.0,-8.0,0.0,0.0,1612.7483455948493,1474.8519838369311,137.89636175791816,17700000.0,15430000.0,2270000.0,93.0,85.0,24.0,20.0,9.0,7.0,1.718,1.432,52.1,50.3,51.1,46.7,0.0,0.0,0.0,0,0,12.411764705882351,4.176470588235294,11.852941176470589,1.605263157894737,0.9473684210526316,0.3421052631578947,518.9411764705883,11.470588235294118,12.411764705882351,14.235294117647058,21.86842105263158,16.794117647058822,18.473684210526315,9.911764705882351,2.210526315789474,16.92105263157895,0.9736842105263158,0.0294117647058823,53.7,11.382352941176473,16.605263157894736,31.94117647058824,1.3941176470588237,1.1088235294117648,113.0,163.0,42.0,70.0,44.0,88.0,12.763157894736842,4.088235294117647,14.911764705882351,1.1176470588235294,1.2894736842105263,0.3421052631578947,473.8157894736842,9.470588235294118,10.794117647058824,13.058823529411764,23.029411764705884,17.13157894736842,20.289473684210527,11.558823529411764,1.7941176470588236,17.676470588235293,1.0526315789473684,0.0294117647058823,48.1,11.176470588235292,16.91176470588235,31.789473684210527,1.2352941176470589,1.576470588235294,113.0,157.0,38.0,67.0,50.0,83.0,0.0,4.0,3.0,3.0,4.0,4.0,2.0,-1.0,2.0,2.0,4_vs_4,0.0789473684210526,0.0263157894736842,0.2941176470588235,0.3823529411764705,0.1052631578947368,0.2105263157894736,0.0789473684210526,0.0789473684210526,0.1052631578947368,0.0294117647058823,57.0,56.0,47.0,43.0,45.0,39.0,54.0,61.0,0.131578947368421,0.0263157894736842,0.2631578947368421,0.1764705882352941,0.0588235294117647,0.1764705882352941,0.0263157894736842,0.1470588235294117,0.1470588235294117,0.0294117647058823,41.0,45.0,49.0,49.0,43.0,47.0,55.0,47.0,0.4736842105263157,0.0416666666666666,0.4736842105263157,0.0373961218836565,0,0,0,0,0,0,0,0,0,0,0,0,0,0,0,0,0,0,2026_special,J1,明治安田Ｊ１百年構想 WESTグループ,100yj1,7,2026-03-18,19:03,kobe,g-os,finished,2026_special-100yj1-7-kobe-vs-g-os
2026_special,7,2026-03-18,ngsk,0-0,kyot,Ajinomoto Stadium,13697.0,0,0,7.0,7.0,367.5,3-4-2-1,4-1-2-3,8.0,13.0,-5.0,0.0,0.0,1509.5295185893274,1482.394720240757,27.134798348570484,14950000.0,15730000.0,-780000.0,82.0,110.5,20.0,19.5,7.0,6.0,1.312,1.111,45.3,46.7,54.2,46.2,0.0,0.0,0.0,0,0,12.029411764705882,3.8684210526315783,11.588235294117649,1.1764705882352942,1.1470588235294117,0.2647058823529412,436.7948916408669,10.36842105263158,11.647058823529411,13.823529411764705,20.94736842105263,17.294117647058822,18.852941176470587,11.029411764705882,1.7352941176470589,14.447368421052632,1.0294117647058822,0.0294117647058823,48.9,10.705882352941176,16.323529411764707,31.789473684210527,1.2263157894736842,1.181578947368421,113.0,135.0,35.0,64.0,38.0,72.0,11.911764705882351,3.176470588235294,13.35294117647059,1.131578947368421,1.3235294117647058,0.2352941176470588,330.5147058823529,10.735294117647058,10.43498452012384,14.617647058823527,25.558823529411764,17.409442724458206,20.83513931888545,13.421052631578949,1.5255417956656347,17.894736842105264,1.4396284829721364,0.0835913312693498,46.55,9.441176470588236,15.81501547987616,33.94117647058823,1.188235294117647,1.4,113.0,135.0,27.0,53.0,36.5,80.0,0.0,4.0,5.0,2.0,4.0,3.0,3.0,0.0,2.0,2.0,3_vs_4,0.0526315789473684,0.0,0.2105263157894736,0.2105263157894736,0.0588235294117647,0.1842105263157894,0.0,0.0588235294117647,0.1052631578947368,0.0294117647058823,45.0,44.0,47.0,44.0,45.0,44.5,44.0,44.0,0.02786377708978325,0.0,0.2376160990712074,0.2105263157894736,0.07043343653250769,0.0588235294117647,0.0,0.0719814241486068,0.1176470588235294,0.01470588235294115,56.0,35.5,54.5,60.0,56.0,46.0,36.0,38.0,0.4736842105263157,0.03372576177285315,0.4605263157894737,0.0427631578947368,0,0,0,0,0,0,0,0,0,0,0,0,0,0,0,0,0,0,2026_special,J1,明治安田Ｊ１百年構想 WESTグループ,100yj1,7,2026-03-18,19:03,ngsk,kyot,finished,2026_special-100yj1-7-ngsk-vs-kyot
2026_special,8,2026-03-21,okay,0-0,ngsk,Ajinomoto Stadium,13697.0,0,0,7.0,7.0,357.7,3-4-2-1,3-4-2-1,10.0,8.0,2.0,0.0,0.0,1501.047372404431,1506.8677727889888,-5.820400384557843,11200000.0,14950000.0,-3750000.0,100.0,80.0,22.0,20.0,6.0,7.0,1.253,1.312,53.9,49.2,45.3,46.7,0.0,0.0,0.0,0,0,0.0,0.0,0.0,0.0,0.0,0.0,0.0,0.0,0.0,0.0,0.0,0.0,0.0,0.0,0.0,0.0,0.0,0.0,0.0,0.0,0.0,0.0,0.0,0.0,0.0,0.0,0.0,0.0,0.0,0.0,12.029411764705882,3.8684210526315783,11.588235294117649,1.1764705882352942,1.1470588235294117,0.2647058823529412,436.7948916408669,10.36842105263158,11.647058823529411,13.823529411764705,20.94736842105263,17.294117647058822,18.852941176470587,11.029411764705882,1.7352941176470589,14.447368421052632,1.0294117647058822,0.0294117647058823,48.9,10.705882352941176,16.323529411764707,31.789473684210527,1.2263157894736842,1.181578947368421,113.0,135.0,35.0,64.0,38.0,72.0,0.0,3.0,6.0,1.0,4.0,5.0,2.0,1.0,2.0,2.0,3_vs_3,0.0,0.0,0.0,0.0,0.0,0.0,0.0,0.0,0.0,0.0,0.0,0.0,0.0,0.0,0.0,0.0,0.0,0.0,0.0526315789473684,0.0,0.2105263157894736,0.2105263157894736,0.0588235294117647,0.1842105263157894,0.0,0.0588235294117647,0.1052631578947368,0.0294117647058823,45.0,44.0,47.0,44.0,45.0,44.5,44.0,44.0,0.4736842105263157,0.0333564173591874,0.4736842105263157,0.0332409972299168,0,0,0,0,0,0,0,0,0,0,0,0,0,0,0,0,0,0,2026_special,J1,明治安田Ｊ１百年構想 WESTグループ,100yj1,8,2026-03-21,14:03,okay,ngsk,finished,2026_special-100yj1-8-okay-vs-ngsk
2026_special,8,2026-03-21,fuku,0-0,g-os,Ajinomoto Stadium,13697.0,0,0,7.0,6.0,383.2,3-4-2-1,4-2-3-1,10.0,12.0,-2.0,0.0,0.0,1498.8558792382391,1474.8519838369311,24.003895401308,10830000.0,15430000.0,-4600000.0,113.0,85.0,21.0,20.0,6.0,7.0,0.959,1.432,51.1,53.0,51.1,46.7,0.0,0.0,0.0,0,0,10.5,3.176470588235294,11.157894736842104,0.868421052631579,1.0,0.3235294117647059,336.8684210526316,10.529411764705882,9.657894736842104,14.052631578947368,24.61764705882353,19.529411764705884,18.44117647058824,13.058823529411764,1.6176470588235294,18.61764705882353,1.4411764705882353,0.0263157894736842,42.7,8.368421052631579,17.5,32.28947368421053,1.0558823529411765,1.0323529411764707,109.0,120.0,26.0,52.0,38.0,67.0,12.763157894736842,4.088235294117647,14.911764705882351,1.1176470588235294,1.2894736842105263,0.3421052631578947,473.8157894736842,9.470588235294118,10.794117647058824,13.058823529411764,23.029411764705884,17.13157894736842,20.289473684210527,11.558823529411764,1.7941176470588236,17.676470588235293,1.0526315789473684,0.0294117647058823,48.1,11.176470588235292,16.91176470588235,31.789473684210527,1.2352941176470589,1.576470588235294,113.0,157.0,38.0,67.0,50.0,83.0,0.0,3.0,6.0,1.0,4.0,4.0,2.0,0.0,2.0,2.0,3_vs_4,0.0526315789473684,0.0263157894736842,0.2105263157894736,0.2105263157894736,0.0263157894736842,0.2058823529411764,0.0,0.0263157894736842,0.0789473684210526,0.0263157894736842,42.0,45.0,44.0,47.0,54.0,51.0,40.0,34.0,0.131578947368421,0.0263157894736842,0.2631578947368421,0.1764705882352941,0.0588235294117647,0.1764705882352941,0.0263157894736842,0.1470588235294117,0.1470588235294117,0.0294117647058823,41.0,45.0,49.0,49.0,43.0,47.0,55.0,47.0,0.4736842105263157,0.0249307479224376,0.4736842105263157,0.0373961218836565,0,0,0,0,0,0,0,0,0,0,0,0,0,0,0,0,0,0,2026_special,J1,明治安田Ｊ１百年構想 WESTグループ,100yj1,8,2026-03-21,14:35,fuku,g-os,finished,2026_special-100yj1-8-fuku-vs-g-os
2026_special,8,2026-03-22,tk-v,0-0,FCtk,Ajinomoto Stadium,13697.0,0,0,7.0,7.0,225.6,3-4-2-1,4-4-2,14.0,0.0,14.0,0.0,0.0,1504.6550651609919,1507.3530303445389,-2.697965183547012,8700000.0,15680000.0,-6980000.0,120.5,0.0,24.0,0.0,7.0,7.0,0.893,1.631,45.6,57.4,48.2,52.8,0.0,0.0,0.0,0,0,6.026315789473684,2.1842105263157894,5.894736842105263,0.6710526315789473,0.6710526315789473,0.15789473684210525,200.48684210526315,4.842105263157895,6.052631578947368,5.973684210526316,13.11842105263158,9.026315789473685,9.355263157894738,5.960526315789474,1.0,8.763157894736842,0.6578947368421053,0.0263157894736842,22.95,5.105263157894737,7.894736842105263,15.828947368421051,0.6026315789473684,0.6039473684210526,58.0,61.0,15.0,26.5,19.0,33.5,0.0,0.0,0.0,0.0,0.0,0.0,0.0,0.0,0.0,0.0,0.0,0.0,0.0,0.0,0.0,0.0,0.0,0.0,0.0,0.0,0.0,0.0,0.0,0.0,0.0,0.0,0.0,0.0,0.0,0.0,0.0,3.0,6.0,1.0,4.0,3.0,3.0,1.0,2.0,2.0,3_vs_4,0.0789473684210526,0.0394736842105263,0.19736842105263155,0.0789473684210526,0.0657894736842105,0.0789473684210526,0.0,0.0789473684210526,0.0394736842105263,0.0131578947368421,22.5,22.5,23.0,19.5,22.5,21.0,22.0,25.0,0.0,0.0,0.0,0.0,0.0,0.0,0.0,0.0,0.0,0.0,0.0,0.0,0.0,0.0,0.0,0.0,0.0,0.0,0.513157894736842,0.03355263157894735,0.0,0.0,0,0,0,0,0,0,0,0,0,0,0,0,0,0,0,0,0,0,2026_special,J1,明治安田Ｊ１百年構想 EASTグループ,100yj1,8,2026-03-22,14:03,tk-v,FCtk,finished,2026_special-100yj1-8-tk-v-vs-FCtk
2026_special,8,2026-03-22,ka-f,0-0,y-fm,Ajinomoto Stadium,13697.0,0,0,6.0,6.0,230.3,4-2-3-1,4-2-1-3,6.0,0.0,6.0,0.0,0.0,1587.410772611103,1602.4015606637863,-14.990788052683229,21300000.0,14430000.0,6870000.0,114.0,0.0,28.0,24.0,8.0,9.0,1.171,1.201,52.1,50.6,50.4,52.3,0.0,0.0,0.0,0,0,14.657894736842104,4.947368421052632,10.235294117647058,1.911764705882353,1.2352941176470589,0.3235294117647059,578.9705882352941,11.552631578947368,15.68421052631579,13.617647058823527,20.294117647058822,18.94117647058824,20.0,9.794117647058824,2.2058823529411766,13.588235294117649,1.1470588235294117,0.088235294117647,54.9,14.078947368421051,17.5,32.47058823529412,1.6473684210526316,1.052941176470588,111.0,157.0,42.0,70.0,44.0,82.0,15.705882352941176,5.205882352941177,12.676470588235292,2.0294117647058822,1.1764705882352942,0.2647058823529412,607.2647058823529,11.852941176470589,17.205882352941178,18.294117647058822,18.647058823529413,16.973684210526315,19.11764705882353,11.842105263157896,1.5294117647058822,11.078947368421051,1.1842105263157894,0.0789473684210526,57.9,14.882352941176473,15.921052631578949,33.026315789473685,1.8088235294117647,1.3558823529411763,118.0,184.0,48.0,89.0,44.0,90.0,0.0,4.0,3.0,3.0,4.0,3.0,3.0,-1.0,2.0,2.0,4_vs_4,0.1764705882352941,0.0294117647058823,0.3421052631578947,0.4117647058823529,0.131578947368421,0.3529411764705882,0.0294117647058823,0.088235294117647,0.1764705882352941,0.1176470588235294,51.0,63.0,59.0,53.0,51.0,41.0,73.0,53.0,0.0,0.0,0.0,0.0,0.0,0.0,0.0,0.0,0.0,0.0,0.0,0.0,0.0,0.0,0.0,0.0,0.0,0.0,0.4736842105263157,0.0396923749817757,0.5,0.0558633425669436,0,0,0,0,0,0,0,0,0,0,0,0,0,0,0,0,0,0,2026_special,J1,明治安田Ｊ１百年構想 EASTグループ,100yj1,8,2026-03-22,15:03,ka-f,y-fm,finished,2026_special-100yj1-8-ka-f-vs-y-fm
2026_special,8,2026-03-22,kasm,0-0,chib,Ajinomoto Stadium,13697.0,0,0,7.0,7.0,357.7,4-4-2,4-4-2,4.0,8.0,-4.0,0.0,0.0,1590.7185052811446,1506.8677727889888,83.85073249215588,23030000.0,11900000.0,11130000.0,86.0,80.0,31.0,20.0,9.0,7.0,1.445,1.194,47.3,48.1,40.0,48.5,0.0,0.0,0.0,0,0,12.941176470588236,4.176470588235294,11.147058823529411,1.5789473684210529,1.0789473684210529,0.3947368421052631,424.11764705882354,10.852941176470589,12.264705882352942,15.078947368421051,21.91176470588235,18.68421052631579,19.97058823529412,11.894736842105264,2.0,18.81578947368421,1.411764705882353,0.0588235294117647,50.1,11.5,17.36842105263158,33.55263157894737,1.2868421052631578,1.2078947368421051,112.0,167.0,40.0,80.0,45.0,86.0,12.029411764705882,3.8684210526315783,11.588235294117649,1.1764705882352942,1.1470588235294117,0.2647058823529412,436.7948916408669,10.36842105263158,11.647058823529411,13.823529411764705,20.94736842105263,17.294117647058822,18.852941176470587,11.029411764705882,1.7352941176470589,14.447368421052632,1.0294117647058822,0.0294117647058823,48.9,10.705882352941176,16.323529411764707,31.789473684210527,1.2263157894736842,1.181578947368421,113.0,135.0,35.0,64.0,38.0,72.0,0.0,4.0,4.0,2.0,4.0,5.0,2.0,-1.0,2.0,2.0,4_vs_4,0.0789473684210526,0.0,0.3823529411764705,0.2941176470588235,0.088235294117647,0.2631578947368421,0.0294117647058823,0.0588235294117647,0.1764705882352941,0.088235294117647,50.0,48.0,58.0,56.0,54.0,62.0,50.0,40.0,0.0526315789473684,0.0,0.2105263157894736,0.2105263157894736,0.0588235294117647,0.1842105263157894,0.0,0.0588235294117647,0.1052631578947368,0.0294117647058823,45.0,44.0,47.0,44.0,45.0,44.5,44.0,44.0,0.4736842105263157,0.0364638823780098,0.4736842105263157,0.0332409972299168,0,0,0,0,0,0,0,0,0,0,0,0,0,0,0,0,0,0,2026_special,J1,明治安田Ｊ１百年構想 EASTグループ,100yj1,8,2026-03-22,15:03,kasm,chib,finished,2026_special-100yj1-8-kasm-vs-chib
2026_special,8,2026-03-22,kasw,0-0,mito,Ajinomoto Stadium,13697.0,0,0,6.0,7.0,357.7,3-4-2-1,4-4-2,12.0,8.0,4.0,0.0,0.0,1467.1220364785213,1506.8677727889888,-39.745736310467464,18450000.0,9700000.0,8750000.0,101.0,80.0,20.0,20.0,6.0,7.0,1.395,1.025,50.5,54.3,48.3,51.7,0.0,0.0,0.0,0,0,12.552631578947368,4.0588235294117645,11.382352941176473,1.0263157894736843,1.3529411764705883,0.2105263157894736,422.1315789473685,9.941176470588236,13.263157894736842,14.588235294117649,22.647058823529413,17.794117647058822,19.92105263157895,12.676470588235292,1.7352941176470589,16.441176470588236,1.588235294117647,0.0526315789473684,46.0,11.473684210526317,15.205882352941176,32.44117647058823,1.2289473684210528,1.181578947368421,113.0,163.0,39.0,80.0,47.0,82.0,12.029411764705882,3.8684210526315783,11.588235294117649,1.1764705882352942,1.1470588235294117,0.2647058823529412,436.7948916408669,10.36842105263158,11.647058823529411,13.823529411764705,20.94736842105263,17.294117647058822,18.852941176470587,11.029411764705882,1.7352941176470589,14.447368421052632,1.0294117647058822,0.0294117647058823,48.9,10.705882352941176,16.323529411764707,31.789473684210527,1.2263157894736842,1.181578947368421,113.0,135.0,35.0,64.0,38.0,72.0,0.0,3.0,5.0,2.0,4.0,5.0,2.0,1.0,2.0,2.0,3_vs_4,0.0526315789473684,0.0,0.1842105263157894,0.2105263157894736,0.2058823529411764,0.1842105263157894,0.0588235294117647,0.0588235294117647,0.1764705882352941,0.0588235294117647,50.0,43.0,54.0,45.0,55.0,63.0,43.0,43.0,0.0526315789473684,0.0,0.2105263157894736,0.2105263157894736,0.0588235294117647,0.1842105263157894,0.0,0.0588235294117647,0.1052631578947368,0.0294117647058823,45.0,44.0,47.0,44.0,45.0,44.5,44.0,44.0,0.5,0.0372422283779624,0.4736842105263157,0.0332409972299168,0,0,0,0,0,0,0,0,0,0,0,0,0,0,0,0,0,0,2026_special,J1,明治安田Ｊ１百年構想 EASTグループ,100yj1,8,2026-03-22,16:03,kasw,mito,finished,2026_special-100yj1-8-kasw-vs-mito
2026_special,8,2026-03-22,uraw,0-0,mcd,Ajinomoto Stadium,13697.0,0,0,6.0,7.0,145.05,4-2-3-1,3-4-2-1,8.0,0.0,8.0,0.0,0.0,1549.6385738216893,1572.0534875967746,-22.414913775085324,17730000.0,19300000.0,-1570000.0,93.0,0.0,25.0,31.5,8.0,8.0,1.437,1.132,50.6,49.6,48.2,54.8,0.0,0.0,0.0,0,0,12.029411764705882,3.941176470588236,12.578947368421051,1.2647058823529411,1.1470588235294117,0.3157894736842105,486.5,9.973684210526317,13.205882352941176,12.86842105263158,20.91176470588235,17.735294117647058,19.235294117647054,10.105263157894736,1.763157894736842,13.894736842105264,1.105263157894737,0.0294117647058823,52.7,10.558823529411764,16.81578947368421,30.47058823529412,1.363157894736842,1.1823529411764706,111.0,163.0,39.0,78.0,45.0,83.0,6.092105263157895,1.631578947368421,5.421052631578948,0.7105263157894736,0.4473684210526316,0.23684210526315785,164.31578947368422,6.144736842105263,5.25,8.263157894736842,9.802631578947368,7.657894736842105,8.513157894736842,7.131578947368421,0.7105263157894736,10.828947368421051,0.75,0.0263157894736842,22.4,5.236842105263158,8.68421052631579,16.75,0.6907894736842105,0.4802631578947368,58.0,63.5,14.0,31.0,18.0,31.5,0.0,4.0,5.0,1.0,3.5,5.0,1.5,0.0,2.0,2.0,4_vs_3,0.1842105263157894,0.0294117647058823,0.2352941176470588,0.2352941176470588,0.1176470588235294,0.2368421052631578,0.0263157894736842,0.0526315789473684,0.1470588235294117,0.0263157894736842,46.0,43.0,52.0,42.0,42.0,45.0,53.0,63.0,0.0,0.0,0.0,0.0,0.0,0.0,0.0,0.0,0.0,0.0,0.0,0.0,0.0,0.0,0.0,0.0,0.0,0.0,0.4736842105263157,0.0279316712834718,0.49999999999999994,0.06755540166204985,0,0,0,0,0,0,0,0,0,0,0,0,0,0,0,0,0,0,2026_special,J1,明治安田Ｊ１百年構想 EASTグループ,100yj1,8,2026-03-22,16:03,uraw,mcd,finished,2026_special-100yj1-8-uraw-vs-mcd
2026_special,8,2026-03-22,shim,0-0,hiro,Ajinomoto Stadium,13697.0,0,0,7.0,7.0,639.0,4-1-2-3,3-4-2-1,13.0,5.0,8.0,1.0,0.0,1459.903557213622,1580.9061483660332,-121.00259115241124,12900000.0,20900000.0,-8000000.0,78.0,117.0,20.0,29.0,5.0,8.0,1.163,1.91,51.1,51.4,57.6,52.0,0.0,0.0,0.0,0,0,11.342105263157896,3.5,12.0,0.9736842105263158,1.4210526315789471,0.1176470588235294,407.60526315789474,9.157894736842104,8.421052631578947,13.342105263157896,21.47058823529412,15.263157894736842,19.07894736842105,8.894736842105264,1.9705882352941175,12.176470588235292,0.631578947368421,0.0263157894736842,43.5,8.973684210526315,14.052631578947368,29.44736842105263,1.0578947368421054,1.0842105263157895,113.0,156.0,39.0,71.0,49.0,83.0,14.705882352941176,4.676470588235294,10.921052631578949,1.3529411764705883,1.105263157894737,0.3235294117647059,481.1470588235294,10.470588235294118,14.705882352941176,16.764705882352942,18.352941176470587,18.657894736842103,18.647058823529413,11.794117647058824,1.7352941176470589,16.86842105263158,0.9117647058823528,0.0294117647058823,49.5,13.117647058823527,18.176470588235293,33.3235294117647,1.4088235294117646,1.068421052631579,112.0,164.0,40.0,76.0,46.0,87.0,0.0,4.0,4.0,2.0,3.0,6.0,1.0,0.0,2.0,2.0,4_vs_3,0.0,0.0,0.3421052631578947,0.2105263157894736,0.0,0.131578947368421,0.0,0.0526315789473684,0.088235294117647,0.088235294117647,35.0,34.0,47.0,47.0,36.0,44.0,42.0,53.0,0.1052631578947368,0.0526315789473684,0.3421052631578947,0.2941176470588235,0.1764705882352941,0.2352941176470588,0.0526315789473684,0.088235294117647,0.1176470588235294,0.0294117647058823,72.0,60.0,54.0,66.0,74.0,62.0,54.0,41.0,0.5,0.0372422283779624,0.5,0.0251825736590279,0,0,0,0,0,0,0,0,0,0,0,0,0,0,0,0,0,0,2026_special,J1,明治安田Ｊ１百年構想 WESTグループ,100yj1,8,2026-03-22,13:04,shim,hiro,finished,2026_special-100yj1-8-shim-vs-hiro
2026_special,8,2026-03-22,kyot,0-0,nago,Ajinomoto Stadium,13697.0,0,0,7.0,7.0,230.3,4-1-2-3,3-4-2-1,13.0,9.0,4.0,0.0,0.0,1483.0471288767508,1515.1299339257123,-32.08280504896152,15730000.0,15900000.0,-170000.0,127.5,120.0,21.0,26.0,6.5,7.0,1.111,1.431,54.2,46.2,52.8,44.4,0.0,0.0,0.0,0,0,11.911764705882351,3.176470588235294,13.35294117647059,1.131578947368421,1.3235294117647058,0.2352941176470588,330.5147058823529,10.735294117647058,10.43498452012384,14.617647058823527,25.558823529411764,17.409442724458206,20.83513931888545,13.421052631578949,1.5255417956656347,17.894736842105264,1.4396284829721364,0.0835913312693498,46.55,9.441176470588236,15.81501547987616,33.94117647058823,1.188235294117647,1.4,113.0,135.0,27.0,53.0,36.5,80.0,11.205882352941176,3.8947368421052633,11.735294117647058,1.1578947368421053,1.0294117647058822,0.3823529411764705,403.1764705882353,11.676470588235292,10.705882352941176,13.441176470588236,21.647058823529413,18.58823529411765,18.94117647058824,10.176470588235292,1.7941176470588236,14.763157894736842,1.0,0.0588235294117647,46.2,8.973684210526315,17.294117647058822,30.289473684210527,1.1823529411764706,1.1176470588235294,114.0,155.0,39.0,74.0,48.0,79.0,0.0,4.0,3.0,3.0,3.0,6.0,1.0,-2.0,2.0,2.0,4_vs_3,0.02786377708978325,0.0,0.2376160990712074,0.2105263157894736,0.07043343653250769,0.0588235294117647,0.0,0.0719814241486068,0.1176470588235294,0.01470588235294115,56.0,35.5,54.5,60.0,56.0,46.0,36.0,38.0,0.0588235294117647,0.0294117647058823,0.2647058823529412,0.2058823529411764,0.0294117647058823,0.1842105263157894,0.0,0.1052631578947368,0.1470588235294117,0.0526315789473684,51.0,50.0,38.0,45.0,47.0,44.0,43.0,46.0,0.5,0.051988523941432455,0.4736842105263157,0.0307787011388119,0,0,0,0,0,0,0,0,0,0,0,0,0,0,0,0,0,0,2026_special,J1,明治安田Ｊ１百年構想 WESTグループ,100yj1,8,2026-03-22,14:03,kyot,nago,finished,2026_special-100yj1-8-kyot-vs-nago
2026_special,8,2026-03-22,c-os,0-0,kobe,Ajinomoto Stadium,13697.0,0,0,7.0,7.0,412.8,4-2-3-1,4-1-2-3,7.0,4.0,3.0,0.0,0.0,1528.4739621715223,1611.2503664050294,-82.77640423350704,14350000.0,17700000.0,-3350000.0,99.0,96.0,25.0,24.0,7.0,9.0,1.36,1.718,49.5,46.4,52.1,50.3,0.0,0.0,0.0,0,0,13.394736842105264,3.8684210526315783,12.18421052631579,1.236842105263158,1.1764705882352942,0.2894736842105263,455.8157894736842,10.823529411764708,11.105263157894736,15.289473684210526,20.5,15.5,18.38235294117647,9.157894736842104,1.605263157894737,13.941176470588236,0.7368421052631579,0.0294117647058823,50.4,10.763157894736842,15.441176470588236,31.88235294117647,1.258823529411765,1.1973684210526316,114.0,129.0,41.0,62.0,48.0,66.0,12.411764705882351,4.176470588235294,11.852941176470589,1.605263157894737,0.9473684210526316,0.3421052631578947,518.9411764705883,11.470588235294118,12.411764705882351,14.235294117647058,21.86842105263158,16.794117647058822,18.473684210526315,9.911764705882351,2.210526315789474,16.92105263157895,0.9736842105263158,0.0294117647058823,53.7,11.382352941176473,16.605263157894736,31.94117647058824,1.3941176470588237,1.1088235294117648,113.0,163.0,42.0,70.0,44.0,88.0,0.0,4.0,4.0,2.0,4.0,3.0,3.0,-1.0,2.0,2.0,4_vs_4,0.088235294117647,0.0,0.2894736842105263,0.2894736842105263,0.0526315789473684,0.2368421052631578,0.0294117647058823,0.0789473684210526,0.088235294117647,0.0588235294117647,56.0,45.0,45.0,49.0,46.0,44.0,50.0,55.0,0.0789473684210526,0.0263157894736842,0.2941176470588235,0.3823529411764705,0.1052631578947368,0.2105263157894736,0.0789473684210526,0.0789473684210526,0.1052631578947368,0.0294117647058823,57.0,56.0,47.0,43.0,45.0,39.0,54.0,61.0,0.5,0.0279316712834718,0.5,0.0443213296398891,0,0,0,0,0,0,0,0,0,0,0,0,0,0,0,0,0,0,2026_special,J1,明治安田Ｊ１百年構想 WESTグループ,100yj1,8,2026-03-22,15:03,c-os,kobe,finished,2026_special-100yj1-8-c-os-vs-kobe
2026_special,5,2026-03-27,kobe,0-0,hiro,Ajinomoto Stadium,13697.0,0,0,7.0,7.0,639.0,4-1-2-3,3-4-2-1,4.0,5.0,-1.0,0.0,0.0,1612.7483455948493,1580.9061483660332,31.842197228816076,17700000.0,20900000.0,-3200000.0,93.0,117.0,24.0,29.0,9.0,8.0,1.718,1.91,52.1,50.3,57.6,52.0,0.0,0.0,0.0,0,0,12.411764705882351,4.176470588235294,11.852941176470589,1.605263157894737,0.9473684210526316,0.3421052631578947,518.9411764705883,11.470588235294118,12.411764705882351,14.235294117647058,21.86842105263158,16.794117647058822,18.473684210526315,9.911764705882351,2.210526315789474,16.92105263157895,0.9736842105263158,0.0294117647058823,53.7,11.382352941176473,16.605263157894736,31.94117647058824,1.3941176470588237,1.1088235294117648,113.0,163.0,42.0,70.0,44.0,88.0,14.705882352941176,4.676470588235294,10.921052631578949,1.3529411764705883,1.105263157894737,0.3235294117647059,481.1470588235294,10.470588235294118,14.705882352941176,16.764705882352942,18.352941176470587,18.657894736842103,18.647058823529413,11.794117647058824,1.7352941176470589,16.86842105263158,0.9117647058823528,0.0294117647058823,49.5,13.117647058823527,18.176470588235293,33.3235294117647,1.4088235294117646,1.068421052631579,112.0,164.0,40.0,76.0,46.0,87.0,0.0,4.0,3.0,3.0,3.0,6.0,1.0,-1.0,2.0,2.0,4_vs_3,0.0789473684210526,0.0263157894736842,0.2941176470588235,0.3823529411764705,0.1052631578947368,0.2105263157894736,0.0789473684210526,0.0789473684210526,0.1052631578947368,0.0294117647058823,57.0,56.0,47.0,43.0,45.0,39.0,54.0,61.0,0.1052631578947368,0.0526315789473684,0.3421052631578947,0.2941176470588235,0.1764705882352941,0.2352941176470588,0.0526315789473684,0.088235294117647,0.1176470588235294,0.0294117647058823,72.0,60.0,54.0,66.0,74.0,62.0,54.0,41.0,0.4736842105263157,0.0416666666666666,0.5,0.0251825736590279,0,0,0,0,0,0,0,0,0,0,0,0,0,0,0,0,0,0,2026_special,J1,明治安田Ｊ１百年構想 WESTグループ,100yj1,5,2026-03-27,19:03,kobe,hiro,finished,2026_special-100yj1-5-kobe-vs-hiro
2026_special,5,2026-03-28,mcd,0-0,ka-f,Ajinomoto Stadium,13697.0,0,0,6.0,7.0,233.7,3-4-2-1,4-2-3-1,0.0,6.0,-6.0,0.0,0.0,1579.3237324440397,1594.7797550093385,-15.456022565298781,19300000.0,21300000.0,-2000000.0,0.0,127.0,34.5,29.0,8.0,9.0,1.132,1.171,48.2,54.8,52.1,50.6,0.0,0.0,0.0,0,0,6.092105263157895,1.631578947368421,5.421052631578948,0.7105263157894736,0.4473684210526316,0.23684210526315785,164.31578947368422,6.144736842105263,5.25,8.263157894736842,9.802631578947368,7.657894736842105,8.513157894736842,7.131578947368421,0.7105263157894736,10.828947368421051,0.75,0.0263157894736842,22.4,5.236842105263158,8.68421052631579,16.75,0.6907894736842105,0.4802631578947368,58.0,63.5,14.0,31.0,18.0,31.5,14.657894736842104,4.947368421052632,10.235294117647058,1.911764705882353,1.2352941176470589,0.3235294117647059,578.9705882352941,11.552631578947368,15.68421052631579,13.617647058823527,20.294117647058822,18.94117647058824,20.0,9.794117647058824,2.2058823529411766,13.588235294117649,1.1470588235294117,0.088235294117647,54.9,14.078947368421051,17.5,32.47058823529412,1.6473684210526316,1.052941176470588,111.0,157.0,42.0,70.0,44.0,82.0,0.0,3.5,5.0,1.5,4.0,3.0,3.0,0.0,2.0,2.0,3_vs_4,0.0,0.0,0.0,0.0,0.0,0.0,0.0,0.0,0.0,0.0,0.0,0.0,0.0,0.0,0.0,0.0,0.0,0.0,0.1764705882352941,0.0294117647058823,0.3421052631578947,0.4117647058823529,0.131578947368421,0.3529411764705882,0.0294117647058823,0.088235294117647,0.1764705882352941,0.1176470588235294,51.0,63.0,59.0,53.0,51.0,41.0,73.0,53.0,0.5263157894736843,0.0718458826492067,0.5,0.0363888189372953,0,0,0,0,0,0,0,0,0,0,0,0,0,0,0,0,0,0,2026_special,J1,明治安田Ｊ１百年構想 EASTグループ,100yj1,5,2026-03-28,14:03,mcd,ka-f,finished,2026_special-100yj1-5-mcd-vs-ka-f
2026_special,11,2026-04-01,mcd,0-0,FCtk,Ajinomoto Stadium,13697.0,0,0,6.0,7.0,225.6,3-4-2-1,4-4-2,0.0,0.0,0.0,0.0,0.0,1579.3237324440397,1507.3530303445389,71.97070209950084,19300000.0,15680000.0,3620000.0,0.0,0.0,34.5,0.0,8.0,7.0,1.132,1.631,48.2,54.8,48.2,52.8,0.0,0.0,0.0,0,0,6.092105263157895,1.631578947368421,5.421052631578948,0.7105263157894736,0.4473684210526316,0.23684210526315785,164.31578947368422,6.144736842105263,5.25,8.263157894736842,9.802631578947368,7.657894736842105,8.513157894736842,7.131578947368421,0.7105263157894736,10.828947368421051,0.75,0.0263157894736842,22.4,5.236842105263158,8.68421052631579,16.75,0.6907894736842105,0.4802631578947368,58.0,63.5,14.0,31.0,18.0,31.5,0.0,0.0,0.0,0.0,0.0,0.0,0.0,0.0,0.0,0.0,0.0,0.0,0.0,0.0,0.0,0.0,0.0,0.0,0.0,0.0,0.0,0.0,0.0,0.0,0.0,0.0,0.0,0.0,0.0,0.0,0.0,3.5,5.0,1.5,4.0,3.0,3.0,0.0,2.0,2.0,3_vs_4,0.0,0.0,0.0,0.0,0.0,0.0,0.0,0.0,0.0,0.0,0.0,0.0,0.0,0.0,0.0,0.0,0.0,0.0,0.0,0.0,0.0,0.0,0.0,0.0,0.0,0.0,0.0,0.0,0.0,0.0,0.0,0.0,0.0,0.0,0.0,0.0,0.5263157894736843,0.0718458826492067,0.0,0.0,0,0,0,0,0,0,0,0,0,0,0,0,0,0,0,0,0,0,2026_special,J1,明治安田Ｊ１百年構想 EASTグループ,100yj1,11,2026-04-01,19:03,mcd,FCtk,finished,2026_special-100yj1-11-mcd-vs-FCtk
2026_special,11,2026-04-01,kobe,0-0,shim,Ajinomoto Stadium,13697.0,0,0,7.0,7.0,222.2,4-1-2-3,4-1-2-3,4.0,13.0,-9.0,0.0,0.0,1612.7483455948493,1454.3484905594707,158.39985503537855,17700000.0,12900000.0,4800000.0,93.0,85.0,24.0,17.0,9.0,5.0,1.718,1.163,52.1,50.3,51.1,51.4,0.0,0.0,0.0,0,0,12.411764705882351,4.176470588235294,11.852941176470589,1.605263157894737,0.9473684210526316,0.3421052631578947,518.9411764705883,11.470588235294118,12.411764705882351,14.235294117647058,21.86842105263158,16.794117647058822,18.473684210526315,9.911764705882351,2.210526315789474,16.92105263157895,0.9736842105263158,0.0294117647058823,53.7,11.382352941176473,16.605263157894736,31.94117647058824,1.3941176470588237,1.1088235294117648,113.0,163.0,42.0,70.0,44.0,88.0,11.342105263157896,3.5,12.0,0.9736842105263158,1.4210526315789471,0.1176470588235294,407.60526315789474,9.157894736842104,8.421052631578947,13.342105263157896,21.47058823529412,15.263157894736842,19.07894736842105,8.894736842105264,1.9705882352941175,12.176470588235292,0.631578947368421,0.0263157894736842,43.5,8.973684210526315,14.052631578947368,29.44736842105263,1.0578947368421054,1.0842105263157895,113.0,156.0,39.0,71.0,49.0,83.0,0.0,4.0,3.0,3.0,4.0,4.0,2.0,-1.0,2.0,2.0,4_vs_4,0.0789473684210526,0.0263157894736842,0.2941176470588235,0.3823529411764705,0.1052631578947368,0.2105263157894736,0.0789473684210526,0.0789473684210526,0.1052631578947368,0.0294117647058823,57.0,56.0,47.0,43.0,45.0,39.0,54.0,61.0,0.0,0.0,0.3421052631578947,0.2105263157894736,0.0,0.131578947368421,0.0,0.0526315789473684,0.088235294117647,0.088235294117647,35.0,34.0,47.0,47.0,36.0,44.0,42.0,53.0,0.4736842105263157,0.0416666666666666,0.5,0.0393477713422311,0,0,0,0,0,0,0,0,0,0,0,0,0,0,0,0,0,0,2026_special,J1,明治安田Ｊ１百年構想 WESTグループ,100yj1,11,2026-04-01,19:03,kobe,shim,finished,2026_special-100yj1-11-kobe-vs-shim
2026_special,9,2026-04-04,chib,0-0,tk-v,Ajinomoto Stadium,13697.0,0,0,7.0,6.0,0.0,4-4-2,3-4-2-1,8.0,14.0,-6.0,0.0,0.0,1509.5295185893274,1501.5800108714086,7.949507717918777,11900000.0,8700000.0,3200000.0,82.0,118.5,20.0,24.0,7.0,7.0,1.194,0.893,40.0,48.5,45.6,57.4,0.0,0.0,0.0,0,0,12.029411764705882,3.8684210526315783,11.588235294117649,1.1764705882352942,1.1470588235294117,0.2647058823529412,436.7948916408669,10.36842105263158,11.647058823529411,13.823529411764705,20.94736842105263,17.294117647058822,18.852941176470587,11.029411764705882,1.7352941176470589,14.447368421052632,1.0294117647058822,0.0294117647058823,48.9,10.705882352941176,16.323529411764707,31.789473684210527,1.2263157894736842,1.181578947368421,113.0,135.0,35.0,64.0,38.0,72.0,6.026315789473684,2.1842105263157894,5.894736842105263,0.6710526315789473,0.6710526315789473,0.15789473684210525,200.48684210526315,4.842105263157895,6.052631578947368,5.973684210526316,13.11842105263158,9.026315789473685,9.355263157894738,5.960526315789474,1.0,8.763157894736842,0.6578947368421053,0.0263157894736842,22.95,5.105263157894737,7.894736842105263,15.828947368421051,0.6026315789473684,0.6039473684210526,58.0,61.0,15.0,26.5,19.0,33.5,0.0,4.0,5.0,2.0,3.0,6.0,1.0,0.0,2.0,2.0,4_vs_3,0.0526315789473684,0.0,0.2105263157894736,0.2105263157894736,0.0588235294117647,0.1842105263157894,0.0,0.0588235294117647,0.1052631578947368,0.0294117647058823,45.0,44.0,47.0,44.0,45.0,44.5,44.0,44.0,0.0789473684210526,0.0394736842105263,0.19736842105263155,0.0789473684210526,0.0657894736842105,0.0789473684210526,0.0,0.0789473684210526,0.0394736842105263,0.0131578947368421,22.5,22.5,23.0,19.5,22.5,21.0,22.0,25.0,0.4736842105263157,0.03372576177285315,0.513157894736842,0.036448627549735546,0,0,0,0,0,0,0,0,0,0,0,0,0,0,0,0,0,0,2026_special,J1,明治安田Ｊ１百年構想 EASTグループ,100yj1,9,2026-04-04,13:03,chib,tk-v,finished,2026_special-100yj1-9-chib-vs-tk-v
2026_special,9,2026-04-04,mito,0-0,kasm,Ajinomoto Stadium,13697.0,0,0,7.0,7.0,289.2,4-4-2,4-4-2,8.0,4.0,4.0,0.0,0.0,1509.5295185893274,1581.086740142147,-71.55722155281956,9700000.0,23030000.0,-13330000.0,82.0,88.0,20.0,30.0,7.0,8.0,1.025,1.445,48.3,51.7,47.3,48.1,0.0,0.0,0.0,0,0,12.029411764705882,3.8684210526315783,11.588235294117649,1.1764705882352942,1.1470588235294117,0.2647058823529412,436.7948916408669,10.36842105263158,11.647058823529411,13.823529411764705,20.94736842105263,17.294117647058822,18.852941176470587,11.029411764705882,1.7352941176470589,14.447368421052632,1.0294117647058822,0.0294117647058823,48.9,10.705882352941176,16.323529411764707,31.789473684210527,1.2263157894736842,1.181578947368421,113.0,135.0,35.0,64.0,38.0,72.0,12.941176470588236,4.176470588235294,11.147058823529411,1.5789473684210529,1.0789473684210529,0.3947368421052631,424.11764705882354,10.852941176470589,12.264705882352942,15.078947368421051,21.91176470588235,18.68421052631579,19.97058823529412,11.894736842105264,2.0,18.81578947368421,1.411764705882353,0.0588235294117647,50.1,11.5,17.36842105263158,33.55263157894737,1.2868421052631578,1.2078947368421051,112.0,167.0,40.0,80.0,45.0,86.0,0.0,4.0,5.0,2.0,4.0,4.0,2.0,0.0,2.0,2.0,4_vs_4,0.0526315789473684,0.0,0.2105263157894736,0.2105263157894736,0.0588235294117647,0.1842105263157894,0.0,0.0588235294117647,0.1052631578947368,0.0294117647058823,45.0,44.0,47.0,44.0,45.0,44.5,44.0,44.0,0.0789473684210526,0.0,0.3823529411764705,0.2941176470588235,0.088235294117647,0.2631578947368421,0.0294117647058823,0.0588235294117647,0.1764705882352941,0.088235294117647,50.0,48.0,58.0,56.0,54.0,62.0,50.0,40.0,0.4736842105263157,0.03372576177285315,0.5,0.0377077562326869,0,0,0,0,0,0,0,0,0,0,0,0,0,0,0,0,0,0,2026_special,J1,明治安田Ｊ１百年構想 EASTグループ,100yj1,9,2026-04-04,14:03,mito,kasm,finished,2026_special-100yj1-9-mito-vs-kasm
2026_special,9,2026-04-04,nago,0-0,c-os,Ajinomoto Stadium,13697.0,0,0,7.0,6.0,385.9,3-4-2-1,4-2-3-1,8.0,7.0,1.0,0.0,0.0,1520.4820799936924,1517.5446891102308,2.937390883461603,15900000.0,14350000.0,1550000.0,114.0,93.0,27.0,26.0,7.0,6.0,1.431,1.36,52.8,44.4,49.5,46.4,0.0,0.0,0.0,0,0,11.205882352941176,3.8947368421052633,11.735294117647058,1.1578947368421053,1.0294117647058822,0.3823529411764705,403.1764705882353,11.676470588235292,10.705882352941176,13.441176470588236,21.647058823529413,18.58823529411765,18.94117647058824,10.176470588235292,1.7941176470588236,14.763157894736842,1.0,0.0588235294117647,46.2,8.973684210526315,17.294117647058822,30.289473684210527,1.1823529411764706,1.1176470588235294,114.0,155.0,39.0,74.0,48.0,79.0,13.394736842105264,3.8684210526315783,12.18421052631579,1.236842105263158,1.1764705882352942,0.2894736842105263,455.8157894736842,10.823529411764708,11.105263157894736,15.289473684210526,20.5,15.5,18.38235294117647,9.157894736842104,1.605263157894737,13.941176470588236,0.7368421052631579,0.0294117647058823,50.4,10.763157894736842,15.441176470588236,31.88235294117647,1.258823529411765,1.1973684210526316,114.0,129.0,41.0,62.0,48.0,66.0,0.0,3.0,6.0,1.0,4.0,4.0,2.0,1.0,2.0,2.0,3_vs_4,0.0588235294117647,0.0294117647058823,0.2647058823529412,0.2058823529411764,0.0294117647058823,0.1842105263157894,0.0,0.1052631578947368,0.1470588235294117,0.0526315789473684,51.0,50.0,38.0,45.0,47.0,44.0,43.0,46.0,0.088235294117647,0.0,0.2894736842105263,0.2894736842105263,0.0526315789473684,0.2368421052631578,0.0294117647058823,0.0789473684210526,0.088235294117647,0.0588235294117647,56.0,45.0,45.0,49.0,46.0,44.0,50.0,55.0,0.5,0.0339335180055401,0.5,0.0280470914127423,0,0,0,0,0,0,0,0,0,0,0,0,0,0,0,0,0,0,2026_special,J1,明治安田Ｊ１百年構想 WESTグループ,100yj1,9,2026-04-04,15:03,nago,c-os,finished,2026_special-100yj1-9-nago-vs-c-os
2026_special,9,2026-04-04,g-os,0-0,kyot,Ajinomoto Stadium,13697.0,0,0,7.0,7.0,367.5,4-2-3-1,4-1-2-3,13.0,13.0,0.0,0.0,0.0,1473.8803223429218,1482.394720240757,-8.514397897835124,15430000.0,15730000.0,-300000.0,93.0,110.5,21.0,19.5,6.0,6.0,1.432,1.111,51.1,46.7,54.2,46.2,0.0,0.0,0.0,0,0,12.763157894736842,4.088235294117647,14.911764705882351,1.1176470588235294,1.2894736842105263,0.3421052631578947,473.8157894736842,9.470588235294118,10.794117647058824,13.058823529411764,23.029411764705884,17.13157894736842,20.289473684210527,11.558823529411764,1.7941176470588236,17.676470588235293,1.0526315789473684,0.0294117647058823,48.1,11.176470588235292,16.91176470588235,31.789473684210527,1.2352941176470589,1.576470588235294,113.0,157.0,38.0,67.0,50.0,83.0,11.911764705882351,3.176470588235294,13.35294117647059,1.131578947368421,1.3235294117647058,0.2352941176470588,330.5147058823529,10.735294117647058,10.43498452012384,14.617647058823527,25.558823529411764,17.409442724458206,20.83513931888545,13.421052631578949,1.5255417956656347,17.894736842105264,1.4396284829721364,0.0835913312693498,46.55,9.441176470588236,15.81501547987616,33.94117647058823,1.188235294117647,1.4,113.0,135.0,27.0,53.0,36.5,80.0,0.0,4.0,4.0,2.0,4.0,3.0,3.0,-1.0,2.0,2.0,4_vs_4,0.131578947368421,0.0263157894736842,0.2631578947368421,0.1764705882352941,0.0588235294117647,0.1764705882352941,0.0263157894736842,0.1470588235294117,0.1470588235294117,0.0294117647058823,41.0,45.0,49.0,49.0,43.0,47.0,55.0,47.0,0.02786377708978325,0.0,0.2376160990712074,0.2105263157894736,0.07043343653250769,0.0588235294117647,0.0,0.0719814241486068,0.1176470588235294,0.01470588235294115,56.0,35.5,54.5,60.0,56.0,46.0,36.0,38.0,0.5,0.0415945290858725,0.4605263157894737,0.0427631578947368,0,0,0,0,0,0,0,0,0,0,0,0,0,0,0,0,0,0,2026_special,J1,明治安田Ｊ１百年構想 WESTグループ,100yj1,9,2026-04-04,16:03,g-os,kyot,finished,2026_special-100yj1-9-g-os-vs-kyot
2026_special,9,2026-04-05,kasw,0-0,y-fm,Ajinomoto Stadium,13697.0,0,0,6.0,6.0,230.3,3-4-2-1,4-2-1-3,12.0,0.0,12.0,0.0,0.0,1467.1220364785213,1602.4015606637863,-135.27952418526502,18450000.0,14430000.0,4020000.0,101.0,0.0,20.0,24.0,6.0,9.0,1.395,1.201,50.5,54.3,50.4,52.3,0.0,0.0,0.0,0,0,12.552631578947368,4.0588235294117645,11.382352941176473,1.0263157894736843,1.3529411764705883,0.2105263157894736,422.1315789473685,9.941176470588236,13.263157894736842,14.588235294117649,22.647058823529413,17.794117647058822,19.92105263157895,12.676470588235292,1.7352941176470589,16.441176470588236,1.588235294117647,0.0526315789473684,46.0,11.473684210526317,15.205882352941176,32.44117647058823,1.2289473684210528,1.181578947368421,113.0,163.0,39.0,80.0,47.0,82.0,15.705882352941176,5.205882352941177,12.676470588235292,2.0294117647058822,1.1764705882352942,0.2647058823529412,607.2647058823529,11.852941176470589,17.205882352941178,18.294117647058822,18.647058823529413,16.973684210526315,19.11764705882353,11.842105263157896,1.5294117647058822,11.078947368421051,1.1842105263157894,0.0789473684210526,57.9,14.882352941176473,15.921052631578949,33.026315789473685,1.8088235294117647,1.3558823529411763,118.0,184.0,48.0,89.0,44.0,90.0,0.0,3.0,5.0,2.0,4.0,3.0,3.0,1.0,2.0,2.0,3_vs_4,0.0526315789473684,0.0,0.1842105263157894,0.2105263157894736,0.2058823529411764,0.1842105263157894,0.0588235294117647,0.0588235294117647,0.1764705882352941,0.0588235294117647,50.0,43.0,54.0,45.0,55.0,63.0,43.0,43.0,0.0,0.0,0.0,0.0,0.0,0.0,0.0,0.0,0.0,0.0,0.0,0.0,0.0,0.0,0.0,0.0,0.0,0.0,0.5,0.0372422283779624,0.5,0.0558633425669436,0,0,0,0,0,0,0,0,0,0,0,0,0,0,0,0,0,0,2026_special,J1,明治安田Ｊ１百年構想 EASTグループ,100yj1,9,2026-04-05,14:03,kasw,y-fm,finished,2026_special-100yj1-9-kasw-vs-y-fm
2026_special,9,2026-04-05,FCtk,0-0,mcd,Ajinomoto Stadium,13697.0,0,0,7.0,7.0,145.05,4-4-2,3-4-2-1,0.0,0.0,0.0,0.0,0.0,1505.1732969988918,1572.0534875967746,-66.8801905978828,15680000.0,19300000.0,-3620000.0,0.0,0.0,0.0,31.5,7.0,8.0,1.631,1.132,48.2,52.8,48.2,54.8,0.0,0.0,0.0,0,0,0.0,0.0,0.0,0.0,0.0,0.0,0.0,0.0,0.0,0.0,0.0,0.0,0.0,0.0,0.0,0.0,0.0,0.0,0.0,0.0,0.0,0.0,0.0,0.0,0.0,0.0,0.0,0.0,0.0,0.0,6.092105263157895,1.631578947368421,5.421052631578948,0.7105263157894736,0.4473684210526316,0.23684210526315785,164.31578947368422,6.144736842105263,5.25,8.263157894736842,9.802631578947368,7.657894736842105,8.513157894736842,7.131578947368421,0.7105263157894736,10.828947368421051,0.75,0.0263157894736842,22.4,5.236842105263158,8.68421052631579,16.75,0.6907894736842105,0.4802631578947368,58.0,63.5,14.0,31.0,18.0,31.5,0.0,4.0,3.0,3.0,3.5,5.0,1.5,-1.0,2.0,2.0,4_vs_3,0.0,0.0,0.0,0.0,0.0,0.0,0.0,0.0,0.0,0.0,0.0,0.0,0.0,0.0,0.0,0.0,0.0,0.0,0.0,0.0,0.0,0.0,0.0,0.0,0.0,0.0,0.0,0.0,0.0,0.0,0.0,0.0,0.0,0.0,0.0,0.0,0.0,0.0,0.49999999999999994,0.06755540166204985,0,0,0,0,0,0,0,0,0,0,0,0,0,0,0,0,0,0,2026_special,J1,明治安田Ｊ１百年構想 EASTグループ,100yj1,9,2026-04-05,15:03,FCtk,mcd,finished,2026_special-100yj1-9-FCtk-vs-mcd
2026_special,9,2026-04-05,ka-f,0-0,uraw,Ajinomoto Stadium,13697.0,0,0,6.0,7.0,234.7,4-2-3-1,4-2-3-1,6.0,8.0,-2.0,0.0,0.0,1587.410772611103,1546.105970950524,41.30480166057919,21300000.0,17730000.0,3570000.0,114.0,99.0,28.0,25.0,8.0,7.0,1.171,1.437,52.1,50.6,50.6,49.6,0.0,0.0,0.0,0,0,14.657894736842104,4.947368421052632,10.235294117647058,1.911764705882353,1.2352941176470589,0.3235294117647059,578.9705882352941,11.552631578947368,15.68421052631579,13.617647058823527,20.294117647058822,18.94117647058824,20.0,9.794117647058824,2.2058823529411766,13.588235294117649,1.1470588235294117,0.088235294117647,54.9,14.078947368421051,17.5,32.47058823529412,1.6473684210526316,1.052941176470588,111.0,157.0,42.0,70.0,44.0,82.0,12.029411764705882,3.941176470588236,12.578947368421051,1.2647058823529411,1.1470588235294117,0.3157894736842105,486.5,9.973684210526317,13.205882352941176,12.86842105263158,20.91176470588235,17.735294117647058,19.235294117647054,10.105263157894736,1.763157894736842,13.894736842105264,1.105263157894737,0.0294117647058823,52.7,10.558823529411764,16.81578947368421,30.47058823529412,1.363157894736842,1.1823529411764706,111.0,163.0,39.0,78.0,45.0,83.0,0.0,4.0,3.0,3.0,4.0,5.0,1.0,-1.0,2.0,2.0,4_vs_4,0.1764705882352941,0.0294117647058823,0.3421052631578947,0.4117647058823529,0.131578947368421,0.3529411764705882,0.0294117647058823,0.088235294117647,0.1764705882352941,0.1176470588235294,51.0,63.0,59.0,53.0,51.0,41.0,73.0,53.0,0.1842105263157894,0.0294117647058823,0.2352941176470588,0.2352941176470588,0.1176470588235294,0.2368421052631578,0.0263157894736842,0.0526315789473684,0.1470588235294117,0.0263157894736842,46.0,43.0,52.0,42.0,42.0,45.0,53.0,63.0,0.4736842105263157,0.0396923749817757,0.5,0.025,0,0,0,0,0,0,0,0,0,0,0,0,0,0,0,0,0,0,2026_special,J1,明治安田Ｊ１百年構想 EASTグループ,100yj1,9,2026-04-05,16:03,ka-f,uraw,finished,2026_special-100yj1-9-ka-f-vs-uraw
2026_special,9,2026-04-05,ngsk,0-0,shim,Ajinomoto Stadium,13697.0,0,0,7.0,7.0,222.2,3-4-2-1,4-1-2-3,8.0,13.0,-5.0,0.0,0.0,1509.5295185893274,1454.3484905594707,55.181028029856634,14950000.0,12900000.0,2050000.0,82.0,85.0,20.0,17.0,7.0,5.0,1.312,1.163,45.3,46.7,51.1,51.4,0.0,0.0,0.0,0,0,12.029411764705882,3.8684210526315783,11.588235294117649,1.1764705882352942,1.1470588235294117,0.2647058823529412,436.7948916408669,10.36842105263158,11.647058823529411,13.823529411764705,20.94736842105263,17.294117647058822,18.852941176470587,11.029411764705882,1.7352941176470589,14.447368421052632,1.0294117647058822,0.0294117647058823,48.9,10.705882352941176,16.323529411764707,31.789473684210527,1.2263157894736842,1.181578947368421,113.0,135.0,35.0,64.0,38.0,72.0,11.342105263157896,3.5,12.0,0.9736842105263158,1.4210526315789471,0.1176470588235294,407.60526315789474,9.157894736842104,8.421052631578947,13.342105263157896,21.47058823529412,15.263157894736842,19.07894736842105,8.894736842105264,1.9705882352941175,12.176470588235292,0.631578947368421,0.0263157894736842,43.5,8.973684210526315,14.052631578947368,29.44736842105263,1.0578947368421054,1.0842105263157895,113.0,156.0,39.0,71.0,49.0,83.0,0.0,4.0,5.0,2.0,4.0,4.0,2.0,0.0,2.0,2.0,3_vs_4,0.0526315789473684,0.0,0.2105263157894736,0.2105263157894736,0.0588235294117647,0.1842105263157894,0.0,0.0588235294117647,0.1052631578947368,0.0294117647058823,45.0,44.0,47.0,44.0,45.0,44.5,44.0,44.0,0.0,0.0,0.3421052631578947,0.2105263157894736,0.0,0.131578947368421,0.0,0.0526315789473684,0.088235294117647,0.088235294117647,35.0,34.0,47.0,47.0,36.0,44.0,42.0,53.0,0.4736842105263157,0.03372576177285315,0.5,0.0393477713422311,0,0,0,0,0,0,0,0,0,0,0,0,0,0,0,0,0,0,2026_special,J1,明治安田Ｊ１百年構想 WESTグループ,100yj1,9,2026-04-05,13:03,ngsk,shim,finished,2026_special-100yj1-9-ngsk-vs-shim
2026_special,9,2026-04-05,hiro,0-0,fuku,Ajinomoto Stadium,13697.0,0,0,7.0,7.0,843.1,3-4-2-1,3-4-2-1,6.0,10.0,-4.0,0.0,0.0,1578.4873311818164,1493.4237115482938,85.06361963352265,20900000.0,10830000.0,10070000.0,113.0,121.0,26.0,22.0,8.0,7.0,1.91,0.959,57.6,52.0,51.1,53.0,0.0,0.0,0.0,0,0,14.705882352941176,4.676470588235294,10.921052631578949,1.3529411764705883,1.105263157894737,0.3235294117647059,481.1470588235294,10.470588235294118,14.705882352941176,16.764705882352942,18.352941176470587,18.657894736842103,18.647058823529413,11.794117647058824,1.7352941176470589,16.86842105263158,0.9117647058823528,0.0294117647058823,49.5,13.117647058823527,18.176470588235293,33.3235294117647,1.4088235294117646,1.068421052631579,112.0,164.0,40.0,76.0,46.0,87.0,10.5,3.176470588235294,11.157894736842104,0.868421052631579,1.0,0.3235294117647059,336.8684210526316,10.529411764705882,9.657894736842104,14.052631578947368,24.61764705882353,19.529411764705884,18.44117647058824,13.058823529411764,1.6176470588235294,18.61764705882353,1.4411764705882353,0.0263157894736842,42.7,8.368421052631579,17.5,32.28947368421053,1.0558823529411765,1.0323529411764707,109.0,120.0,26.0,52.0,38.0,67.0,0.0,3.0,6.0,1.0,3.0,6.0,1.0,1.0,2.0,2.0,3_vs_3,0.1052631578947368,0.0526315789473684,0.3421052631578947,0.2941176470588235,0.1764705882352941,0.2352941176470588,0.0526315789473684,0.088235294117647,0.1176470588235294,0.0294117647058823,72.0,60.0,54.0,66.0,74.0,62.0,54.0,41.0,0.0526315789473684,0.0263157894736842,0.2105263157894736,0.2105263157894736,0.0263157894736842,0.2058823529411764,0.0,0.0263157894736842,0.0789473684210526,0.0263157894736842,42.0,45.0,44.0,47.0,54.0,51.0,40.0,34.0,0.4736842105263157,0.0257830811847432,0.5,0.026167392164622,0,0,0,0,0,0,0,0,0,0,0,0,0,0,0,0,0,0,2026_special,J1,明治安田Ｊ１百年構想 WESTグループ,100yj1,9,2026-04-05,14:03,hiro,fuku,finished,2026_special-100yj1-9-hiro-vs-fuku
2026_special,9,2026-04-05,okay,0-0,kobe,Ajinomoto Stadium,13697.0,0,0,7.0,7.0,412.8,3-4-2-1,4-1-2-3,10.0,4.0,6.0,0.0,0.0,1501.047372404431,1611.2503664050294,-110.20299400059844,11200000.0,17700000.0,-6500000.0,100.0,96.0,22.0,24.0,6.0,9.0,1.253,1.718,53.9,49.2,52.1,50.3,0.0,0.0,0.0,0,0,0.0,0.0,0.0,0.0,0.0,0.0,0.0,0.0,0.0,0.0,0.0,0.0,0.0,0.0,0.0,0.0,0.0,0.0,0.0,0.0,0.0,0.0,0.0,0.0,0.0,0.0,0.0,0.0,0.0,0.0,12.411764705882351,4.176470588235294,11.852941176470589,1.605263157894737,0.9473684210526316,0.3421052631578947,518.9411764705883,11.470588235294118,12.411764705882351,14.235294117647058,21.86842105263158,16.794117647058822,18.473684210526315,9.911764705882351,2.210526315789474,16.92105263157895,0.9736842105263158,0.0294117647058823,53.7,11.382352941176473,16.605263157894736,31.94117647058824,1.3941176470588237,1.1088235294117648,113.0,163.0,42.0,70.0,44.0,88.0,0.0,3.0,6.0,1.0,4.0,3.0,3.0,1.0,2.0,2.0,3_vs_4,0.0,0.0,0.0,0.0,0.0,0.0,0.0,0.0,0.0,0.0,0.0,0.0,0.0,0.0,0.0,0.0,0.0,0.0,0.0789473684210526,0.0263157894736842,0.2941176470588235,0.3823529411764705,0.1052631578947368,0.2105263157894736,0.0789473684210526,0.0789473684210526,0.1052631578947368,0.0294117647058823,57.0,56.0,47.0,43.0,45.0,39.0,54.0,61.0,0.4736842105263157,0.0333564173591874,0.5,0.0443213296398891,0,0,0,0,0,0,0,0,0,0,0,0,0,0,0,0,0,0,2026_special,J1,明治安田Ｊ１百年構想 WESTグループ,100yj1,9,2026-04-05,14:03,okay,kobe,finished,2026_special-100yj1-9-okay-vs-kobe
2026_special,10,2026-04-11,chib,0-0,mito,Ajinomoto Stadium,13697.0,0,0,7.0,7.0,357.7,4-4-2,4-4-2,8.0,8.0,0.0,0.0,0.0,1509.5295185893274,1506.8677727889888,2.661745800338622,11900000.0,9700000.0,2200000.0,82.0,80.0,20.0,20.0,7.0,7.0,1.194,1.025,40.0,48.5,48.3,51.7,0.0,0.0,0.0,0,0,12.029411764705882,3.8684210526315783,11.588235294117649,1.1764705882352942,1.1470588235294117,0.2647058823529412,436.7948916408669,10.36842105263158,11.647058823529411,13.823529411764705,20.94736842105263,17.294117647058822,18.852941176470587,11.029411764705882,1.7352941176470589,14.447368421052632,1.0294117647058822,0.0294117647058823,48.9,10.705882352941176,16.323529411764707,31.789473684210527,1.2263157894736842,1.181578947368421,113.0,135.0,35.0,64.0,38.0,72.0,12.029411764705882,3.8684210526315783,11.588235294117649,1.1764705882352942,1.1470588235294117,0.2647058823529412,436.7948916408669,10.36842105263158,11.647058823529411,13.823529411764705,20.94736842105263,17.294117647058822,18.852941176470587,11.029411764705882,1.7352941176470589,14.447368421052632,1.0294117647058822,0.0294117647058823,48.9,10.705882352941176,16.323529411764707,31.789473684210527,1.2263157894736842,1.181578947368421,113.0,135.0,35.0,64.0,38.0,72.0,0.0,4.0,5.0,2.0,4.0,5.0,2.0,0.0,2.0,2.0,4_vs_4,0.0526315789473684,0.0,0.2105263157894736,0.2105263157894736,0.0588235294117647,0.1842105263157894,0.0,0.0588235294117647,0.1052631578947368,0.0294117647058823,45.0,44.0,47.0,44.0,45.0,44.5,44.0,44.0,0.0526315789473684,0.0,0.2105263157894736,0.2105263157894736,0.0588235294117647,0.1842105263157894,0.0,0.0588235294117647,0.1052631578947368,0.0294117647058823,45.0,44.0,47.0,44.0,45.0,44.5,44.0,44.0,0.4736842105263157,0.03372576177285315,0.4736842105263157,0.0332409972299168,0,0,0,0,0,0,0,0,0,0,0,0,0,0,0,0,0,0,2026_special,J1,明治安田Ｊ１百年構想 EASTグループ,100yj1,10,2026-04-11,13:03,chib,mito,finished,2026_special-100yj1-10-chib-vs-mito
2026_special,10,2026-04-11,mcd,0-0,kasw,Ajinomoto Stadium,13697.0,0,0,6.0,7.0,242.7,3-4-2-1,3-4-2-1,0.0,11.0,-11.0,0.0,0.0,1579.3237324440397,1463.874953058819,115.44877938522063,19300000.0,18450000.0,850000.0,0.0,96.0,34.5,21.0,8.0,7.0,1.132,1.395,48.2,54.8,50.5,54.3,0.0,0.0,0.0,0,0,6.092105263157895,1.631578947368421,5.421052631578948,0.7105263157894736,0.4473684210526316,0.23684210526315785,164.31578947368422,6.144736842105263,5.25,8.263157894736842,9.802631578947368,7.657894736842105,8.513157894736842,7.131578947368421,0.7105263157894736,10.828947368421051,0.75,0.0263157894736842,22.4,5.236842105263158,8.68421052631579,16.75,0.6907894736842105,0.4802631578947368,58.0,63.5,14.0,31.0,18.0,31.5,12.552631578947368,4.0588235294117645,11.382352941176473,1.0263157894736843,1.3529411764705883,0.2105263157894736,422.1315789473685,9.941176470588236,13.263157894736842,14.588235294117649,22.647058823529413,17.794117647058822,19.92105263157895,12.676470588235292,1.7352941176470589,16.441176470588236,1.588235294117647,0.0526315789473684,46.0,11.473684210526317,15.205882352941176,32.44117647058823,1.2289473684210528,1.181578947368421,113.0,163.0,39.0,80.0,47.0,82.0,0.0,3.5,5.0,1.5,3.0,5.0,2.0,0.0,2.0,2.0,3_vs_3,0.0,0.0,0.0,0.0,0.0,0.0,0.0,0.0,0.0,0.0,0.0,0.0,0.0,0.0,0.0,0.0,0.0,0.0,0.0526315789473684,0.0,0.1842105263157894,0.2105263157894736,0.2058823529411764,0.1842105263157894,0.0588235294117647,0.0588235294117647,0.1764705882352941,0.0588235294117647,50.0,43.0,54.0,45.0,55.0,63.0,43.0,43.0,0.5263157894736843,0.0718458826492067,0.4736842105263157,0.0396923749817757,0,0,0,0,0,0,0,0,0,0,0,0,0,0,0,0,0,0,2026_special,J1,明治安田Ｊ１百年構想 EASTグループ,100yj1,10,2026-04-11,14:03,mcd,kasw,finished,2026_special-100yj1-10-mcd-vs-kasw
2026_special,10,2026-04-11,y-fm,0-0,FCtk,Ajinomoto Stadium,13697.0,0,0,6.0,7.0,225.6,4-2-1-3,4-4-2,0.0,0.0,0.0,0.0,0.0,1602.479355440467,1507.3530303445389,95.12632509592822,14430000.0,15680000.0,-1250000.0,0.0,0.0,25.0,0.0,8.0,7.0,1.201,1.631,50.4,52.3,48.2,52.8,0.0,0.0,0.0,0,0,15.705882352941176,5.205882352941177,12.676470588235292,2.0294117647058822,1.1764705882352942,0.2647058823529412,607.2647058823529,11.852941176470589,17.205882352941178,18.294117647058822,18.647058823529413,16.973684210526315,19.11764705882353,11.842105263157896,1.5294117647058822,11.078947368421051,1.1842105263157894,0.0789473684210526,57.9,14.882352941176473,15.921052631578949,33.026315789473685,1.8088235294117647,1.3558823529411763,118.0,184.0,48.0,89.0,44.0,90.0,0.0,0.0,0.0,0.0,0.0,0.0,0.0,0.0,0.0,0.0,0.0,0.0,0.0,0.0,0.0,0.0,0.0,0.0,0.0,0.0,0.0,0.0,0.0,0.0,0.0,0.0,0.0,0.0,0.0,0.0,0.0,4.0,3.0,3.0,4.0,3.0,3.0,-1.0,2.0,2.0,4_vs_4,0.0,0.0,0.0,0.0,0.0,0.0,0.0,0.0,0.0,0.0,0.0,0.0,0.0,0.0,0.0,0.0,0.0,0.0,0.0,0.0,0.0,0.0,0.0,0.0,0.0,0.0,0.0,0.0,0.0,0.0,0.0,0.0,0.0,0.0,0.0,0.0,0.4736842105263157,0.0569845666798575,0.0,0.0,0,0,0,0,0,0,0,0,0,0,0,0,0,0,0,0,0,0,2026_special,J1,明治安田Ｊ１百年構想 EASTグループ,100yj1,10,2026-04-11,15:04,y-fm,FCtk,finished,2026_special-100yj1-10-y-fm-vs-FCtk
2026_special,10,2026-04-11,hiro,0-0,shim,Ajinomoto Stadium,13697.0,0,0,7.0,7.0,222.2,3-4-2-1,4-1-2-3,6.0,13.0,-7.0,0.0,0.0,1578.4873311818164,1454.3484905594707,124.1388406223457,20900000.0,12900000.0,8000000.0,113.0,85.0,26.0,17.0,8.0,5.0,1.91,1.163,57.6,52.0,51.1,51.4,0.0,0.0,0.0,0,0,14.705882352941176,4.676470588235294,10.921052631578949,1.3529411764705883,1.105263157894737,0.3235294117647059,481.1470588235294,10.470588235294118,14.705882352941176,16.764705882352942,18.352941176470587,18.657894736842103,18.647058823529413,11.794117647058824,1.7352941176470589,16.86842105263158,0.9117647058823528,0.0294117647058823,49.5,13.117647058823527,18.176470588235293,33.3235294117647,1.4088235294117646,1.068421052631579,112.0,164.0,40.0,76.0,46.0,87.0,11.342105263157896,3.5,12.0,0.9736842105263158,1.4210526315789471,0.1176470588235294,407.60526315789474,9.157894736842104,8.421052631578947,13.342105263157896,21.47058823529412,15.263157894736842,19.07894736842105,8.894736842105264,1.9705882352941175,12.176470588235292,0.631578947368421,0.0263157894736842,43.5,8.973684210526315,14.052631578947368,29.44736842105263,1.0578947368421054,1.0842105263157895,113.0,156.0,39.0,71.0,49.0,83.0,0.0,3.0,6.0,1.0,4.0,4.0,2.0,1.0,2.0,2.0,3_vs_4,0.1052631578947368,0.0526315789473684,0.3421052631578947,0.2941176470588235,0.1764705882352941,0.2352941176470588,0.0526315789473684,0.088235294117647,0.1176470588235294,0.0294117647058823,72.0,60.0,54.0,66.0,74.0,62.0,54.0,41.0,0.0,0.0,0.3421052631578947,0.2105263157894736,0.0,0.131578947368421,0.0,0.0526315789473684,0.088235294117647,0.088235294117647,35.0,34.0,47.0,47.0,36.0,44.0,42.0,53.0,0.4736842105263157,0.0257830811847432,0.5,0.0393477713422311,0,0,0,0,0,0,0,0,0,0,0,0,0,0,0,0,0,0,2026_special,J1,明治安田Ｊ１百年構想 WESTグループ,100yj1,10,2026-04-11,14:03,hiro,shim,finished,2026_special-100yj1-10-hiro-vs-shim
2026_special,10,2026-04-11,fuku,0-0,ngsk,Ajinomoto Stadium,13697.0,0,0,7.0,7.0,357.7,3-4-2-1,3-4-2-1,10.0,8.0,2.0,0.0,0.0,1498.8558792382391,1506.8677727889888,-8.011893550749619,10830000.0,14950000.0,-4120000.0,113.0,80.0,21.0,20.0,6.0,7.0,0.959,1.312,51.1,53.0,45.3,46.7,0.0,0.0,0.0,0,0,10.5,3.176470588235294,11.157894736842104,0.868421052631579,1.0,0.3235294117647059,336.8684210526316,10.529411764705882,9.657894736842104,14.052631578947368,24.61764705882353,19.529411764705884,18.44117647058824,13.058823529411764,1.6176470588235294,18.61764705882353,1.4411764705882353,0.0263157894736842,42.7,8.368421052631579,17.5,32.28947368421053,1.0558823529411765,1.0323529411764707,109.0,120.0,26.0,52.0,38.0,67.0,12.029411764705882,3.8684210526315783,11.588235294117649,1.1764705882352942,1.1470588235294117,0.2647058823529412,436.7948916408669,10.36842105263158,11.647058823529411,13.823529411764705,20.94736842105263,17.294117647058822,18.852941176470587,11.029411764705882,1.7352941176470589,14.447368421052632,1.0294117647058822,0.0294117647058823,48.9,10.705882352941176,16.323529411764707,31.789473684210527,1.2263157894736842,1.181578947368421,113.0,135.0,35.0,64.0,38.0,72.0,0.0,3.0,6.0,1.0,4.0,5.0,2.0,0.0,2.0,2.0,3_vs_3,0.0526315789473684,0.0263157894736842,0.2105263157894736,0.2105263157894736,0.0263157894736842,0.2058823529411764,0.0,0.0263157894736842,0.0789473684210526,0.0263157894736842,42.0,45.0,44.0,47.0,54.0,51.0,40.0,34.0,0.0526315789473684,0.0,0.2105263157894736,0.2105263157894736,0.0588235294117647,0.1842105263157894,0.0,0.0588235294117647,0.1052631578947368,0.0294117647058823,45.0,44.0,47.0,44.0,45.0,44.5,44.0,44.0,0.4736842105263157,0.0249307479224376,0.4736842105263157,0.0332409972299168,0,0,0,0,0,0,0,0,0,0,0,0,0,0,0,0,0,0,2026_special,J1,明治安田Ｊ１百年構想 WESTグループ,100yj1,10,2026-04-11,14:03,fuku,ngsk,finished,2026_special-100yj1-10-fuku-vs-ngsk
2026_special,10,2026-04-11,kobe,0-0,nago,Ajinomoto Stadium,13697.0,0,0,7.0,7.0,230.3,4-1-2-3,3-4-2-1,4.0,9.0,-5.0,0.0,0.0,1612.7483455948493,1515.1299339257123,97.618411669137,17700000.0,15900000.0,1800000.0,93.0,120.0,24.0,26.0,9.0,7.0,1.718,1.431,52.1,50.3,52.8,44.4,0.0,0.0,0.0,0,0,12.411764705882351,4.176470588235294,11.852941176470589,1.605263157894737,0.9473684210526316,0.3421052631578947,518.9411764705883,11.470588235294118,12.411764705882351,14.235294117647058,21.86842105263158,16.794117647058822,18.473684210526315,9.911764705882351,2.210526315789474,16.92105263157895,0.9736842105263158,0.0294117647058823,53.7,11.382352941176473,16.605263157894736,31.94117647058824,1.3941176470588237,1.1088235294117648,113.0,163.0,42.0,70.0,44.0,88.0,11.205882352941176,3.8947368421052633,11.735294117647058,1.1578947368421053,1.0294117647058822,0.3823529411764705,403.1764705882353,11.676470588235292,10.705882352941176,13.441176470588236,21.647058823529413,18.58823529411765,18.94117647058824,10.176470588235292,1.7941176470588236,14.763157894736842,1.0,0.0588235294117647,46.2,8.973684210526315,17.294117647058822,30.289473684210527,1.1823529411764706,1.1176470588235294,114.0,155.0,39.0,74.0,48.0,79.0,0.0,4.0,3.0,3.0,3.0,6.0,1.0,-1.0,2.0,2.0,4_vs_3,0.0789473684210526,0.0263157894736842,0.2941176470588235,0.3823529411764705,0.1052631578947368,0.2105263157894736,0.0789473684210526,0.0789473684210526,0.1052631578947368,0.0294117647058823,57.0,56.0,47.0,43.0,45.0,39.0,54.0,61.0,0.0588235294117647,0.0294117647058823,0.2647058823529412,0.2058823529411764,0.0294117647058823,0.1842105263157894,0.0,0.1052631578947368,0.1470588235294117,0.0526315789473684,51.0,50.0,38.0,45.0,47.0,44.0,43.0,46.0,0.4736842105263157,0.0416666666666666,0.4736842105263157,0.0307787011388119,0,0,0,0,0,0,0,0,0,0,0,0,0,0,0,0,0,0,2026_special,J1,明治安田Ｊ１百年構想 WESTグループ,100yj1,10,2026-04-11,15:03,kobe,nago,finished,2026_special-100yj1-10-kobe-vs-nago
2026_special,10,2026-04-11,g-os,0-0,c-os,Ajinomoto Stadium,13697.0,0,0,7.0,6.0,385.9,4-2-3-1,4-2-3-1,13.0,7.0,6.0,0.0,0.0,1473.8803223429218,1517.5446891102308,-43.66436676730905,15430000.0,14350000.0,1080000.0,93.0,93.0,21.0,26.0,6.0,6.0,1.432,1.36,51.1,46.7,49.5,46.4,0.0,0.0,0.0,0,0,12.763157894736842,4.088235294117647,14.911764705882351,1.1176470588235294,1.2894736842105263,0.3421052631578947,473.8157894736842,9.470588235294118,10.794117647058824,13.058823529411764,23.029411764705884,17.13157894736842,20.289473684210527,11.558823529411764,1.7941176470588236,17.676470588235293,1.0526315789473684,0.0294117647058823,48.1,11.176470588235292,16.91176470588235,31.789473684210527,1.2352941176470589,1.576470588235294,113.0,157.0,38.0,67.0,50.0,83.0,13.394736842105264,3.8684210526315783,12.18421052631579,1.236842105263158,1.1764705882352942,0.2894736842105263,455.8157894736842,10.823529411764708,11.105263157894736,15.289473684210526,20.5,15.5,18.38235294117647,9.157894736842104,1.605263157894737,13.941176470588236,0.7368421052631579,0.0294117647058823,50.4,10.763157894736842,15.441176470588236,31.88235294117647,1.258823529411765,1.1973684210526316,114.0,129.0,41.0,62.0,48.0,66.0,0.0,4.0,4.0,2.0,4.0,4.0,2.0,-1.0,2.0,2.0,4_vs_4,0.131578947368421,0.0263157894736842,0.2631578947368421,0.1764705882352941,0.0588235294117647,0.1764705882352941,0.0263157894736842,0.1470588235294117,0.1470588235294117,0.0294117647058823,41.0,45.0,49.0,49.0,43.0,47.0,55.0,47.0,0.088235294117647,0.0,0.2894736842105263,0.2894736842105263,0.0526315789473684,0.2368421052631578,0.0294117647058823,0.0789473684210526,0.088235294117647,0.0588235294117647,56.0,45.0,45.0,49.0,46.0,44.0,50.0,55.0,0.5,0.0415945290858725,0.5,0.0280470914127423,0,0,0,0,0,0,0,0,0,0,0,0,0,0,0,0,0,0,2026_special,J1,明治安田Ｊ１百年構想 WESTグループ,100yj1,10,2026-04-11,16:03,g-os,c-os,finished,2026_special-100yj1-10-g-os-vs-c-os
2026_special,10,2026-04-11,kyot,0-0,okay,Ajinomoto Stadium,13697.0,0,0,7.0,6.0,0.0,4-1-2-3,3-4-2-1,13.0,12.0,1.0,0.0,1.0,1483.0471288767508,1488.4488488061263,-5.401719929375531,15730000.0,11200000.0,4530000.0,127.5,127.0,21.0,24.0,6.5,5.0,1.111,1.253,54.2,46.2,53.9,49.2,0.0,0.0,0.0,0,0,11.911764705882351,3.176470588235294,13.35294117647059,1.131578947368421,1.3235294117647058,0.2352941176470588,330.5147058823529,10.735294117647058,10.43498452012384,14.617647058823527,25.558823529411764,17.409442724458206,20.83513931888545,13.421052631578949,1.5255417956656347,17.894736842105264,1.4396284829721364,0.0835913312693498,46.55,9.441176470588236,15.81501547987616,33.94117647058823,1.188235294117647,1.4,113.0,135.0,27.0,53.0,36.5,80.0,0.0,0.0,0.0,0.0,0.0,0.0,0.0,0.0,0.0,0.0,0.0,0.0,0.0,0.0,0.0,0.0,0.0,0.0,0.0,0.0,0.0,0.0,0.0,0.0,0.0,0.0,0.0,0.0,0.0,0.0,0.0,4.0,3.0,3.0,3.0,6.0,1.0,-2.0,2.0,2.0,4_vs_3,0.02786377708978325,0.0,0.2376160990712074,0.2105263157894736,0.07043343653250769,0.0588235294117647,0.0,0.0719814241486068,0.1176470588235294,0.01470588235294115,56.0,35.5,54.5,60.0,56.0,46.0,36.0,38.0,0.0,0.0,0.0,0.0,0.0,0.0,0.0,0.0,0.0,0.0,0.0,0.0,0.0,0.0,0.0,0.0,0.0,0.0,0.5,0.051988523941432455,0.5526315789473685,0.0339335180055401,0,0,0,0,0,0,0,0,0,0,0,0,0,0,0,0,0,0,2026_special,J1,明治安田Ｊ１百年構想 WESTグループ,100yj1,10,2026-04-11,16:03,kyot,okay,finished,2026_special-100yj1-10-kyot-vs-okay
2026_special,10,2026-04-12,uraw,0-0,tk-v,Ajinomoto Stadium,13697.0,0,0,6.0,6.0,0.0,4-2-3-1,3-4-2-1,8.0,14.0,-6.0,0.0,0.0,1549.6385738216893,1501.5800108714086,48.0585629502807,17730000.0,8700000.0,9030000.0,93.0,118.5,25.0,24.0,8.0,7.0,1.437,0.893,50.6,49.6,45.6,57.4,0.0,0.0,0.0,0,0,12.029411764705882,3.941176470588236,12.578947368421051,1.2647058823529411,1.1470588235294117,0.3157894736842105,486.5,9.973684210526317,13.205882352941176,12.86842105263158,20.91176470588235,17.735294117647058,19.235294117647054,10.105263157894736,1.763157894736842,13.894736842105264,1.105263157894737,0.0294117647058823,52.7,10.558823529411764,16.81578947368421,30.47058823529412,1.363157894736842,1.1823529411764706,111.0,163.0,39.0,78.0,45.0,83.0,6.026315789473684,2.1842105263157894,5.894736842105263,0.6710526315789473,0.6710526315789473,0.15789473684210525,200.48684210526315,4.842105263157895,6.052631578947368,5.973684210526316,13.11842105263158,9.026315789473685,9.355263157894738,5.960526315789474,1.0,8.763157894736842,0.6578947368421053,0.0263157894736842,22.95,5.105263157894737,7.894736842105263,15.828947368421051,0.6026315789473684,0.6039473684210526,58.0,61.0,15.0,26.5,19.0,33.5,0.0,4.0,5.0,1.0,3.0,6.0,1.0,0.0,2.0,2.0,4_vs_3,0.1842105263157894,0.0294117647058823,0.2352941176470588,0.2352941176470588,0.1176470588235294,0.2368421052631578,0.0263157894736842,0.0526315789473684,0.1470588235294117,0.0263157894736842,46.0,43.0,52.0,42.0,42.0,45.0,53.0,63.0,0.0789473684210526,0.0394736842105263,0.19736842105263155,0.0789473684210526,0.0657894736842105,0.0789473684210526,0.0,0.0789473684210526,0.0394736842105263,0.0131578947368421,22.5,22.5,23.0,19.5,22.5,21.0,22.0,25.0,0.4736842105263157,0.0279316712834718,0.513157894736842,0.036448627549735546,0,0,0,0,0,0,0,0,0,0,0,0,0,0,0,0,0,0,2026_special,J1,明治安田Ｊ１百年構想 EASTグループ,100yj1,10,2026-04-12,14:03,uraw,tk-v,finished,2026_special-100yj1-10-uraw-vs-tk-v
2026_special,10,2026-04-12,ka-f,0-0,kasm,Ajinomoto Stadium,13697.0,0,0,6.0,7.0,289.2,4-2-3-1,4-4-2,6.0,4.0,2.0,0.0,0.0,1587.410772611103,1581.086740142147,6.324032468956148,21300000.0,23030000.0,-1730000.0,114.0,88.0,28.0,30.0,8.0,8.0,1.171,1.445,52.1,50.6,47.3,48.1,0.0,0.0,0.0,0,0,14.657894736842104,4.947368421052632,10.235294117647058,1.911764705882353,1.2352941176470589,0.3235294117647059,578.9705882352941,11.552631578947368,15.68421052631579,13.617647058823527,20.294117647058822,18.94117647058824,20.0,9.794117647058824,2.2058823529411766,13.588235294117649,1.1470588235294117,0.088235294117647,54.9,14.078947368421051,17.5,32.47058823529412,1.6473684210526316,1.052941176470588,111.0,157.0,42.0,70.0,44.0,82.0,12.941176470588236,4.176470588235294,11.147058823529411,1.5789473684210529,1.0789473684210529,0.3947368421052631,424.11764705882354,10.852941176470589,12.264705882352942,15.078947368421051,21.91176470588235,18.68421052631579,19.97058823529412,11.894736842105264,2.0,18.81578947368421,1.411764705882353,0.0588235294117647,50.1,11.5,17.36842105263158,33.55263157894737,1.2868421052631578,1.2078947368421051,112.0,167.0,40.0,80.0,45.0,86.0,0.0,4.0,3.0,3.0,4.0,4.0,2.0,-1.0,2.0,2.0,4_vs_4,0.1764705882352941,0.0294117647058823,0.3421052631578947,0.4117647058823529,0.131578947368421,0.3529411764705882,0.0294117647058823,0.088235294117647,0.1764705882352941,0.1176470588235294,51.0,63.0,59.0,53.0,51.0,41.0,73.0,53.0,0.0789473684210526,0.0,0.3823529411764705,0.2941176470588235,0.088235294117647,0.2631578947368421,0.0294117647058823,0.0588235294117647,0.1764705882352941,0.088235294117647,50.0,48.0,58.0,56.0,54.0,62.0,50.0,40.0,0.4736842105263157,0.0396923749817757,0.5,0.0377077562326869,0,0,0,0,0,0,0,0,0,0,0,0,0,0,0,0,0,0,2026_special,J1,明治安田Ｊ１百年構想 EASTグループ,100yj1,10,2026-04-12,16:03,ka-f,kasm,finished,2026_special-100yj1-10-ka-f-vs-kasm
2026_special,11,2026-04-18,y-fm,0-0,ka-f,Ajinomoto Stadium,13697.0,0,0,6.0,7.0,233.7,4-2-1-3,4-2-3-1,0.0,6.0,-6.0,0.0,0.0,1602.479355440467,1594.7797550093385,7.6996004311286015,14430000.0,21300000.0,-6870000.0,0.0,127.0,25.0,29.0,8.0,9.0,1.201,1.171,50.4,52.3,52.1,50.6,0.0,0.0,0.0,0,0,15.705882352941176,5.205882352941177,12.676470588235292,2.0294117647058822,1.1764705882352942,0.2647058823529412,607.2647058823529,11.852941176470589,17.205882352941178,18.294117647058822,18.647058823529413,16.973684210526315,19.11764705882353,11.842105263157896,1.5294117647058822,11.078947368421051,1.1842105263157894,0.0789473684210526,57.9,14.882352941176473,15.921052631578949,33.026315789473685,1.8088235294117647,1.3558823529411763,118.0,184.0,48.0,89.0,44.0,90.0,14.657894736842104,4.947368421052632,10.235294117647058,1.911764705882353,1.2352941176470589,0.3235294117647059,578.9705882352941,11.552631578947368,15.68421052631579,13.617647058823527,20.294117647058822,18.94117647058824,20.0,9.794117647058824,2.2058823529411766,13.588235294117649,1.1470588235294117,0.088235294117647,54.9,14.078947368421051,17.5,32.47058823529412,1.6473684210526316,1.052941176470588,111.0,157.0,42.0,70.0,44.0,82.0,0.0,4.0,3.0,3.0,4.0,3.0,3.0,-1.0,2.0,2.0,4_vs_4,0.0,0.0,0.0,0.0,0.0,0.0,0.0,0.0,0.0,0.0,0.0,0.0,0.0,0.0,0.0,0.0,0.0,0.0,0.1764705882352941,0.0294117647058823,0.3421052631578947,0.4117647058823529,0.131578947368421,0.3529411764705882,0.0294117647058823,0.088235294117647,0.1764705882352941,0.1176470588235294,51.0,63.0,59.0,53.0,51.0,41.0,73.0,53.0,0.4736842105263157,0.0569845666798575,0.5,0.0363888189372953,0,0,0,0,0,0,0,0,0,0,0,0,0,0,0,0,0,0,2026_special,J1,明治安田Ｊ１百年構想 EASTグループ,100yj1,11,2026-04-18,13:03,y-fm,ka-f,finished,2026_special-100yj1-11-y-fm-vs-ka-f
2026_special,11,2026-04-18,kasm,0-0,uraw,Ajinomoto Stadium,13697.0,0,0,7.0,7.0,234.7,4-4-2,4-2-3-1,4.0,8.0,-4.0,0.0,0.0,1590.7185052811446,1546.105970950524,44.61253433062075,23030000.0,17730000.0,5300000.0,86.0,99.0,31.0,25.0,9.0,7.0,1.445,1.437,47.3,48.1,50.6,49.6,0.0,0.0,0.0,0,0,12.941176470588236,4.176470588235294,11.147058823529411,1.5789473684210529,1.0789473684210529,0.3947368421052631,424.11764705882354,10.852941176470589,12.264705882352942,15.078947368421051,21.91176470588235,18.68421052631579,19.97058823529412,11.894736842105264,2.0,18.81578947368421,1.411764705882353,0.0588235294117647,50.1,11.5,17.36842105263158,33.55263157894737,1.2868421052631578,1.2078947368421051,112.0,167.0,40.0,80.0,45.0,86.0,12.029411764705882,3.941176470588236,12.578947368421051,1.2647058823529411,1.1470588235294117,0.3157894736842105,486.5,9.973684210526317,13.205882352941176,12.86842105263158,20.91176470588235,17.735294117647058,19.235294117647054,10.105263157894736,1.763157894736842,13.894736842105264,1.105263157894737,0.0294117647058823,52.7,10.558823529411764,16.81578947368421,30.47058823529412,1.363157894736842,1.1823529411764706,111.0,163.0,39.0,78.0,45.0,83.0,0.0,4.0,4.0,2.0,4.0,5.0,1.0,-1.0,2.0,2.0,4_vs_4,0.0789473684210526,0.0,0.3823529411764705,0.2941176470588235,0.088235294117647,0.2631578947368421,0.0294117647058823,0.0588235294117647,0.1764705882352941,0.088235294117647,50.0,48.0,58.0,56.0,54.0,62.0,50.0,40.0,0.1842105263157894,0.0294117647058823,0.2352941176470588,0.2352941176470588,0.1176470588235294,0.2368421052631578,0.0263157894736842,0.0526315789473684,0.1470588235294117,0.0263157894736842,46.0,43.0,52.0,42.0,42.0,45.0,53.0,63.0,0.4736842105263157,0.0364638823780098,0.5,0.025,0,0,0,0,0,0,0,0,0,0,0,0,0,0,0,0,0,0,2026_special,J1,明治安田Ｊ１百年構想 EASTグループ,100yj1,11,2026-04-18,14:03,kasm,uraw,finished,2026_special-100yj1-11-kasm-vs-uraw
2026_special,11,2026-04-18,tk-v,0-0,chib,Ajinomoto Stadium,13697.0,0,0,7.0,7.0,357.7,3-4-2-1,4-4-2,14.0,8.0,6.0,0.0,0.0,1504.6550651609919,1506.8677727889888,-2.212707627996906,8700000.0,11900000.0,-3200000.0,120.5,80.0,24.0,20.0,7.0,7.0,0.893,1.194,45.6,57.4,40.0,48.5,0.0,0.0,0.0,0,0,6.026315789473684,2.1842105263157894,5.894736842105263,0.6710526315789473,0.6710526315789473,0.15789473684210525,200.48684210526315,4.842105263157895,6.052631578947368,5.973684210526316,13.11842105263158,9.026315789473685,9.355263157894738,5.960526315789474,1.0,8.763157894736842,0.6578947368421053,0.0263157894736842,22.95,5.105263157894737,7.894736842105263,15.828947368421051,0.6026315789473684,0.6039473684210526,58.0,61.0,15.0,26.5,19.0,33.5,12.029411764705882,3.8684210526315783,11.588235294117649,1.1764705882352942,1.1470588235294117,0.2647058823529412,436.7948916408669,10.36842105263158,11.647058823529411,13.823529411764705,20.94736842105263,17.294117647058822,18.852941176470587,11.029411764705882,1.7352941176470589,14.447368421052632,1.0294117647058822,0.0294117647058823,48.9,10.705882352941176,16.323529411764707,31.789473684210527,1.2263157894736842,1.181578947368421,113.0,135.0,35.0,64.0,38.0,72.0,0.0,3.0,6.0,1.0,4.0,5.0,2.0,1.0,2.0,2.0,3_vs_4,0.0789473684210526,0.0394736842105263,0.19736842105263155,0.0789473684210526,0.0657894736842105,0.0789473684210526,0.0,0.0789473684210526,0.0394736842105263,0.0131578947368421,22.5,22.5,23.0,19.5,22.5,21.0,22.0,25.0,0.0526315789473684,0.0,0.2105263157894736,0.2105263157894736,0.0588235294117647,0.1842105263157894,0.0,0.0588235294117647,0.1052631578947368,0.0294117647058823,45.0,44.0,47.0,44.0,45.0,44.5,44.0,44.0,0.513157894736842,0.03355263157894735,0.4736842105263157,0.0332409972299168,0,0,0,0,0,0,0,0,0,0,0,0,0,0,0,0,0,0,2026_special,J1,明治安田Ｊ１百年構想 EASTグループ,100yj1,11,2026-04-18,15:03,tk-v,chib,finished,2026_special-100yj1-11-tk-v-vs-chib
2026_special,11,2026-04-18,hiro,0-0,ngsk,Ajinomoto Stadium,13697.0,0,0,7.0,7.0,357.7,3-4-2-1,3-4-2-1,6.0,8.0,-2.0,0.0,0.0,1578.4873311818164,1506.8677727889888,71.61955839282768,20900000.0,14950000.0,5950000.0,113.0,80.0,26.0,20.0,8.0,7.0,1.91,1.312,57.6,52.0,45.3,46.7,0.0,0.0,0.0,0,0,14.705882352941176,4.676470588235294,10.921052631578949,1.3529411764705883,1.105263157894737,0.3235294117647059,481.1470588235294,10.470588235294118,14.705882352941176,16.764705882352942,18.352941176470587,18.657894736842103,18.647058823529413,11.794117647058824,1.7352941176470589,16.86842105263158,0.9117647058823528,0.0294117647058823,49.5,13.117647058823527,18.176470588235293,33.3235294117647,1.4088235294117646,1.068421052631579,112.0,164.0,40.0,76.0,46.0,87.0,12.029411764705882,3.8684210526315783,11.588235294117649,1.1764705882352942,1.1470588235294117,0.2647058823529412,436.7948916408669,10.36842105263158,11.647058823529411,13.823529411764705,20.94736842105263,17.294117647058822,18.852941176470587,11.029411764705882,1.7352941176470589,14.447368421052632,1.0294117647058822,0.0294117647058823,48.9,10.705882352941176,16.323529411764707,31.789473684210527,1.2263157894736842,1.181578947368421,113.0,135.0,35.0,64.0,38.0,72.0,0.0,3.0,6.0,1.0,4.0,5.0,2.0,1.0,2.0,2.0,3_vs_3,0.1052631578947368,0.0526315789473684,0.3421052631578947,0.2941176470588235,0.1764705882352941,0.2352941176470588,0.0526315789473684,0.088235294117647,0.1176470588235294,0.0294117647058823,72.0,60.0,54.0,66.0,74.0,62.0,54.0,41.0,0.0526315789473684,0.0,0.2105263157894736,0.2105263157894736,0.0588235294117647,0.1842105263157894,0.0,0.0588235294117647,0.1052631578947368,0.0294117647058823,45.0,44.0,47.0,44.0,45.0,44.5,44.0,44.0,0.4736842105263157,0.0257830811847432,0.4736842105263157,0.0332409972299168,0,0,0,0,0,0,0,0,0,0,0,0,0,0,0,0,0,0,2026_special,J1,明治安田Ｊ１百年構想 WESTグループ,100yj1,11,2026-04-18,14:04,hiro,ngsk,finished,2026_special-100yj1-11-hiro-vs-ngsk
2026_special,11,2026-04-18,c-os,0-0,kyot,Ajinomoto Stadium,13697.0,0,0,7.0,7.0,367.5,4-2-3-1,4-1-2-3,7.0,13.0,-6.0,0.0,0.0,1528.4739621715223,1482.394720240757,46.07924193076542,14350000.0,15730000.0,-1380000.0,99.0,110.5,25.0,19.5,7.0,6.0,1.36,1.111,49.5,46.4,54.2,46.2,0.0,0.0,0.0,0,0,13.394736842105264,3.8684210526315783,12.18421052631579,1.236842105263158,1.1764705882352942,0.2894736842105263,455.8157894736842,10.823529411764708,11.105263157894736,15.289473684210526,20.5,15.5,18.38235294117647,9.157894736842104,1.605263157894737,13.941176470588236,0.7368421052631579,0.0294117647058823,50.4,10.763157894736842,15.441176470588236,31.88235294117647,1.258823529411765,1.1973684210526316,114.0,129.0,41.0,62.0,48.0,66.0,11.911764705882351,3.176470588235294,13.35294117647059,1.131578947368421,1.3235294117647058,0.2352941176470588,330.5147058823529,10.735294117647058,10.43498452012384,14.617647058823527,25.558823529411764,17.409442724458206,20.83513931888545,13.421052631578949,1.5255417956656347,17.894736842105264,1.4396284829721364,0.0835913312693498,46.55,9.441176470588236,15.81501547987616,33.94117647058823,1.188235294117647,1.4,113.0,135.0,27.0,53.0,36.5,80.0,0.0,4.0,4.0,2.0,4.0,3.0,3.0,-1.0,2.0,2.0,4_vs_4,0.088235294117647,0.0,0.2894736842105263,0.2894736842105263,0.0526315789473684,0.2368421052631578,0.0294117647058823,0.0789473684210526,0.088235294117647,0.0588235294117647,56.0,45.0,45.0,49.0,46.0,44.0,50.0,55.0,0.02786377708978325,0.0,0.2376160990712074,0.2105263157894736,0.07043343653250769,0.0588235294117647,0.0,0.0719814241486068,0.1176470588235294,0.01470588235294115,56.0,35.5,54.5,60.0,56.0,46.0,36.0,38.0,0.5,0.0279316712834718,0.4605263157894737,0.0427631578947368,0,0,0,0,0,0,0,0,0,0,0,0,0,0,0,0,0,0,2026_special,J1,明治安田Ｊ１百年構想 WESTグループ,100yj1,11,2026-04-18,16:03,c-os,kyot,finished,2026_special-100yj1-11-c-os-vs-kyot
2026_special,11,2026-04-19,mito,0-0,kasw,Ajinomoto Stadium,13697.0,0,0,7.0,7.0,242.7,4-4-2,3-4-2-1,8.0,11.0,-3.0,0.0,0.0,1509.5295185893274,1463.874953058819,45.65456553050831,9700000.0,18450000.0,-8750000.0,82.0,96.0,20.0,21.0,7.0,7.0,1.025,1.395,48.3,51.7,50.5,54.3,0.0,0.0,0.0,0,0,12.029411764705882,3.8684210526315783,11.588235294117649,1.1764705882352942,1.1470588235294117,0.2647058823529412,436.7948916408669,10.36842105263158,11.647058823529411,13.823529411764705,20.94736842105263,17.294117647058822,18.852941176470587,11.029411764705882,1.7352941176470589,14.447368421052632,1.0294117647058822,0.0294117647058823,48.9,10.705882352941176,16.323529411764707,31.789473684210527,1.2263157894736842,1.181578947368421,113.0,135.0,35.0,64.0,38.0,72.0,12.552631578947368,4.0588235294117645,11.382352941176473,1.0263157894736843,1.3529411764705883,0.2105263157894736,422.1315789473685,9.941176470588236,13.263157894736842,14.588235294117649,22.647058823529413,17.794117647058822,19.92105263157895,12.676470588235292,1.7352941176470589,16.441176470588236,1.588235294117647,0.0526315789473684,46.0,11.473684210526317,15.205882352941176,32.44117647058823,1.2289473684210528,1.181578947368421,113.0,163.0,39.0,80.0,47.0,82.0,0.0,4.0,5.0,2.0,3.0,5.0,2.0,0.0,2.0,2.0,4_vs_3,0.0526315789473684,0.0,0.2105263157894736,0.2105263157894736,0.0588235294117647,0.1842105263157894,0.0,0.0588235294117647,0.1052631578947368,0.0294117647058823,45.0,44.0,47.0,44.0,45.0,44.5,44.0,44.0,0.0526315789473684,0.0,0.1842105263157894,0.2105263157894736,0.2058823529411764,0.1842105263157894,0.0588235294117647,0.0588235294117647,0.1764705882352941,0.0588235294117647,50.0,43.0,54.0,45.0,55.0,63.0,43.0,43.0,0.4736842105263157,0.03372576177285315,0.4736842105263157,0.0396923749817757,0,0,0,0,0,0,0,0,0,0,0,0,0,0,0,0,0,0,2026_special,J1,明治安田Ｊ１百年構想 EASTグループ,100yj1,11,2026-04-19,13:03,mito,kasw,finished,2026_special-100yj1-11-mito-vs-kasw
2026_special,11,2026-04-19,g-os,0-0,okay,Ajinomoto Stadium,13697.0,0,0,7.0,6.0,0.0,4-2-3-1,3-4-2-1,13.0,12.0,1.0,0.0,1.0,1473.8803223429218,1488.4488488061263,-14.568526463204535,15430000.0,11200000.0,4230000.0,93.0,127.0,21.0,24.0,6.0,5.0,1.432,1.253,51.1,46.7,53.9,49.2,0.0,0.0,0.0,0,0,12.763157894736842,4.088235294117647,14.911764705882351,1.1176470588235294,1.2894736842105263,0.3421052631578947,473.8157894736842,9.470588235294118,10.794117647058824,13.058823529411764,23.029411764705884,17.13157894736842,20.289473684210527,11.558823529411764,1.7941176470588236,17.676470588235293,1.0526315789473684,0.0294117647058823,48.1,11.176470588235292,16.91176470588235,31.789473684210527,1.2352941176470589,1.576470588235294,113.0,157.0,38.0,67.0,50.0,83.0,0.0,0.0,0.0,0.0,0.0,0.0,0.0,0.0,0.0,0.0,0.0,0.0,0.0,0.0,0.0,0.0,0.0,0.0,0.0,0.0,0.0,0.0,0.0,0.0,0.0,0.0,0.0,0.0,0.0,0.0,0.0,4.0,4.0,2.0,3.0,6.0,1.0,-1.0,2.0,2.0,4_vs_3,0.131578947368421,0.0263157894736842,0.2631578947368421,0.1764705882352941,0.0588235294117647,0.1764705882352941,0.0263157894736842,0.1470588235294117,0.1470588235294117,0.0294117647058823,41.0,45.0,49.0,49.0,43.0,47.0,55.0,47.0,0.0,0.0,0.0,0.0,0.0,0.0,0.0,0.0,0.0,0.0,0.0,0.0,0.0,0.0,0.0,0.0,0.0,0.0,0.5,0.0415945290858725,0.5526315789473685,0.0339335180055401,0,0,0,0,0,0,0,0,0,0,0,0,0,0,0,0,0,0,2026_special,J1,明治安田Ｊ１百年構想 WESTグループ,100yj1,11,2026-04-19,15:03,g-os,okay,finished,2026_special-100yj1-11-g-os-vs-okay
2026_special,11,2026-04-19,nago,0-0,fuku,Ajinomoto Stadium,13697.0,0,0,7.0,7.0,843.1,3-4-2-1,3-4-2-1,8.0,10.0,-2.0,0.0,0.0,1520.4820799936924,1493.4237115482938,27.058368445398628,15900000.0,10830000.0,5070000.0,114.0,121.0,27.0,22.0,7.0,7.0,1.431,0.959,52.8,44.4,51.1,53.0,0.0,0.0,0.0,0,0,11.205882352941176,3.8947368421052633,11.735294117647058,1.1578947368421053,1.0294117647058822,0.3823529411764705,403.1764705882353,11.676470588235292,10.705882352941176,13.441176470588236,21.647058823529413,18.58823529411765,18.94117647058824,10.176470588235292,1.7941176470588236,14.763157894736842,1.0,0.0588235294117647,46.2,8.973684210526315,17.294117647058822,30.289473684210527,1.1823529411764706,1.1176470588235294,114.0,155.0,39.0,74.0,48.0,79.0,10.5,3.176470588235294,11.157894736842104,0.868421052631579,1.0,0.3235294117647059,336.8684210526316,10.529411764705882,9.657894736842104,14.052631578947368,24.61764705882353,19.529411764705884,18.44117647058824,13.058823529411764,1.6176470588235294,18.61764705882353,1.4411764705882353,0.0263157894736842,42.7,8.368421052631579,17.5,32.28947368421053,1.0558823529411765,1.0323529411764707,109.0,120.0,26.0,52.0,38.0,67.0,0.0,3.0,6.0,1.0,3.0,6.0,1.0,1.0,2.0,2.0,3_vs_3,0.0588235294117647,0.0294117647058823,0.2647058823529412,0.2058823529411764,0.0294117647058823,0.1842105263157894,0.0,0.1052631578947368,0.1470588235294117,0.0526315789473684,51.0,50.0,38.0,45.0,47.0,44.0,43.0,46.0,0.0526315789473684,0.0263157894736842,0.2105263157894736,0.2105263157894736,0.0263157894736842,0.2058823529411764,0.0,0.0263157894736842,0.0789473684210526,0.0263157894736842,42.0,45.0,44.0,47.0,54.0,51.0,40.0,34.0,0.5,0.0339335180055401,0.5,0.026167392164622,0,0,0,0,0,0,0,0,0,0,0,0,0,0,0,0,0,0,2026_special,J1,明治安田Ｊ１百年構想 WESTグループ,100yj1,11,2026-04-19,16:03,nago,fuku,finished,2026_special-100yj1-11-nago-vs-fuku
2026_special,17,2026-04-22,g-os,0-0,fuku,Ajinomoto Stadium,13697.0,0,0,7.0,7.0,843.1,4-2-3-1,3-4-2-1,13.0,10.0,3.0,0.0,0.0,1473.8803223429218,1493.4237115482938,-19.543389205372023,15430000.0,10830000.0,4600000.0,93.0,121.0,21.0,22.0,6.0,7.0,1.432,0.959,51.1,46.7,51.1,53.0,0.0,0.0,0.0,0,0,12.763157894736842,4.088235294117647,14.911764705882351,1.1176470588235294,1.2894736842105263,0.3421052631578947,473.8157894736842,9.470588235294118,10.794117647058824,13.058823529411764,23.029411764705884,17.13157894736842,20.289473684210527,11.558823529411764,1.7941176470588236,17.676470588235293,1.0526315789473684,0.0294117647058823,48.1,11.176470588235292,16.91176470588235,31.789473684210527,1.2352941176470589,1.576470588235294,113.0,157.0,38.0,67.0,50.0,83.0,10.5,3.176470588235294,11.157894736842104,0.868421052631579,1.0,0.3235294117647059,336.8684210526316,10.529411764705882,9.657894736842104,14.052631578947368,24.61764705882353,19.529411764705884,18.44117647058824,13.058823529411764,1.6176470588235294,18.61764705882353,1.4411764705882353,0.0263157894736842,42.7,8.368421052631579,17.5,32.28947368421053,1.0558823529411765,1.0323529411764707,109.0,120.0,26.0,52.0,38.0,67.0,0.0,4.0,4.0,2.0,3.0,6.0,1.0,-1.0,2.0,2.0,4_vs_3,0.131578947368421,0.0263157894736842,0.2631578947368421,0.1764705882352941,0.0588235294117647,0.1764705882352941,0.0263157894736842,0.1470588235294117,0.1470588235294117,0.0294117647058823,41.0,45.0,49.0,49.0,43.0,47.0,55.0,47.0,0.0526315789473684,0.0263157894736842,0.2105263157894736,0.2105263157894736,0.0263157894736842,0.2058823529411764,0.0,0.0263157894736842,0.0789473684210526,0.0263157894736842,42.0,45.0,44.0,47.0,54.0,51.0,40.0,34.0,0.5,0.0415945290858725,0.5,0.026167392164622,0,0,0,0,0,0,0,0,0,0,0,0,0,0,0,0,0,0,2026_special,J1,明治安田Ｊ１百年構想 WESTグループ,100yj1,17,2026-04-22,19:03,g-os,fuku,finished,2026_special-100yj1-17-g-os-vs-fuku
2026_special,12,2026-04-24,kasw,0-0,kasm,Ajinomoto Stadium,13697.0,0,0,6.0,7.0,289.2,3-4-2-1,4-4-2,12.0,4.0,8.0,0.0,0.0,1467.1220364785213,1581.086740142147,-113.96470366362564,18450000.0,23030000.0,-4580000.0,101.0,88.0,20.0,30.0,6.0,8.0,1.395,1.445,50.5,54.3,47.3,48.1,0.0,0.0,0.0,0,0,12.552631578947368,4.0588235294117645,11.382352941176473,1.0263157894736843,1.3529411764705883,0.2105263157894736,422.1315789473685,9.941176470588236,13.263157894736842,14.588235294117649,22.647058823529413,17.794117647058822,19.92105263157895,12.676470588235292,1.7352941176470589,16.441176470588236,1.588235294117647,0.0526315789473684,46.0,11.473684210526317,15.205882352941176,32.44117647058823,1.2289473684210528,1.181578947368421,113.0,163.0,39.0,80.0,47.0,82.0,12.941176470588236,4.176470588235294,11.147058823529411,1.5789473684210529,1.0789473684210529,0.3947368421052631,424.11764705882354,10.852941176470589,12.264705882352942,15.078947368421051,21.91176470588235,18.68421052631579,19.97058823529412,11.894736842105264,2.0,18.81578947368421,1.411764705882353,0.0588235294117647,50.1,11.5,17.36842105263158,33.55263157894737,1.2868421052631578,1.2078947368421051,112.0,167.0,40.0,80.0,45.0,86.0,0.0,3.0,5.0,2.0,4.0,4.0,2.0,1.0,2.0,2.0,3_vs_4,0.0526315789473684,0.0,0.1842105263157894,0.2105263157894736,0.2058823529411764,0.1842105263157894,0.0588235294117647,0.0588235294117647,0.1764705882352941,0.0588235294117647,50.0,43.0,54.0,45.0,55.0,63.0,43.0,43.0,0.0789473684210526,0.0,0.3823529411764705,0.2941176470588235,0.088235294117647,0.2631578947368421,0.0294117647058823,0.0588235294117647,0.1764705882352941,0.088235294117647,50.0,48.0,58.0,56.0,54.0,62.0,50.0,40.0,0.5,0.0372422283779624,0.5,0.0377077562326869,0,0,0,0,0,0,0,0,0,0,0,0,0,0,0,0,0,0,2026_special,J1,明治安田Ｊ１百年構想 EASTグループ,100yj1,12,2026-04-24,19:03,kasw,kasm,finished,2026_special-100yj1-12-kasw-vs-kasm
2026_special,12,2026-04-24,FCtk,0-0,mito,Ajinomoto Stadium,13697.0,0,0,7.0,7.0,357.7,4-4-2,4-4-2,0.0,8.0,-8.0,0.0,0.0,1505.1732969988918,1506.8677727889888,-1.6944757900969307,15680000.0,9700000.0,5980000.0,0.0,80.0,0.0,20.0,7.0,7.0,1.631,1.025,48.2,52.8,48.3,51.7,0.0,0.0,0.0,0,0,0.0,0.0,0.0,0.0,0.0,0.0,0.0,0.0,0.0,0.0,0.0,0.0,0.0,0.0,0.0,0.0,0.0,0.0,0.0,0.0,0.0,0.0,0.0,0.0,0.0,0.0,0.0,0.0,0.0,0.0,12.029411764705882,3.8684210526315783,11.588235294117649,1.1764705882352942,1.1470588235294117,0.2647058823529412,436.7948916408669,10.36842105263158,11.647058823529411,13.823529411764705,20.94736842105263,17.294117647058822,18.852941176470587,11.029411764705882,1.7352941176470589,14.447368421052632,1.0294117647058822,0.0294117647058823,48.9,10.705882352941176,16.323529411764707,31.789473684210527,1.2263157894736842,1.181578947368421,113.0,135.0,35.0,64.0,38.0,72.0,0.0,4.0,3.0,3.0,4.0,5.0,2.0,-1.0,2.0,2.0,4_vs_4,0.0,0.0,0.0,0.0,0.0,0.0,0.0,0.0,0.0,0.0,0.0,0.0,0.0,0.0,0.0,0.0,0.0,0.0,0.0526315789473684,0.0,0.2105263157894736,0.2105263157894736,0.0588235294117647,0.1842105263157894,0.0,0.0588235294117647,0.1052631578947368,0.0294117647058823,45.0,44.0,47.0,44.0,45.0,44.5,44.0,44.0,0.0,0.0,0.4736842105263157,0.0332409972299168,0,0,0,0,0,0,0,0,0,0,0,0,0,0,0,0,0,0,2026_special,J1,明治安田Ｊ１百年構想 EASTグループ,100yj1,12,2026-04-24,19:03,FCtk,mito,finished,2026_special-100yj1-12-FCtk-vs-mito
2026_special,12,2026-04-25,uraw,0-0,y-fm,Ajinomoto Stadium,13697.0,0,0,6.0,6.0,230.3,4-2-3-1,4-2-1-3,8.0,0.0,8.0,0.0,0.0,1549.6385738216893,1602.4015606637863,-52.76298684209701,17730000.0,14430000.0,3300000.0,93.0,0.0,25.0,24.0,8.0,9.0,1.437,1.201,50.6,49.6,50.4,52.3,0.0,0.0,0.0,0,0,12.029411764705882,3.941176470588236,12.578947368421051,1.2647058823529411,1.1470588235294117,0.3157894736842105,486.5,9.973684210526317,13.205882352941176,12.86842105263158,20.91176470588235,17.735294117647058,19.235294117647054,10.105263157894736,1.763157894736842,13.894736842105264,1.105263157894737,0.0294117647058823,52.7,10.558823529411764,16.81578947368421,30.47058823529412,1.363157894736842,1.1823529411764706,111.0,163.0,39.0,78.0,45.0,83.0,15.705882352941176,5.205882352941177,12.676470588235292,2.0294117647058822,1.1764705882352942,0.2647058823529412,607.2647058823529,11.852941176470589,17.205882352941178,18.294117647058822,18.647058823529413,16.973684210526315,19.11764705882353,11.842105263157896,1.5294117647058822,11.078947368421051,1.1842105263157894,0.0789473684210526,57.9,14.882352941176473,15.921052631578949,33.026315789473685,1.8088235294117647,1.3558823529411763,118.0,184.0,48.0,89.0,44.0,90.0,0.0,4.0,5.0,1.0,4.0,3.0,3.0,0.0,2.0,2.0,4_vs_4,0.1842105263157894,0.0294117647058823,0.2352941176470588,0.2352941176470588,0.1176470588235294,0.2368421052631578,0.0263157894736842,0.0526315789473684,0.1470588235294117,0.0263157894736842,46.0,43.0,52.0,42.0,42.0,45.0,53.0,63.0,0.0,0.0,0.0,0.0,0.0,0.0,0.0,0.0,0.0,0.0,0.0,0.0,0.0,0.0,0.0,0.0,0.0,0.0,0.4736842105263157,0.0279316712834718,0.5,0.0558633425669436,0,0,0,0,0,0,0,0,0,0,0,0,0,0,0,0,0,0,2026_special,J1,明治安田Ｊ１百年構想 EASTグループ,100yj1,12,2026-04-25,14:03,uraw,y-fm,finished,2026_special-100yj1-12-uraw-vs-y-fm
2026_special,12,2026-04-25,ka-f,0-0,chib,Ajinomoto Stadium,13697.0,0,0,6.0,7.0,357.7,4-2-3-1,4-4-2,6.0,8.0,-2.0,0.0,0.0,1587.410772611103,1506.8677727889888,80.54299982211433,21300000.0,11900000.0,9400000.0,114.0,80.0,28.0,20.0,8.0,7.0,1.171,1.194,52.1,50.6,40.0,48.5,0.0,0.0,0.0,0,0,14.657894736842104,4.947368421052632,10.235294117647058,1.911764705882353,1.2352941176470589,0.3235294117647059,578.9705882352941,11.552631578947368,15.68421052631579,13.617647058823527,20.294117647058822,18.94117647058824,20.0,9.794117647058824,2.2058823529411766,13.588235294117649,1.1470588235294117,0.088235294117647,54.9,14.078947368421051,17.5,32.47058823529412,1.6473684210526316,1.052941176470588,111.0,157.0,42.0,70.0,44.0,82.0,12.029411764705882,3.8684210526315783,11.588235294117649,1.1764705882352942,1.1470588235294117,0.2647058823529412,436.7948916408669,10.36842105263158,11.647058823529411,13.823529411764705,20.94736842105263,17.294117647058822,18.852941176470587,11.029411764705882,1.7352941176470589,14.447368421052632,1.0294117647058822,0.0294117647058823,48.9,10.705882352941176,16.323529411764707,31.789473684210527,1.2263157894736842,1.181578947368421,113.0,135.0,35.0,64.0,38.0,72.0,0.0,4.0,3.0,3.0,4.0,5.0,2.0,-1.0,2.0,2.0,4_vs_4,0.1764705882352941,0.0294117647058823,0.3421052631578947,0.4117647058823529,0.131578947368421,0.3529411764705882,0.0294117647058823,0.088235294117647,0.1764705882352941,0.1176470588235294,51.0,63.0,59.0,53.0,51.0,41.0,73.0,53.0,0.0526315789473684,0.0,0.2105263157894736,0.2105263157894736,0.0588235294117647,0.1842105263157894,0.0,0.0588235294117647,0.1052631578947368,0.0294117647058823,45.0,44.0,47.0,44.0,45.0,44.5,44.0,44.0,0.4736842105263157,0.0396923749817757,0.4736842105263157,0.0332409972299168,0,0,0,0,0,0,0,0,0,0,0,0,0,0,0,0,0,0,2026_special,J1,明治安田Ｊ１百年構想 EASTグループ,100yj1,12,2026-04-25,15:03,ka-f,chib,finished,2026_special-100yj1-12-ka-f-vs-chib
2026_special,12,2026-04-25,shim,0-0,nago,Ajinomoto Stadium,13697.0,0,0,7.0,7.0,230.3,4-1-2-3,3-4-2-1,13.0,9.0,4.0,1.0,0.0,1459.903557213622,1515.1299339257123,-55.226376712090314,12900000.0,15900000.0,-3000000.0,78.0,120.0,20.0,26.0,5.0,7.0,1.163,1.431,51.1,51.4,52.8,44.4,0.0,0.0,0.0,0,0,11.342105263157896,3.5,12.0,0.9736842105263158,1.4210526315789471,0.1176470588235294,407.60526315789474,9.157894736842104,8.421052631578947,13.342105263157896,21.47058823529412,15.263157894736842,19.07894736842105,8.894736842105264,1.9705882352941175,12.176470588235292,0.631578947368421,0.0263157894736842,43.5,8.973684210526315,14.052631578947368,29.44736842105263,1.0578947368421054,1.0842105263157895,113.0,156.0,39.0,71.0,49.0,83.0,11.205882352941176,3.8947368421052633,11.735294117647058,1.1578947368421053,1.0294117647058822,0.3823529411764705,403.1764705882353,11.676470588235292,10.705882352941176,13.441176470588236,21.647058823529413,18.58823529411765,18.94117647058824,10.176470588235292,1.7941176470588236,14.763157894736842,1.0,0.0588235294117647,46.2,8.973684210526315,17.294117647058822,30.289473684210527,1.1823529411764706,1.1176470588235294,114.0,155.0,39.0,74.0,48.0,79.0,0.0,4.0,4.0,2.0,3.0,6.0,1.0,0.0,2.0,2.0,4_vs_3,0.0,0.0,0.3421052631578947,0.2105263157894736,0.0,0.131578947368421,0.0,0.0526315789473684,0.088235294117647,0.088235294117647,35.0,34.0,47.0,47.0,36.0,44.0,42.0,53.0,0.0588235294117647,0.0294117647058823,0.2647058823529412,0.2058823529411764,0.0294117647058823,0.1842105263157894,0.0,0.1052631578947368,0.1470588235294117,0.0526315789473684,51.0,50.0,38.0,45.0,47.0,44.0,43.0,46.0,0.5,0.0372422283779624,0.4736842105263157,0.0307787011388119,0,0,0,0,0,0,0,0,0,0,0,0,0,0,0,0,0,0,2026_special,J1,明治安田Ｊ１百年構想 WESTグループ,100yj1,12,2026-04-25,14:03,shim,nago,finished,2026_special-100yj1-12-shim-vs-nago
2026_special,12,2026-04-25,okay,0-0,fuku,Ajinomoto Stadium,13697.0,0,0,7.0,7.0,843.1,3-4-2-1,3-4-2-1,10.0,10.0,0.0,0.0,0.0,1501.047372404431,1493.4237115482938,7.623660856137121,11200000.0,10830000.0,370000.0,100.0,121.0,22.0,22.0,6.0,7.0,1.253,0.959,53.9,49.2,51.1,53.0,0.0,0.0,0.0,0,0,0.0,0.0,0.0,0.0,0.0,0.0,0.0,0.0,0.0,0.0,0.0,0.0,0.0,0.0,0.0,0.0,0.0,0.0,0.0,0.0,0.0,0.0,0.0,0.0,0.0,0.0,0.0,0.0,0.0,0.0,10.5,3.176470588235294,11.157894736842104,0.868421052631579,1.0,0.3235294117647059,336.8684210526316,10.529411764705882,9.657894736842104,14.052631578947368,24.61764705882353,19.529411764705884,18.44117647058824,13.058823529411764,1.6176470588235294,18.61764705882353,1.4411764705882353,0.0263157894736842,42.7,8.368421052631579,17.5,32.28947368421053,1.0558823529411765,1.0323529411764707,109.0,120.0,26.0,52.0,38.0,67.0,0.0,3.0,6.0,1.0,3.0,6.0,1.0,1.0,2.0,2.0,3_vs_3,0.0,0.0,0.0,0.0,0.0,0.0,0.0,0.0,0.0,0.0,0.0,0.0,0.0,0.0,0.0,0.0,0.0,0.0,0.0526315789473684,0.0263157894736842,0.2105263157894736,0.2105263157894736,0.0263157894736842,0.2058823529411764,0.0,0.0263157894736842,0.0789473684210526,0.0263157894736842,42.0,45.0,44.0,47.0,54.0,51.0,40.0,34.0,0.4736842105263157,0.0333564173591874,0.5,0.026167392164622,0,0,0,0,0,0,0,0,0,0,0,0,0,0,0,0,0,0,2026_special,J1,明治安田Ｊ１百年構想 WESTグループ,100yj1,12,2026-04-25,14:04,okay,fuku,finished,2026_special-100yj1-12-okay-vs-fuku
2026_special,12,2026-04-25,hiro,0-0,c-os,Ajinomoto Stadium,13697.0,0,0,7.0,6.0,385.9,3-4-2-1,4-2-3-1,6.0,7.0,-1.0,0.0,0.0,1578.4873311818164,1517.5446891102308,60.942642071585624,20900000.0,14350000.0,6550000.0,113.0,93.0,26.0,26.0,8.0,6.0,1.91,1.36,57.6,52.0,49.5,46.4,0.0,0.0,0.0,0,0,14.705882352941176,4.676470588235294,10.921052631578949,1.3529411764705883,1.105263157894737,0.3235294117647059,481.1470588235294,10.470588235294118,14.705882352941176,16.764705882352942,18.352941176470587,18.657894736842103,18.647058823529413,11.794117647058824,1.7352941176470589,16.86842105263158,0.9117647058823528,0.0294117647058823,49.5,13.117647058823527,18.176470588235293,33.3235294117647,1.4088235294117646,1.068421052631579,112.0,164.0,40.0,76.0,46.0,87.0,13.394736842105264,3.8684210526315783,12.18421052631579,1.236842105263158,1.1764705882352942,0.2894736842105263,455.8157894736842,10.823529411764708,11.105263157894736,15.289473684210526,20.5,15.5,18.38235294117647,9.157894736842104,1.605263157894737,13.941176470588236,0.7368421052631579,0.0294117647058823,50.4,10.763157894736842,15.441176470588236,31.88235294117647,1.258823529411765,1.1973684210526316,114.0,129.0,41.0,62.0,48.0,66.0,0.0,3.0,6.0,1.0,4.0,4.0,2.0,1.0,2.0,2.0,3_vs_4,0.1052631578947368,0.0526315789473684,0.3421052631578947,0.2941176470588235,0.1764705882352941,0.2352941176470588,0.0526315789473684,0.088235294117647,0.1176470588235294,0.0294117647058823,72.0,60.0,54.0,66.0,74.0,62.0,54.0,41.0,0.088235294117647,0.0,0.2894736842105263,0.2894736842105263,0.0526315789473684,0.2368421052631578,0.0294117647058823,0.0789473684210526,0.088235294117647,0.0588235294117647,56.0,45.0,45.0,49.0,46.0,44.0,50.0,55.0,0.4736842105263157,0.0257830811847432,0.5,0.0280470914127423,0,0,0,0,0,0,0,0,0,0,0,0,0,0,0,0,0,0,2026_special,J1,明治安田Ｊ１百年構想 WESTグループ,100yj1,12,2026-04-25,16:03,hiro,c-os,finished,2026_special-100yj1-12-hiro-vs-c-os
2026_special,12,2026-04-25,ngsk,0-0,g-os,Ajinomoto Stadium,13697.0,0,0,7.0,6.0,383.2,3-4-2-1,4-2-3-1,8.0,12.0,-4.0,0.0,0.0,1509.5295185893274,1474.8519838369311,34.67753475239624,14950000.0,15430000.0,-480000.0,82.0,85.0,20.0,20.0,7.0,7.0,1.312,1.432,45.3,46.7,51.1,46.7,0.0,0.0,0.0,0,0,12.029411764705882,3.8684210526315783,11.588235294117649,1.1764705882352942,1.1470588235294117,0.2647058823529412,436.7948916408669,10.36842105263158,11.647058823529411,13.823529411764705,20.94736842105263,17.294117647058822,18.852941176470587,11.029411764705882,1.7352941176470589,14.447368421052632,1.0294117647058822,0.0294117647058823,48.9,10.705882352941176,16.323529411764707,31.789473684210527,1.2263157894736842,1.181578947368421,113.0,135.0,35.0,64.0,38.0,72.0,12.763157894736842,4.088235294117647,14.911764705882351,1.1176470588235294,1.2894736842105263,0.3421052631578947,473.8157894736842,9.470588235294118,10.794117647058824,13.058823529411764,23.029411764705884,17.13157894736842,20.289473684210527,11.558823529411764,1.7941176470588236,17.676470588235293,1.0526315789473684,0.0294117647058823,48.1,11.176470588235292,16.91176470588235,31.789473684210527,1.2352941176470589,1.576470588235294,113.0,157.0,38.0,67.0,50.0,83.0,0.0,4.0,5.0,2.0,4.0,4.0,2.0,0.0,2.0,2.0,3_vs_4,0.0526315789473684,0.0,0.2105263157894736,0.2105263157894736,0.0588235294117647,0.1842105263157894,0.0,0.0588235294117647,0.1052631578947368,0.0294117647058823,45.0,44.0,47.0,44.0,45.0,44.5,44.0,44.0,0.131578947368421,0.0263157894736842,0.2631578947368421,0.1764705882352941,0.0588235294117647,0.1764705882352941,0.0263157894736842,0.1470588235294117,0.1470588235294117,0.0294117647058823,41.0,45.0,49.0,49.0,43.0,47.0,55.0,47.0,0.4736842105263157,0.03372576177285315,0.4736842105263157,0.0373961218836565,0,0,0,0,0,0,0,0,0,0,0,0,0,0,0,0,0,0,2026_special,J1,明治安田Ｊ１百年構想 WESTグループ,100yj1,12,2026-04-25,18:33,ngsk,g-os,finished,2026_special-100yj1-12-ngsk-vs-g-os
2026_special,13,2026-04-29,tk-v,0-0,kasm,Ajinomoto Stadium,13697.0,0,0,7.0,7.0,289.2,3-4-2-1,4-4-2,14.0,4.0,10.0,0.0,0.0,1504.6550651609919,1581.086740142147,-76.43167498115508,8700000.0,23030000.0,-14330000.0,120.5,88.0,24.0,30.0,7.0,8.0,0.893,1.445,45.6,57.4,47.3,48.1,0.0,0.0,0.0,0,0,6.026315789473684,2.1842105263157894,5.894736842105263,0.6710526315789473,0.6710526315789473,0.15789473684210525,200.48684210526315,4.842105263157895,6.052631578947368,5.973684210526316,13.11842105263158,9.026315789473685,9.355263157894738,5.960526315789474,1.0,8.763157894736842,0.6578947368421053,0.0263157894736842,22.95,5.105263157894737,7.894736842105263,15.828947368421051,0.6026315789473684,0.6039473684210526,58.0,61.0,15.0,26.5,19.0,33.5,12.941176470588236,4.176470588235294,11.147058823529411,1.5789473684210529,1.0789473684210529,0.3947368421052631,424.11764705882354,10.852941176470589,12.264705882352942,15.078947368421051,21.91176470588235,18.68421052631579,19.97058823529412,11.894736842105264,2.0,18.81578947368421,1.411764705882353,0.0588235294117647,50.1,11.5,17.36842105263158,33.55263157894737,1.2868421052631578,1.2078947368421051,112.0,167.0,40.0,80.0,45.0,86.0,0.0,3.0,6.0,1.0,4.0,4.0,2.0,1.0,2.0,2.0,3_vs_4,0.0789473684210526,0.0394736842105263,0.19736842105263155,0.0789473684210526,0.0657894736842105,0.0789473684210526,0.0,0.0789473684210526,0.0394736842105263,0.0131578947368421,22.5,22.5,23.0,19.5,22.5,21.0,22.0,25.0,0.0789473684210526,0.0,0.3823529411764705,0.2941176470588235,0.088235294117647,0.2631578947368421,0.0294117647058823,0.0588235294117647,0.1764705882352941,0.088235294117647,50.0,48.0,58.0,56.0,54.0,62.0,50.0,40.0,0.513157894736842,0.03355263157894735,0.5,0.0377077562326869,0,0,0,0,0,0,0,0,0,0,0,0,0,0,0,0,0,0,2026_special,J1,明治安田Ｊ１百年構想 EASTグループ,100yj1,13,2026-04-29,13:03,tk-v,kasm,finished,2026_special-100yj1-13-tk-v-vs-kasm
2026_special,13,2026-04-29,chib,0-0,y-fm,Ajinomoto Stadium,13697.0,0,0,7.0,6.0,230.3,4-4-2,4-2-1-3,8.0,0.0,8.0,0.0,0.0,1509.5295185893274,1602.4015606637863,-92.87204207445893,11900000.0,14430000.0,-2530000.0,82.0,0.0,20.0,24.0,7.0,9.0,1.194,1.201,40.0,48.5,50.4,52.3,0.0,0.0,0.0,0,0,12.029411764705882,3.8684210526315783,11.588235294117649,1.1764705882352942,1.1470588235294117,0.2647058823529412,436.7948916408669,10.36842105263158,11.647058823529411,13.823529411764705,20.94736842105263,17.294117647058822,18.852941176470587,11.029411764705882,1.7352941176470589,14.447368421052632,1.0294117647058822,0.0294117647058823,48.9,10.705882352941176,16.323529411764707,31.789473684210527,1.2263157894736842,1.181578947368421,113.0,135.0,35.0,64.0,38.0,72.0,15.705882352941176,5.205882352941177,12.676470588235292,2.0294117647058822,1.1764705882352942,0.2647058823529412,607.2647058823529,11.852941176470589,17.205882352941178,18.294117647058822,18.647058823529413,16.973684210526315,19.11764705882353,11.842105263157896,1.5294117647058822,11.078947368421051,1.1842105263157894,0.0789473684210526,57.9,14.882352941176473,15.921052631578949,33.026315789473685,1.8088235294117647,1.3558823529411763,118.0,184.0,48.0,89.0,44.0,90.0,0.0,4.0,5.0,2.0,4.0,3.0,3.0,0.0,2.0,2.0,4_vs_4,0.0526315789473684,0.0,0.2105263157894736,0.2105263157894736,0.0588235294117647,0.1842105263157894,0.0,0.0588235294117647,0.1052631578947368,0.0294117647058823,45.0,44.0,47.0,44.0,45.0,44.5,44.0,44.0,0.0,0.0,0.0,0.0,0.0,0.0,0.0,0.0,0.0,0.0,0.0,0.0,0.0,0.0,0.0,0.0,0.0,0.0,0.4736842105263157,0.03372576177285315,0.5,0.0558633425669436,0,0,0,0,0,0,0,0,0,0,0,0,0,0,0,0,0,0,2026_special,J1,明治安田Ｊ１百年構想 EASTグループ,100yj1,13,2026-04-29,14:03,chib,y-fm,finished,2026_special-100yj1-13-chib-vs-y-fm
2026_special,13,2026-04-29,uraw,0-0,ka-f,Ajinomoto Stadium,13697.0,0,0,6.0,7.0,233.7,4-2-3-1,4-2-3-1,8.0,6.0,2.0,0.0,0.0,1549.6385738216893,1594.7797550093385,-45.14118118764918,17730000.0,21300000.0,-3570000.0,93.0,127.0,25.0,29.0,8.0,9.0,1.437,1.171,50.6,49.6,52.1,50.6,0.0,0.0,0.0,0,0,12.029411764705882,3.941176470588236,12.578947368421051,1.2647058823529411,1.1470588235294117,0.3157894736842105,486.5,9.973684210526317,13.205882352941176,12.86842105263158,20.91176470588235,17.735294117647058,19.235294117647054,10.105263157894736,1.763157894736842,13.894736842105264,1.105263157894737,0.0294117647058823,52.7,10.558823529411764,16.81578947368421,30.47058823529412,1.363157894736842,1.1823529411764706,111.0,163.0,39.0,78.0,45.0,83.0,14.657894736842104,4.947368421052632,10.235294117647058,1.911764705882353,1.2352941176470589,0.3235294117647059,578.9705882352941,11.552631578947368,15.68421052631579,13.617647058823527,20.294117647058822,18.94117647058824,20.0,9.794117647058824,2.2058823529411766,13.588235294117649,1.1470588235294117,0.088235294117647,54.9,14.078947368421051,17.5,32.47058823529412,1.6473684210526316,1.052941176470588,111.0,157.0,42.0,70.0,44.0,82.0,0.0,4.0,5.0,1.0,4.0,3.0,3.0,0.0,2.0,2.0,4_vs_4,0.1842105263157894,0.0294117647058823,0.2352941176470588,0.2352941176470588,0.1176470588235294,0.2368421052631578,0.0263157894736842,0.0526315789473684,0.1470588235294117,0.0263157894736842,46.0,43.0,52.0,42.0,42.0,45.0,53.0,63.0,0.1764705882352941,0.0294117647058823,0.3421052631578947,0.4117647058823529,0.131578947368421,0.3529411764705882,0.0294117647058823,0.088235294117647,0.1764705882352941,0.1176470588235294,51.0,63.0,59.0,53.0,51.0,41.0,73.0,53.0,0.4736842105263157,0.0279316712834718,0.5,0.0363888189372953,0,0,0,0,0,0,0,0,0,0,0,0,0,0,0,0,0,0,2026_special,J1,明治安田Ｊ１百年構想 EASTグループ,100yj1,13,2026-04-29,15:03,uraw,ka-f,finished,2026_special-100yj1-13-uraw-vs-ka-f
2026_special,13,2026-04-29,mito,0-0,mcd,Ajinomoto Stadium,13697.0,0,0,7.0,7.0,145.05,4-4-2,3-4-2-1,8.0,0.0,8.0,0.0,0.0,1509.5295185893274,1572.0534875967746,-62.52396900744725,9700000.0,19300000.0,-9600000.0,82.0,0.0,20.0,31.5,7.0,8.0,1.025,1.132,48.3,51.7,48.2,54.8,0.0,0.0,0.0,0,0,12.029411764705882,3.8684210526315783,11.588235294117649,1.1764705882352942,1.1470588235294117,0.2647058823529412,436.7948916408669,10.36842105263158,11.647058823529411,13.823529411764705,20.94736842105263,17.294117647058822,18.852941176470587,11.029411764705882,1.7352941176470589,14.447368421052632,1.0294117647058822,0.0294117647058823,48.9,10.705882352941176,16.323529411764707,31.789473684210527,1.2263157894736842,1.181578947368421,113.0,135.0,35.0,64.0,38.0,72.0,6.092105263157895,1.631578947368421,5.421052631578948,0.7105263157894736,0.4473684210526316,0.23684210526315785,164.31578947368422,6.144736842105263,5.25,8.263157894736842,9.802631578947368,7.657894736842105,8.513157894736842,7.131578947368421,0.7105263157894736,10.828947368421051,0.75,0.0263157894736842,22.4,5.236842105263158,8.68421052631579,16.75,0.6907894736842105,0.4802631578947368,58.0,63.5,14.0,31.0,18.0,31.5,0.0,4.0,5.0,2.0,3.5,5.0,1.5,0.0,2.0,2.0,4_vs_3,0.0526315789473684,0.0,0.2105263157894736,0.2105263157894736,0.0588235294117647,0.1842105263157894,0.0,0.0588235294117647,0.1052631578947368,0.0294117647058823,45.0,44.0,47.0,44.0,45.0,44.5,44.0,44.0,0.0,0.0,0.0,0.0,0.0,0.0,0.0,0.0,0.0,0.0,0.0,0.0,0.0,0.0,0.0,0.0,0.0,0.0,0.4736842105263157,0.03372576177285315,0.49999999999999994,0.06755540166204985,0,0,0,0,0,0,0,0,0,0,0,0,0,0,0,0,0,0,2026_special,J1,明治安田Ｊ１百年構想 EASTグループ,100yj1,13,2026-04-29,16:03,mito,mcd,finished,2026_special-100yj1-13-mito-vs-mcd
2026_special,13,2026-04-29,kasw,0-0,FCtk,Ajinomoto Stadium,13697.0,0,0,6.0,7.0,225.6,3-4-2-1,4-4-2,12.0,0.0,12.0,0.0,0.0,1467.1220364785213,1507.3530303445389,-40.23099386601757,18450000.0,15680000.0,2770000.0,101.0,0.0,20.0,0.0,6.0,7.0,1.395,1.631,50.5,54.3,48.2,52.8,0.0,0.0,0.0,0,0,12.552631578947368,4.0588235294117645,11.382352941176473,1.0263157894736843,1.3529411764705883,0.2105263157894736,422.1315789473685,9.941176470588236,13.263157894736842,14.588235294117649,22.647058823529413,17.794117647058822,19.92105263157895,12.676470588235292,1.7352941176470589,16.441176470588236,1.588235294117647,0.0526315789473684,46.0,11.473684210526317,15.205882352941176,32.44117647058823,1.2289473684210528,1.181578947368421,113.0,163.0,39.0,80.0,47.0,82.0,0.0,0.0,0.0,0.0,0.0,0.0,0.0,0.0,0.0,0.0,0.0,0.0,0.0,0.0,0.0,0.0,0.0,0.0,0.0,0.0,0.0,0.0,0.0,0.0,0.0,0.0,0.0,0.0,0.0,0.0,0.0,3.0,5.0,2.0,4.0,3.0,3.0,1.0,2.0,2.0,3_vs_4,0.0526315789473684,0.0,0.1842105263157894,0.2105263157894736,0.2058823529411764,0.1842105263157894,0.0588235294117647,0.0588235294117647,0.1764705882352941,0.0588235294117647,50.0,43.0,54.0,45.0,55.0,63.0,43.0,43.0,0.0,0.0,0.0,0.0,0.0,0.0,0.0,0.0,0.0,0.0,0.0,0.0,0.0,0.0,0.0,0.0,0.0,0.0,0.5,0.0372422283779624,0.0,0.0,0,0,0,0,0,0,0,0,0,0,0,0,0,0,0,0,0,0,2026_special,J1,明治安田Ｊ１百年構想 EASTグループ,100yj1,13,2026-04-29,16:03,kasw,FCtk,finished,2026_special-100yj1-13-kasw-vs-FCtk
2026_special,13,2026-04-29,shim,0-0,ngsk,Ajinomoto Stadium,13697.0,0,0,7.0,7.0,357.7,4-1-2-3,3-4-2-1,13.0,8.0,5.0,1.0,0.0,1459.903557213622,1506.8677727889888,-46.96421557536678,12900000.0,14950000.0,-2050000.0,78.0,80.0,20.0,20.0,5.0,7.0,1.163,1.312,51.1,51.4,45.3,46.7,0.0,0.0,0.0,0,0,11.342105263157896,3.5,12.0,0.9736842105263158,1.4210526315789471,0.1176470588235294,407.60526315789474,9.157894736842104,8.421052631578947,13.342105263157896,21.47058823529412,15.263157894736842,19.07894736842105,8.894736842105264,1.9705882352941175,12.176470588235292,0.631578947368421,0.0263157894736842,43.5,8.973684210526315,14.052631578947368,29.44736842105263,1.0578947368421054,1.0842105263157895,113.0,156.0,39.0,71.0,49.0,83.0,12.029411764705882,3.8684210526315783,11.588235294117649,1.1764705882352942,1.1470588235294117,0.2647058823529412,436.7948916408669,10.36842105263158,11.647058823529411,13.823529411764705,20.94736842105263,17.294117647058822,18.852941176470587,11.029411764705882,1.7352941176470589,14.447368421052632,1.0294117647058822,0.0294117647058823,48.9,10.705882352941176,16.323529411764707,31.789473684210527,1.2263157894736842,1.181578947368421,113.0,135.0,35.0,64.0,38.0,72.0,0.0,4.0,4.0,2.0,4.0,5.0,2.0,0.0,2.0,2.0,4_vs_3,0.0,0.0,0.3421052631578947,0.2105263157894736,0.0,0.131578947368421,0.0,0.0526315789473684,0.088235294117647,0.088235294117647,35.0,34.0,47.0,47.0,36.0,44.0,42.0,53.0,0.0526315789473684,0.0,0.2105263157894736,0.2105263157894736,0.0588235294117647,0.1842105263157894,0.0,0.0588235294117647,0.1052631578947368,0.0294117647058823,45.0,44.0,47.0,44.0,45.0,44.5,44.0,44.0,0.5,0.0372422283779624,0.4736842105263157,0.0332409972299168,0,0,0,0,0,0,0,0,0,0,0,0,0,0,0,0,0,0,2026_special,J1,明治安田Ｊ１百年構想 WESTグループ,100yj1,13,2026-04-29,13:03,shim,ngsk,finished,2026_special-100yj1-13-shim-vs-ngsk
2026_special,13,2026-04-29,fuku,0-0,hiro,Ajinomoto Stadium,13697.0,0,0,7.0,7.0,639.0,3-4-2-1,3-4-2-1,10.0,5.0,5.0,0.0,0.0,1498.8558792382391,1580.9061483660332,-82.05026912779408,10830000.0,20900000.0,-10070000.0,113.0,117.0,21.0,29.0,6.0,8.0,0.959,1.91,51.1,53.0,57.6,52.0,0.0,0.0,0.0,0,0,10.5,3.176470588235294,11.157894736842104,0.868421052631579,1.0,0.3235294117647059,336.8684210526316,10.529411764705882,9.657894736842104,14.052631578947368,24.61764705882353,19.529411764705884,18.44117647058824,13.058823529411764,1.6176470588235294,18.61764705882353,1.4411764705882353,0.0263157894736842,42.7,8.368421052631579,17.5,32.28947368421053,1.0558823529411765,1.0323529411764707,109.0,120.0,26.0,52.0,38.0,67.0,14.705882352941176,4.676470588235294,10.921052631578949,1.3529411764705883,1.105263157894737,0.3235294117647059,481.1470588235294,10.470588235294118,14.705882352941176,16.764705882352942,18.352941176470587,18.657894736842103,18.647058823529413,11.794117647058824,1.7352941176470589,16.86842105263158,0.9117647058823528,0.0294117647058823,49.5,13.117647058823527,18.176470588235293,33.3235294117647,1.4088235294117646,1.068421052631579,112.0,164.0,40.0,76.0,46.0,87.0,0.0,3.0,6.0,1.0,3.0,6.0,1.0,0.0,2.0,2.0,3_vs_3,0.0526315789473684,0.0263157894736842,0.2105263157894736,0.2105263157894736,0.0263157894736842,0.2058823529411764,0.0,0.0263157894736842,0.0789473684210526,0.0263157894736842,42.0,45.0,44.0,47.0,54.0,51.0,40.0,34.0,0.1052631578947368,0.0526315789473684,0.3421052631578947,0.2941176470588235,0.1764705882352941,0.2352941176470588,0.0526315789473684,0.088235294117647,0.1176470588235294,0.0294117647058823,72.0,60.0,54.0,66.0,74.0,62.0,54.0,41.0,0.4736842105263157,0.0249307479224376,0.5,0.0251825736590279,0,0,0,0,0,0,0,0,0,0,0,0,0,0,0,0,0,0,2026_special,J1,明治安田Ｊ１百年構想 WESTグループ,100yj1,13,2026-04-29,14:03,fuku,hiro,finished,2026_special-100yj1-13-fuku-vs-hiro
2026_special,13,2026-04-29,kobe,0-0,c-os,Ajinomoto Stadium,13697.0,0,0,7.0,6.0,385.9,4-1-2-3,4-2-3-1,4.0,7.0,-3.0,0.0,0.0,1612.7483455948493,1517.5446891102308,95.20365648461848,17700000.0,14350000.0,3350000.0,93.0,93.0,24.0,26.0,9.0,6.0,1.718,1.36,52.1,50.3,49.5,46.4,0.0,0.0,0.0,0,0,12.411764705882351,4.176470588235294,11.852941176470589,1.605263157894737,0.9473684210526316,0.3421052631578947,518.9411764705883,11.470588235294118,12.411764705882351,14.235294117647058,21.86842105263158,16.794117647058822,18.473684210526315,9.911764705882351,2.210526315789474,16.92105263157895,0.9736842105263158,0.0294117647058823,53.7,11.382352941176473,16.605263157894736,31.94117647058824,1.3941176470588237,1.1088235294117648,113.0,163.0,42.0,70.0,44.0,88.0,13.394736842105264,3.8684210526315783,12.18421052631579,1.236842105263158,1.1764705882352942,0.2894736842105263,455.8157894736842,10.823529411764708,11.105263157894736,15.289473684210526,20.5,15.5,18.38235294117647,9.157894736842104,1.605263157894737,13.941176470588236,0.7368421052631579,0.0294117647058823,50.4,10.763157894736842,15.441176470588236,31.88235294117647,1.258823529411765,1.1973684210526316,114.0,129.0,41.0,62.0,48.0,66.0,0.0,4.0,3.0,3.0,4.0,4.0,2.0,-1.0,2.0,2.0,4_vs_4,0.0789473684210526,0.0263157894736842,0.2941176470588235,0.3823529411764705,0.1052631578947368,0.2105263157894736,0.0789473684210526,0.0789473684210526,0.1052631578947368,0.0294117647058823,57.0,56.0,47.0,43.0,45.0,39.0,54.0,61.0,0.088235294117647,0.0,0.2894736842105263,0.2894736842105263,0.0526315789473684,0.2368421052631578,0.0294117647058823,0.0789473684210526,0.088235294117647,0.0588235294117647,56.0,45.0,45.0,49.0,46.0,44.0,50.0,55.0,0.4736842105263157,0.0416666666666666,0.5,0.0280470914127423,0,0,0,0,0,0,0,0,0,0,0,0,0,0,0,0,0,0,2026_special,J1,明治安田Ｊ１百年構想 WESTグループ,100yj1,13,2026-04-29,14:03,kobe,c-os,finished,2026_special-100yj1-13-kobe-vs-c-os
2026_special,13,2026-04-29,kyot,0-0,g-os,Ajinomoto Stadium,13697.0,0,0,7.0,6.0,383.2,4-1-2-3,4-2-3-1,13.0,12.0,1.0,0.0,0.0,1483.0471288767508,1474.8519838369311,8.195145039819636,15730000.0,15430000.0,300000.0,127.5,85.0,21.0,20.0,6.5,7.0,1.111,1.432,54.2,46.2,51.1,46.7,0.0,0.0,0.0,0,0,11.911764705882351,3.176470588235294,13.35294117647059,1.131578947368421,1.3235294117647058,0.2352941176470588,330.5147058823529,10.735294117647058,10.43498452012384,14.617647058823527,25.558823529411764,17.409442724458206,20.83513931888545,13.421052631578949,1.5255417956656347,17.894736842105264,1.4396284829721364,0.0835913312693498,46.55,9.441176470588236,15.81501547987616,33.94117647058823,1.188235294117647,1.4,113.0,135.0,27.0,53.0,36.5,80.0,12.763157894736842,4.088235294117647,14.911764705882351,1.1176470588235294,1.2894736842105263,0.3421052631578947,473.8157894736842,9.470588235294118,10.794117647058824,13.058823529411764,23.029411764705884,17.13157894736842,20.289473684210527,11.558823529411764,1.7941176470588236,17.676470588235293,1.0526315789473684,0.0294117647058823,48.1,11.176470588235292,16.91176470588235,31.789473684210527,1.2352941176470589,1.576470588235294,113.0,157.0,38.0,67.0,50.0,83.0,0.0,4.0,3.0,3.0,4.0,4.0,2.0,-2.0,2.0,2.0,4_vs_4,0.02786377708978325,0.0,0.2376160990712074,0.2105263157894736,0.07043343653250769,0.0588235294117647,0.0,0.0719814241486068,0.1176470588235294,0.01470588235294115,56.0,35.5,54.5,60.0,56.0,46.0,36.0,38.0,0.131578947368421,0.0263157894736842,0.2631578947368421,0.1764705882352941,0.0588235294117647,0.1764705882352941,0.0263157894736842,0.1470588235294117,0.1470588235294117,0.0294117647058823,41.0,45.0,49.0,49.0,43.0,47.0,55.0,47.0,0.5,0.051988523941432455,0.4736842105263157,0.0373961218836565,0,0,0,0,0,0,0,0,0,0,0,0,0,0,0,0,0,0,2026_special,J1,明治安田Ｊ１百年構想 WESTグループ,100yj1,13,2026-04-29,15:03,kyot,g-os,finished,2026_special-100yj1-13-kyot-vs-g-os
2026_special,13,2026-04-29,nago,0-0,okay,Ajinomoto Stadium,13697.0,0,0,7.0,6.0,0.0,3-4-2-1,3-4-2-1,8.0,12.0,-4.0,0.0,1.0,1520.4820799936924,1488.4488488061263,32.033231187566116,15900000.0,11200000.0,4700000.0,114.0,127.0,27.0,24.0,7.0,5.0,1.431,1.253,52.8,44.4,53.9,49.2,0.0,0.0,0.0,0,0,11.205882352941176,3.8947368421052633,11.735294117647058,1.1578947368421053,1.0294117647058822,0.3823529411764705,403.1764705882353,11.676470588235292,10.705882352941176,13.441176470588236,21.647058823529413,18.58823529411765,18.94117647058824,10.176470588235292,1.7941176470588236,14.763157894736842,1.0,0.0588235294117647,46.2,8.973684210526315,17.294117647058822,30.289473684210527,1.1823529411764706,1.1176470588235294,114.0,155.0,39.0,74.0,48.0,79.0,0.0,0.0,0.0,0.0,0.0,0.0,0.0,0.0,0.0,0.0,0.0,0.0,0.0,0.0,0.0,0.0,0.0,0.0,0.0,0.0,0.0,0.0,0.0,0.0,0.0,0.0,0.0,0.0,0.0,0.0,0.0,3.0,6.0,1.0,3.0,6.0,1.0,1.0,2.0,2.0,3_vs_3,0.0588235294117647,0.0294117647058823,0.2647058823529412,0.2058823529411764,0.0294117647058823,0.1842105263157894,0.0,0.1052631578947368,0.1470588235294117,0.0526315789473684,51.0,50.0,38.0,45.0,47.0,44.0,43.0,46.0,0.0,0.0,0.0,0.0,0.0,0.0,0.0,0.0,0.0,0.0,0.0,0.0,0.0,0.0,0.0,0.0,0.0,0.0,0.5,0.0339335180055401,0.5526315789473685,0.0339335180055401,0,0,0,0,0,0,0,0,0,0,0,0,0,0,0,0,0,0,2026_special,J1,明治安田Ｊ１百年構想 WESTグループ,100yj1,13,2026-04-29,15:03,nago,okay,finished,2026_special-100yj1-13-nago-vs-okay
2026_special,14,2026-05-02,y-fm,0-0,mito,Ajinomoto Stadium,13697.0,0,0,6.0,7.0,357.7,4-2-1-3,4-4-2,0.0,8.0,-8.0,0.0,0.0,1602.479355440467,1506.8677727889888,95.61158265147833,14430000.0,9700000.0,4730000.0,0.0,80.0,25.0,20.0,8.0,7.0,1.201,1.025,50.4,52.3,48.3,51.7,0.0,0.0,0.0,0,0,15.705882352941176,5.205882352941177,12.676470588235292,2.0294117647058822,1.1764705882352942,0.2647058823529412,607.2647058823529,11.852941176470589,17.205882352941178,18.294117647058822,18.647058823529413,16.973684210526315,19.11764705882353,11.842105263157896,1.5294117647058822,11.078947368421051,1.1842105263157894,0.0789473684210526,57.9,14.882352941176473,15.921052631578949,33.026315789473685,1.8088235294117647,1.3558823529411763,118.0,184.0,48.0,89.0,44.0,90.0,12.029411764705882,3.8684210526315783,11.588235294117649,1.1764705882352942,1.1470588235294117,0.2647058823529412,436.7948916408669,10.36842105263158,11.647058823529411,13.823529411764705,20.94736842105263,17.294117647058822,18.852941176470587,11.029411764705882,1.7352941176470589,14.447368421052632,1.0294117647058822,0.0294117647058823,48.9,10.705882352941176,16.323529411764707,31.789473684210527,1.2263157894736842,1.181578947368421,113.0,135.0,35.0,64.0,38.0,72.0,0.0,4.0,3.0,3.0,4.0,5.0,2.0,-1.0,2.0,2.0,4_vs_4,0.0,0.0,0.0,0.0,0.0,0.0,0.0,0.0,0.0,0.0,0.0,0.0,0.0,0.0,0.0,0.0,0.0,0.0,0.0526315789473684,0.0,0.2105263157894736,0.2105263157894736,0.0588235294117647,0.1842105263157894,0.0,0.0588235294117647,0.1052631578947368,0.0294117647058823,45.0,44.0,47.0,44.0,45.0,44.5,44.0,44.0,0.4736842105263157,0.0569845666798575,0.4736842105263157,0.0332409972299168,0,0,0,0,0,0,0,0,0,0,0,0,0,0,0,0,0,0,2026_special,J1,明治安田Ｊ１百年構想 EASTグループ,100yj1,14,2026-05-02,14:03,y-fm,mito,finished,2026_special-100yj1-14-y-fm-vs-mito
2026_special,14,2026-05-02,FCtk,0-0,ka-f,Ajinomoto Stadium,13697.0,0,0,7.0,7.0,233.7,4-4-2,4-2-3-1,0.0,6.0,-6.0,0.0,0.0,1505.1732969988918,1594.7797550093385,-89.60645801044666,15680000.0,21300000.0,-5620000.0,0.0,127.0,0.0,29.0,7.0,9.0,1.631,1.171,48.2,52.8,52.1,50.6,0.0,0.0,0.0,0,0,0.0,0.0,0.0,0.0,0.0,0.0,0.0,0.0,0.0,0.0,0.0,0.0,0.0,0.0,0.0,0.0,0.0,0.0,0.0,0.0,0.0,0.0,0.0,0.0,0.0,0.0,0.0,0.0,0.0,0.0,14.657894736842104,4.947368421052632,10.235294117647058,1.911764705882353,1.2352941176470589,0.3235294117647059,578.9705882352941,11.552631578947368,15.68421052631579,13.617647058823527,20.294117647058822,18.94117647058824,20.0,9.794117647058824,2.2058823529411766,13.588235294117649,1.1470588235294117,0.088235294117647,54.9,14.078947368421051,17.5,32.47058823529412,1.6473684210526316,1.052941176470588,111.0,157.0,42.0,70.0,44.0,82.0,0.0,4.0,3.0,3.0,4.0,3.0,3.0,-1.0,2.0,2.0,4_vs_4,0.0,0.0,0.0,0.0,0.0,0.0,0.0,0.0,0.0,0.0,0.0,0.0,0.0,0.0,0.0,0.0,0.0,0.0,0.1764705882352941,0.0294117647058823,0.3421052631578947,0.4117647058823529,0.131578947368421,0.3529411764705882,0.0294117647058823,0.088235294117647,0.1764705882352941,0.1176470588235294,51.0,63.0,59.0,53.0,51.0,41.0,73.0,53.0,0.0,0.0,0.5,0.0363888189372953,0,0,0,0,0,0,0,0,0,0,0,0,0,0,0,0,0,0,2026_special,J1,明治安田Ｊ１百年構想 EASTグループ,100yj1,14,2026-05-02,14:04,FCtk,ka-f,finished,2026_special-100yj1-14-FCtk-vs-ka-f
2026_special,14,2026-05-02,uraw,0-0,chib,Ajinomoto Stadium,13697.0,0,0,6.0,7.0,357.7,4-2-3-1,4-4-2,8.0,8.0,0.0,0.0,0.0,1549.6385738216893,1506.8677727889888,42.77080103270055,17730000.0,11900000.0,5830000.0,93.0,80.0,25.0,20.0,8.0,7.0,1.437,1.194,50.6,49.6,40.0,48.5,0.0,0.0,0.0,0,0,12.029411764705882,3.941176470588236,12.578947368421051,1.2647058823529411,1.1470588235294117,0.3157894736842105,486.5,9.973684210526317,13.205882352941176,12.86842105263158,20.91176470588235,17.735294117647058,19.235294117647054,10.105263157894736,1.763157894736842,13.894736842105264,1.105263157894737,0.0294117647058823,52.7,10.558823529411764,16.81578947368421,30.47058823529412,1.363157894736842,1.1823529411764706,111.0,163.0,39.0,78.0,45.0,83.0,12.029411764705882,3.8684210526315783,11.588235294117649,1.1764705882352942,1.1470588235294117,0.2647058823529412,436.7948916408669,10.36842105263158,11.647058823529411,13.823529411764705,20.94736842105263,17.294117647058822,18.852941176470587,11.029411764705882,1.7352941176470589,14.447368421052632,1.0294117647058822,0.0294117647058823,48.9,10.705882352941176,16.323529411764707,31.789473684210527,1.2263157894736842,1.181578947368421,113.0,135.0,35.0,64.0,38.0,72.0,0.0,4.0,5.0,1.0,4.0,5.0,2.0,0.0,2.0,2.0,4_vs_4,0.1842105263157894,0.0294117647058823,0.2352941176470588,0.2352941176470588,0.1176470588235294,0.2368421052631578,0.0263157894736842,0.0526315789473684,0.1470588235294117,0.0263157894736842,46.0,43.0,52.0,42.0,42.0,45.0,53.0,63.0,0.0526315789473684,0.0,0.2105263157894736,0.2105263157894736,0.0588235294117647,0.1842105263157894,0.0,0.0588235294117647,0.1052631578947368,0.0294117647058823,45.0,44.0,47.0,44.0,45.0,44.5,44.0,44.0,0.4736842105263157,0.0279316712834718,0.4736842105263157,0.0332409972299168,0,0,0,0,0,0,0,0,0,0,0,0,0,0,0,0,0,0,2026_special,J1,明治安田Ｊ１百年構想 EASTグループ,100yj1,14,2026-05-02,16:03,uraw,chib,finished,2026_special-100yj1-14-uraw-vs-chib
2026_special,14,2026-05-02,okay,0-0,hiro,Ajinomoto Stadium,13697.0,0,0,7.0,7.0,639.0,3-4-2-1,3-4-2-1,10.0,5.0,5.0,0.0,0.0,1501.047372404431,1580.9061483660332,-79.8587759616023,11200000.0,20900000.0,-9700000.0,100.0,117.0,22.0,29.0,6.0,8.0,1.253,1.91,53.9,49.2,57.6,52.0,0.0,0.0,0.0,0,0,0.0,0.0,0.0,0.0,0.0,0.0,0.0,0.0,0.0,0.0,0.0,0.0,0.0,0.0,0.0,0.0,0.0,0.0,0.0,0.0,0.0,0.0,0.0,0.0,0.0,0.0,0.0,0.0,0.0,0.0,14.705882352941176,4.676470588235294,10.921052631578949,1.3529411764705883,1.105263157894737,0.3235294117647059,481.1470588235294,10.470588235294118,14.705882352941176,16.764705882352942,18.352941176470587,18.657894736842103,18.647058823529413,11.794117647058824,1.7352941176470589,16.86842105263158,0.9117647058823528,0.0294117647058823,49.5,13.117647058823527,18.176470588235293,33.3235294117647,1.4088235294117646,1.068421052631579,112.0,164.0,40.0,76.0,46.0,87.0,0.0,3.0,6.0,1.0,3.0,6.0,1.0,1.0,2.0,2.0,3_vs_3,0.0,0.0,0.0,0.0,0.0,0.0,0.0,0.0,0.0,0.0,0.0,0.0,0.0,0.0,0.0,0.0,0.0,0.0,0.1052631578947368,0.0526315789473684,0.3421052631578947,0.2941176470588235,0.1764705882352941,0.2352941176470588,0.0526315789473684,0.088235294117647,0.1176470588235294,0.0294117647058823,72.0,60.0,54.0,66.0,74.0,62.0,54.0,41.0,0.4736842105263157,0.0333564173591874,0.5,0.0251825736590279,0,0,0,0,0,0,0,0,0,0,0,0,0,0,0,0,0,0,2026_special,J1,明治安田Ｊ１百年構想 WESTグループ,100yj1,14,2026-05-02,13:00,okay,hiro,finished,2026_special-100yj1-14-okay-vs-hiro
2026_special,14,2026-05-02,kyot,0-0,shim,Ajinomoto Stadium,13697.0,0,0,7.0,7.0,222.2,4-1-2-3,4-1-2-3,13.0,13.0,0.0,0.0,0.0,1483.0471288767508,1454.3484905594707,28.69863831728003,15730000.0,12900000.0,2830000.0,127.5,85.0,21.0,17.0,6.5,5.0,1.111,1.163,54.2,46.2,51.1,51.4,0.0,0.0,0.0,0,0,11.911764705882351,3.176470588235294,13.35294117647059,1.131578947368421,1.3235294117647058,0.2352941176470588,330.5147058823529,10.735294117647058,10.43498452012384,14.617647058823527,25.558823529411764,17.409442724458206,20.83513931888545,13.421052631578949,1.5255417956656347,17.894736842105264,1.4396284829721364,0.0835913312693498,46.55,9.441176470588236,15.81501547987616,33.94117647058823,1.188235294117647,1.4,113.0,135.0,27.0,53.0,36.5,80.0,11.342105263157896,3.5,12.0,0.9736842105263158,1.4210526315789471,0.1176470588235294,407.60526315789474,9.157894736842104,8.421052631578947,13.342105263157896,21.47058823529412,15.263157894736842,19.07894736842105,8.894736842105264,1.9705882352941175,12.176470588235292,0.631578947368421,0.0263157894736842,43.5,8.973684210526315,14.052631578947368,29.44736842105263,1.0578947368421054,1.0842105263157895,113.0,156.0,39.0,71.0,49.0,83.0,0.0,4.0,3.0,3.0,4.0,4.0,2.0,-2.0,2.0,2.0,4_vs_4,0.02786377708978325,0.0,0.2376160990712074,0.2105263157894736,0.07043343653250769,0.0588235294117647,0.0,0.0719814241486068,0.1176470588235294,0.01470588235294115,56.0,35.5,54.5,60.0,56.0,46.0,36.0,38.0,0.0,0.0,0.3421052631578947,0.2105263157894736,0.0,0.131578947368421,0.0,0.0526315789473684,0.088235294117647,0.088235294117647,35.0,34.0,47.0,47.0,36.0,44.0,42.0,53.0,0.5,0.051988523941432455,0.5,0.0393477713422311,0,0,0,0,0,0,0,0,0,0,0,0,0,0,0,0,0,0,2026_special,J1,明治安田Ｊ１百年構想 WESTグループ,100yj1,14,2026-05-02,14:03,kyot,shim,finished,2026_special-100yj1-14-kyot-vs-shim
2026_special,14,2026-05-02,g-os,0-0,kobe,Ajinomoto Stadium,13697.0,0,0,7.0,7.0,412.8,4-2-3-1,4-1-2-3,13.0,4.0,9.0,0.0,0.0,1473.8803223429218,1611.2503664050294,-137.37004406210758,15430000.0,17700000.0,-2270000.0,93.0,96.0,21.0,24.0,6.0,9.0,1.432,1.718,51.1,46.7,52.1,50.3,0.0,0.0,0.0,0,0,12.763157894736842,4.088235294117647,14.911764705882351,1.1176470588235294,1.2894736842105263,0.3421052631578947,473.8157894736842,9.470588235294118,10.794117647058824,13.058823529411764,23.029411764705884,17.13157894736842,20.289473684210527,11.558823529411764,1.7941176470588236,17.676470588235293,1.0526315789473684,0.0294117647058823,48.1,11.176470588235292,16.91176470588235,31.789473684210527,1.2352941176470589,1.576470588235294,113.0,157.0,38.0,67.0,50.0,83.0,12.411764705882351,4.176470588235294,11.852941176470589,1.605263157894737,0.9473684210526316,0.3421052631578947,518.9411764705883,11.470588235294118,12.411764705882351,14.235294117647058,21.86842105263158,16.794117647058822,18.473684210526315,9.911764705882351,2.210526315789474,16.92105263157895,0.9736842105263158,0.0294117647058823,53.7,11.382352941176473,16.605263157894736,31.94117647058824,1.3941176470588237,1.1088235294117648,113.0,163.0,42.0,70.0,44.0,88.0,0.0,4.0,4.0,2.0,4.0,3.0,3.0,-1.0,2.0,2.0,4_vs_4,0.131578947368421,0.0263157894736842,0.2631578947368421,0.1764705882352941,0.0588235294117647,0.1764705882352941,0.0263157894736842,0.1470588235294117,0.1470588235294117,0.0294117647058823,41.0,45.0,49.0,49.0,43.0,47.0,55.0,47.0,0.0789473684210526,0.0263157894736842,0.2941176470588235,0.3823529411764705,0.1052631578947368,0.2105263157894736,0.0789473684210526,0.0789473684210526,0.1052631578947368,0.0294117647058823,57.0,56.0,47.0,43.0,45.0,39.0,54.0,61.0,0.5,0.0415945290858725,0.5,0.0443213296398891,0,0,0,0,0,0,0,0,0,0,0,0,0,0,0,0,0,0,2026_special,J1,明治安田Ｊ１百年構想 WESTグループ,100yj1,14,2026-05-02,15:03,g-os,kobe,finished,2026_special-100yj1-14-g-os-vs-kobe
2026_special,14,2026-05-03,tk-v,0-0,kasw,Ajinomoto Stadium,13697.0,0,0,7.0,7.0,242.7,3-4-2-1,3-4-2-1,14.0,11.0,3.0,0.0,0.0,1504.6550651609919,1463.874953058819,40.78011210217278,8700000.0,18450000.0,-9750000.0,120.5,96.0,24.0,21.0,7.0,7.0,0.893,1.395,45.6,57.4,50.5,54.3,0.0,0.0,0.0,0,0,6.026315789473684,2.1842105263157894,5.894736842105263,0.6710526315789473,0.6710526315789473,0.15789473684210525,200.48684210526315,4.842105263157895,6.052631578947368,5.973684210526316,13.11842105263158,9.026315789473685,9.355263157894738,5.960526315789474,1.0,8.763157894736842,0.6578947368421053,0.0263157894736842,22.95,5.105263157894737,7.894736842105263,15.828947368421051,0.6026315789473684,0.6039473684210526,58.0,61.0,15.0,26.5,19.0,33.5,12.552631578947368,4.0588235294117645,11.382352941176473,1.0263157894736843,1.3529411764705883,0.2105263157894736,422.1315789473685,9.941176470588236,13.263157894736842,14.588235294117649,22.647058823529413,17.794117647058822,19.92105263157895,12.676470588235292,1.7352941176470589,16.441176470588236,1.588235294117647,0.0526315789473684,46.0,11.473684210526317,15.205882352941176,32.44117647058823,1.2289473684210528,1.181578947368421,113.0,163.0,39.0,80.0,47.0,82.0,0.0,3.0,6.0,1.0,3.0,5.0,2.0,1.0,2.0,2.0,3_vs_3,0.0789473684210526,0.0394736842105263,0.19736842105263155,0.0789473684210526,0.0657894736842105,0.0789473684210526,0.0,0.0789473684210526,0.0394736842105263,0.0131578947368421,22.5,22.5,23.0,19.5,22.5,21.0,22.0,25.0,0.0526315789473684,0.0,0.1842105263157894,0.2105263157894736,0.2058823529411764,0.1842105263157894,0.0588235294117647,0.0588235294117647,0.1764705882352941,0.0588235294117647,50.0,43.0,54.0,45.0,55.0,63.0,43.0,43.0,0.513157894736842,0.03355263157894735,0.4736842105263157,0.0396923749817757,0,0,0,0,0,0,0,0,0,0,0,0,0,0,0,0,0,0,2026_special,J1,明治安田Ｊ１百年構想 EASTグループ,100yj1,14,2026-05-03,14:03,tk-v,kasw,finished,2026_special-100yj1-14-tk-v-vs-kasw
2026_special,14,2026-05-03,kasm,0-0,mcd,Ajinomoto Stadium,13697.0,0,0,7.0,7.0,145.05,4-4-2,3-4-2-1,4.0,0.0,4.0,0.0,0.0,1590.7185052811446,1572.0534875967746,18.665017684370014,23030000.0,19300000.0,3730000.0,86.0,0.0,31.0,31.5,9.0,8.0,1.445,1.132,47.3,48.1,48.2,54.8,0.0,0.0,0.0,0,0,12.941176470588236,4.176470588235294,11.147058823529411,1.5789473684210529,1.0789473684210529,0.3947368421052631,424.11764705882354,10.852941176470589,12.264705882352942,15.078947368421051,21.91176470588235,18.68421052631579,19.97058823529412,11.894736842105264,2.0,18.81578947368421,1.411764705882353,0.0588235294117647,50.1,11.5,17.36842105263158,33.55263157894737,1.2868421052631578,1.2078947368421051,112.0,167.0,40.0,80.0,45.0,86.0,6.092105263157895,1.631578947368421,5.421052631578948,0.7105263157894736,0.4473684210526316,0.23684210526315785,164.31578947368422,6.144736842105263,5.25,8.263157894736842,9.802631578947368,7.657894736842105,8.513157894736842,7.131578947368421,0.7105263157894736,10.828947368421051,0.75,0.0263157894736842,22.4,5.236842105263158,8.68421052631579,16.75,0.6907894736842105,0.4802631578947368,58.0,63.5,14.0,31.0,18.0,31.5,0.0,4.0,4.0,2.0,3.5,5.0,1.5,-1.0,2.0,2.0,4_vs_3,0.0789473684210526,0.0,0.3823529411764705,0.2941176470588235,0.088235294117647,0.2631578947368421,0.0294117647058823,0.0588235294117647,0.1764705882352941,0.088235294117647,50.0,48.0,58.0,56.0,54.0,62.0,50.0,40.0,0.0,0.0,0.0,0.0,0.0,0.0,0.0,0.0,0.0,0.0,0.0,0.0,0.0,0.0,0.0,0.0,0.0,0.0,0.4736842105263157,0.0364638823780098,0.49999999999999994,0.06755540166204985,0,0,0,0,0,0,0,0,0,0,0,0,0,0,0,0,0,0,2026_special,J1,明治安田Ｊ１百年構想 EASTグループ,100yj1,14,2026-05-03,16:03,kasm,mcd,finished,2026_special-100yj1-14-kasm-vs-mcd
2026_special,14,2026-05-03,c-os,0-0,fuku,Ajinomoto Stadium,13697.0,0,0,7.0,7.0,843.1,4-2-3-1,3-4-2-1,7.0,10.0,-3.0,0.0,0.0,1528.4739621715223,1493.4237115482938,35.05025062322852,14350000.0,10830000.0,3520000.0,99.0,121.0,25.0,22.0,7.0,7.0,1.36,0.959,49.5,46.4,51.1,53.0,0.0,0.0,0.0,0,0,13.394736842105264,3.8684210526315783,12.18421052631579,1.236842105263158,1.1764705882352942,0.2894736842105263,455.8157894736842,10.823529411764708,11.105263157894736,15.289473684210526,20.5,15.5,18.38235294117647,9.157894736842104,1.605263157894737,13.941176470588236,0.7368421052631579,0.0294117647058823,50.4,10.763157894736842,15.441176470588236,31.88235294117647,1.258823529411765,1.1973684210526316,114.0,129.0,41.0,62.0,48.0,66.0,10.5,3.176470588235294,11.157894736842104,0.868421052631579,1.0,0.3235294117647059,336.8684210526316,10.529411764705882,9.657894736842104,14.052631578947368,24.61764705882353,19.529411764705884,18.44117647058824,13.058823529411764,1.6176470588235294,18.61764705882353,1.4411764705882353,0.0263157894736842,42.7,8.368421052631579,17.5,32.28947368421053,1.0558823529411765,1.0323529411764707,109.0,120.0,26.0,52.0,38.0,67.0,0.0,4.0,4.0,2.0,3.0,6.0,1.0,-1.0,2.0,2.0,4_vs_3,0.088235294117647,0.0,0.2894736842105263,0.2894736842105263,0.0526315789473684,0.2368421052631578,0.0294117647058823,0.0789473684210526,0.088235294117647,0.0588235294117647,56.0,45.0,45.0,49.0,46.0,44.0,50.0,55.0,0.0526315789473684,0.0263157894736842,0.2105263157894736,0.2105263157894736,0.0263157894736842,0.2058823529411764,0.0,0.0263157894736842,0.0789473684210526,0.0263157894736842,42.0,45.0,44.0,47.0,54.0,51.0,40.0,34.0,0.5,0.0279316712834718,0.5,0.026167392164622,0,0,0,0,0,0,0,0,0,0,0,0,0,0,0,0,0,0,2026_special,J1,明治安田Ｊ１百年構想 WESTグループ,100yj1,14,2026-05-03,15:03,c-os,fuku,finished,2026_special-100yj1-14-c-os-vs-fuku
2026_special,14,2026-05-03,ngsk,0-0,nago,Ajinomoto Stadium,13697.0,0,0,7.0,7.0,230.3,3-4-2-1,3-4-2-1,8.0,9.0,-1.0,0.0,0.0,1509.5295185893274,1515.1299339257123,-5.600415336384913,14950000.0,15900000.0,-950000.0,82.0,120.0,20.0,26.0,7.0,7.0,1.312,1.431,45.3,46.7,52.8,44.4,0.0,0.0,0.0,0,0,12.029411764705882,3.8684210526315783,11.588235294117649,1.1764705882352942,1.1470588235294117,0.2647058823529412,436.7948916408669,10.36842105263158,11.647058823529411,13.823529411764705,20.94736842105263,17.294117647058822,18.852941176470587,11.029411764705882,1.7352941176470589,14.447368421052632,1.0294117647058822,0.0294117647058823,48.9,10.705882352941176,16.323529411764707,31.789473684210527,1.2263157894736842,1.181578947368421,113.0,135.0,35.0,64.0,38.0,72.0,11.205882352941176,3.8947368421052633,11.735294117647058,1.1578947368421053,1.0294117647058822,0.3823529411764705,403.1764705882353,11.676470588235292,10.705882352941176,13.441176470588236,21.647058823529413,18.58823529411765,18.94117647058824,10.176470588235292,1.7941176470588236,14.763157894736842,1.0,0.0588235294117647,46.2,8.973684210526315,17.294117647058822,30.289473684210527,1.1823529411764706,1.1176470588235294,114.0,155.0,39.0,74.0,48.0,79.0,0.0,4.0,5.0,2.0,3.0,6.0,1.0,0.0,2.0,2.0,3_vs_3,0.0526315789473684,0.0,0.2105263157894736,0.2105263157894736,0.0588235294117647,0.1842105263157894,0.0,0.0588235294117647,0.1052631578947368,0.0294117647058823,45.0,44.0,47.0,44.0,45.0,44.5,44.0,44.0,0.0588235294117647,0.0294117647058823,0.2647058823529412,0.2058823529411764,0.0294117647058823,0.1842105263157894,0.0,0.1052631578947368,0.1470588235294117,0.0526315789473684,51.0,50.0,38.0,45.0,47.0,44.0,43.0,46.0,0.4736842105263157,0.03372576177285315,0.4736842105263157,0.0307787011388119,0,0,0,0,0,0,0,0,0,0,0,0,0,0,0,0,0,0,2026_special,J1,明治安田Ｊ１百年構想 WESTグループ,100yj1,14,2026-05-03,17:03,ngsk,nago,finished,2026_special-100yj1-14-ngsk-vs-nago
2026_special,15,2026-05-06,FCtk,0-0,chib,Ajinomoto Stadium,13697.0,0,0,7.0,7.0,357.7,4-4-2,4-4-2,0.0,8.0,-8.0,0.0,0.0,1505.1732969988918,1506.8677727889888,-1.6944757900969307,15680000.0,11900000.0,3780000.0,0.0,80.0,0.0,20.0,7.0,7.0,1.631,1.194,48.2,52.8,40.0,48.5,0.0,0.0,0.0,0,0,0.0,0.0,0.0,0.0,0.0,0.0,0.0,0.0,0.0,0.0,0.0,0.0,0.0,0.0,0.0,0.0,0.0,0.0,0.0,0.0,0.0,0.0,0.0,0.0,0.0,0.0,0.0,0.0,0.0,0.0,12.029411764705882,3.8684210526315783,11.588235294117649,1.1764705882352942,1.1470588235294117,0.2647058823529412,436.7948916408669,10.36842105263158,11.647058823529411,13.823529411764705,20.94736842105263,17.294117647058822,18.852941176470587,11.029411764705882,1.7352941176470589,14.447368421052632,1.0294117647058822,0.0294117647058823,48.9,10.705882352941176,16.323529411764707,31.789473684210527,1.2263157894736842,1.181578947368421,113.0,135.0,35.0,64.0,38.0,72.0,0.0,4.0,3.0,3.0,4.0,5.0,2.0,-1.0,2.0,2.0,4_vs_4,0.0,0.0,0.0,0.0,0.0,0.0,0.0,0.0,0.0,0.0,0.0,0.0,0.0,0.0,0.0,0.0,0.0,0.0,0.0526315789473684,0.0,0.2105263157894736,0.2105263157894736,0.0588235294117647,0.1842105263157894,0.0,0.0588235294117647,0.1052631578947368,0.0294117647058823,45.0,44.0,47.0,44.0,45.0,44.5,44.0,44.0,0.0,0.0,0.4736842105263157,0.0332409972299168,0,0,0,0,0,0,0,0,0,0,0,0,0,0,0,0,0,0,2026_special,J1,明治安田Ｊ１百年構想 EASTグループ,100yj1,15,2026-05-06,15:03,FCtk,chib,finished,2026_special-100yj1-15-FCtk-vs-chib
2026_special,15,2026-05-06,mcd,0-0,y-fm,Ajinomoto Stadium,13697.0,0,0,6.0,6.0,230.3,3-4-2-1,4-2-1-3,0.0,0.0,0.0,0.0,0.0,1579.3237324440397,1602.4015606637863,-23.077828219746607,19300000.0,14430000.0,4870000.0,0.0,0.0,34.5,24.0,8.0,9.0,1.132,1.201,48.2,54.8,50.4,52.3,0.0,0.0,0.0,0,0,6.092105263157895,1.631578947368421,5.421052631578948,0.7105263157894736,0.4473684210526316,0.23684210526315785,164.31578947368422,6.144736842105263,5.25,8.263157894736842,9.802631578947368,7.657894736842105,8.513157894736842,7.131578947368421,0.7105263157894736,10.828947368421051,0.75,0.0263157894736842,22.4,5.236842105263158,8.68421052631579,16.75,0.6907894736842105,0.4802631578947368,58.0,63.5,14.0,31.0,18.0,31.5,15.705882352941176,5.205882352941177,12.676470588235292,2.0294117647058822,1.1764705882352942,0.2647058823529412,607.2647058823529,11.852941176470589,17.205882352941178,18.294117647058822,18.647058823529413,16.973684210526315,19.11764705882353,11.842105263157896,1.5294117647058822,11.078947368421051,1.1842105263157894,0.0789473684210526,57.9,14.882352941176473,15.921052631578949,33.026315789473685,1.8088235294117647,1.3558823529411763,118.0,184.0,48.0,89.0,44.0,90.0,0.0,3.5,5.0,1.5,4.0,3.0,3.0,0.0,2.0,2.0,3_vs_4,0.0,0.0,0.0,0.0,0.0,0.0,0.0,0.0,0.0,0.0,0.0,0.0,0.0,0.0,0.0,0.0,0.0,0.0,0.0,0.0,0.0,0.0,0.0,0.0,0.0,0.0,0.0,0.0,0.0,0.0,0.0,0.0,0.0,0.0,0.0,0.0,0.5263157894736843,0.0718458826492067,0.5,0.0558633425669436,0,0,0,0,0,0,0,0,0,0,0,0,0,0,0,0,0,0,2026_special,J1,明治安田Ｊ１百年構想 EASTグループ,100yj1,15,2026-05-06,16:03,mcd,y-fm,finished,2026_special-100yj1-15-mcd-vs-y-fm
2026_special,15,2026-05-06,kasm,0-0,mito,Ajinomoto Stadium,13697.0,0,0,7.0,7.0,357.7,4-4-2,4-4-2,4.0,8.0,-4.0,0.0,0.0,1590.7185052811446,1506.8677727889888,83.85073249215588,23030000.0,9700000.0,13330000.0,86.0,80.0,31.0,20.0,9.0,7.0,1.445,1.025,47.3,48.1,48.3,51.7,0.0,0.0,0.0,0,0,12.941176470588236,4.176470588235294,11.147058823529411,1.5789473684210529,1.0789473684210529,0.3947368421052631,424.11764705882354,10.852941176470589,12.264705882352942,15.078947368421051,21.91176470588235,18.68421052631579,19.97058823529412,11.894736842105264,2.0,18.81578947368421,1.411764705882353,0.0588235294117647,50.1,11.5,17.36842105263158,33.55263157894737,1.2868421052631578,1.2078947368421051,112.0,167.0,40.0,80.0,45.0,86.0,12.029411764705882,3.8684210526315783,11.588235294117649,1.1764705882352942,1.1470588235294117,0.2647058823529412,436.7948916408669,10.36842105263158,11.647058823529411,13.823529411764705,20.94736842105263,17.294117647058822,18.852941176470587,11.029411764705882,1.7352941176470589,14.447368421052632,1.0294117647058822,0.0294117647058823,48.9,10.705882352941176,16.323529411764707,31.789473684210527,1.2263157894736842,1.181578947368421,113.0,135.0,35.0,64.0,38.0,72.0,0.0,4.0,4.0,2.0,4.0,5.0,2.0,-1.0,2.0,2.0,4_vs_4,0.0789473684210526,0.0,0.3823529411764705,0.2941176470588235,0.088235294117647,0.2631578947368421,0.0294117647058823,0.0588235294117647,0.1764705882352941,0.088235294117647,50.0,48.0,58.0,56.0,54.0,62.0,50.0,40.0,0.0526315789473684,0.0,0.2105263157894736,0.2105263157894736,0.0588235294117647,0.1842105263157894,0.0,0.0588235294117647,0.1052631578947368,0.0294117647058823,45.0,44.0,47.0,44.0,45.0,44.5,44.0,44.0,0.4736842105263157,0.0364638823780098,0.4736842105263157,0.0332409972299168,0,0,0,0,0,0,0,0,0,0,0,0,0,0,0,0,0,0,2026_special,J1,明治安田Ｊ１百年構想 EASTグループ,100yj1,15,2026-05-06,16:03,kasm,mito,finished,2026_special-100yj1-15-kasm-vs-mito
2026_special,15,2026-05-06,ka-f,0-0,tk-v,Ajinomoto Stadium,13697.0,0,0,6.0,6.0,0.0,4-2-3-1,3-4-2-1,6.0,14.0,-8.0,0.0,0.0,1587.410772611103,1501.5800108714086,85.83076173969448,21300000.0,8700000.0,12600000.0,114.0,118.5,28.0,24.0,8.0,7.0,1.171,0.893,52.1,50.6,45.6,57.4,0.0,0.0,0.0,0,0,14.657894736842104,4.947368421052632,10.235294117647058,1.911764705882353,1.2352941176470589,0.3235294117647059,578.9705882352941,11.552631578947368,15.68421052631579,13.617647058823527,20.294117647058822,18.94117647058824,20.0,9.794117647058824,2.2058823529411766,13.588235294117649,1.1470588235294117,0.088235294117647,54.9,14.078947368421051,17.5,32.47058823529412,1.6473684210526316,1.052941176470588,111.0,157.0,42.0,70.0,44.0,82.0,6.026315789473684,2.1842105263157894,5.894736842105263,0.6710526315789473,0.6710526315789473,0.15789473684210525,200.48684210526315,4.842105263157895,6.052631578947368,5.973684210526316,13.11842105263158,9.026315789473685,9.355263157894738,5.960526315789474,1.0,8.763157894736842,0.6578947368421053,0.0263157894736842,22.95,5.105263157894737,7.894736842105263,15.828947368421051,0.6026315789473684,0.6039473684210526,58.0,61.0,15.0,26.5,19.0,33.5,0.0,4.0,3.0,3.0,3.0,6.0,1.0,-1.0,2.0,2.0,4_vs_3,0.1764705882352941,0.0294117647058823,0.3421052631578947,0.4117647058823529,0.131578947368421,0.3529411764705882,0.0294117647058823,0.088235294117647,0.1764705882352941,0.1176470588235294,51.0,63.0,59.0,53.0,51.0,41.0,73.0,53.0,0.0789473684210526,0.0394736842105263,0.19736842105263155,0.0789473684210526,0.0657894736842105,0.0789473684210526,0.0,0.0789473684210526,0.0394736842105263,0.0131578947368421,22.5,22.5,23.0,19.5,22.5,21.0,22.0,25.0,0.4736842105263157,0.0396923749817757,0.513157894736842,0.036448627549735546,0,0,0,0,0,0,0,0,0,0,0,0,0,0,0,0,0,0,2026_special,J1,明治安田Ｊ１百年構想 EASTグループ,100yj1,15,2026-05-06,17:03,ka-f,tk-v,finished,2026_special-100yj1-15-ka-f-vs-tk-v
2026_special,15,2026-05-06,kasw,0-0,uraw,Ajinomoto Stadium,13697.0,0,0,6.0,7.0,234.7,3-4-2-1,4-2-3-1,12.0,8.0,4.0,0.0,0.0,1467.1220364785213,1546.105970950524,-78.9839344720026,18450000.0,17730000.0,720000.0,101.0,99.0,20.0,25.0,6.0,7.0,1.395,1.437,50.5,54.3,50.6,49.6,0.0,0.0,0.0,0,0,12.552631578947368,4.0588235294117645,11.382352941176473,1.0263157894736843,1.3529411764705883,0.2105263157894736,422.1315789473685,9.941176470588236,13.263157894736842,14.588235294117649,22.647058823529413,17.794117647058822,19.92105263157895,12.676470588235292,1.7352941176470589,16.441176470588236,1.588235294117647,0.0526315789473684,46.0,11.473684210526317,15.205882352941176,32.44117647058823,1.2289473684210528,1.181578947368421,113.0,163.0,39.0,80.0,47.0,82.0,12.029411764705882,3.941176470588236,12.578947368421051,1.2647058823529411,1.1470588235294117,0.3157894736842105,486.5,9.973684210526317,13.205882352941176,12.86842105263158,20.91176470588235,17.735294117647058,19.235294117647054,10.105263157894736,1.763157894736842,13.894736842105264,1.105263157894737,0.0294117647058823,52.7,10.558823529411764,16.81578947368421,30.47058823529412,1.363157894736842,1.1823529411764706,111.0,163.0,39.0,78.0,45.0,83.0,0.0,3.0,5.0,2.0,4.0,5.0,1.0,1.0,2.0,2.0,3_vs_4,0.0526315789473684,0.0,0.1842105263157894,0.2105263157894736,0.2058823529411764,0.1842105263157894,0.0588235294117647,0.0588235294117647,0.1764705882352941,0.0588235294117647,50.0,43.0,54.0,45.0,55.0,63.0,43.0,43.0,0.1842105263157894,0.0294117647058823,0.2352941176470588,0.2352941176470588,0.1176470588235294,0.2368421052631578,0.0263157894736842,0.0526315789473684,0.1470588235294117,0.0263157894736842,46.0,43.0,52.0,42.0,42.0,45.0,53.0,63.0,0.5,0.0372422283779624,0.5,0.025,0,0,0,0,0,0,0,0,0,0,0,0,0,0,0,0,0,0,2026_special,J1,明治安田Ｊ１百年構想 EASTグループ,100yj1,15,2026-05-06,19:03,kasw,uraw,finished,2026_special-100yj1-15-kasw-vs-uraw
2026_special,15,2026-05-06,shim,0-0,c-os,Ajinomoto Stadium,13697.0,0,0,7.0,6.0,385.9,4-1-2-3,4-2-3-1,13.0,7.0,6.0,1.0,0.0,1459.903557213622,1517.5446891102308,-57.64113189660884,12900000.0,14350000.0,-1450000.0,78.0,93.0,20.0,26.0,5.0,6.0,1.163,1.36,51.1,51.4,49.5,46.4,0.0,0.0,0.0,0,0,11.342105263157896,3.5,12.0,0.9736842105263158,1.4210526315789471,0.1176470588235294,407.60526315789474,9.157894736842104,8.421052631578947,13.342105263157896,21.47058823529412,15.263157894736842,19.07894736842105,8.894736842105264,1.9705882352941175,12.176470588235292,0.631578947368421,0.0263157894736842,43.5,8.973684210526315,14.052631578947368,29.44736842105263,1.0578947368421054,1.0842105263157895,113.0,156.0,39.0,71.0,49.0,83.0,13.394736842105264,3.8684210526315783,12.18421052631579,1.236842105263158,1.1764705882352942,0.2894736842105263,455.8157894736842,10.823529411764708,11.105263157894736,15.289473684210526,20.5,15.5,18.38235294117647,9.157894736842104,1.605263157894737,13.941176470588236,0.7368421052631579,0.0294117647058823,50.4,10.763157894736842,15.441176470588236,31.88235294117647,1.258823529411765,1.1973684210526316,114.0,129.0,41.0,62.0,48.0,66.0,0.0,4.0,4.0,2.0,4.0,4.0,2.0,0.0,2.0,2.0,4_vs_4,0.0,0.0,0.3421052631578947,0.2105263157894736,0.0,0.131578947368421,0.0,0.0526315789473684,0.088235294117647,0.088235294117647,35.0,34.0,47.0,47.0,36.0,44.0,42.0,53.0,0.088235294117647,0.0,0.2894736842105263,0.2894736842105263,0.0526315789473684,0.2368421052631578,0.0294117647058823,0.0789473684210526,0.088235294117647,0.0588235294117647,56.0,45.0,45.0,49.0,46.0,44.0,50.0,55.0,0.5,0.0372422283779624,0.5,0.0280470914127423,0,0,0,0,0,0,0,0,0,0,0,0,0,0,0,0,0,0,2026_special,J1,明治安田Ｊ１百年構想 WESTグループ,100yj1,15,2026-05-06,13:03,shim,c-os,finished,2026_special-100yj1-15-shim-vs-c-os
2026_special,15,2026-05-06,ngsk,0-0,okay,Ajinomoto Stadium,13697.0,0,0,7.0,6.0,0.0,3-4-2-1,3-4-2-1,8.0,12.0,-4.0,0.0,1.0,1509.5295185893274,1488.4488488061263,21.080669783201074,14950000.0,11200000.0,3750000.0,82.0,127.0,20.0,24.0,7.0,5.0,1.312,1.253,45.3,46.7,53.9,49.2,0.0,0.0,0.0,0,0,12.029411764705882,3.8684210526315783,11.588235294117649,1.1764705882352942,1.1470588235294117,0.2647058823529412,436.7948916408669,10.36842105263158,11.647058823529411,13.823529411764705,20.94736842105263,17.294117647058822,18.852941176470587,11.029411764705882,1.7352941176470589,14.447368421052632,1.0294117647058822,0.0294117647058823,48.9,10.705882352941176,16.323529411764707,31.789473684210527,1.2263157894736842,1.181578947368421,113.0,135.0,35.0,64.0,38.0,72.0,0.0,0.0,0.0,0.0,0.0,0.0,0.0,0.0,0.0,0.0,0.0,0.0,0.0,0.0,0.0,0.0,0.0,0.0,0.0,0.0,0.0,0.0,0.0,0.0,0.0,0.0,0.0,0.0,0.0,0.0,0.0,4.0,5.0,2.0,3.0,6.0,1.0,0.0,2.0,2.0,3_vs_3,0.0526315789473684,0.0,0.2105263157894736,0.2105263157894736,0.0588235294117647,0.1842105263157894,0.0,0.0588235294117647,0.1052631578947368,0.0294117647058823,45.0,44.0,47.0,44.0,45.0,44.5,44.0,44.0,0.0,0.0,0.0,0.0,0.0,0.0,0.0,0.0,0.0,0.0,0.0,0.0,0.0,0.0,0.0,0.0,0.0,0.0,0.4736842105263157,0.03372576177285315,0.5526315789473685,0.0339335180055401,0,0,0,0,0,0,0,0,0,0,0,0,0,0,0,0,0,0,2026_special,J1,明治安田Ｊ１百年構想 WESTグループ,100yj1,15,2026-05-06,13:04,ngsk,okay,finished,2026_special-100yj1-15-ngsk-vs-okay
2026_special,15,2026-05-06,fuku,0-0,kyot,Ajinomoto Stadium,13697.0,0,0,7.0,7.0,367.5,3-4-2-1,4-1-2-3,10.0,13.0,-3.0,0.0,0.0,1498.8558792382391,1482.394720240757,16.461158997482244,10830000.0,15730000.0,-4900000.0,113.0,110.5,21.0,19.5,6.0,6.0,0.959,1.111,51.1,53.0,54.2,46.2,0.0,0.0,0.0,0,0,10.5,3.176470588235294,11.157894736842104,0.868421052631579,1.0,0.3235294117647059,336.8684210526316,10.529411764705882,9.657894736842104,14.052631578947368,24.61764705882353,19.529411764705884,18.44117647058824,13.058823529411764,1.6176470588235294,18.61764705882353,1.4411764705882353,0.0263157894736842,42.7,8.368421052631579,17.5,32.28947368421053,1.0558823529411765,1.0323529411764707,109.0,120.0,26.0,52.0,38.0,67.0,11.911764705882351,3.176470588235294,13.35294117647059,1.131578947368421,1.3235294117647058,0.2352941176470588,330.5147058823529,10.735294117647058,10.43498452012384,14.617647058823527,25.558823529411764,17.409442724458206,20.83513931888545,13.421052631578949,1.5255417956656347,17.894736842105264,1.4396284829721364,0.0835913312693498,46.55,9.441176470588236,15.81501547987616,33.94117647058823,1.188235294117647,1.4,113.0,135.0,27.0,53.0,36.5,80.0,0.0,3.0,6.0,1.0,4.0,3.0,3.0,0.0,2.0,2.0,3_vs_4,0.0526315789473684,0.0263157894736842,0.2105263157894736,0.2105263157894736,0.0263157894736842,0.2058823529411764,0.0,0.0263157894736842,0.0789473684210526,0.0263157894736842,42.0,45.0,44.0,47.0,54.0,51.0,40.0,34.0,0.02786377708978325,0.0,0.2376160990712074,0.2105263157894736,0.07043343653250769,0.0588235294117647,0.0,0.0719814241486068,0.1176470588235294,0.01470588235294115,56.0,35.5,54.5,60.0,56.0,46.0,36.0,38.0,0.4736842105263157,0.0249307479224376,0.4605263157894737,0.0427631578947368,0,0,0,0,0,0,0,0,0,0,0,0,0,0,0,0,0,0,2026_special,J1,明治安田Ｊ１百年構想 WESTグループ,100yj1,15,2026-05-06,14:03,fuku,kyot,finished,2026_special-100yj1-15-fuku-vs-kyot
2026_special,15,2026-05-06,nago,0-0,g-os,Ajinomoto Stadium,13697.0,0,0,7.0,6.0,383.2,3-4-2-1,4-2-3-1,8.0,12.0,-4.0,0.0,0.0,1520.4820799936924,1474.8519838369311,45.63009615676128,15900000.0,15430000.0,470000.0,114.0,85.0,27.0,20.0,7.0,7.0,1.431,1.432,52.8,44.4,51.1,46.7,0.0,0.0,0.0,0,0,11.205882352941176,3.8947368421052633,11.735294117647058,1.1578947368421053,1.0294117647058822,0.3823529411764705,403.1764705882353,11.676470588235292,10.705882352941176,13.441176470588236,21.647058823529413,18.58823529411765,18.94117647058824,10.176470588235292,1.7941176470588236,14.763157894736842,1.0,0.0588235294117647,46.2,8.973684210526315,17.294117647058822,30.289473684210527,1.1823529411764706,1.1176470588235294,114.0,155.0,39.0,74.0,48.0,79.0,12.763157894736842,4.088235294117647,14.911764705882351,1.1176470588235294,1.2894736842105263,0.3421052631578947,473.8157894736842,9.470588235294118,10.794117647058824,13.058823529411764,23.029411764705884,17.13157894736842,20.289473684210527,11.558823529411764,1.7941176470588236,17.676470588235293,1.0526315789473684,0.0294117647058823,48.1,11.176470588235292,16.91176470588235,31.789473684210527,1.2352941176470589,1.576470588235294,113.0,157.0,38.0,67.0,50.0,83.0,0.0,3.0,6.0,1.0,4.0,4.0,2.0,1.0,2.0,2.0,3_vs_4,0.0588235294117647,0.0294117647058823,0.2647058823529412,0.2058823529411764,0.0294117647058823,0.1842105263157894,0.0,0.1052631578947368,0.1470588235294117,0.0526315789473684,51.0,50.0,38.0,45.0,47.0,44.0,43.0,46.0,0.131578947368421,0.0263157894736842,0.2631578947368421,0.1764705882352941,0.0588235294117647,0.1764705882352941,0.0263157894736842,0.1470588235294117,0.1470588235294117,0.0294117647058823,41.0,45.0,49.0,49.0,43.0,47.0,55.0,47.0,0.5,0.0339335180055401,0.4736842105263157,0.0373961218836565,0,0,0,0,0,0,0,0,0,0,0,0,0,0,0,0,0,0,2026_special,J1,明治安田Ｊ１百年構想 WESTグループ,100yj1,15,2026-05-06,14:03,nago,g-os,finished,2026_special-100yj1-15-nago-vs-g-os
2026_special,15,2026-05-06,hiro,0-0,kobe,Ajinomoto Stadium,13697.0,0,0,7.0,7.0,412.8,3-4-2-1,4-1-2-3,6.0,4.0,2.0,0.0,0.0,1578.4873311818164,1611.2503664050294,-32.76303522321291,20900000.0,17700000.0,3200000.0,113.0,96.0,26.0,24.0,8.0,9.0,1.91,1.718,57.6,52.0,52.1,50.3,0.0,0.0,0.0,0,0,14.705882352941176,4.676470588235294,10.921052631578949,1.3529411764705883,1.105263157894737,0.3235294117647059,481.1470588235294,10.470588235294118,14.705882352941176,16.764705882352942,18.352941176470587,18.657894736842103,18.647058823529413,11.794117647058824,1.7352941176470589,16.86842105263158,0.9117647058823528,0.0294117647058823,49.5,13.117647058823527,18.176470588235293,33.3235294117647,1.4088235294117646,1.068421052631579,112.0,164.0,40.0,76.0,46.0,87.0,12.411764705882351,4.176470588235294,11.852941176470589,1.605263157894737,0.9473684210526316,0.3421052631578947,518.9411764705883,11.470588235294118,12.411764705882351,14.235294117647058,21.86842105263158,16.794117647058822,18.473684210526315,9.911764705882351,2.210526315789474,16.92105263157895,0.9736842105263158,0.0294117647058823,53.7,11.382352941176473,16.605263157894736,31.94117647058824,1.3941176470588237,1.1088235294117648,113.0,163.0,42.0,70.0,44.0,88.0,0.0,3.0,6.0,1.0,4.0,3.0,3.0,1.0,2.0,2.0,3_vs_4,0.1052631578947368,0.0526315789473684,0.3421052631578947,0.2941176470588235,0.1764705882352941,0.2352941176470588,0.0526315789473684,0.088235294117647,0.1176470588235294,0.0294117647058823,72.0,60.0,54.0,66.0,74.0,62.0,54.0,41.0,0.0789473684210526,0.0263157894736842,0.2941176470588235,0.3823529411764705,0.1052631578947368,0.2105263157894736,0.0789473684210526,0.0789473684210526,0.1052631578947368,0.0294117647058823,57.0,56.0,47.0,43.0,45.0,39.0,54.0,61.0,0.4736842105263157,0.0257830811847432,0.5,0.0443213296398891,0,0,0,0,0,0,0,0,0,0,0,0,0,0,0,0,0,0,2026_special,J1,明治安田Ｊ１百年構想 WESTグループ,100yj1,15,2026-05-06,15:03,hiro,kobe,finished,2026_special-100yj1-15-hiro-vs-kobe
2026_special,16,2026-05-09,mito,0-0,uraw,Ajinomoto Stadium,13697.0,0,0,7.0,7.0,234.7,4-4-2,4-2-3-1,8.0,8.0,0.0,0.0,0.0,1509.5295185893274,1546.105970950524,-36.576452361196516,9700000.0,17730000.0,-8030000.0,82.0,99.0,20.0,25.0,7.0,7.0,1.025,1.437,48.3,51.7,50.6,49.6,0.0,0.0,0.0,0,0,12.029411764705882,3.8684210526315783,11.588235294117649,1.1764705882352942,1.1470588235294117,0.2647058823529412,436.7948916408669,10.36842105263158,11.647058823529411,13.823529411764705,20.94736842105263,17.294117647058822,18.852941176470587,11.029411764705882,1.7352941176470589,14.447368421052632,1.0294117647058822,0.0294117647058823,48.9,10.705882352941176,16.323529411764707,31.789473684210527,1.2263157894736842,1.181578947368421,113.0,135.0,35.0,64.0,38.0,72.0,12.029411764705882,3.941176470588236,12.578947368421051,1.2647058823529411,1.1470588235294117,0.3157894736842105,486.5,9.973684210526317,13.205882352941176,12.86842105263158,20.91176470588235,17.735294117647058,19.235294117647054,10.105263157894736,1.763157894736842,13.894736842105264,1.105263157894737,0.0294117647058823,52.7,10.558823529411764,16.81578947368421,30.47058823529412,1.363157894736842,1.1823529411764706,111.0,163.0,39.0,78.0,45.0,83.0,0.0,4.0,5.0,2.0,4.0,5.0,1.0,0.0,2.0,2.0,4_vs_4,0.0526315789473684,0.0,0.2105263157894736,0.2105263157894736,0.0588235294117647,0.1842105263157894,0.0,0.0588235294117647,0.1052631578947368,0.0294117647058823,45.0,44.0,47.0,44.0,45.0,44.5,44.0,44.0,0.1842105263157894,0.0294117647058823,0.2352941176470588,0.2352941176470588,0.1176470588235294,0.2368421052631578,0.0263157894736842,0.0526315789473684,0.1470588235294117,0.0263157894736842,46.0,43.0,52.0,42.0,42.0,45.0,53.0,63.0,0.4736842105263157,0.03372576177285315,0.5,0.025,0,0,0,0,0,0,0,0,0,0,0,0,0,0,0,0,0,0,2026_special,J1,明治安田Ｊ１百年構想 EASTグループ,100yj1,16,2026-05-09,14:03,mito,uraw,finished,2026_special-100yj1-16-mito-vs-uraw
2026_special,16,2026-05-09,c-os,0-0,ngsk,Ajinomoto Stadium,13697.0,0,0,7.0,7.0,357.7,4-2-3-1,3-4-2-1,7.0,8.0,-1.0,0.0,0.0,1528.4739621715223,1506.8677727889888,21.606189382533557,14350000.0,14950000.0,-600000.0,99.0,80.0,25.0,20.0,7.0,7.0,1.36,1.312,49.5,46.4,45.3,46.7,0.0,0.0,0.0,0,0,13.394736842105264,3.8684210526315783,12.18421052631579,1.236842105263158,1.1764705882352942,0.2894736842105263,455.8157894736842,10.823529411764708,11.105263157894736,15.289473684210526,20.5,15.5,18.38235294117647,9.157894736842104,1.605263157894737,13.941176470588236,0.7368421052631579,0.0294117647058823,50.4,10.763157894736842,15.441176470588236,31.88235294117647,1.258823529411765,1.1973684210526316,114.0,129.0,41.0,62.0,48.0,66.0,12.029411764705882,3.8684210526315783,11.588235294117649,1.1764705882352942,1.1470588235294117,0.2647058823529412,436.7948916408669,10.36842105263158,11.647058823529411,13.823529411764705,20.94736842105263,17.294117647058822,18.852941176470587,11.029411764705882,1.7352941176470589,14.447368421052632,1.0294117647058822,0.0294117647058823,48.9,10.705882352941176,16.323529411764707,31.789473684210527,1.2263157894736842,1.181578947368421,113.0,135.0,35.0,64.0,38.0,72.0,0.0,4.0,4.0,2.0,4.0,5.0,2.0,-1.0,2.0,2.0,4_vs_3,0.088235294117647,0.0,0.2894736842105263,0.2894736842105263,0.0526315789473684,0.2368421052631578,0.0294117647058823,0.0789473684210526,0.088235294117647,0.0588235294117647,56.0,45.0,45.0,49.0,46.0,44.0,50.0,55.0,0.0526315789473684,0.0,0.2105263157894736,0.2105263157894736,0.0588235294117647,0.1842105263157894,0.0,0.0588235294117647,0.1052631578947368,0.0294117647058823,45.0,44.0,47.0,44.0,45.0,44.5,44.0,44.0,0.5,0.0279316712834718,0.4736842105263157,0.0332409972299168,0,0,0,0,0,0,0,0,0,0,0,0,0,0,0,0,0,0,2026_special,J1,明治安田Ｊ１百年構想 WESTグループ,100yj1,16,2026-05-09,16:03,c-os,ngsk,finished,2026_special-100yj1-16-c-os-vs-ngsk
2026_special,16,2026-05-10,y-fm,0-0,kasm,Ajinomoto Stadium,13697.0,0,0,6.0,7.0,289.2,4-2-1-3,4-4-2,0.0,4.0,-4.0,0.0,0.0,1602.479355440467,1581.086740142147,21.392615298320152,14430000.0,23030000.0,-8600000.0,0.0,88.0,25.0,30.0,8.0,8.0,1.201,1.445,50.4,52.3,47.3,48.1,0.0,0.0,0.0,0,0,15.705882352941176,5.205882352941177,12.676470588235292,2.0294117647058822,1.1764705882352942,0.2647058823529412,607.2647058823529,11.852941176470589,17.205882352941178,18.294117647058822,18.647058823529413,16.973684210526315,19.11764705882353,11.842105263157896,1.5294117647058822,11.078947368421051,1.1842105263157894,0.0789473684210526,57.9,14.882352941176473,15.921052631578949,33.026315789473685,1.8088235294117647,1.3558823529411763,118.0,184.0,48.0,89.0,44.0,90.0,12.941176470588236,4.176470588235294,11.147058823529411,1.5789473684210529,1.0789473684210529,0.3947368421052631,424.11764705882354,10.852941176470589,12.264705882352942,15.078947368421051,21.91176470588235,18.68421052631579,19.97058823529412,11.894736842105264,2.0,18.81578947368421,1.411764705882353,0.0588235294117647,50.1,11.5,17.36842105263158,33.55263157894737,1.2868421052631578,1.2078947368421051,112.0,167.0,40.0,80.0,45.0,86.0,0.0,4.0,3.0,3.0,4.0,4.0,2.0,-1.0,2.0,2.0,4_vs_4,0.0,0.0,0.0,0.0,0.0,0.0,0.0,0.0,0.0,0.0,0.0,0.0,0.0,0.0,0.0,0.0,0.0,0.0,0.0789473684210526,0.0,0.3823529411764705,0.2941176470588235,0.088235294117647,0.2631578947368421,0.0294117647058823,0.0588235294117647,0.1764705882352941,0.088235294117647,50.0,48.0,58.0,56.0,54.0,62.0,50.0,40.0,0.4736842105263157,0.0569845666798575,0.5,0.0377077562326869,0,0,0,0,0,0,0,0,0,0,0,0,0,0,0,0,0,0,2026_special,J1,明治安田Ｊ１百年構想 EASTグループ,100yj1,16,2026-05-10,14:03,y-fm,kasm,finished,2026_special-100yj1-16-y-fm-vs-kasm
2026_special,16,2026-05-10,FCtk,0-0,tk-v,Ajinomoto Stadium,13697.0,0,0,7.0,6.0,0.0,4-4-2,3-4-2-1,0.0,14.0,-14.0,0.0,0.0,1505.1732969988918,1501.5800108714086,3.593286127483225,15680000.0,8700000.0,6980000.0,0.0,118.5,0.0,24.0,7.0,7.0,1.631,0.893,48.2,52.8,45.6,57.4,0.0,0.0,0.0,0,0,0.0,0.0,0.0,0.0,0.0,0.0,0.0,0.0,0.0,0.0,0.0,0.0,0.0,0.0,0.0,0.0,0.0,0.0,0.0,0.0,0.0,0.0,0.0,0.0,0.0,0.0,0.0,0.0,0.0,0.0,6.026315789473684,2.1842105263157894,5.894736842105263,0.6710526315789473,0.6710526315789473,0.15789473684210525,200.48684210526315,4.842105263157895,6.052631578947368,5.973684210526316,13.11842105263158,9.026315789473685,9.355263157894738,5.960526315789474,1.0,8.763157894736842,0.6578947368421053,0.0263157894736842,22.95,5.105263157894737,7.894736842105263,15.828947368421051,0.6026315789473684,0.6039473684210526,58.0,61.0,15.0,26.5,19.0,33.5,0.0,4.0,3.0,3.0,3.0,6.0,1.0,-1.0,2.0,2.0,4_vs_3,0.0,0.0,0.0,0.0,0.0,0.0,0.0,0.0,0.0,0.0,0.0,0.0,0.0,0.0,0.0,0.0,0.0,0.0,0.0789473684210526,0.0394736842105263,0.19736842105263155,0.0789473684210526,0.0657894736842105,0.0789473684210526,0.0,0.0789473684210526,0.0394736842105263,0.0131578947368421,22.5,22.5,23.0,19.5,22.5,21.0,22.0,25.0,0.0,0.0,0.513157894736842,0.036448627549735546,0,0,0,0,0,0,0,0,0,0,0,0,0,0,0,0,0,0,2026_special,J1,明治安田Ｊ１百年構想 EASTグループ,100yj1,16,2026-05-10,15:03,FCtk,tk-v,finished,2026_special-100yj1-16-FCtk-vs-tk-v
2026_special,16,2026-05-10,kasw,0-0,ka-f,Ajinomoto Stadium,13697.0,0,0,6.0,7.0,233.7,3-4-2-1,4-2-3-1,12.0,6.0,6.0,0.0,0.0,1467.1220364785213,1594.7797550093385,-127.65771853081719,18450000.0,21300000.0,-2850000.0,101.0,127.0,20.0,29.0,6.0,9.0,1.395,1.171,50.5,54.3,52.1,50.6,0.0,0.0,0.0,0,0,12.552631578947368,4.0588235294117645,11.382352941176473,1.0263157894736843,1.3529411764705883,0.2105263157894736,422.1315789473685,9.941176470588236,13.263157894736842,14.588235294117649,22.647058823529413,17.794117647058822,19.92105263157895,12.676470588235292,1.7352941176470589,16.441176470588236,1.588235294117647,0.0526315789473684,46.0,11.473684210526317,15.205882352941176,32.44117647058823,1.2289473684210528,1.181578947368421,113.0,163.0,39.0,80.0,47.0,82.0,14.657894736842104,4.947368421052632,10.235294117647058,1.911764705882353,1.2352941176470589,0.3235294117647059,578.9705882352941,11.552631578947368,15.68421052631579,13.617647058823527,20.294117647058822,18.94117647058824,20.0,9.794117647058824,2.2058823529411766,13.588235294117649,1.1470588235294117,0.088235294117647,54.9,14.078947368421051,17.5,32.47058823529412,1.6473684210526316,1.052941176470588,111.0,157.0,42.0,70.0,44.0,82.0,0.0,3.0,5.0,2.0,4.0,3.0,3.0,1.0,2.0,2.0,3_vs_4,0.0526315789473684,0.0,0.1842105263157894,0.2105263157894736,0.2058823529411764,0.1842105263157894,0.0588235294117647,0.0588235294117647,0.1764705882352941,0.0588235294117647,50.0,43.0,54.0,45.0,55.0,63.0,43.0,43.0,0.1764705882352941,0.0294117647058823,0.3421052631578947,0.4117647058823529,0.131578947368421,0.3529411764705882,0.0294117647058823,0.088235294117647,0.1764705882352941,0.1176470588235294,51.0,63.0,59.0,53.0,51.0,41.0,73.0,53.0,0.5,0.0372422283779624,0.5,0.0363888189372953,0,0,0,0,0,0,0,0,0,0,0,0,0,0,0,0,0,0,2026_special,J1,明治安田Ｊ１百年構想 EASTグループ,100yj1,16,2026-05-10,16:03,kasw,ka-f,finished,2026_special-100yj1-16-kasw-vs-ka-f
2026_special,16,2026-05-10,chib,0-0,mcd,Ajinomoto Stadium,13697.0,0,0,7.0,7.0,145.05,4-4-2,3-4-2-1,8.0,0.0,8.0,0.0,0.0,1509.5295185893274,1572.0534875967746,-62.52396900744725,11900000.0,19300000.0,-7400000.0,82.0,0.0,20.0,31.5,7.0,8.0,1.194,1.132,40.0,48.5,48.2,54.8,0.0,0.0,0.0,0,0,12.029411764705882,3.8684210526315783,11.588235294117649,1.1764705882352942,1.1470588235294117,0.2647058823529412,436.7948916408669,10.36842105263158,11.647058823529411,13.823529411764705,20.94736842105263,17.294117647058822,18.852941176470587,11.029411764705882,1.7352941176470589,14.447368421052632,1.0294117647058822,0.0294117647058823,48.9,10.705882352941176,16.323529411764707,31.789473684210527,1.2263157894736842,1.181578947368421,113.0,135.0,35.0,64.0,38.0,72.0,6.092105263157895,1.631578947368421,5.421052631578948,0.7105263157894736,0.4473684210526316,0.23684210526315785,164.31578947368422,6.144736842105263,5.25,8.263157894736842,9.802631578947368,7.657894736842105,8.513157894736842,7.131578947368421,0.7105263157894736,10.828947368421051,0.75,0.0263157894736842,22.4,5.236842105263158,8.68421052631579,16.75,0.6907894736842105,0.4802631578947368,58.0,63.5,14.0,31.0,18.0,31.5,0.0,4.0,5.0,2.0,3.5,5.0,1.5,0.0,2.0,2.0,4_vs_3,0.0526315789473684,0.0,0.2105263157894736,0.2105263157894736,0.0588235294117647,0.1842105263157894,0.0,0.0588235294117647,0.1052631578947368,0.0294117647058823,45.0,44.0,47.0,44.0,45.0,44.5,44.0,44.0,0.0,0.0,0.0,0.0,0.0,0.0,0.0,0.0,0.0,0.0,0.0,0.0,0.0,0.0,0.0,0.0,0.0,0.0,0.4736842105263157,0.03372576177285315,0.49999999999999994,0.06755540166204985,0,0,0,0,0,0,0,0,0,0,0,0,0,0,0,0,0,0,2026_special,J1,明治安田Ｊ１百年構想 EASTグループ,100yj1,16,2026-05-10,17:03,chib,mcd,finished,2026_special-100yj1-16-chib-vs-mcd
2026_special,16,2026-05-10,kobe,0-0,okay,Ajinomoto Stadium,13697.0,0,0,7.0,6.0,0.0,4-1-2-3,3-4-2-1,4.0,12.0,-8.0,0.0,1.0,1612.7483455948493,1488.4488488061263,124.29949678872299,17700000.0,11200000.0,6500000.0,93.0,127.0,24.0,24.0,9.0,5.0,1.718,1.253,52.1,50.3,53.9,49.2,0.0,0.0,0.0,0,0,12.411764705882351,4.176470588235294,11.852941176470589,1.605263157894737,0.9473684210526316,0.3421052631578947,518.9411764705883,11.470588235294118,12.411764705882351,14.235294117647058,21.86842105263158,16.794117647058822,18.473684210526315,9.911764705882351,2.210526315789474,16.92105263157895,0.9736842105263158,0.0294117647058823,53.7,11.382352941176473,16.605263157894736,31.94117647058824,1.3941176470588237,1.1088235294117648,113.0,163.0,42.0,70.0,44.0,88.0,0.0,0.0,0.0,0.0,0.0,0.0,0.0,0.0,0.0,0.0,0.0,0.0,0.0,0.0,0.0,0.0,0.0,0.0,0.0,0.0,0.0,0.0,0.0,0.0,0.0,0.0,0.0,0.0,0.0,0.0,0.0,4.0,3.0,3.0,3.0,6.0,1.0,-1.0,2.0,2.0,4_vs_3,0.0789473684210526,0.0263157894736842,0.2941176470588235,0.3823529411764705,0.1052631578947368,0.2105263157894736,0.0789473684210526,0.0789473684210526,0.1052631578947368,0.0294117647058823,57.0,56.0,47.0,43.0,45.0,39.0,54.0,61.0,0.0,0.0,0.0,0.0,0.0,0.0,0.0,0.0,0.0,0.0,0.0,0.0,0.0,0.0,0.0,0.0,0.0,0.0,0.4736842105263157,0.0416666666666666,0.5526315789473685,0.0339335180055401,0,0,0,0,0,0,0,0,0,0,0,0,0,0,0,0,0,0,2026_special,J1,明治安田Ｊ１百年構想 WESTグループ,100yj1,16,2026-05-10,14:03,kobe,okay,finished,2026_special-100yj1-16-kobe-vs-okay
2026_special,16,2026-05-10,shim,0-0,fuku,Ajinomoto Stadium,13697.0,0,0,7.0,7.0,843.1,4-1-2-3,3-4-2-1,13.0,10.0,3.0,1.0,0.0,1459.903557213622,1493.4237115482938,-33.520154334671815,12900000.0,10830000.0,2070000.0,78.0,121.0,20.0,22.0,5.0,7.0,1.163,0.959,51.1,51.4,51.1,53.0,0.0,0.0,0.0,0,0,11.342105263157896,3.5,12.0,0.9736842105263158,1.4210526315789471,0.1176470588235294,407.60526315789474,9.157894736842104,8.421052631578947,13.342105263157896,21.47058823529412,15.263157894736842,19.07894736842105,8.894736842105264,1.9705882352941175,12.176470588235292,0.631578947368421,0.0263157894736842,43.5,8.973684210526315,14.052631578947368,29.44736842105263,1.0578947368421054,1.0842105263157895,113.0,156.0,39.0,71.0,49.0,83.0,10.5,3.176470588235294,11.157894736842104,0.868421052631579,1.0,0.3235294117647059,336.8684210526316,10.529411764705882,9.657894736842104,14.052631578947368,24.61764705882353,19.529411764705884,18.44117647058824,13.058823529411764,1.6176470588235294,18.61764705882353,1.4411764705882353,0.0263157894736842,42.7,8.368421052631579,17.5,32.28947368421053,1.0558823529411765,1.0323529411764707,109.0,120.0,26.0,52.0,38.0,67.0,0.0,4.0,4.0,2.0,3.0,6.0,1.0,0.0,2.0,2.0,4_vs_3,0.0,0.0,0.3421052631578947,0.2105263157894736,0.0,0.131578947368421,0.0,0.0526315789473684,0.088235294117647,0.088235294117647,35.0,34.0,47.0,47.0,36.0,44.0,42.0,53.0,0.0526315789473684,0.0263157894736842,0.2105263157894736,0.2105263157894736,0.0263157894736842,0.2058823529411764,0.0,0.0263157894736842,0.0789473684210526,0.0263157894736842,42.0,45.0,44.0,47.0,54.0,51.0,40.0,34.0,0.5,0.0372422283779624,0.5,0.026167392164622,0,0,0,0,0,0,0,0,0,0,0,0,0,0,0,0,0,0,2026_special,J1,明治安田Ｊ１百年構想 WESTグループ,100yj1,16,2026-05-10,14:03,shim,fuku,finished,2026_special-100yj1-16-shim-vs-fuku
2026_special,16,2026-05-10,g-os,0-0,hiro,Ajinomoto Stadium,13697.0,0,0,7.0,7.0,639.0,4-2-3-1,3-4-2-1,13.0,5.0,8.0,0.0,0.0,1473.8803223429218,1580.9061483660332,-107.02582602311145,15430000.0,20900000.0,-5470000.0,93.0,117.0,21.0,29.0,6.0,8.0,1.432,1.91,51.1,46.7,57.6,52.0,0.0,0.0,0.0,0,0,12.763157894736842,4.088235294117647,14.911764705882351,1.1176470588235294,1.2894736842105263,0.3421052631578947,473.8157894736842,9.470588235294118,10.794117647058824,13.058823529411764,23.029411764705884,17.13157894736842,20.289473684210527,11.558823529411764,1.7941176470588236,17.676470588235293,1.0526315789473684,0.0294117647058823,48.1,11.176470588235292,16.91176470588235,31.789473684210527,1.2352941176470589,1.576470588235294,113.0,157.0,38.0,67.0,50.0,83.0,14.705882352941176,4.676470588235294,10.921052631578949,1.3529411764705883,1.105263157894737,0.3235294117647059,481.1470588235294,10.470588235294118,14.705882352941176,16.764705882352942,18.352941176470587,18.657894736842103,18.647058823529413,11.794117647058824,1.7352941176470589,16.86842105263158,0.9117647058823528,0.0294117647058823,49.5,13.117647058823527,18.176470588235293,33.3235294117647,1.4088235294117646,1.068421052631579,112.0,164.0,40.0,76.0,46.0,87.0,0.0,4.0,4.0,2.0,3.0,6.0,1.0,-1.0,2.0,2.0,4_vs_3,0.131578947368421,0.0263157894736842,0.2631578947368421,0.1764705882352941,0.0588235294117647,0.1764705882352941,0.0263157894736842,0.1470588235294117,0.1470588235294117,0.0294117647058823,41.0,45.0,49.0,49.0,43.0,47.0,55.0,47.0,0.1052631578947368,0.0526315789473684,0.3421052631578947,0.2941176470588235,0.1764705882352941,0.2352941176470588,0.0526315789473684,0.088235294117647,0.1176470588235294,0.0294117647058823,72.0,60.0,54.0,66.0,74.0,62.0,54.0,41.0,0.5,0.0415945290858725,0.5,0.0251825736590279,0,0,0,0,0,0,0,0,0,0,0,0,0,0,0,0,0,0,2026_special,J1,明治安田Ｊ１百年構想 WESTグループ,100yj1,16,2026-05-10,15:03,g-os,hiro,finished,2026_special-100yj1-16-g-os-vs-hiro
2026_special,16,2026-05-10,nago,0-0,kyot,Ajinomoto Stadium,13697.0,0,0,7.0,7.0,367.5,3-4-2-1,4-1-2-3,8.0,13.0,-5.0,0.0,0.0,1520.4820799936924,1482.394720240757,38.08735975293553,15900000.0,15730000.0,170000.0,114.0,110.5,27.0,19.5,7.0,6.0,1.431,1.111,52.8,44.4,54.2,46.2,0.0,0.0,0.0,0,0,11.205882352941176,3.8947368421052633,11.735294117647058,1.1578947368421053,1.0294117647058822,0.3823529411764705,403.1764705882353,11.676470588235292,10.705882352941176,13.441176470588236,21.647058823529413,18.58823529411765,18.94117647058824,10.176470588235292,1.7941176470588236,14.763157894736842,1.0,0.0588235294117647,46.2,8.973684210526315,17.294117647058822,30.289473684210527,1.1823529411764706,1.1176470588235294,114.0,155.0,39.0,74.0,48.0,79.0,11.911764705882351,3.176470588235294,13.35294117647059,1.131578947368421,1.3235294117647058,0.2352941176470588,330.5147058823529,10.735294117647058,10.43498452012384,14.617647058823527,25.558823529411764,17.409442724458206,20.83513931888545,13.421052631578949,1.5255417956656347,17.894736842105264,1.4396284829721364,0.0835913312693498,46.55,9.441176470588236,15.81501547987616,33.94117647058823,1.188235294117647,1.4,113.0,135.0,27.0,53.0,36.5,80.0,0.0,3.0,6.0,1.0,4.0,3.0,3.0,1.0,2.0,2.0,3_vs_4,0.0588235294117647,0.0294117647058823,0.2647058823529412,0.2058823529411764,0.0294117647058823,0.1842105263157894,0.0,0.1052631578947368,0.1470588235294117,0.0526315789473684,51.0,50.0,38.0,45.0,47.0,44.0,43.0,46.0,0.02786377708978325,0.0,0.2376160990712074,0.2105263157894736,0.07043343653250769,0.0588235294117647,0.0,0.0719814241486068,0.1176470588235294,0.01470588235294115,56.0,35.5,54.5,60.0,56.0,46.0,36.0,38.0,0.5,0.0339335180055401,0.4605263157894737,0.0427631578947368,0,0,0,0,0,0,0,0,0,0,0,0,0,0,0,0,0,0,2026_special,J1,明治安田Ｊ１百年構想 WESTグループ,100yj1,16,2026-05-10,16:03,nago,kyot,finished,2026_special-100yj1-16-nago-vs-kyot
2026_special,12,2026-05-13,mcd,0-0,tk-v,Ajinomoto Stadium,13697.0,0,0,6.0,6.0,0.0,3-4-2-1,3-4-2-1,0.0,14.0,-14.0,0.0,0.0,1579.3237324440397,1501.5800108714086,77.7437215726311,19300000.0,8700000.0,10600000.0,0.0,118.5,34.5,24.0,8.0,7.0,1.132,0.893,48.2,54.8,45.6,57.4,0.0,0.0,0.0,0,0,6.092105263157895,1.631578947368421,5.421052631578948,0.7105263157894736,0.4473684210526316,0.23684210526315785,164.31578947368422,6.144736842105263,5.25,8.263157894736842,9.802631578947368,7.657894736842105,8.513157894736842,7.131578947368421,0.7105263157894736,10.828947368421051,0.75,0.0263157894736842,22.4,5.236842105263158,8.68421052631579,16.75,0.6907894736842105,0.4802631578947368,58.0,63.5,14.0,31.0,18.0,31.5,6.026315789473684,2.1842105263157894,5.894736842105263,0.6710526315789473,0.6710526315789473,0.15789473684210525,200.48684210526315,4.842105263157895,6.052631578947368,5.973684210526316,13.11842105263158,9.026315789473685,9.355263157894738,5.960526315789474,1.0,8.763157894736842,0.6578947368421053,0.0263157894736842,22.95,5.105263157894737,7.894736842105263,15.828947368421051,0.6026315789473684,0.6039473684210526,58.0,61.0,15.0,26.5,19.0,33.5,0.0,3.5,5.0,1.5,3.0,6.0,1.0,0.0,2.0,2.0,3_vs_3,0.0,0.0,0.0,0.0,0.0,0.0,0.0,0.0,0.0,0.0,0.0,0.0,0.0,0.0,0.0,0.0,0.0,0.0,0.0789473684210526,0.0394736842105263,0.19736842105263155,0.0789473684210526,0.0657894736842105,0.0789473684210526,0.0,0.0789473684210526,0.0394736842105263,0.0131578947368421,22.5,22.5,23.0,19.5,22.5,21.0,22.0,25.0,0.5263157894736843,0.0718458826492067,0.513157894736842,0.036448627549735546,0,0,0,0,0,0,0,0,0,0,0,0,0,0,0,0,0,0,2026_special,J1,明治安田Ｊ１百年構想 EASTグループ,100yj1,12,2026-05-13,19:03,mcd,tk-v,finished,2026_special-100yj1-12-mcd-vs-tk-v
2026_special,12,2026-05-13,kobe,0-0,kyot,Ajinomoto Stadium,13697.0,0,0,7.0,7.0,367.5,4-1-2-3,4-1-2-3,4.0,13.0,-9.0,0.0,0.0,1612.7483455948493,1482.394720240757,130.3536253540924,17700000.0,15730000.0,1970000.0,93.0,110.5,24.0,19.5,9.0,6.0,1.718,1.111,52.1,50.3,54.2,46.2,0.0,0.0,0.0,0,0,12.411764705882351,4.176470588235294,11.852941176470589,1.605263157894737,0.9473684210526316,0.3421052631578947,518.9411764705883,11.470588235294118,12.411764705882351,14.235294117647058,21.86842105263158,16.794117647058822,18.473684210526315,9.911764705882351,2.210526315789474,16.92105263157895,0.9736842105263158,0.0294117647058823,53.7,11.382352941176473,16.605263157894736,31.94117647058824,1.3941176470588237,1.1088235294117648,113.0,163.0,42.0,70.0,44.0,88.0,11.911764705882351,3.176470588235294,13.35294117647059,1.131578947368421,1.3235294117647058,0.2352941176470588,330.5147058823529,10.735294117647058,10.43498452012384,14.617647058823527,25.558823529411764,17.409442724458206,20.83513931888545,13.421052631578949,1.5255417956656347,17.894736842105264,1.4396284829721364,0.0835913312693498,46.55,9.441176470588236,15.81501547987616,33.94117647058823,1.188235294117647,1.4,113.0,135.0,27.0,53.0,36.5,80.0,0.0,4.0,3.0,3.0,4.0,3.0,3.0,-1.0,2.0,2.0,4_vs_4,0.0789473684210526,0.0263157894736842,0.2941176470588235,0.3823529411764705,0.1052631578947368,0.2105263157894736,0.0789473684210526,0.0789473684210526,0.1052631578947368,0.0294117647058823,57.0,56.0,47.0,43.0,45.0,39.0,54.0,61.0,0.02786377708978325,0.0,0.2376160990712074,0.2105263157894736,0.07043343653250769,0.0588235294117647,0.0,0.0719814241486068,0.1176470588235294,0.01470588235294115,56.0,35.5,54.5,60.0,56.0,46.0,36.0,38.0,0.4736842105263157,0.0416666666666666,0.4605263157894737,0.0427631578947368,0,0,0,0,0,0,0,0,0,0,0,0,0,0,0,0,0,0,2026_special,J1,明治安田Ｊ１百年構想 WESTグループ,100yj1,12,2026-05-13,19:03,kobe,kyot,finished,2026_special-100yj1-12-kobe-vs-kyot
2026_special,17,2026-05-16,mito,0-0,tk-v,Ajinomoto Stadium,13697.0,0,0,7.0,6.0,0.0,4-4-2,3-4-2-1,8.0,14.0,-6.0,0.0,0.0,1509.5295185893274,1501.5800108714086,7.949507717918777,9700000.0,8700000.0,1000000.0,82.0,118.5,20.0,24.0,7.0,7.0,1.025,0.893,48.3,51.7,45.6,57.4,0.0,0.0,0.0,0,0,12.029411764705882,3.8684210526315783,11.588235294117649,1.1764705882352942,1.1470588235294117,0.2647058823529412,436.7948916408669,10.36842105263158,11.647058823529411,13.823529411764705,20.94736842105263,17.294117647058822,18.852941176470587,11.029411764705882,1.7352941176470589,14.447368421052632,1.0294117647058822,0.0294117647058823,48.9,10.705882352941176,16.323529411764707,31.789473684210527,1.2263157894736842,1.181578947368421,113.0,135.0,35.0,64.0,38.0,72.0,6.026315789473684,2.1842105263157894,5.894736842105263,0.6710526315789473,0.6710526315789473,0.15789473684210525,200.48684210526315,4.842105263157895,6.052631578947368,5.973684210526316,13.11842105263158,9.026315789473685,9.355263157894738,5.960526315789474,1.0,8.763157894736842,0.6578947368421053,0.0263157894736842,22.95,5.105263157894737,7.894736842105263,15.828947368421051,0.6026315789473684,0.6039473684210526,58.0,61.0,15.0,26.5,19.0,33.5,0.0,4.0,5.0,2.0,3.0,6.0,1.0,0.0,2.0,2.0,4_vs_3,0.0526315789473684,0.0,0.2105263157894736,0.2105263157894736,0.0588235294117647,0.1842105263157894,0.0,0.0588235294117647,0.1052631578947368,0.0294117647058823,45.0,44.0,47.0,44.0,45.0,44.5,44.0,44.0,0.0789473684210526,0.0394736842105263,0.19736842105263155,0.0789473684210526,0.0657894736842105,0.0789473684210526,0.0,0.0789473684210526,0.0394736842105263,0.0131578947368421,22.5,22.5,23.0,19.5,22.5,21.0,22.0,25.0,0.4736842105263157,0.03372576177285315,0.513157894736842,0.036448627549735546,0,0,0,0,0,0,0,0,0,0,0,0,0,0,0,0,0,0,2026_special,J1,明治安田Ｊ１百年構想 EASTグループ,100yj1,17,2026-05-16,14:03,mito,tk-v,finished,2026_special-100yj1-17-mito-vs-tk-v
2026_special,17,2026-05-16,uraw,0-0,FCtk,Ajinomoto Stadium,13697.0,0,0,6.0,7.0,225.6,4-2-3-1,4-4-2,8.0,0.0,8.0,0.0,0.0,1549.6385738216893,1507.3530303445389,42.28554347715044,17730000.0,15680000.0,2050000.0,93.0,0.0,25.0,0.0,8.0,7.0,1.437,1.631,50.6,49.6,48.2,52.8,0.0,0.0,0.0,0,0,12.029411764705882,3.941176470588236,12.578947368421051,1.2647058823529411,1.1470588235294117,0.3157894736842105,486.5,9.973684210526317,13.205882352941176,12.86842105263158,20.91176470588235,17.735294117647058,19.235294117647054,10.105263157894736,1.763157894736842,13.894736842105264,1.105263157894737,0.0294117647058823,52.7,10.558823529411764,16.81578947368421,30.47058823529412,1.363157894736842,1.1823529411764706,111.0,163.0,39.0,78.0,45.0,83.0,0.0,0.0,0.0,0.0,0.0,0.0,0.0,0.0,0.0,0.0,0.0,0.0,0.0,0.0,0.0,0.0,0.0,0.0,0.0,0.0,0.0,0.0,0.0,0.0,0.0,0.0,0.0,0.0,0.0,0.0,0.0,4.0,5.0,1.0,4.0,3.0,3.0,0.0,2.0,2.0,4_vs_4,0.1842105263157894,0.0294117647058823,0.2352941176470588,0.2352941176470588,0.1176470588235294,0.2368421052631578,0.0263157894736842,0.0526315789473684,0.1470588235294117,0.0263157894736842,46.0,43.0,52.0,42.0,42.0,45.0,53.0,63.0,0.0,0.0,0.0,0.0,0.0,0.0,0.0,0.0,0.0,0.0,0.0,0.0,0.0,0.0,0.0,0.0,0.0,0.0,0.4736842105263157,0.0279316712834718,0.0,0.0,0,0,0,0,0,0,0,0,0,0,0,0,0,0,0,0,0,0,2026_special,J1,明治安田Ｊ１百年構想 EASTグループ,100yj1,17,2026-05-16,16:03,uraw,FCtk,finished,2026_special-100yj1-17-uraw-vs-FCtk
2026_special,17,2026-05-16,y-fm,0-0,kasw,Ajinomoto Stadium,13697.0,0,0,6.0,7.0,242.7,4-2-1-3,3-4-2-1,0.0,11.0,-11.0,0.0,0.0,1602.479355440467,1463.874953058819,138.60440238164801,14430000.0,18450000.0,-4020000.0,0.0,96.0,25.0,21.0,8.0,7.0,1.201,1.395,50.4,52.3,50.5,54.3,0.0,0.0,0.0,0,0,15.705882352941176,5.205882352941177,12.676470588235292,2.0294117647058822,1.1764705882352942,0.2647058823529412,607.2647058823529,11.852941176470589,17.205882352941178,18.294117647058822,18.647058823529413,16.973684210526315,19.11764705882353,11.842105263157896,1.5294117647058822,11.078947368421051,1.1842105263157894,0.0789473684210526,57.9,14.882352941176473,15.921052631578949,33.026315789473685,1.8088235294117647,1.3558823529411763,118.0,184.0,48.0,89.0,44.0,90.0,12.552631578947368,4.0588235294117645,11.382352941176473,1.0263157894736843,1.3529411764705883,0.2105263157894736,422.1315789473685,9.941176470588236,13.263157894736842,14.588235294117649,22.647058823529413,17.794117647058822,19.92105263157895,12.676470588235292,1.7352941176470589,16.441176470588236,1.588235294117647,0.0526315789473684,46.0,11.473684210526317,15.205882352941176,32.44117647058823,1.2289473684210528,1.181578947368421,113.0,163.0,39.0,80.0,47.0,82.0,0.0,4.0,3.0,3.0,3.0,5.0,2.0,-1.0,2.0,2.0,4_vs_3,0.0,0.0,0.0,0.0,0.0,0.0,0.0,0.0,0.0,0.0,0.0,0.0,0.0,0.0,0.0,0.0,0.0,0.0,0.0526315789473684,0.0,0.1842105263157894,0.2105263157894736,0.2058823529411764,0.1842105263157894,0.0588235294117647,0.0588235294117647,0.1764705882352941,0.0588235294117647,50.0,43.0,54.0,45.0,55.0,63.0,43.0,43.0,0.4736842105263157,0.0569845666798575,0.4736842105263157,0.0396923749817757,0,0,0,0,0,0,0,0,0,0,0,0,0,0,0,0,0,0,2026_special,J1,明治安田Ｊ１百年構想 EASTグループ,100yj1,17,2026-05-16,17:03,y-fm,kasw,finished,2026_special-100yj1-17-y-fm-vs-kasw
2026_special,17,2026-05-17,chib,0-0,kasm,Ajinomoto Stadium,13697.0,0,0,7.0,7.0,289.2,4-4-2,4-4-2,8.0,4.0,4.0,0.0,0.0,1509.5295185893274,1581.086740142147,-71.55722155281956,11900000.0,23030000.0,-11130000.0,82.0,88.0,20.0,30.0,7.0,8.0,1.194,1.445,40.0,48.5,47.3,48.1,0.0,0.0,0.0,0,0,12.029411764705882,3.8684210526315783,11.588235294117649,1.1764705882352942,1.1470588235294117,0.2647058823529412,436.7948916408669,10.36842105263158,11.647058823529411,13.823529411764705,20.94736842105263,17.294117647058822,18.852941176470587,11.029411764705882,1.7352941176470589,14.447368421052632,1.0294117647058822,0.0294117647058823,48.9,10.705882352941176,16.323529411764707,31.789473684210527,1.2263157894736842,1.181578947368421,113.0,135.0,35.0,64.0,38.0,72.0,12.941176470588236,4.176470588235294,11.147058823529411,1.5789473684210529,1.0789473684210529,0.3947368421052631,424.11764705882354,10.852941176470589,12.264705882352942,15.078947368421051,21.91176470588235,18.68421052631579,19.97058823529412,11.894736842105264,2.0,18.81578947368421,1.411764705882353,0.0588235294117647,50.1,11.5,17.36842105263158,33.55263157894737,1.2868421052631578,1.2078947368421051,112.0,167.0,40.0,80.0,45.0,86.0,0.0,4.0,5.0,2.0,4.0,4.0,2.0,0.0,2.0,2.0,4_vs_4,0.0526315789473684,0.0,0.2105263157894736,0.2105263157894736,0.0588235294117647,0.1842105263157894,0.0,0.0588235294117647,0.1052631578947368,0.0294117647058823,45.0,44.0,47.0,44.0,45.0,44.5,44.0,44.0,0.0789473684210526,0.0,0.3823529411764705,0.2941176470588235,0.088235294117647,0.2631578947368421,0.0294117647058823,0.0588235294117647,0.1764705882352941,0.088235294117647,50.0,48.0,58.0,56.0,54.0,62.0,50.0,40.0,0.4736842105263157,0.03372576177285315,0.5,0.0377077562326869,0,0,0,0,0,0,0,0,0,0,0,0,0,0,0,0,0,0,2026_special,J1,明治安田Ｊ１百年構想 EASTグループ,100yj1,17,2026-05-17,14:03,chib,kasm,finished,2026_special-100yj1-17-chib-vs-kasm
2026_special,17,2026-05-17,ka-f,0-0,mcd,Ajinomoto Stadium,13697.0,0,0,6.0,7.0,145.05,4-2-3-1,3-4-2-1,6.0,0.0,6.0,0.0,0.0,1587.410772611103,1572.0534875967746,15.357285014328454,21300000.0,19300000.0,2000000.0,114.0,0.0,28.0,31.5,8.0,8.0,1.171,1.132,52.1,50.6,48.2,54.8,0.0,0.0,0.0,0,0,14.657894736842104,4.947368421052632,10.235294117647058,1.911764705882353,1.2352941176470589,0.3235294117647059,578.9705882352941,11.552631578947368,15.68421052631579,13.617647058823527,20.294117647058822,18.94117647058824,20.0,9.794117647058824,2.2058823529411766,13.588235294117649,1.1470588235294117,0.088235294117647,54.9,14.078947368421051,17.5,32.47058823529412,1.6473684210526316,1.052941176470588,111.0,157.0,42.0,70.0,44.0,82.0,6.092105263157895,1.631578947368421,5.421052631578948,0.7105263157894736,0.4473684210526316,0.23684210526315785,164.31578947368422,6.144736842105263,5.25,8.263157894736842,9.802631578947368,7.657894736842105,8.513157894736842,7.131578947368421,0.7105263157894736,10.828947368421051,0.75,0.0263157894736842,22.4,5.236842105263158,8.68421052631579,16.75,0.6907894736842105,0.4802631578947368,58.0,63.5,14.0,31.0,18.0,31.5,0.0,4.0,3.0,3.0,3.5,5.0,1.5,-1.0,2.0,2.0,4_vs_3,0.1764705882352941,0.0294117647058823,0.3421052631578947,0.4117647058823529,0.131578947368421,0.3529411764705882,0.0294117647058823,0.088235294117647,0.1764705882352941,0.1176470588235294,51.0,63.0,59.0,53.0,51.0,41.0,73.0,53.0,0.0,0.0,0.0,0.0,0.0,0.0,0.0,0.0,0.0,0.0,0.0,0.0,0.0,0.0,0.0,0.0,0.0,0.0,0.4736842105263157,0.0396923749817757,0.49999999999999994,0.06755540166204985,0,0,0,0,0,0,0,0,0,0,0,0,0,0,0,0,0,0,2026_special,J1,明治安田Ｊ１百年構想 EASTグループ,100yj1,17,2026-05-17,19:03,ka-f,mcd,finished,2026_special-100yj1-17-ka-f-vs-mcd
2026_special,17,2026-05-17,ngsk,0-0,kobe,Ajinomoto Stadium,13697.0,0,0,7.0,7.0,412.8,3-4-2-1,4-1-2-3,8.0,4.0,4.0,0.0,0.0,1509.5295185893274,1611.2503664050294,-101.72084781570197,14950000.0,17700000.0,-2750000.0,82.0,96.0,20.0,24.0,7.0,9.0,1.312,1.718,45.3,46.7,52.1,50.3,0.0,0.0,0.0,0,0,12.029411764705882,3.8684210526315783,11.588235294117649,1.1764705882352942,1.1470588235294117,0.2647058823529412,436.7948916408669,10.36842105263158,11.647058823529411,13.823529411764705,20.94736842105263,17.294117647058822,18.852941176470587,11.029411764705882,1.7352941176470589,14.447368421052632,1.0294117647058822,0.0294117647058823,48.9,10.705882352941176,16.323529411764707,31.789473684210527,1.2263157894736842,1.181578947368421,113.0,135.0,35.0,64.0,38.0,72.0,12.411764705882351,4.176470588235294,11.852941176470589,1.605263157894737,0.9473684210526316,0.3421052631578947,518.9411764705883,11.470588235294118,12.411764705882351,14.235294117647058,21.86842105263158,16.794117647058822,18.473684210526315,9.911764705882351,2.210526315789474,16.92105263157895,0.9736842105263158,0.0294117647058823,53.7,11.382352941176473,16.605263157894736,31.94117647058824,1.3941176470588237,1.1088235294117648,113.0,163.0,42.0,70.0,44.0,88.0,0.0,4.0,5.0,2.0,4.0,3.0,3.0,0.0,2.0,2.0,3_vs_4,0.0526315789473684,0.0,0.2105263157894736,0.2105263157894736,0.0588235294117647,0.1842105263157894,0.0,0.0588235294117647,0.1052631578947368,0.0294117647058823,45.0,44.0,47.0,44.0,45.0,44.5,44.0,44.0,0.0789473684210526,0.0263157894736842,0.2941176470588235,0.3823529411764705,0.1052631578947368,0.2105263157894736,0.0789473684210526,0.0789473684210526,0.1052631578947368,0.0294117647058823,57.0,56.0,47.0,43.0,45.0,39.0,54.0,61.0,0.4736842105263157,0.03372576177285315,0.5,0.0443213296398891,0,0,0,0,0,0,0,0,0,0,0,0,0,0,0,0,0,0,2026_special,J1,明治安田Ｊ１百年構想 WESTグループ,100yj1,17,2026-05-17,13:04,ngsk,kobe,finished,2026_special-100yj1-17-ngsk-vs-kobe
2026_special,17,2026-05-17,okay,0-0,shim,Ajinomoto Stadium,13697.0,0,0,7.0,7.0,222.2,3-4-2-1,4-1-2-3,10.0,13.0,-3.0,0.0,0.0,1501.047372404431,1454.3484905594707,46.69888184496017,11200000.0,12900000.0,-1700000.0,100.0,85.0,22.0,17.0,6.0,5.0,1.253,1.163,53.9,49.2,51.1,51.4,0.0,0.0,0.0,0,0,0.0,0.0,0.0,0.0,0.0,0.0,0.0,0.0,0.0,0.0,0.0,0.0,0.0,0.0,0.0,0.0,0.0,0.0,0.0,0.0,0.0,0.0,0.0,0.0,0.0,0.0,0.0,0.0,0.0,0.0,11.342105263157896,3.5,12.0,0.9736842105263158,1.4210526315789471,0.1176470588235294,407.60526315789474,9.157894736842104,8.421052631578947,13.342105263157896,21.47058823529412,15.263157894736842,19.07894736842105,8.894736842105264,1.9705882352941175,12.176470588235292,0.631578947368421,0.0263157894736842,43.5,8.973684210526315,14.052631578947368,29.44736842105263,1.0578947368421054,1.0842105263157895,113.0,156.0,39.0,71.0,49.0,83.0,0.0,3.0,6.0,1.0,4.0,4.0,2.0,1.0,2.0,2.0,3_vs_4,0.0,0.0,0.0,0.0,0.0,0.0,0.0,0.0,0.0,0.0,0.0,0.0,0.0,0.0,0.0,0.0,0.0,0.0,0.0,0.0,0.3421052631578947,0.2105263157894736,0.0,0.131578947368421,0.0,0.0526315789473684,0.088235294117647,0.088235294117647,35.0,34.0,47.0,47.0,36.0,44.0,42.0,53.0,0.4736842105263157,0.0333564173591874,0.5,0.0393477713422311,0,0,0,0,0,0,0,0,0,0,0,0,0,0,0,0,0,0,2026_special,J1,明治安田Ｊ１百年構想 WESTグループ,100yj1,17,2026-05-17,14:03,okay,shim,finished,2026_special-100yj1-17-okay-vs-shim
2026_special,17,2026-05-17,kyot,0-0,hiro,Ajinomoto Stadium,13697.0,0,0,7.0,7.0,639.0,4-1-2-3,3-4-2-1,13.0,5.0,8.0,0.0,0.0,1483.0471288767508,1580.9061483660332,-97.85901948928245,15730000.0,20900000.0,-5170000.0,127.5,117.0,21.0,29.0,6.5,8.0,1.111,1.91,54.2,46.2,57.6,52.0,0.0,0.0,0.0,0,0,11.911764705882351,3.176470588235294,13.35294117647059,1.131578947368421,1.3235294117647058,0.2352941176470588,330.5147058823529,10.735294117647058,10.43498452012384,14.617647058823527,25.558823529411764,17.409442724458206,20.83513931888545,13.421052631578949,1.5255417956656347,17.894736842105264,1.4396284829721364,0.0835913312693498,46.55,9.441176470588236,15.81501547987616,33.94117647058823,1.188235294117647,1.4,113.0,135.0,27.0,53.0,36.5,80.0,14.705882352941176,4.676470588235294,10.921052631578949,1.3529411764705883,1.105263157894737,0.3235294117647059,481.1470588235294,10.470588235294118,14.705882352941176,16.764705882352942,18.352941176470587,18.657894736842103,18.647058823529413,11.794117647058824,1.7352941176470589,16.86842105263158,0.9117647058823528,0.0294117647058823,49.5,13.117647058823527,18.176470588235293,33.3235294117647,1.4088235294117646,1.068421052631579,112.0,164.0,40.0,76.0,46.0,87.0,0.0,4.0,3.0,3.0,3.0,6.0,1.0,-2.0,2.0,2.0,4_vs_3,0.02786377708978325,0.0,0.2376160990712074,0.2105263157894736,0.07043343653250769,0.0588235294117647,0.0,0.0719814241486068,0.1176470588235294,0.01470588235294115,56.0,35.5,54.5,60.0,56.0,46.0,36.0,38.0,0.1052631578947368,0.0526315789473684,0.3421052631578947,0.2941176470588235,0.1764705882352941,0.2352941176470588,0.0526315789473684,0.088235294117647,0.1176470588235294,0.0294117647058823,72.0,60.0,54.0,66.0,74.0,62.0,54.0,41.0,0.5,0.051988523941432455,0.5,0.0251825736590279,0,0,0,0,0,0,0,0,0,0,0,0,0,0,0,0,0,0,2026_special,J1,明治安田Ｊ１百年構想 WESTグループ,100yj1,17,2026-05-17,15:03,kyot,hiro,finished,2026_special-100yj1-17-kyot-vs-hiro
2026_special,17,2026-05-17,c-os,0-0,nago,Ajinomoto Stadium,13697.0,0,0,7.0,7.0,230.3,4-2-3-1,3-4-2-1,7.0,9.0,-2.0,0.0,0.0,1528.4739621715223,1515.1299339257123,13.344028245810023,14350000.0,15900000.0,-1550000.0,99.0,120.0,25.0,26.0,7.0,7.0,1.36,1.431,49.5,46.4,52.8,44.4,0.0,0.0,0.0,0,0,13.394736842105264,3.8684210526315783,12.18421052631579,1.236842105263158,1.1764705882352942,0.2894736842105263,455.8157894736842,10.823529411764708,11.105263157894736,15.289473684210526,20.5,15.5,18.38235294117647,9.157894736842104,1.605263157894737,13.941176470588236,0.7368421052631579,0.0294117647058823,50.4,10.763157894736842,15.441176470588236,31.88235294117647,1.258823529411765,1.1973684210526316,114.0,129.0,41.0,62.0,48.0,66.0,11.205882352941176,3.8947368421052633,11.735294117647058,1.1578947368421053,1.0294117647058822,0.3823529411764705,403.1764705882353,11.676470588235292,10.705882352941176,13.441176470588236,21.647058823529413,18.58823529411765,18.94117647058824,10.176470588235292,1.7941176470588236,14.763157894736842,1.0,0.0588235294117647,46.2,8.973684210526315,17.294117647058822,30.289473684210527,1.1823529411764706,1.1176470588235294,114.0,155.0,39.0,74.0,48.0,79.0,0.0,4.0,4.0,2.0,3.0,6.0,1.0,-1.0,2.0,2.0,4_vs_3,0.088235294117647,0.0,0.2894736842105263,0.2894736842105263,0.0526315789473684,0.2368421052631578,0.0294117647058823,0.0789473684210526,0.088235294117647,0.0588235294117647,56.0,45.0,45.0,49.0,46.0,44.0,50.0,55.0,0.0588235294117647,0.0294117647058823,0.2647058823529412,0.2058823529411764,0.0294117647058823,0.1842105263157894,0.0,0.1052631578947368,0.1470588235294117,0.0526315789473684,51.0,50.0,38.0,45.0,47.0,44.0,43.0,46.0,0.5,0.0279316712834718,0.4736842105263157,0.0307787011388119,0,0,0,0,0,0,0,0,0,0,0,0,0,0,0,0,0,0,2026_special,J1,明治安田Ｊ１百年構想 WESTグループ,100yj1,17,2026-05-17,15:03,c-os,nago,finished,2026_special-100yj1-17-c-os-vs-nago
2026_special,18,2026-05-22,mcd,0-0,uraw,Ajinomoto Stadium,13697.0,0,0,6.0,7.0,234.7,3-4-2-1,4-2-3-1,0.0,8.0,-8.0,0.0,0.0,1579.3237324440397,1546.105970950524,33.21776149351581,19300000.0,17730000.0,1570000.0,0.0,99.0,34.5,25.0,8.0,7.0,1.132,1.437,48.2,54.8,50.6,49.6,0.0,0.0,0.0,0,0,6.092105263157895,1.631578947368421,5.421052631578948,0.7105263157894736,0.4473684210526316,0.23684210526315785,164.31578947368422,6.144736842105263,5.25,8.263157894736842,9.802631578947368,7.657894736842105,8.513157894736842,7.131578947368421,0.7105263157894736,10.828947368421051,0.75,0.0263157894736842,22.4,5.236842105263158,8.68421052631579,16.75,0.6907894736842105,0.4802631578947368,58.0,63.5,14.0,31.0,18.0,31.5,12.029411764705882,3.941176470588236,12.578947368421051,1.2647058823529411,1.1470588235294117,0.3157894736842105,486.5,9.973684210526317,13.205882352941176,12.86842105263158,20.91176470588235,17.735294117647058,19.235294117647054,10.105263157894736,1.763157894736842,13.894736842105264,1.105263157894737,0.0294117647058823,52.7,10.558823529411764,16.81578947368421,30.47058823529412,1.363157894736842,1.1823529411764706,111.0,163.0,39.0,78.0,45.0,83.0,0.0,3.5,5.0,1.5,4.0,5.0,1.0,0.0,2.0,2.0,3_vs_4,0.0,0.0,0.0,0.0,0.0,0.0,0.0,0.0,0.0,0.0,0.0,0.0,0.0,0.0,0.0,0.0,0.0,0.0,0.1842105263157894,0.0294117647058823,0.2352941176470588,0.2352941176470588,0.1176470588235294,0.2368421052631578,0.0263157894736842,0.0526315789473684,0.1470588235294117,0.0263157894736842,46.0,43.0,52.0,42.0,42.0,45.0,53.0,63.0,0.5263157894736843,0.0718458826492067,0.5,0.025,0,0,0,0,0,0,0,0,0,0,0,0,0,0,0,0,0,0,2026_special,J1,明治安田Ｊ１百年構想 EASTグループ,100yj1,18,2026-05-22,19:33,mcd,uraw,finished,2026_special-100yj1-18-mcd-vs-uraw
2026_special,18,2026-05-23,kasm,0-0,FCtk,Ajinomoto Stadium,13697.0,0,0,7.0,7.0,225.6,4-4-2,4-4-2,4.0,0.0,4.0,0.0,0.0,1590.7185052811446,1507.3530303445389,83.36547493660578,23030000.0,15680000.0,7350000.0,86.0,0.0,31.0,0.0,9.0,7.0,1.445,1.631,47.3,48.1,48.2,52.8,0.0,0.0,0.0,0,0,12.941176470588236,4.176470588235294,11.147058823529411,1.5789473684210529,1.0789473684210529,0.3947368421052631,424.11764705882354,10.852941176470589,12.264705882352942,15.078947368421051,21.91176470588235,18.68421052631579,19.97058823529412,11.894736842105264,2.0,18.81578947368421,1.411764705882353,0.0588235294117647,50.1,11.5,17.36842105263158,33.55263157894737,1.2868421052631578,1.2078947368421051,112.0,167.0,40.0,80.0,45.0,86.0,0.0,0.0,0.0,0.0,0.0,0.0,0.0,0.0,0.0,0.0,0.0,0.0,0.0,0.0,0.0,0.0,0.0,0.0,0.0,0.0,0.0,0.0,0.0,0.0,0.0,0.0,0.0,0.0,0.0,0.0,0.0,4.0,4.0,2.0,4.0,3.0,3.0,-1.0,2.0,2.0,4_vs_4,0.0789473684210526,0.0,0.3823529411764705,0.2941176470588235,0.088235294117647,0.2631578947368421,0.0294117647058823,0.0588235294117647,0.1764705882352941,0.088235294117647,50.0,48.0,58.0,56.0,54.0,62.0,50.0,40.0,0.0,0.0,0.0,0.0,0.0,0.0,0.0,0.0,0.0,0.0,0.0,0.0,0.0,0.0,0.0,0.0,0.0,0.0,0.4736842105263157,0.0364638823780098,0.0,0.0,0,0,0,0,0,0,0,0,0,0,0,0,0,0,0,0,0,0,2026_special,J1,明治安田Ｊ１百年構想 EASTグループ,100yj1,18,2026-05-23,17:33,kasm,FCtk,finished,2026_special-100yj1-18-kasm-vs-FCtk
2026_special,18,2026-05-23,kasw,0-0,chib,Ajinomoto Stadium,13697.0,0,0,6.0,7.0,357.7,3-4-2-1,4-4-2,12.0,8.0,4.0,0.0,0.0,1467.1220364785213,1506.8677727889888,-39.745736310467464,18450000.0,11900000.0,6550000.0,101.0,80.0,20.0,20.0,6.0,7.0,1.395,1.194,50.5,54.3,40.0,48.5,0.0,0.0,0.0,0,0,12.552631578947368,4.0588235294117645,11.382352941176473,1.0263157894736843,1.3529411764705883,0.2105263157894736,422.1315789473685,9.941176470588236,13.263157894736842,14.588235294117649,22.647058823529413,17.794117647058822,19.92105263157895,12.676470588235292,1.7352941176470589,16.441176470588236,1.588235294117647,0.0526315789473684,46.0,11.473684210526317,15.205882352941176,32.44117647058823,1.2289473684210528,1.181578947368421,113.0,163.0,39.0,80.0,47.0,82.0,12.029411764705882,3.8684210526315783,11.588235294117649,1.1764705882352942,1.1470588235294117,0.2647058823529412,436.7948916408669,10.36842105263158,11.647058823529411,13.823529411764705,20.94736842105263,17.294117647058822,18.852941176470587,11.029411764705882,1.7352941176470589,14.447368421052632,1.0294117647058822,0.0294117647058823,48.9,10.705882352941176,16.323529411764707,31.789473684210527,1.2263157894736842,1.181578947368421,113.0,135.0,35.0,64.0,38.0,72.0,0.0,3.0,5.0,2.0,4.0,5.0,2.0,1.0,2.0,2.0,3_vs_4,0.0526315789473684,0.0,0.1842105263157894,0.2105263157894736,0.2058823529411764,0.1842105263157894,0.0588235294117647,0.0588235294117647,0.1764705882352941,0.0588235294117647,50.0,43.0,54.0,45.0,55.0,63.0,43.0,43.0,0.0526315789473684,0.0,0.2105263157894736,0.2105263157894736,0.0588235294117647,0.1842105263157894,0.0,0.0588235294117647,0.1052631578947368,0.0294117647058823,45.0,44.0,47.0,44.0,45.0,44.5,44.0,44.0,0.5,0.0372422283779624,0.4736842105263157,0.0332409972299168,0,0,0,0,0,0,0,0,0,0,0,0,0,0,0,0,0,0,2026_special,J1,明治安田Ｊ１百年構想 EASTグループ,100yj1,18,2026-05-23,18:05,kasw,chib,finished,2026_special-100yj1-18-kasw-vs-chib
2026_special,18,2026-05-23,hiro,0-0,nago,Ajinomoto Stadium,13697.0,0,0,7.0,7.0,230.3,3-4-2-1,3-4-2-1,6.0,9.0,-3.0,0.0,0.0,1578.4873311818164,1515.1299339257123,63.35739725610415,20900000.0,15900000.0,5000000.0,113.0,120.0,26.0,26.0,8.0,7.0,1.91,1.431,57.6,52.0,52.8,44.4,0.0,0.0,0.0,0,0,14.705882352941176,4.676470588235294,10.921052631578949,1.3529411764705883,1.105263157894737,0.3235294117647059,481.1470588235294,10.470588235294118,14.705882352941176,16.764705882352942,18.352941176470587,18.657894736842103,18.647058823529413,11.794117647058824,1.7352941176470589,16.86842105263158,0.9117647058823528,0.0294117647058823,49.5,13.117647058823527,18.176470588235293,33.3235294117647,1.4088235294117646,1.068421052631579,112.0,164.0,40.0,76.0,46.0,87.0,11.205882352941176,3.8947368421052633,11.735294117647058,1.1578947368421053,1.0294117647058822,0.3823529411764705,403.1764705882353,11.676470588235292,10.705882352941176,13.441176470588236,21.647058823529413,18.58823529411765,18.94117647058824,10.176470588235292,1.7941176470588236,14.763157894736842,1.0,0.0588235294117647,46.2,8.973684210526315,17.294117647058822,30.289473684210527,1.1823529411764706,1.1176470588235294,114.0,155.0,39.0,74.0,48.0,79.0,0.0,3.0,6.0,1.0,3.0,6.0,1.0,1.0,2.0,2.0,3_vs_3,0.1052631578947368,0.0526315789473684,0.3421052631578947,0.2941176470588235,0.1764705882352941,0.2352941176470588,0.0526315789473684,0.088235294117647,0.1176470588235294,0.0294117647058823,72.0,60.0,54.0,66.0,74.0,62.0,54.0,41.0,0.0588235294117647,0.0294117647058823,0.2647058823529412,0.2058823529411764,0.0294117647058823,0.1842105263157894,0.0,0.1052631578947368,0.1470588235294117,0.0526315789473684,51.0,50.0,38.0,45.0,47.0,44.0,43.0,46.0,0.4736842105263157,0.0257830811847432,0.4736842105263157,0.0307787011388119,0,0,0,0,0,0,0,0,0,0,0,0,0,0,0,0,0,0,2026_special,J1,明治安田Ｊ１百年構想 WESTグループ,100yj1,18,2026-05-23,14:03,hiro,nago,finished,2026_special-100yj1-18-hiro-vs-nago
2026_special,18,2026-05-23,fuku,0-0,kobe,Ajinomoto Stadium,13697.0,0,0,7.0,7.0,412.8,3-4-2-1,4-1-2-3,10.0,4.0,6.0,0.0,0.0,1498.8558792382391,1611.2503664050294,-112.39448716679021,10830000.0,17700000.0,-6870000.0,113.0,96.0,21.0,24.0,6.0,9.0,0.959,1.718,51.1,53.0,52.1,50.3,0.0,0.0,0.0,0,0,10.5,3.176470588235294,11.157894736842104,0.868421052631579,1.0,0.3235294117647059,336.8684210526316,10.529411764705882,9.657894736842104,14.052631578947368,24.61764705882353,19.529411764705884,18.44117647058824,13.058823529411764,1.6176470588235294,18.61764705882353,1.4411764705882353,0.0263157894736842,42.7,8.368421052631579,17.5,32.28947368421053,1.0558823529411765,1.0323529411764707,109.0,120.0,26.0,52.0,38.0,67.0,12.411764705882351,4.176470588235294,11.852941176470589,1.605263157894737,0.9473684210526316,0.3421052631578947,518.9411764705883,11.470588235294118,12.411764705882351,14.235294117647058,21.86842105263158,16.794117647058822,18.473684210526315,9.911764705882351,2.210526315789474,16.92105263157895,0.9736842105263158,0.0294117647058823,53.7,11.382352941176473,16.605263157894736,31.94117647058824,1.3941176470588237,1.1088235294117648,113.0,163.0,42.0,70.0,44.0,88.0,0.0,3.0,6.0,1.0,4.0,3.0,3.0,0.0,2.0,2.0,3_vs_4,0.0526315789473684,0.0263157894736842,0.2105263157894736,0.2105263157894736,0.0263157894736842,0.2058823529411764,0.0,0.0263157894736842,0.0789473684210526,0.0263157894736842,42.0,45.0,44.0,47.0,54.0,51.0,40.0,34.0,0.0789473684210526,0.0263157894736842,0.2941176470588235,0.3823529411764705,0.1052631578947368,0.2105263157894736,0.0789473684210526,0.0789473684210526,0.1052631578947368,0.0294117647058823,57.0,56.0,47.0,43.0,45.0,39.0,54.0,61.0,0.4736842105263157,0.0249307479224376,0.5,0.0443213296398891,0,0,0,0,0,0,0,0,0,0,0,0,0,0,0,0,0,0,2026_special,J1,明治安田Ｊ１百年構想 WESTグループ,100yj1,18,2026-05-23,14:04,fuku,kobe,finished,2026_special-100yj1-18-fuku-vs-kobe
2026_special,18,2026-05-23,kyot,0-0,ngsk,Ajinomoto Stadium,13697.0,0,0,7.0,7.0,357.7,4-1-2-3,3-4-2-1,13.0,8.0,5.0,0.0,0.0,1483.0471288767508,1506.8677727889888,-23.820643912237983,15730000.0,14950000.0,780000.0,127.5,80.0,21.0,20.0,6.5,7.0,1.111,1.312,54.2,46.2,45.3,46.7,0.0,0.0,0.0,0,0,11.911764705882351,3.176470588235294,13.35294117647059,1.131578947368421,1.3235294117647058,0.2352941176470588,330.5147058823529,10.735294117647058,10.43498452012384,14.617647058823527,25.558823529411764,17.409442724458206,20.83513931888545,13.421052631578949,1.5255417956656347,17.894736842105264,1.4396284829721364,0.0835913312693498,46.55,9.441176470588236,15.81501547987616,33.94117647058823,1.188235294117647,1.4,113.0,135.0,27.0,53.0,36.5,80.0,12.029411764705882,3.8684210526315783,11.588235294117649,1.1764705882352942,1.1470588235294117,0.2647058823529412,436.7948916408669,10.36842105263158,11.647058823529411,13.823529411764705,20.94736842105263,17.294117647058822,18.852941176470587,11.029411764705882,1.7352941176470589,14.447368421052632,1.0294117647058822,0.0294117647058823,48.9,10.705882352941176,16.323529411764707,31.789473684210527,1.2263157894736842,1.181578947368421,113.0,135.0,35.0,64.0,38.0,72.0,0.0,4.0,3.0,3.0,4.0,5.0,2.0,-2.0,2.0,2.0,4_vs_3,0.02786377708978325,0.0,0.2376160990712074,0.2105263157894736,0.07043343653250769,0.0588235294117647,0.0,0.0719814241486068,0.1176470588235294,0.01470588235294115,56.0,35.5,54.5,60.0,56.0,46.0,36.0,38.0,0.0526315789473684,0.0,0.2105263157894736,0.2105263157894736,0.0588235294117647,0.1842105263157894,0.0,0.0588235294117647,0.1052631578947368,0.0294117647058823,45.0,44.0,47.0,44.0,45.0,44.5,44.0,44.0,0.5,0.051988523941432455,0.4736842105263157,0.0332409972299168,0,0,0,0,0,0,0,0,0,0,0,0,0,0,0,0,0,0,2026_special,J1,明治安田Ｊ１百年構想 WESTグループ,100yj1,18,2026-05-23,19:03,kyot,ngsk,finished,2026_special-100yj1-18-kyot-vs-ngsk
2026_special,18,2026-05-24,mito,0-0,ka-f,Ajinomoto Stadium,13697.0,0,0,7.0,7.0,233.7,4-4-2,4-2-3-1,8.0,6.0,2.0,0.0,0.0,1509.5295185893274,1594.7797550093385,-85.2502364200111,9700000.0,21300000.0,-11600000.0,82.0,127.0,20.0,29.0,7.0,9.0,1.025,1.171,48.3,51.7,52.1,50.6,0.0,0.0,0.0,0,0,12.029411764705882,3.8684210526315783,11.588235294117649,1.1764705882352942,1.1470588235294117,0.2647058823529412,436.7948916408669,10.36842105263158,11.647058823529411,13.823529411764705,20.94736842105263,17.294117647058822,18.852941176470587,11.029411764705882,1.7352941176470589,14.447368421052632,1.0294117647058822,0.0294117647058823,48.9,10.705882352941176,16.323529411764707,31.789473684210527,1.2263157894736842,1.181578947368421,113.0,135.0,35.0,64.0,38.0,72.0,14.657894736842104,4.947368421052632,10.235294117647058,1.911764705882353,1.2352941176470589,0.3235294117647059,578.9705882352941,11.552631578947368,15.68421052631579,13.617647058823527,20.294117647058822,18.94117647058824,20.0,9.794117647058824,2.2058823529411766,13.588235294117649,1.1470588235294117,0.088235294117647,54.9,14.078947368421051,17.5,32.47058823529412,1.6473684210526316,1.052941176470588,111.0,157.0,42.0,70.0,44.0,82.0,0.0,4.0,5.0,2.0,4.0,3.0,3.0,0.0,2.0,2.0,4_vs_4,0.0526315789473684,0.0,0.2105263157894736,0.2105263157894736,0.0588235294117647,0.1842105263157894,0.0,0.0588235294117647,0.1052631578947368,0.0294117647058823,45.0,44.0,47.0,44.0,45.0,44.5,44.0,44.0,0.1764705882352941,0.0294117647058823,0.3421052631578947,0.4117647058823529,0.131578947368421,0.3529411764705882,0.0294117647058823,0.088235294117647,0.1764705882352941,0.1176470588235294,51.0,63.0,59.0,53.0,51.0,41.0,73.0,53.0,0.4736842105263157,0.03372576177285315,0.5,0.0363888189372953,0,0,0,0,0,0,0,0,0,0,0,0,0,0,0,0,0,0,2026_special,J1,明治安田Ｊ１百年構想 EASTグループ,100yj1,18,2026-05-24,14:03,mito,ka-f,finished,2026_special-100yj1-18-mito-vs-ka-f
2026_special,18,2026-05-24,tk-v,0-0,y-fm,Ajinomoto Stadium,13697.0,0,0,7.0,6.0,230.3,3-4-2-1,4-2-1-3,14.0,0.0,14.0,0.0,0.0,1504.6550651609919,1602.4015606637863,-97.74649550279446,8700000.0,14430000.0,-5730000.0,120.5,0.0,24.0,24.0,7.0,9.0,0.893,1.201,45.6,57.4,50.4,52.3,0.0,0.0,0.0,0,0,6.026315789473684,2.1842105263157894,5.894736842105263,0.6710526315789473,0.6710526315789473,0.15789473684210525,200.48684210526315,4.842105263157895,6.052631578947368,5.973684210526316,13.11842105263158,9.026315789473685,9.355263157894738,5.960526315789474,1.0,8.763157894736842,0.6578947368421053,0.0263157894736842,22.95,5.105263157894737,7.894736842105263,15.828947368421051,0.6026315789473684,0.6039473684210526,58.0,61.0,15.0,26.5,19.0,33.5,15.705882352941176,5.205882352941177,12.676470588235292,2.0294117647058822,1.1764705882352942,0.2647058823529412,607.2647058823529,11.852941176470589,17.205882352941178,18.294117647058822,18.647058823529413,16.973684210526315,19.11764705882353,11.842105263157896,1.5294117647058822,11.078947368421051,1.1842105263157894,0.0789473684210526,57.9,14.882352941176473,15.921052631578949,33.026315789473685,1.8088235294117647,1.3558823529411763,118.0,184.0,48.0,89.0,44.0,90.0,0.0,3.0,6.0,1.0,4.0,3.0,3.0,1.0,2.0,2.0,3_vs_4,0.0789473684210526,0.0394736842105263,0.19736842105263155,0.0789473684210526,0.0657894736842105,0.0789473684210526,0.0,0.0789473684210526,0.0394736842105263,0.0131578947368421,22.5,22.5,23.0,19.5,22.5,21.0,22.0,25.0,0.0,0.0,0.0,0.0,0.0,0.0,0.0,0.0,0.0,0.0,0.0,0.0,0.0,0.0,0.0,0.0,0.0,0.0,0.513157894736842,0.03355263157894735,0.5,0.0558633425669436,0,0,0,0,0,0,0,0,0,0,0,0,0,0,0,0,0,0,2026_special,J1,明治安田Ｊ１百年構想 EASTグループ,100yj1,18,2026-05-24,14:03,tk-v,y-fm,finished,2026_special-100yj1-18-tk-v-vs-y-fm
2026_special,18,2026-05-24,okay,0-0,c-os,Ajinomoto Stadium,13697.0,0,0,7.0,6.0,385.9,3-4-2-1,4-2-3-1,10.0,7.0,3.0,0.0,0.0,1501.047372404431,1517.5446891102308,-16.497316705799904,11200000.0,14350000.0,-3150000.0,100.0,93.0,22.0,26.0,6.0,6.0,1.253,1.36,53.9,49.2,49.5,46.4,0.0,0.0,0.0,0,0,0.0,0.0,0.0,0.0,0.0,0.0,0.0,0.0,0.0,0.0,0.0,0.0,0.0,0.0,0.0,0.0,0.0,0.0,0.0,0.0,0.0,0.0,0.0,0.0,0.0,0.0,0.0,0.0,0.0,0.0,13.394736842105264,3.8684210526315783,12.18421052631579,1.236842105263158,1.1764705882352942,0.2894736842105263,455.8157894736842,10.823529411764708,11.105263157894736,15.289473684210526,20.5,15.5,18.38235294117647,9.157894736842104,1.605263157894737,13.941176470588236,0.7368421052631579,0.0294117647058823,50.4,10.763157894736842,15.441176470588236,31.88235294117647,1.258823529411765,1.1973684210526316,114.0,129.0,41.0,62.0,48.0,66.0,0.0,3.0,6.0,1.0,4.0,4.0,2.0,1.0,2.0,2.0,3_vs_4,0.0,0.0,0.0,0.0,0.0,0.0,0.0,0.0,0.0,0.0,0.0,0.0,0.0,0.0,0.0,0.0,0.0,0.0,0.088235294117647,0.0,0.2894736842105263,0.2894736842105263,0.0526315789473684,0.2368421052631578,0.0294117647058823,0.0789473684210526,0.088235294117647,0.0588235294117647,56.0,45.0,45.0,49.0,46.0,44.0,50.0,55.0,0.4736842105263157,0.0333564173591874,0.5,0.0280470914127423,0,0,0,0,0,0,0,0,0,0,0,0,0,0,0,0,0,0,2026_special,J1,明治安田Ｊ１百年構想 WESTグループ,100yj1,18,2026-05-24,13:01,okay,c-os,finished,2026_special-100yj1-18-okay-vs-c-os
2026_special,18,2026-05-24,shim,0-0,g-os,Ajinomoto Stadium,13697.0,0,0,7.0,6.0,383.2,4-1-2-3,4-2-3-1,13.0,12.0,1.0,1.0,0.0,1459.903557213622,1474.8519838369311,-14.94842662330916,12900000.0,15430000.0,-2530000.0,78.0,85.0,20.0,20.0,5.0,7.0,1.163,1.432,51.1,51.4,51.1,46.7,0.0,0.0,0.0,0,0,11.342105263157896,3.5,12.0,0.9736842105263158,1.4210526315789471,0.1176470588235294,407.60526315789474,9.157894736842104,8.421052631578947,13.342105263157896,21.47058823529412,15.263157894736842,19.07894736842105,8.894736842105264,1.9705882352941175,12.176470588235292,0.631578947368421,0.0263157894736842,43.5,8.973684210526315,14.052631578947368,29.44736842105263,1.0578947368421054,1.0842105263157895,113.0,156.0,39.0,71.0,49.0,83.0,12.763157894736842,4.088235294117647,14.911764705882351,1.1176470588235294,1.2894736842105263,0.3421052631578947,473.8157894736842,9.470588235294118,10.794117647058824,13.058823529411764,23.029411764705884,17.13157894736842,20.289473684210527,11.558823529411764,1.7941176470588236,17.676470588235293,1.0526315789473684,0.0294117647058823,48.1,11.176470588235292,16.91176470588235,31.789473684210527,1.2352941176470589,1.576470588235294,113.0,157.0,38.0,67.0,50.0,83.0,0.0,4.0,4.0,2.0,4.0,4.0,2.0,0.0,2.0,2.0,4_vs_4,0.0,0.0,0.3421052631578947,0.2105263157894736,0.0,0.131578947368421,0.0,0.0526315789473684,0.088235294117647,0.088235294117647,35.0,34.0,47.0,47.0,36.0,44.0,42.0,53.0,0.131578947368421,0.0263157894736842,0.2631578947368421,0.1764705882352941,0.0588235294117647,0.1764705882352941,0.0263157894736842,0.1470588235294117,0.1470588235294117,0.0294117647058823,41.0,45.0,49.0,49.0,43.0,47.0,55.0,47.0,0.5,0.0372422283779624,0.4736842105263157,0.0373961218836565,0,0,0,0,0,0,0,0,0,0,0,0,0,0,0,0,0,0,2026_special,J1,明治安田Ｊ１百年構想 WESTグループ,100yj1,18,2026-05-24,17:03,shim,g-os,finished,2026_special-100yj1-18-shim-vs-g-os
2026_special,101,2026-05-30,nago,0-0,mcd,Ajinomoto Stadium,13697.0,0,0,7.0,7.0,145.05,3-4-2-1,3-4-2-1,8.0,0.0,8.0,0.0,0.0,1520.4820799936924,1572.0534875967746,-51.57140760308221,15900000.0,19300000.0,-3400000.0,114.0,0.0,27.0,31.5,7.0,8.0,1.431,1.132,52.8,44.4,48.2,54.8,0.0,0.0,0.0,0,0,11.205882352941176,3.8947368421052633,11.735294117647058,1.1578947368421053,1.0294117647058822,0.3823529411764705,403.1764705882353,11.676470588235292,10.705882352941176,13.441176470588236,21.647058823529413,18.58823529411765,18.94117647058824,10.176470588235292,1.7941176470588236,14.763157894736842,1.0,0.0588235294117647,46.2,8.973684210526315,17.294117647058822,30.289473684210527,1.1823529411764706,1.1176470588235294,114.0,155.0,39.0,74.0,48.0,79.0,6.092105263157895,1.631578947368421,5.421052631578948,0.7105263157894736,0.4473684210526316,0.23684210526315785,164.31578947368422,6.144736842105263,5.25,8.263157894736842,9.802631578947368,7.657894736842105,8.513157894736842,7.131578947368421,0.7105263157894736,10.828947368421051,0.75,0.0263157894736842,22.4,5.236842105263158,8.68421052631579,16.75,0.6907894736842105,0.4802631578947368,58.0,63.5,14.0,31.0,18.0,31.5,0.0,3.0,6.0,1.0,3.5,5.0,1.5,1.0,2.0,2.0,3_vs_3,0.0588235294117647,0.0294117647058823,0.2647058823529412,0.2058823529411764,0.0294117647058823,0.1842105263157894,0.0,0.1052631578947368,0.1470588235294117,0.0526315789473684,51.0,50.0,38.0,45.0,47.0,44.0,43.0,46.0,0.0,0.0,0.0,0.0,0.0,0.0,0.0,0.0,0.0,0.0,0.0,0.0,0.0,0.0,0.0,0.0,0.0,0.0,0.5,0.0339335180055401,0.49999999999999994,0.06755540166204985,0,0,0,0,0,0,0,0,0,0,0,0,0,0,0,0,0,0,2026_special,J1,明治安田Ｊ１百年構想 プレーオフラウンド,100yj1,101,2026-05-30,14:03,nago,mcd,finished,2026_special-100yj1-101-nago-vs-mcd
2026_special,101,2026-05-30,hiro,0-0,ka-f,Ajinomoto Stadium,13697.0,0,0,7.0,7.0,233.7,3-4-2-1,4-2-3-1,6.0,6.0,0.0,0.0,0.0,1578.4873311818164,1594.7797550093385,-16.292423827522043,20900000.0,21300000.0,-400000.0,113.0,127.0,26.0,29.0,8.0,9.0,1.91,1.171,57.6,52.0,52.1,50.6,0.0,0.0,0.0,0,0,14.705882352941176,4.676470588235294,10.921052631578949,1.3529411764705883,1.105263157894737,0.3235294117647059,481.1470588235294,10.470588235294118,14.705882352941176,16.764705882352942,18.352941176470587,18.657894736842103,18.647058823529413,11.794117647058824,1.7352941176470589,16.86842105263158,0.9117647058823528,0.0294117647058823,49.5,13.117647058823527,18.176470588235293,33.3235294117647,1.4088235294117646,1.068421052631579,112.0,164.0,40.0,76.0,46.0,87.0,14.657894736842104,4.947368421052632,10.235294117647058,1.911764705882353,1.2352941176470589,0.3235294117647059,578.9705882352941,11.552631578947368,15.68421052631579,13.617647058823527,20.294117647058822,18.94117647058824,20.0,9.794117647058824,2.2058823529411766,13.588235294117649,1.1470588235294117,0.088235294117647,54.9,14.078947368421051,17.5,32.47058823529412,1.6473684210526316,1.052941176470588,111.0,157.0,42.0,70.0,44.0,82.0,0.0,3.0,6.0,1.0,4.0,3.0,3.0,1.0,2.0,2.0,3_vs_4,0.1052631578947368,0.0526315789473684,0.3421052631578947,0.2941176470588235,0.1764705882352941,0.2352941176470588,0.0526315789473684,0.088235294117647,0.1176470588235294,0.0294117647058823,72.0,60.0,54.0,66.0,74.0,62.0,54.0,41.0,0.1764705882352941,0.0294117647058823,0.3421052631578947,0.4117647058823529,0.131578947368421,0.3529411764705882,0.0294117647058823,0.088235294117647,0.1764705882352941,0.1176470588235294,51.0,63.0,59.0,53.0,51.0,41.0,73.0,53.0,0.4736842105263157,0.0257830811847432,0.5,0.0363888189372953,0,0,0,0,0,0,0,0,0,0,0,0,0,0,0,0,0,0,2026_special,J1,明治安田Ｊ１百年構想 プレーオフラウンド,100yj1,101,2026-05-30,14:03,hiro,ka-f,finished,2026_special-100yj1-101-hiro-vs-ka-f
2026_special,101,2026-05-30,kobe,0-0,kasm,Ajinomoto Stadium,13697.0,0,0,7.0,7.0,289.2,4-1-2-3,4-4-2,4.0,4.0,0.0,0.0,0.0,1612.7483455948493,1581.086740142147,31.66160545270236,17700000.0,23030000.0,-5330000.0,93.0,88.0,24.0,30.0,9.0,8.0,1.718,1.445,52.1,50.3,47.3,48.1,0.0,0.0,0.0,0,0,12.411764705882351,4.176470588235294,11.852941176470589,1.605263157894737,0.9473684210526316,0.3421052631578947,518.9411764705883,11.470588235294118,12.411764705882351,14.235294117647058,21.86842105263158,16.794117647058822,18.473684210526315,9.911764705882351,2.210526315789474,16.92105263157895,0.9736842105263158,0.0294117647058823,53.7,11.382352941176473,16.605263157894736,31.94117647058824,1.3941176470588237,1.1088235294117648,113.0,163.0,42.0,70.0,44.0,88.0,12.941176470588236,4.176470588235294,11.147058823529411,1.5789473684210529,1.0789473684210529,0.3947368421052631,424.11764705882354,10.852941176470589,12.264705882352942,15.078947368421051,21.91176470588235,18.68421052631579,19.97058823529412,11.894736842105264,2.0,18.81578947368421,1.411764705882353,0.0588235294117647,50.1,11.5,17.36842105263158,33.55263157894737,1.2868421052631578,1.2078947368421051,112.0,167.0,40.0,80.0,45.0,86.0,0.0,4.0,3.0,3.0,4.0,4.0,2.0,-1.0,2.0,2.0,4_vs_4,0.0789473684210526,0.0263157894736842,0.2941176470588235,0.3823529411764705,0.1052631578947368,0.2105263157894736,0.0789473684210526,0.0789473684210526,0.1052631578947368,0.0294117647058823,57.0,56.0,47.0,43.0,45.0,39.0,54.0,61.0,0.0789473684210526,0.0,0.3823529411764705,0.2941176470588235,0.088235294117647,0.2631578947368421,0.0294117647058823,0.0588235294117647,0.1764705882352941,0.088235294117647,50.0,48.0,58.0,56.0,54.0,62.0,50.0,40.0,0.4736842105263157,0.0416666666666666,0.5,0.0377077562326869,0,0,0,0,0,0,0,0,0,0,0,0,0,0,0,0,0,0,2026_special,J1,明治安田Ｊ１百年構想 プレーオフラウンド,100yj1,101,2026-05-30,14:03,kobe,kasm,finished,2026_special-100yj1-101-kobe-vs-kasm
2026_special,101,2026-05-30,c-os,0-0,FCtk,Ajinomoto Stadium,13697.0,0,0,7.0,7.0,225.6,4-2-3-1,4-4-2,7.0,0.0,7.0,0.0,0.0,1528.4739621715223,1507.3530303445389,21.12093182698345,14350000.0,15680000.0,-1330000.0,99.0,0.0,25.0,0.0,7.0,7.0,1.36,1.631,49.5,46.4,48.2,52.8,0.0,0.0,0.0,0,0,13.394736842105264,3.8684210526315783,12.18421052631579,1.236842105263158,1.1764705882352942,0.2894736842105263,455.8157894736842,10.823529411764708,11.105263157894736,15.289473684210526,20.5,15.5,18.38235294117647,9.157894736842104,1.605263157894737,13.941176470588236,0.7368421052631579,0.0294117647058823,50.4,10.763157894736842,15.441176470588236,31.88235294117647,1.258823529411765,1.1973684210526316,114.0,129.0,41.0,62.0,48.0,66.0,0.0,0.0,0.0,0.0,0.0,0.0,0.0,0.0,0.0,0.0,0.0,0.0,0.0,0.0,0.0,0.0,0.0,0.0,0.0,0.0,0.0,0.0,0.0,0.0,0.0,0.0,0.0,0.0,0.0,0.0,0.0,4.0,4.0,2.0,4.0,3.0,3.0,-1.0,2.0,2.0,4_vs_4,0.088235294117647,0.0,0.2894736842105263,0.2894736842105263,0.0526315789473684,0.2368421052631578,0.0294117647058823,0.0789473684210526,0.088235294117647,0.0588235294117647,56.0,45.0,45.0,49.0,46.0,44.0,50.0,55.0,0.0,0.0,0.0,0.0,0.0,0.0,0.0,0.0,0.0,0.0,0.0,0.0,0.0,0.0,0.0,0.0,0.0,0.0,0.5,0.0279316712834718,0.0,0.0,0,0,0,0,0,0,0,0,0,0,0,0,0,0,0,0,0,0,2026_special,J1,明治安田Ｊ１百年構想 プレーオフラウンド,100yj1,101,2026-05-30,15:03,c-os,FCtk,finished,2026_special-100yj1-101-c-os-vs-FCtk
2026_special,101,2026-05-30,fuku,0-0,chib,Ajinomoto Stadium,13697.0,0,0,7.0,7.0,357.7,3-4-2-1,4-4-2,10.0,8.0,2.0,0.0,0.0,1498.8558792382391,1506.8677727889888,-8.011893550749619,10830000.0,11900000.0,-1070000.0,113.0,80.0,21.0,20.0,6.0,7.0,0.959,1.194,51.1,53.0,40.0,48.5,0.0,0.0,0.0,0,0,10.5,3.176470588235294,11.157894736842104,0.868421052631579,1.0,0.3235294117647059,336.8684210526316,10.529411764705882,9.657894736842104,14.052631578947368,24.61764705882353,19.529411764705884,18.44117647058824,13.058823529411764,1.6176470588235294,18.61764705882353,1.4411764705882353,0.0263157894736842,42.7,8.368421052631579,17.5,32.28947368421053,1.0558823529411765,1.0323529411764707,109.0,120.0,26.0,52.0,38.0,67.0,12.029411764705882,3.8684210526315783,11.588235294117649,1.1764705882352942,1.1470588235294117,0.2647058823529412,436.7948916408669,10.36842105263158,11.647058823529411,13.823529411764705,20.94736842105263,17.294117647058822,18.852941176470587,11.029411764705882,1.7352941176470589,14.447368421052632,1.0294117647058822,0.0294117647058823,48.9,10.705882352941176,16.323529411764707,31.789473684210527,1.2263157894736842,1.181578947368421,113.0,135.0,35.0,64.0,38.0,72.0,0.0,3.0,6.0,1.0,4.0,5.0,2.0,0.0,2.0,2.0,3_vs_4,0.0526315789473684,0.0263157894736842,0.2105263157894736,0.2105263157894736,0.0263157894736842,0.2058823529411764,0.0,0.0263157894736842,0.0789473684210526,0.0263157894736842,42.0,45.0,44.0,47.0,54.0,51.0,40.0,34.0,0.0526315789473684,0.0,0.2105263157894736,0.2105263157894736,0.0588235294117647,0.1842105263157894,0.0,0.0588235294117647,0.1052631578947368,0.0294117647058823,45.0,44.0,47.0,44.0,45.0,44.5,44.0,44.0,0.4736842105263157,0.0249307479224376,0.4736842105263157,0.0332409972299168,0,0,0,0,0,0,0,0,0,0,0,0,0,0,0,0,0,0,2026_special,J1,明治安田Ｊ１百年構想 プレーオフラウンド,100yj1,101,2026-05-30,16:03,fuku,chib,finished,2026_special-100yj1-101-fuku-vs-chib
2026_special,101,2026-05-30,g-os,0-0,tk-v,Ajinomoto Stadium,13697.0,0,0,7.0,6.0,0.0,4-2-3-1,3-4-2-1,13.0,14.0,-1.0,0.0,0.0,1473.8803223429218,1501.5800108714086,-27.69968852848683,15430000.0,8700000.0,6730000.0,93.0,118.5,21.0,24.0,6.0,7.0,1.432,0.893,51.1,46.7,45.6,57.4,0.0,0.0,0.0,0,0,12.763157894736842,4.088235294117647,14.911764705882351,1.1176470588235294,1.2894736842105263,0.3421052631578947,473.8157894736842,9.470588235294118,10.794117647058824,13.058823529411764,23.029411764705884,17.13157894736842,20.289473684210527,11.558823529411764,1.7941176470588236,17.676470588235293,1.0526315789473684,0.0294117647058823,48.1,11.176470588235292,16.91176470588235,31.789473684210527,1.2352941176470589,1.576470588235294,113.0,157.0,38.0,67.0,50.0,83.0,6.026315789473684,2.1842105263157894,5.894736842105263,0.6710526315789473,0.6710526315789473,0.15789473684210525,200.48684210526315,4.842105263157895,6.052631578947368,5.973684210526316,13.11842105263158,9.026315789473685,9.355263157894738,5.960526315789474,1.0,8.763157894736842,0.6578947368421053,0.0263157894736842,22.95,5.105263157894737,7.894736842105263,15.828947368421051,0.6026315789473684,0.6039473684210526,58.0,61.0,15.0,26.5,19.0,33.5,0.0,4.0,4.0,2.0,3.0,6.0,1.0,-1.0,2.0,2.0,4_vs_3,0.131578947368421,0.0263157894736842,0.2631578947368421,0.1764705882352941,0.0588235294117647,0.1764705882352941,0.0263157894736842,0.1470588235294117,0.1470588235294117,0.0294117647058823,41.0,45.0,49.0,49.0,43.0,47.0,55.0,47.0,0.0789473684210526,0.0394736842105263,0.19736842105263155,0.0789473684210526,0.0657894736842105,0.0789473684210526,0.0,0.0789473684210526,0.0394736842105263,0.0131578947368421,22.5,22.5,23.0,19.5,22.5,21.0,22.0,25.0,0.5,0.0415945290858725,0.513157894736842,0.036448627549735546,0,0,0,0,0,0,0,0,0,0,0,0,0,0,0,0,0,0,2026_special,J1,明治安田Ｊ１百年構想 プレーオフラウンド,100yj1,101,2026-05-30,16:03,g-os,tk-v,finished,2026_special-100yj1-101-g-os-vs-tk-v
2026_special,101,2026-05-30,ngsk,0-0,mito,Ajinomoto Stadium,13697.0,0,0,7.0,7.0,357.7,3-4-2-1,4-4-2,8.0,8.0,0.0,0.0,0.0,1509.5295185893274,1506.8677727889888,2.661745800338622,14950000.0,9700000.0,5250000.0,82.0,80.0,20.0,20.0,7.0,7.0,1.312,1.025,45.3,46.7,48.3,51.7,0.0,0.0,0.0,0,0,12.029411764705882,3.8684210526315783,11.588235294117649,1.1764705882352942,1.1470588235294117,0.2647058823529412,436.7948916408669,10.36842105263158,11.647058823529411,13.823529411764705,20.94736842105263,17.294117647058822,18.852941176470587,11.029411764705882,1.7352941176470589,14.447368421052632,1.0294117647058822,0.0294117647058823,48.9,10.705882352941176,16.323529411764707,31.789473684210527,1.2263157894736842,1.181578947368421,113.0,135.0,35.0,64.0,38.0,72.0,12.029411764705882,3.8684210526315783,11.588235294117649,1.1764705882352942,1.1470588235294117,0.2647058823529412,436.7948916408669,10.36842105263158,11.647058823529411,13.823529411764705,20.94736842105263,17.294117647058822,18.852941176470587,11.029411764705882,1.7352941176470589,14.447368421052632,1.0294117647058822,0.0294117647058823,48.9,10.705882352941176,16.323529411764707,31.789473684210527,1.2263157894736842,1.181578947368421,113.0,135.0,35.0,64.0,38.0,72.0,0.0,4.0,5.0,2.0,4.0,5.0,2.0,0.0,2.0,2.0,3_vs_4,0.0526315789473684,0.0,0.2105263157894736,0.2105263157894736,0.0588235294117647,0.1842105263157894,0.0,0.0588235294117647,0.1052631578947368,0.0294117647058823,45.0,44.0,47.0,44.0,45.0,44.5,44.0,44.0,0.0526315789473684,0.0,0.2105263157894736,0.2105263157894736,0.0588235294117647,0.1842105263157894,0.0,0.0588235294117647,0.1052631578947368,0.0294117647058823,45.0,44.0,47.0,44.0,45.0,44.5,44.0,44.0,0.4736842105263157,0.03372576177285315,0.4736842105263157,0.0332409972299168,0,0,0,0,0,0,0,0,0,0,0,0,0,0,0,0,0,0,2026_special,J1,明治安田Ｊ１百年構想 プレーオフラウンド,100yj1,101,2026-05-30,17:03,ngsk,mito,finished,2026_special-100yj1-101-ngsk-vs-mito
2026_special,101,2026-05-30,kyot,0-0,kasw,Ajinomoto Stadium,13697.0,0,0,7.0,7.0,242.7,4-1-2-3,3-4-2-1,13.0,11.0,2.0,0.0,0.0,1483.0471288767508,1463.874953058819,19.172175817931702,15730000.0,18450000.0,-2720000.0,127.5,96.0,21.0,21.0,6.5,7.0,1.111,1.395,54.2,46.2,50.5,54.3,0.0,0.0,0.0,0,0,11.911764705882351,3.176470588235294,13.35294117647059,1.131578947368421,1.3235294117647058,0.2352941176470588,330.5147058823529,10.735294117647058,10.43498452012384,14.617647058823527,25.558823529411764,17.409442724458206,20.83513931888545,13.421052631578949,1.5255417956656347,17.894736842105264,1.4396284829721364,0.0835913312693498,46.55,9.441176470588236,15.81501547987616,33.94117647058823,1.188235294117647,1.4,113.0,135.0,27.0,53.0,36.5,80.0,12.552631578947368,4.0588235294117645,11.382352941176473,1.0263157894736843,1.3529411764705883,0.2105263157894736,422.1315789473685,9.941176470588236,13.263157894736842,14.588235294117649,22.647058823529413,17.794117647058822,19.92105263157895,12.676470588235292,1.7352941176470589,16.441176470588236,1.588235294117647,0.0526315789473684,46.0,11.473684210526317,15.205882352941176,32.44117647058823,1.2289473684210528,1.181578947368421,113.0,163.0,39.0,80.0,47.0,82.0,0.0,4.0,3.0,3.0,3.0,5.0,2.0,-2.0,2.0,2.0,4_vs_3,0.02786377708978325,0.0,0.2376160990712074,0.2105263157894736,0.07043343653250769,0.0588235294117647,0.0,0.0719814241486068,0.1176470588235294,0.01470588235294115,56.0,35.5,54.5,60.0,56.0,46.0,36.0,38.0,0.0526315789473684,0.0,0.1842105263157894,0.2105263157894736,0.2058823529411764,0.1842105263157894,0.0588235294117647,0.0588235294117647,0.1764705882352941,0.0588235294117647,50.0,43.0,54.0,45.0,55.0,63.0,43.0,43.0,0.5,0.051988523941432455,0.4736842105263157,0.0396923749817757,0,0,0,0,0,0,0,0,0,0,0,0,0,0,0,0,0,0,2026_special,J1,明治安田Ｊ１百年構想 プレーオフラウンド,100yj1,101,2026-05-30,19:03,kyot,kasw,finished,2026_special-100yj1-101-kyot-vs-kasw
2026_special,102,2026-05-31,shim,0-0,y-fm,Ajinomoto Stadium,13697.0,0,0,7.0,6.0,230.3,4-1-2-3,4-2-1-3,13.0,0.0,13.0,1.0,0.0,1459.903557213622,1602.4015606637863,-142.49800345016433,12900000.0,14430000.0,-1530000.0,78.0,0.0,20.0,24.0,5.0,9.0,1.163,1.201,51.1,51.4,50.4,52.3,0.0,0.0,0.0,0,0,11.342105263157896,3.5,12.0,0.9736842105263158,1.4210526315789471,0.1176470588235294,407.60526315789474,9.157894736842104,8.421052631578947,13.342105263157896,21.47058823529412,15.263157894736842,19.07894736842105,8.894736842105264,1.9705882352941175,12.176470588235292,0.631578947368421,0.0263157894736842,43.5,8.973684210526315,14.052631578947368,29.44736842105263,1.0578947368421054,1.0842105263157895,113.0,156.0,39.0,71.0,49.0,83.0,15.705882352941176,5.205882352941177,12.676470588235292,2.0294117647058822,1.1764705882352942,0.2647058823529412,607.2647058823529,11.852941176470589,17.205882352941178,18.294117647058822,18.647058823529413,16.973684210526315,19.11764705882353,11.842105263157896,1.5294117647058822,11.078947368421051,1.1842105263157894,0.0789473684210526,57.9,14.882352941176473,15.921052631578949,33.026315789473685,1.8088235294117647,1.3558823529411763,118.0,184.0,48.0,89.0,44.0,90.0,0.0,4.0,4.0,2.0,4.0,3.0,3.0,0.0,2.0,2.0,4_vs_4,0.0,0.0,0.3421052631578947,0.2105263157894736,0.0,0.131578947368421,0.0,0.0526315789473684,0.088235294117647,0.088235294117647,35.0,34.0,47.0,47.0,36.0,44.0,42.0,53.0,0.0,0.0,0.0,0.0,0.0,0.0,0.0,0.0,0.0,0.0,0.0,0.0,0.0,0.0,0.0,0.0,0.0,0.0,0.5,0.0372422283779624,0.5,0.0558633425669436,0,0,0,0,0,0,0,0,0,0,0,0,0,0,0,0,0,0,2026_special,J1,明治安田Ｊ１百年構想 プレーオフラウンド,100yj1,102,2026-05-31,14:03,shim,y-fm,finished,2026_special-100yj1-102-shim-vs-y-fm
2026_special,102,2026-05-31,okay,0-0,uraw,Ajinomoto Stadium,13697.0,0,0,7.0,7.0,234.7,3-4-2-1,4-2-3-1,10.0,8.0,2.0,0.0,0.0,1501.047372404431,1546.105970950524,-45.05859854609298,11200000.0,17730000.0,-6530000.0,100.0,99.0,22.0,25.0,6.0,7.0,1.253,1.437,53.9,49.2,50.6,49.6,0.0,0.0,0.0,0,0,0.0,0.0,0.0,0.0,0.0,0.0,0.0,0.0,0.0,0.0,0.0,0.0,0.0,0.0,0.0,0.0,0.0,0.0,0.0,0.0,0.0,0.0,0.0,0.0,0.0,0.0,0.0,0.0,0.0,0.0,12.029411764705882,3.941176470588236,12.578947368421051,1.2647058823529411,1.1470588235294117,0.3157894736842105,486.5,9.973684210526317,13.205882352941176,12.86842105263158,20.91176470588235,17.735294117647058,19.235294117647054,10.105263157894736,1.763157894736842,13.894736842105264,1.105263157894737,0.0294117647058823,52.7,10.558823529411764,16.81578947368421,30.47058823529412,1.363157894736842,1.1823529411764706,111.0,163.0,39.0,78.0,45.0,83.0,0.0,3.0,6.0,1.0,4.0,5.0,1.0,1.0,2.0,2.0,3_vs_4,0.0,0.0,0.0,0.0,0.0,0.0,0.0,0.0,0.0,0.0,0.0,0.0,0.0,0.0,0.0,0.0,0.0,0.0,0.1842105263157894,0.0294117647058823,0.2352941176470588,0.2352941176470588,0.1176470588235294,0.2368421052631578,0.0263157894736842,0.0526315789473684,0.1470588235294117,0.0263157894736842,46.0,43.0,52.0,42.0,42.0,45.0,53.0,63.0,0.4736842105263157,0.0333564173591874,0.5,0.025,0,0,0,0,0,0,0,0,0,0,0,0,0,0,0,0,0,0,2026_special,J1,明治安田Ｊ１百年構想 プレーオフラウンド,100yj1,102,2026-05-31,14:03,okay,uraw,finished,2026_special-100yj1-102-okay-vs-uraw
2026_special,201,2026-06-06,kasm,0-0,kobe,Ajinomoto Stadium,13697.0,0,0,7.0,7.0,412.8,4-4-2,4-1-2-3,4.0,4.0,0.0,0.0,0.0,1590.7185052811446,1611.2503664050294,-20.53186112388471,23030000.0,17700000.0,5330000.0,86.0,96.0,31.0,24.0,9.0,9.0,1.445,1.718,47.3,48.1,52.1,50.3,0.0,0.0,0.0,0,0,12.941176470588236,4.176470588235294,11.147058823529411,1.5789473684210529,1.0789473684210529,0.3947368421052631,424.11764705882354,10.852941176470589,12.264705882352942,15.078947368421051,21.91176470588235,18.68421052631579,19.97058823529412,11.894736842105264,2.0,18.81578947368421,1.411764705882353,0.0588235294117647,50.1,11.5,17.36842105263158,33.55263157894737,1.2868421052631578,1.2078947368421051,112.0,167.0,40.0,80.0,45.0,86.0,12.411764705882351,4.176470588235294,11.852941176470589,1.605263157894737,0.9473684210526316,0.3421052631578947,518.9411764705883,11.470588235294118,12.411764705882351,14.235294117647058,21.86842105263158,16.794117647058822,18.473684210526315,9.911764705882351,2.210526315789474,16.92105263157895,0.9736842105263158,0.0294117647058823,53.7,11.382352941176473,16.605263157894736,31.94117647058824,1.3941176470588237,1.1088235294117648,113.0,163.0,42.0,70.0,44.0,88.0,0.0,4.0,4.0,2.0,4.0,3.0,3.0,-1.0,2.0,2.0,4_vs_4,0.0789473684210526,0.0,0.3823529411764705,0.2941176470588235,0.088235294117647,0.2631578947368421,0.0294117647058823,0.0588235294117647,0.1764705882352941,0.088235294117647,50.0,48.0,58.0,56.0,54.0,62.0,50.0,40.0,0.0789473684210526,0.0263157894736842,0.2941176470588235,0.3823529411764705,0.1052631578947368,0.2105263157894736,0.0789473684210526,0.0789473684210526,0.1052631578947368,0.0294117647058823,57.0,56.0,47.0,43.0,45.0,39.0,54.0,61.0,0.4736842105263157,0.0364638823780098,0.5,0.0443213296398891,0,0,0,0,0,0,0,0,0,0,0,0,0,0,0,0,0,0,2026_special,J1,明治安田Ｊ１百年構想 プレーオフラウンド,100yj1,201,2026-06-06,14:00,kasm,kobe,unplayed,2026_special-100yj1-201-kasm-vs-kobe
2026_special,201,2026-06-06,chib,0-0,fuku,Ajinomoto Stadium,13697.0,0,0,7.0,7.0,843.1,4-4-2,3-4-2-1,8.0,10.0,-2.0,0.0,0.0,1509.5295185893274,1493.4237115482938,16.105807041033586,11900000.0,10830000.0,1070000.0,82.0,121.0,20.0,22.0,7.0,7.0,1.194,0.959,40.0,48.5,51.1,53.0,0.0,0.0,0.0,0,0,12.029411764705882,3.8684210526315783,11.588235294117649,1.1764705882352942,1.1470588235294117,0.2647058823529412,436.7948916408669,10.36842105263158,11.647058823529411,13.823529411764705,20.94736842105263,17.294117647058822,18.852941176470587,11.029411764705882,1.7352941176470589,14.447368421052632,1.0294117647058822,0.0294117647058823,48.9,10.705882352941176,16.323529411764707,31.789473684210527,1.2263157894736842,1.181578947368421,113.0,135.0,35.0,64.0,38.0,72.0,10.5,3.176470588235294,11.157894736842104,0.868421052631579,1.0,0.3235294117647059,336.8684210526316,10.529411764705882,9.657894736842104,14.052631578947368,24.61764705882353,19.529411764705884,18.44117647058824,13.058823529411764,1.6176470588235294,18.61764705882353,1.4411764705882353,0.0263157894736842,42.7,8.368421052631579,17.5,32.28947368421053,1.0558823529411765,1.0323529411764707,109.0,120.0,26.0,52.0,38.0,67.0,0.0,4.0,5.0,2.0,3.0,6.0,1.0,0.0,2.0,2.0,4_vs_3,0.0526315789473684,0.0,0.2105263157894736,0.2105263157894736,0.0588235294117647,0.1842105263157894,0.0,0.0588235294117647,0.1052631578947368,0.0294117647058823,45.0,44.0,47.0,44.0,45.0,44.5,44.0,44.0,0.0526315789473684,0.0263157894736842,0.2105263157894736,0.2105263157894736,0.0263157894736842,0.2058823529411764,0.0,0.0263157894736842,0.0789473684210526,0.0263157894736842,42.0,45.0,44.0,47.0,54.0,51.0,40.0,34.0,0.4736842105263157,0.03372576177285315,0.5,0.026167392164622,0,0,0,0,0,0,0,0,0,0,0,0,0,0,0,0,0,0,2026_special,J1,明治安田Ｊ１百年構想 プレーオフラウンド,100yj1,201,2026-06-06,14:00,chib,fuku,unplayed,2026_special-100yj1-201-chib-vs-fuku
2026_special,201,2026-06-06,FCtk,0-0,c-os,Ajinomoto Stadium,13697.0,0,0,7.0,6.0,385.9,4-4-2,4-2-3-1,0.0,7.0,-7.0,0.0,0.0,1505.1732969988918,1517.5446891102308,-12.371392111338992,15680000.0,14350000.0,1330000.0,0.0,93.0,0.0,26.0,7.0,6.0,1.631,1.36,48.2,52.8,49.5,46.4,0.0,0.0,0.0,0,0,0.0,0.0,0.0,0.0,0.0,0.0,0.0,0.0,0.0,0.0,0.0,0.0,0.0,0.0,0.0,0.0,0.0,0.0,0.0,0.0,0.0,0.0,0.0,0.0,0.0,0.0,0.0,0.0,0.0,0.0,13.394736842105264,3.8684210526315783,12.18421052631579,1.236842105263158,1.1764705882352942,0.2894736842105263,455.8157894736842,10.823529411764708,11.105263157894736,15.289473684210526,20.5,15.5,18.38235294117647,9.157894736842104,1.605263157894737,13.941176470588236,0.7368421052631579,0.0294117647058823,50.4,10.763157894736842,15.441176470588236,31.88235294117647,1.258823529411765,1.1973684210526316,114.0,129.0,41.0,62.0,48.0,66.0,0.0,4.0,3.0,3.0,4.0,4.0,2.0,-1.0,2.0,2.0,4_vs_4,0.0,0.0,0.0,0.0,0.0,0.0,0.0,0.0,0.0,0.0,0.0,0.0,0.0,0.0,0.0,0.0,0.0,0.0,0.088235294117647,0.0,0.2894736842105263,0.2894736842105263,0.0526315789473684,0.2368421052631578,0.0294117647058823,0.0789473684210526,0.088235294117647,0.0588235294117647,56.0,45.0,45.0,49.0,46.0,44.0,50.0,55.0,0.0,0.0,0.5,0.0280470914127423,0,0,0,0,0,0,0,0,0,0,0,0,0,0,0,0,0,0,2026_special,J1,明治安田Ｊ１百年構想 プレーオフラウンド,100yj1,201,2026-06-06,14:00,FCtk,c-os,unplayed,2026_special-100yj1-201-FCtk-vs-c-os
2026_special,201,2026-06-06,mito,0-0,ngsk,Ajinomoto Stadium,13697.0,0,0,7.0,7.0,357.7,4-4-2,3-4-2-1,8.0,8.0,0.0,0.0,0.0,1509.5295185893274,1506.8677727889888,2.661745800338622,9700000.0,14950000.0,-5250000.0,82.0,80.0,20.0,20.0,7.0,7.0,1.025,1.312,48.3,51.7,45.3,46.7,0.0,0.0,0.0,0,0,12.029411764705882,3.8684210526315783,11.588235294117649,1.1764705882352942,1.1470588235294117,0.2647058823529412,436.7948916408669,10.36842105263158,11.647058823529411,13.823529411764705,20.94736842105263,17.294117647058822,18.852941176470587,11.029411764705882,1.7352941176470589,14.447368421052632,1.0294117647058822,0.0294117647058823,48.9,10.705882352941176,16.323529411764707,31.789473684210527,1.2263157894736842,1.181578947368421,113.0,135.0,35.0,64.0,38.0,72.0,12.029411764705882,3.8684210526315783,11.588235294117649,1.1764705882352942,1.1470588235294117,0.2647058823529412,436.7948916408669,10.36842105263158,11.647058823529411,13.823529411764705,20.94736842105263,17.294117647058822,18.852941176470587,11.029411764705882,1.7352941176470589,14.447368421052632,1.0294117647058822,0.0294117647058823,48.9,10.705882352941176,16.323529411764707,31.789473684210527,1.2263157894736842,1.181578947368421,113.0,135.0,35.0,64.0,38.0,72.0,0.0,4.0,5.0,2.0,4.0,5.0,2.0,0.0,2.0,2.0,4_vs_3,0.0526315789473684,0.0,0.2105263157894736,0.2105263157894736,0.0588235294117647,0.1842105263157894,0.0,0.0588235294117647,0.1052631578947368,0.0294117647058823,45.0,44.0,47.0,44.0,45.0,44.5,44.0,44.0,0.0526315789473684,0.0,0.2105263157894736,0.2105263157894736,0.0588235294117647,0.1842105263157894,0.0,0.0588235294117647,0.1052631578947368,0.0294117647058823,45.0,44.0,47.0,44.0,45.0,44.5,44.0,44.0,0.4736842105263157,0.03372576177285315,0.4736842105263157,0.0332409972299168,0,0,0,0,0,0,0,0,0,0,0,0,0,0,0,0,0,0,2026_special,J1,明治安田Ｊ１百年構想 プレーオフラウンド,100yj1,201,2026-06-06,15:00,mito,ngsk,unplayed,2026_special-100yj1-201-mito-vs-ngsk
2026_special,201,2026-06-06,mcd,0-0,nago,Ajinomoto Stadium,13697.0,0,0,6.0,7.0,230.3,3-4-2-1,3-4-2-1,0.0,9.0,-9.0,0.0,0.0,1579.3237324440397,1515.1299339257123,64.19379851832741,19300000.0,15900000.0,3400000.0,0.0,120.0,34.5,26.0,8.0,7.0,1.132,1.431,48.2,54.8,52.8,44.4,0.0,0.0,0.0,0,0,6.092105263157895,1.631578947368421,5.421052631578948,0.7105263157894736,0.4473684210526316,0.23684210526315785,164.31578947368422,6.144736842105263,5.25,8.263157894736842,9.802631578947368,7.657894736842105,8.513157894736842,7.131578947368421,0.7105263157894736,10.828947368421051,0.75,0.0263157894736842,22.4,5.236842105263158,8.68421052631579,16.75,0.6907894736842105,0.4802631578947368,58.0,63.5,14.0,31.0,18.0,31.5,11.205882352941176,3.8947368421052633,11.735294117647058,1.1578947368421053,1.0294117647058822,0.3823529411764705,403.1764705882353,11.676470588235292,10.705882352941176,13.441176470588236,21.647058823529413,18.58823529411765,18.94117647058824,10.176470588235292,1.7941176470588236,14.763157894736842,1.0,0.0588235294117647,46.2,8.973684210526315,17.294117647058822,30.289473684210527,1.1823529411764706,1.1176470588235294,114.0,155.0,39.0,74.0,48.0,79.0,0.0,3.5,5.0,1.5,3.0,6.0,1.0,0.0,2.0,2.0,3_vs_3,0.0,0.0,0.0,0.0,0.0,0.0,0.0,0.0,0.0,0.0,0.0,0.0,0.0,0.0,0.0,0.0,0.0,0.0,0.0588235294117647,0.0294117647058823,0.2647058823529412,0.2058823529411764,0.0294117647058823,0.1842105263157894,0.0,0.1052631578947368,0.1470588235294117,0.0526315789473684,51.0,50.0,38.0,45.0,47.0,44.0,43.0,46.0,0.5263157894736843,0.0718458826492067,0.4736842105263157,0.0307787011388119,0,0,0,0,0,0,0,0,0,0,0,0,0,0,0,0,0,0,2026_special,J1,明治安田Ｊ１百年構想 プレーオフラウンド,100yj1,201,2026-06-06,15:00,mcd,nago,unplayed,2026_special-100yj1-201-mcd-vs-nago
2026_special,201,2026-06-06,uraw,0-0,okay,Ajinomoto Stadium,13697.0,0,0,6.0,6.0,0.0,4-2-3-1,3-4-2-1,8.0,12.0,-4.0,0.0,1.0,1549.6385738216893,1488.4488488061263,61.189725015563,17730000.0,11200000.0,6530000.0,93.0,127.0,25.0,24.0,8.0,5.0,1.437,1.253,50.6,49.6,53.9,49.2,0.0,0.0,0.0,0,0,12.029411764705882,3.941176470588236,12.578947368421051,1.2647058823529411,1.1470588235294117,0.3157894736842105,486.5,9.973684210526317,13.205882352941176,12.86842105263158,20.91176470588235,17.735294117647058,19.235294117647054,10.105263157894736,1.763157894736842,13.894736842105264,1.105263157894737,0.0294117647058823,52.7,10.558823529411764,16.81578947368421,30.47058823529412,1.363157894736842,1.1823529411764706,111.0,163.0,39.0,78.0,45.0,83.0,0.0,0.0,0.0,0.0,0.0,0.0,0.0,0.0,0.0,0.0,0.0,0.0,0.0,0.0,0.0,0.0,0.0,0.0,0.0,0.0,0.0,0.0,0.0,0.0,0.0,0.0,0.0,0.0,0.0,0.0,0.0,4.0,5.0,1.0,3.0,6.0,1.0,0.0,2.0,2.0,4_vs_3,0.1842105263157894,0.0294117647058823,0.2352941176470588,0.2352941176470588,0.1176470588235294,0.2368421052631578,0.0263157894736842,0.0526315789473684,0.1470588235294117,0.0263157894736842,46.0,43.0,52.0,42.0,42.0,45.0,53.0,63.0,0.0,0.0,0.0,0.0,0.0,0.0,0.0,0.0,0.0,0.0,0.0,0.0,0.0,0.0,0.0,0.0,0.0,0.0,0.4736842105263157,0.0279316712834718,0.5526315789473685,0.0339335180055401,0,0,0,0,0,0,0,0,0,0,0,0,0,0,0,0,0,0,2026_special,J1,明治安田Ｊ１百年構想 プレーオフラウンド,100yj1,201,2026-06-06,16:00,uraw,okay,unplayed,2026_special-100yj1-201-uraw-vs-okay
2026_special,201,2026-06-06,tk-v,0-0,g-os,Ajinomoto Stadium,13697.0,0,0,7.0,6.0,383.2,3-4-2-1,4-2-3-1,14.0,12.0,2.0,0.0,0.0,1504.6550651609919,1474.8519838369311,29.803081324060713,8700000.0,15430000.0,-6730000.0,120.5,85.0,24.0,20.0,7.0,7.0,0.893,1.432,45.6,57.4,51.1,46.7,0.0,0.0,0.0,0,0,6.026315789473684,2.1842105263157894,5.894736842105263,0.6710526315789473,0.6710526315789473,0.15789473684210525,200.48684210526315,4.842105263157895,6.052631578947368,5.973684210526316,13.11842105263158,9.026315789473685,9.355263157894738,5.960526315789474,1.0,8.763157894736842,0.6578947368421053,0.0263157894736842,22.95,5.105263157894737,7.894736842105263,15.828947368421051,0.6026315789473684,0.6039473684210526,58.0,61.0,15.0,26.5,19.0,33.5,12.763157894736842,4.088235294117647,14.911764705882351,1.1176470588235294,1.2894736842105263,0.3421052631578947,473.8157894736842,9.470588235294118,10.794117647058824,13.058823529411764,23.029411764705884,17.13157894736842,20.289473684210527,11.558823529411764,1.7941176470588236,17.676470588235293,1.0526315789473684,0.0294117647058823,48.1,11.176470588235292,16.91176470588235,31.789473684210527,1.2352941176470589,1.576470588235294,113.0,157.0,38.0,67.0,50.0,83.0,0.0,3.0,6.0,1.0,4.0,4.0,2.0,1.0,2.0,2.0,3_vs_4,0.0789473684210526,0.0394736842105263,0.19736842105263155,0.0789473684210526,0.0657894736842105,0.0789473684210526,0.0,0.0789473684210526,0.0394736842105263,0.0131578947368421,22.5,22.5,23.0,19.5,22.5,21.0,22.0,25.0,0.131578947368421,0.0263157894736842,0.2631578947368421,0.1764705882352941,0.0588235294117647,0.1764705882352941,0.0263157894736842,0.1470588235294117,0.1470588235294117,0.0294117647058823,41.0,45.0,49.0,49.0,43.0,47.0,55.0,47.0,0.513157894736842,0.03355263157894735,0.4736842105263157,0.0373961218836565,0,0,0,0,0,0,0,0,0,0,0,0,0,0,0,0,0,0,2026_special,J1,明治安田Ｊ１百年構想 プレーオフラウンド,100yj1,201,2026-06-06,16:00,tk-v,g-os,unplayed,2026_special-100yj1-201-tk-v-vs-g-os
2026_special,201,2026-06-06,y-fm,0-0,shim,Ajinomoto Stadium,13697.0,0,0,6.0,7.0,222.2,4-2-1-3,4-1-2-3,0.0,13.0,-13.0,0.0,0.0,1602.479355440467,1454.3484905594707,148.13086488099634,14430000.0,12900000.0,1530000.0,0.0,85.0,25.0,17.0,8.0,5.0,1.201,1.163,50.4,52.3,51.1,51.4,0.0,0.0,0.0,0,0,15.705882352941176,5.205882352941177,12.676470588235292,2.0294117647058822,1.1764705882352942,0.2647058823529412,607.2647058823529,11.852941176470589,17.205882352941178,18.294117647058822,18.647058823529413,16.973684210526315,19.11764705882353,11.842105263157896,1.5294117647058822,11.078947368421051,1.1842105263157894,0.0789473684210526,57.9,14.882352941176473,15.921052631578949,33.026315789473685,1.8088235294117647,1.3558823529411763,118.0,184.0,48.0,89.0,44.0,90.0,11.342105263157896,3.5,12.0,0.9736842105263158,1.4210526315789471,0.1176470588235294,407.60526315789474,9.157894736842104,8.421052631578947,13.342105263157896,21.47058823529412,15.263157894736842,19.07894736842105,8.894736842105264,1.9705882352941175,12.176470588235292,0.631578947368421,0.0263157894736842,43.5,8.973684210526315,14.052631578947368,29.44736842105263,1.0578947368421054,1.0842105263157895,113.0,156.0,39.0,71.0,49.0,83.0,0.0,4.0,3.0,3.0,4.0,4.0,2.0,-1.0,2.0,2.0,4_vs_4,0.0,0.0,0.0,0.0,0.0,0.0,0.0,0.0,0.0,0.0,0.0,0.0,0.0,0.0,0.0,0.0,0.0,0.0,0.0,0.0,0.3421052631578947,0.2105263157894736,0.0,0.131578947368421,0.0,0.0526315789473684,0.088235294117647,0.088235294117647,35.0,34.0,47.0,47.0,36.0,44.0,42.0,53.0,0.4736842105263157,0.0569845666798575,0.5,0.0393477713422311,0,0,0,0,0,0,0,0,0,0,0,0,0,0,0,0,0,0,2026_special,J1,明治安田Ｊ１百年構想 プレーオフラウンド,100yj1,201,2026-06-06,17:00,y-fm,shim,unplayed,2026_special-100yj1-201-y-fm-vs-shim
2026_special,201,2026-06-06,kasw,0-0,kyot,Ajinomoto Stadium,13697.0,0,0,6.0,7.0,367.5,3-4-2-1,4-1-2-3,12.0,13.0,-1.0,0.0,0.0,1467.1220364785213,1482.394720240757,-15.272683762235602,18450000.0,15730000.0,2720000.0,101.0,110.5,20.0,19.5,6.0,6.0,1.395,1.111,50.5,54.3,54.2,46.2,0.0,0.0,0.0,0,0,12.552631578947368,4.0588235294117645,11.382352941176473,1.0263157894736843,1.3529411764705883,0.2105263157894736,422.1315789473685,9.941176470588236,13.263157894736842,14.588235294117649,22.647058823529413,17.794117647058822,19.92105263157895,12.676470588235292,1.7352941176470589,16.441176470588236,1.588235294117647,0.0526315789473684,46.0,11.473684210526317,15.205882352941176,32.44117647058823,1.2289473684210528,1.181578947368421,113.0,163.0,39.0,80.0,47.0,82.0,11.911764705882351,3.176470588235294,13.35294117647059,1.131578947368421,1.3235294117647058,0.2352941176470588,330.5147058823529,10.735294117647058,10.43498452012384,14.617647058823527,25.558823529411764,17.409442724458206,20.83513931888545,13.421052631578949,1.5255417956656347,17.894736842105264,1.4396284829721364,0.0835913312693498,46.55,9.441176470588236,15.81501547987616,33.94117647058823,1.188235294117647,1.4,113.0,135.0,27.0,53.0,36.5,80.0,0.0,3.0,5.0,2.0,4.0,3.0,3.0,1.0,2.0,2.0,3_vs_4,0.0526315789473684,0.0,0.1842105263157894,0.2105263157894736,0.2058823529411764,0.1842105263157894,0.0588235294117647,0.0588235294117647,0.1764705882352941,0.0588235294117647,50.0,43.0,54.0,45.0,55.0,63.0,43.0,43.0,0.02786377708978325,0.0,0.2376160990712074,0.2105263157894736,0.07043343653250769,0.0588235294117647,0.0,0.0719814241486068,0.1176470588235294,0.01470588235294115,56.0,35.5,54.5,60.0,56.0,46.0,36.0,38.0,0.5,0.0372422283779624,0.4605263157894737,0.0427631578947368,0,0,0,0,0,0,0,0,0,0,0,0,0,0,0,0,0,0,2026_special,J1,明治安田Ｊ１百年構想 プレーオフラウンド,100yj1,201,2026-06-06,18:00,kasw,kyot,unplayed,2026_special-100yj1-201-kasw-vs-kyot
2026_special,201,2026-06-06,ka-f,0-0,hiro,Ajinomoto Stadium,13697.0,0,0,6.0,7.0,639.0,4-2-3-1,3-4-2-1,6.0,5.0,1.0,0.0,0.0,1587.410772611103,1580.9061483660332,6.504624245069863,21300000.0,20900000.0,400000.0,114.0,117.0,28.0,29.0,8.0,8.0,1.171,1.91,52.1,50.6,57.6,52.0,0.0,0.0,0.0,0,0,14.657894736842104,4.947368421052632,10.235294117647058,1.911764705882353,1.2352941176470589,0.3235294117647059,578.9705882352941,11.552631578947368,15.68421052631579,13.617647058823527,20.294117647058822,18.94117647058824,20.0,9.794117647058824,2.2058823529411766,13.588235294117649,1.1470588235294117,0.088235294117647,54.9,14.078947368421051,17.5,32.47058823529412,1.6473684210526316,1.052941176470588,111.0,157.0,42.0,70.0,44.0,82.0,14.705882352941176,4.676470588235294,10.921052631578949,1.3529411764705883,1.105263157894737,0.3235294117647059,481.1470588235294,10.470588235294118,14.705882352941176,16.764705882352942,18.352941176470587,18.657894736842103,18.647058823529413,11.794117647058824,1.7352941176470589,16.86842105263158,0.9117647058823528,0.0294117647058823,49.5,13.117647058823527,18.176470588235293,33.3235294117647,1.4088235294117646,1.068421052631579,112.0,164.0,40.0,76.0,46.0,87.0,0.0,4.0,3.0,3.0,3.0,6.0,1.0,-1.0,2.0,2.0,4_vs_3,0.1764705882352941,0.0294117647058823,0.3421052631578947,0.4117647058823529,0.131578947368421,0.3529411764705882,0.0294117647058823,0.088235294117647,0.1764705882352941,0.1176470588235294,51.0,63.0,59.0,53.0,51.0,41.0,73.0,53.0,0.1052631578947368,0.0526315789473684,0.3421052631578947,0.2941176470588235,0.1764705882352941,0.2352941176470588,0.0526315789473684,0.088235294117647,0.1176470588235294,0.0294117647058823,72.0,60.0,54.0,66.0,74.0,62.0,54.0,41.0,0.4736842105263157,0.0396923749817757,0.5,0.0251825736590279,0,0,0,0,0,0,0,0,0,0,0,0,0,0,0,0,0,0,2026_special,J1,明治安田Ｊ１百年構想 プレーオフラウンド,100yj1,201,2026-06-06,19:00,ka-f,hiro,unplayed,2026_special-100yj1-201-ka-f-vs-hiro
