Season,Section,Date,Home,Score,Away,Stadium,Attendance,Home_Goals,Away_Goals,Home_Rest_Days,Away_Rest_Days,Away_Travel_Distance_km,Weather,Home_Formation,Away_Formation,Home_Current_Rank,Away_Current_Rank,Rank_Diff,Home_Rank_Delta_3,Away_Rank_Delta_3,Home_Elo_Before,Away_Elo_Before,Elo_Diff,Home_Market_Value,Away_Market_Value,Market_Value_Diff,Home_Manager_Tenure,Away_Manager_Tenure,Home_Current_Points,Away_Current_Points,Home_Rolling_Points_5,Away_Rolling_Points_5,Home_Rolling_xG,Away_Rolling_xG,Home_AGI,Home_KAGI,Away_AGI,Away_KAGI,H2H_Score_Avg,Capacity,Stadium_Fill_Rate,Goal_Diff,Match_Result,Home_Prev_Total Shots,Home_Prev_Shots on Target,Home_Prev_Total Shots Against,Home_Prev_Total Goals,Home_Prev_Total Goals Against,Home_Prev_Clean Sheets,Home_Prev_Total Passes,Home_Prev_Total Dribbles,Home_Prev_Total Through Passes,Home_Prev_Total Crosses,Home_Prev_Total Clearances,Home_Prev_Total Tackles,Home_Prev_Total Blocks,Home_Prev_Total Fouls,Home_Prev_Total Interceptions,Home_Prev_Aerial Duels Won,Home_Prev_Yellow Cards,Home_Prev_Red Cards,Home_Prev_Average Possession,Home_Prev_Chances Created,Home_Prev_Duels Won,Home_Prev_Recoveries,Home_Prev_Expected Goals,Home_Prev_Expected Goals Against,Home_Prev_Avg Distance Covered,Home_Prev_Avg Sprints,Home_Prev_Distance Covered (In Possession),Home_Prev_Sprints (In Possession),Home_Prev_Distance Covered (Out of Possession),Home_Prev_Sprints (Out of Possession),Away_Prev_Total Shots,Away_Prev_Shots on Target,Away_Prev_Total Shots Against,Away_Prev_Total Goals,Away_Prev_Total Goals Against,Away_Prev_Clean Sheets,Away_Prev_Total Passes,Away_Prev_Total Dribbles,Away_Prev_Total Through Passes,Away_Prev_Total Crosses,Away_Prev_Total Clearances,Away_Prev_Total Tackles,Away_Prev_Total Blocks,Away_Prev_Total Fouls,Away_Prev_Total Interceptions,Away_Prev_Aerial Duels Won,Away_Prev_Yellow Cards,Away_Prev_Red Cards,Away_Prev_Average Possession,Away_Prev_Chances Created,Away_Prev_Duels Won,Away_Prev_Recoveries,Away_Prev_Expected Goals,Away_Prev_Expected Goals Against,Away_Prev_Avg Distance Covered,Away_Prev_Avg Sprints,Away_Prev_Distance Covered (In Possession),Away_Prev_Sprints (In Possession),Away_Prev_Distance Covered (Out of Possession),Away_Prev_Sprints (Out of Possession),is_Mirror_Game,Home_DF_count,Home_MF_count,Home_FW_count,Away_DF_count,Away_MF_count,Away_FW_count,Home_Midfield_Advantage,Defense_Margin_Home,Defense_Margin_Away,Backline_Matchup,Home_Prev_Goal PK,Home_Prev_Goal Direct Set Piece,Home_Prev_Goal Indirect Set Piece,Home_Prev_Goal Cross,Home_Prev_Goal Through Pass,Home_Prev_Goal from pass within 30m,Home_Prev_Goal from pass farther than 30m,Home_Prev_Goal from Dribble,Home_Prev_Goal from Ball Lost,Home_Prev_Goal Other,Home_Prev_Set-piece Index,Home_Prev_Left Attack Index,Home_Prev_Center Attack Index,Home_Prev_Right Attack Index,Home_Prev_Short Counter,Home_Prev_Long Counter,Home_Prev_Opponent Area Possession,Home_Prev_My Area Possession,Away_Prev_Goal PK,Away_Prev_Goal Direct Set Piece,Away_Prev_Goal Indirect Set Piece,Away_Prev_Goal Cross,Away_Prev_Goal Through Pass,Away_Prev_Goal from pass within 30m,Away_Prev_Goal from pass farther than 30m,Away_Prev_Goal from Dribble,Away_Prev_Goal from Ball Lost,Away_Prev_Goal Other,Away_Prev_Set-piece Index,Away_Prev_Left Attack Index,Away_Prev_Center Attack Index,Away_Prev_Right Attack Index,Away_Prev_Short Counter,Away_Prev_Long Counter,Away_Prev_Opponent Area Possession,Away_Prev_My Area Possession,Home_Season_Progress,Home_Urgency_Score,Away_Season_Progress,Away_Urgency_Score
2026_special,1,2026-02-06,kyot,1-1,kobe,サンガＳ,13697.0,1,1,0.0,0.0,412.8,Sunny,4-1-2-3,4-1-2-3,11.0,10.0,1.0,0.0,0.0,1500.0,1500.0,0.0,15.73,17.7,-1.9699999999999989,127.5,96.0,0.0,0.0,0.0,0.0,0.02923684210526316,0.04521052631578947,1.4263157894736842,1.2157894736842105,1.3710526315789473,1.3236842105263158,0.0,0.0,0.0,0,0,12.25,4.2,12.5,1.05,1.6,0.1,371.5,8.15,10.43498452012384,13.5,23.7,17.15,21.15,11.3,1.3,17.8,2.25,0.05,2.6350000000000002,10.2,15.8,35.8,1.105,1.5,5.75,7.85,27.0,53.0,36.5,80.0,12.4,4.15,10.15,1.6,1.05,0.35,428.6,6.55,12.411764705882351,14.55,23.35,15.85,19.1,7.75,1.75,24.15,1.15,0.05,2.6550000000000002,9.2,12.95,35.7,1.61,1.045,5.7,6.8,42.0,70.0,44.0,88.0,0.0,4.0,3.0,3.0,4.0,3.0,3.0,-2.0,2.0,2.0,4_vs_4,0.02786377708978325,0.0,0.2376160990712074,0.2105263157894736,0.07043343653250769,0.0588235294117647,0.0,0.0719814241486068,0.1176470588235294,0.01470588235294115,56.0,35.5,54.5,60.0,56.0,46.0,36.0,38.0,0.0789473684210526,0.0263157894736842,0.2941176470588235,0.3823529411764705,0.1052631578947368,0.2105263157894736,0.0789473684210526,0.0789473684210526,0.1052631578947368,0.0294117647058823,57.0,56.0,47.0,43.0,45.0,39.0,54.0,61.0,0.0,0.0,0.0,0.0
2026_special,1,2026-02-06,y-fm,2-3,mcd,日産ス,13697.0,2,3,0.0,0.0,145.05,Sunny,4-2-1-3,3-4-2-1,20.0,12.0,8.0,0.0,0.0,1500.0,1500.0,0.0,14.43,19.3,-4.870000000000001,0.0,0.0,0.0,0.0,0.0,0.0,0.03160526315789474,0.029789473684210522,1.3263157894736841,1.3763157894736842,1.2684210526315791,1.4421052631578946,0.0,0.0,0.0,-1,-1,10.7,2.85,9.85,1.45,1.5,0.15,360.95,10.0,17.205882352941178,13.0,21.35,17.0,17.1,10.5,1.0,14.45,0.8,0.05,2.3850000000000002,8.65,15.9,25.0,1.135,1.075,5.8,6.7,48.0,89.0,44.0,90.0,11.1,3.7,11.0,1.25,1.05,0.35,390.7,11.45,5.25,11.2,17.15,16.25,17.3,9.95,1.2,12.8,1.15,0.05,2.2600000000000002,8.4,17.15,28.7,1.1099999999999999,1.085,5.9,5.65,14.0,31.0,18.0,31.5,0.0,4.0,3.0,3.0,3.5,5.0,1.5,-1.0,2.0,2.0,4_vs_3,0.0,0.0,0.0,0.0,0.0,0.0,0.0,0.0,0.0,0.0,0.0,0.0,0.0,0.0,0.0,0.0,0.0,0.0,0.0,0.0,0.0,0.0,0.0,0.0,0.0,0.0,0.0,0.0,0.0,0.0,0.0,0.0,0.0,0.0,0.0,0.0,0.0,0.0,0.0,0.0
2026_special,1,2026-02-06,ngsk,1-3,hiro,ピースタ,13697.0,1,3,0.0,0.0,639.0,Sunny,3-4-2-1,3-4-2-1,15.0,6.0,9.0,0.0,0.0,1500.0,1500.0,0.0,14.95,20.9,-5.949999999999999,82.0,117.0,0.0,0.0,0.0,0.0,0.03452631578947368,0.05026315789473684,1.1921052631578946,1.2289473684210528,1.5157894736842106,1.368421052631579,0.0,0.0,0.0,-2,-1,10.4,3.3,14.25,1.05,1.4,0.2,388.0,9.45,11.647058823529411,9.35,25.9,14.65,19.7,9.45,2.3,15.25,1.1,0.05,2.38,8.4,14.1,31.8,1.175,1.575,5.65,6.7,35.0,64.0,38.0,72.0,15.3,4.4,9.3,1.55,1.1,0.2,434.8,8.55,14.705882352941176,16.5,17.55,15.85,20.35,10.6,1.4,17.9,1.0,0.0,2.6149999999999998,12.5,14.8,38.7,1.7399999999999998,1.0550000000000002,5.55,6.55,40.0,76.0,46.0,87.0,0.0,4.0,5.0,2.0,3.0,6.0,1.0,0.0,2.0,2.0,3_vs_3,0.0526315789473684,0.0,0.2105263157894736,0.2105263157894736,0.0588235294117647,0.1842105263157894,0.0,0.0588235294117647,0.1052631578947368,0.0294117647058823,45.0,44.0,47.0,44.0,45.0,44.5,44.0,44.0,0.1052631578947368,0.0526315789473684,0.3421052631578947,0.2941176470588235,0.1764705882352941,0.2352941176470588,0.0526315789473684,0.088235294117647,0.1176470588235294,0.0294117647058823,72.0,60.0,54.0,66.0,74.0,62.0,54.0,41.0,0.0,0.0,0.0,0.0
2026_special,1,2026-02-07,chib,0-2,uraw,フクアリ,13697.0,0,2,0.0,0.0,234.7,Sunny,4-4-2,4-2-3-1,7.0,18.0,-11.0,0.0,0.0,1500.0,1500.0,0.0,11.9,17.73,-5.83,82.0,99.0,0.0,0.0,0.0,0.0,0.03142105263157895,0.03781578947368421,1.0526315789473684,1.2763157894736843,1.3315789473684212,1.305263157894737,0.0,0.0,0.0,-2,-1,10.75,3.45,15.65,1.0,1.65,0.1,394.6,11.1,11.647058823529411,11.6,27.0,15.85,16.7,11.35,1.7,13.6,1.55,0.05,2.355,7.95,15.1,28.35,1.135,1.65,5.95,6.05,35.0,64.0,38.0,72.0,12.9,3.95,12.3,1.3,0.95,0.35,450.6,10.85,13.205882352941176,12.6,19.9,17.3,18.55,9.65,1.4,12.25,0.8,0.0,2.63,9.95,17.15,30.7,1.285,1.145,5.8,7.15,39.0,78.0,45.0,83.0,0.0,4.0,5.0,2.0,4.0,5.0,1.0,0.0,2.0,2.0,4_vs_4,0.0526315789473684,0.0,0.2105263157894736,0.2105263157894736,0.0588235294117647,0.1842105263157894,0.0,0.0588235294117647,0.1052631578947368,0.0294117647058823,45.0,44.0,47.0,44.0,45.0,44.5,44.0,44.0,0.1842105263157894,0.0294117647058823,0.2352941176470588,0.2352941176470588,0.1176470588235294,0.2368421052631578,0.0263157894736842,0.0526315789473684,0.1470588235294117,0.0263157894736842,46.0,43.0,52.0,42.0,42.0,45.0,53.0,63.0,0.015,0.0,0.015,0.0
2026_special,1,2026-02-07,FCtk,1-1,kasm,味スタ,13697.0,1,1,0.0,0.0,289.2,Sunny,4-4-2,4-4-2,5.0,11.0,-6.0,0.0,0.0,1500.0,1500.0,0.0,15.68,23.03,-7.350000000000001,0.0,88.0,0.0,0.0,0.0,0.0,0.04292105263157895,0.038026315789473686,1.2684210526315791,1.3894736842105262,1.2447368421052631,1.2657894736842106,0.0,0.0,0.0,0,0,14.75,4.75,9.9,1.5,0.9,0.3,448.65,11.0,0.0,14.15,20.3,16.25,16.4,10.65,1.85,11.7,1.25,0.0,2.605,12.15,16.35,33.5,1.5050000000000001,0.8699999999999999,5.9,7.35,0.0,0.0,0.0,0.0,11.1,3.4,11.65,1.45,0.7,0.55,492.6,7.75,12.264705882352942,12.1,18.55,16.6,18.65,9.15,1.7,13.1,0.95,0.15,2.7399999999999998,10.35,13.6,31.2,1.33,1.05,5.6,6.7,40.0,80.0,45.0,86.0,0.0,4.0,3.0,3.0,4.0,4.0,2.0,-1.0,2.0,2.0,4_vs_4,0.0,0.0,0.0,0.0,0.0,0.0,0.0,0.0,0.0,0.0,0.0,0.0,0.0,0.0,0.0,0.0,0.0,0.0,0.0789473684210526,0.0,0.3823529411764705,0.2941176470588235,0.088235294117647,0.2631578947368421,0.0294117647058823,0.0588235294117647,0.1764705882352941,0.088235294117647,50.0,48.0,58.0,56.0,54.0,62.0,50.0,40.0,0.015,0.0,0.015,0.0
2026_special,1,2026-02-07,c-os,0-0,g-os,ヤンマー,13697.0,0,0,0.0,0.0,383.2,Sunny,4-2-3-1,4-2-3-1,6.0,9.0,-3.0,0.0,0.0,1500.0,1500.0,0.0,14.35,15.43,-1.08,99.0,85.0,0.0,0.0,0.0,0.0,0.03578947368421053,0.037684210526315785,1.3026315789473684,1.2210526315789474,1.3447368421052632,1.2289473684210528,0.0,0.0,0.0,0,0,11.2,3.95,13.05,1.4,1.05,0.3,427.5,10.4,11.105263157894736,12.85,27.6,17.1,22.4,10.9,1.15,13.65,1.45,0.05,2.5100000000000002,10.8,15.9,32.5,1.295,1.535,6.05,7.05,41.0,62.0,48.0,66.0,12.0,4.8,11.35,1.35,1.15,0.2,446.15,11.85,10.794117647058824,12.2,22.55,15.15,20.7,10.0,1.65,14.5,1.2,0.1,2.785,10.65,16.6,39.05,1.295,1.285,5.65,6.2,38.0,67.0,50.0,83.0,0.0,4.0,4.0,2.0,4.0,4.0,2.0,-1.0,2.0,2.0,4_vs_4,0.088235294117647,0.0,0.2894736842105263,0.2894736842105263,0.0526315789473684,0.2368421052631578,0.0294117647058823,0.0789473684210526,0.088235294117647,0.0588235294117647,56.0,45.0,45.0,49.0,46.0,44.0,50.0,55.0,0.131578947368421,0.0263157894736842,0.2631578947368421,0.1764705882352941,0.0588235294117647,0.1764705882352941,0.0263157894736842,0.1470588235294117,0.1470588235294117,0.0294117647058823,41.0,45.0,49.0,49.0,43.0,47.0,55.0,47.0,0.015,0.0,0.015,0.0
2026_special,1,2026-02-08,fuku,1-1,okay,ベススタ,13697.0,1,1,0.0,0.0,0.0,Sunny,3-4-2-1,3-4-2-1,10.0,15.0,-5.0,0.0,0.0,1500.0,1500.0,0.0,10.83,11.2,-0.3699999999999992,113.0,127.0,0.0,0.0,0.0,0.0,0.025236842105263158,0.032973684210526315,1.3447368421052632,1.394736842105263,1.4184210526315788,1.2947368421052632,0.0,0.0,0.0,0,0,10.5,3.2,11.1,0.95,1.45,0.1,334.2,9.5,9.657894736842104,9.75,24.7,16.75,17.7,11.7,1.65,16.05,2.3,0.15,2.175,7.9,14.25,32.1,0.945,1.1400000000000001,5.8,5.6,26.0,52.0,38.0,67.0,11.6,3.5,10.65,1.25,1.3,0.25,302.05,9.95,0.0,16.2,25.4,15.7,21.5,12.95,1.55,19.0,1.2,0.05,2.1399999999999997,9.35,14.5,32.8,1.3,1.085,5.65,7.0,0.0,0.0,0.0,0.0,0.0,3.0,6.0,1.0,3.0,6.0,1.0,0.0,2.0,2.0,3_vs_3,0.0526315789473684,0.0263157894736842,0.2105263157894736,0.2105263157894736,0.0263157894736842,0.2058823529411764,0.0,0.0263157894736842,0.0789473684210526,0.0263157894736842,42.0,45.0,44.0,47.0,54.0,51.0,40.0,34.0,0.0,0.0,0.0,0.0,0.0,0.0,0.0,0.0,0.0,0.0,0.0,0.0,0.0,0.0,0.0,0.0,0.0,0.0,0.03,0.0,0.03,0.0
2026_special,1,2026-02-08,nago,1-0,shim,豊田ス,13697.0,1,0,0.0,0.0,222.2,Sunny,3-4-2-1,4-1-2-3,14.0,16.0,-2.0,0.0,0.0,1500.0,1500.0,0.0,15.9,12.9,3.0,114.0,85.0,0.0,0.0,0.0,0.0,0.037657894736842105,0.030605263157894736,1.3894736842105262,1.1684210526315788,1.3447368421052632,1.3526315789473684,0.0,0.0,0.0,1,1,12.65,4.5,13.6,1.65,1.5,0.25,426.05,10.0,10.705882352941176,15.95,21.55,17.65,18.9,8.5,1.4,14.05,0.7,0.0,2.625,11.1,18.0,34.0,1.4,1.345,5.6,6.85,39.0,74.0,48.0,79.0,10.1,2.6,11.2,1.0,1.1,0.15,387.4,7.35,8.421052631578947,14.15,22.15,15.35,18.5,8.85,1.8,20.75,0.95,0.05,2.4850000000000003,8.0,13.6,35.95,1.1,1.27,5.6,6.3,39.0,71.0,49.0,83.0,0.0,3.0,6.0,1.0,4.0,4.0,2.0,1.0,2.0,2.0,3_vs_4,0.0588235294117647,0.0294117647058823,0.2647058823529412,0.2058823529411764,0.0294117647058823,0.1842105263157894,0.0,0.1052631578947368,0.1470588235294117,0.0526315789473684,51.0,50.0,38.0,45.0,47.0,44.0,43.0,46.0,0.0,0.0,0.3421052631578947,0.2105263157894736,0.0,0.131578947368421,0.0,0.0526315789473684,0.088235294117647,0.088235294117647,35.0,34.0,47.0,47.0,36.0,44.0,42.0,53.0,0.03,0.0,0.03,0.0
2026_special,1,2026-02-08,ka-f,5-3,kasw,Ｕ等々力,13697.0,5,3,0.0,0.0,242.7,Sunny,4-2-3-1,3-4-2-1,11.0,12.0,-1.0,0.0,0.0,1500.0,1500.0,0.0,21.3,18.45,2.8500000000000014,114.0,96.0,0.0,0.0,0.0,0.0,0.030815789473684213,0.03671052631578947,1.3710526315789473,1.3315789473684212,1.3289473684210527,1.4289473684210525,0.0,0.0,0.0,2,1,11.2,3.3,13.6,1.2,1.45,0.15,485.75,9.3,15.68421052631579,13.3,19.05,14.4,18.1,7.7,1.5,10.15,0.7,0.0,2.5300000000000002,10.95,14.3,31.55,1.1300000000000001,1.48,5.7,6.05,42.0,70.0,44.0,82.0,12.4,3.7,10.95,1.35,1.3,0.25,529.9,12.15,13.263157894736842,14.9,19.75,16.3,15.75,7.65,1.25,10.65,0.7,0.1,2.75,12.8,17.7,31.45,1.3599999999999999,1.175,6.0,6.85,39.0,80.0,47.0,82.0,0.0,4.0,3.0,3.0,3.0,5.0,2.0,-1.0,2.0,2.0,4_vs_3,0.1764705882352941,0.0294117647058823,0.3421052631578947,0.4117647058823529,0.131578947368421,0.3529411764705882,0.0294117647058823,0.088235294117647,0.1764705882352941,0.1176470588235294,51.0,63.0,59.0,53.0,51.0,41.0,73.0,53.0,0.0526315789473684,0.0,0.1842105263157894,0.2105263157894736,0.2058823529411764,0.1842105263157894,0.0588235294117647,0.0588235294117647,0.1764705882352941,0.0588235294117647,50.0,43.0,54.0,45.0,55.0,63.0,43.0,43.0,0.03,0.0,0.03,0.0
2026_special,1,2026-02-08,tk-v,3-1,mito,味スタ,13697.0,3,1,0.0,0.0,357.7,Sunny,3-4-2-1,4-4-2,17.0,13.0,4.0,0.0,0.0,1500.0,1500.0,0.0,8.7,9.7,-1.0,120.5,80.0,0.0,0.0,0.0,0.0,0.0235,0.026973684210526313,1.2,1.5105263157894737,1.2710526315789472,1.3605263157894738,0.0,0.0,0.0,2,1,9.2,2.65,9.8,1.0,1.3,0.3,353.25,8.25,6.052631578947368,10.2,22.1,18.4,20.9,11.05,1.4,16.05,1.0,0.0,2.2,7.4,14.3,26.8,0.8400000000000001,1.065,5.95,7.2,15.0,26.5,19.0,33.5,10.6,3.1,11.25,0.95,1.8,0.1,427.6,10.8,11.647058823529411,11.3,19.55,14.4,18.6,10.15,1.6,13.3,1.55,0.3,2.54,8.3,14.15,30.25,0.975,1.33,5.9,6.35,35.0,64.0,38.0,72.0,0.0,3.0,6.0,1.0,4.0,5.0,2.0,1.0,2.0,2.0,3_vs_4,0.0789473684210526,0.0394736842105263,0.19736842105263155,0.0789473684210526,0.0657894736842105,0.0789473684210526,0.0,0.0789473684210526,0.0394736842105263,0.0131578947368421,22.5,22.5,23.0,19.5,22.5,21.0,22.0,25.0,0.0526315789473684,0.0,0.2105263157894736,0.2105263157894736,0.0588235294117647,0.1842105263157894,0.0,0.0588235294117647,0.1052631578947368,0.0294117647058823,45.0,44.0,47.0,44.0,45.0,44.5,44.0,44.0,0.03,0.0,0.03,0.0
2026_special,2,2026-02-13,kobe,2-0,ngsk,ノエスタ,13697.0,2,0,7.0,7.0,357.7,Sunny,4-1-2-3,3-4-2-1,10.0,19.0,-9.0,0.0,0.0,1500.0,1490.0,10.0,17.7,14.95,2.75,93.0,80.0,1.0,0.0,1.0,0.0,0.04521052631578947,0.03452631578947368,1.3710526315789473,1.3236842105263158,1.1921052631578946,1.2289473684210528,0.0,0.0,0.0,2,1,12.4,4.15,10.15,1.6,1.05,0.35,428.6,6.55,12.411764705882351,14.55,23.35,15.85,19.1,7.75,1.75,24.15,1.15,0.05,2.6550000000000002,9.2,12.95,35.7,1.61,1.045,5.7,6.8,42.0,70.0,44.0,88.0,10.4,3.3,14.25,1.05,1.4,0.2,388.0,9.45,11.647058823529411,9.35,25.9,14.65,19.7,9.45,2.3,15.25,1.1,0.05,2.38,8.4,14.1,31.8,1.175,1.575,5.65,6.7,35.0,64.0,38.0,72.0,0.0,4.0,3.0,3.0,4.0,5.0,2.0,-1.0,2.0,2.0,4_vs_3,0.0789473684210526,0.0263157894736842,0.2941176470588235,0.3823529411764705,0.1052631578947368,0.2105263157894736,0.0789473684210526,0.0789473684210526,0.1052631578947368,0.0294117647058823,57.0,56.0,47.0,43.0,45.0,39.0,54.0,61.0,0.0526315789473684,0.0,0.2105263157894736,0.2105263157894736,0.0588235294117647,0.1842105263157894,0.0,0.0588235294117647,0.1052631578947368,0.0294117647058823,45.0,44.0,47.0,44.0,45.0,44.5,44.0,44.0,0.05,0.0,0.05,0.0
2026_special,2,2026-02-14,hiro,1-1,okay,Ｅピース,13697.0,1,1,8.0,6.0,0.0,Sunny,3-4-2-1,3-4-2-1,3.0,12.0,-9.0,0.0,0.0,1510.0,1500.0,10.0,20.9,11.2,9.7,113.0,127.0,3.0,1.0,3.0,1.0,0.05026315789473684,0.032973684210526315,1.5157894736842106,1.368421052631579,1.4184210526315788,1.2947368421052632,0.0,0.0,0.0,0,0,15.3,4.4,9.3,1.55,1.1,0.2,434.8,8.55,14.705882352941176,16.5,17.55,15.85,20.35,10.6,1.4,17.9,1.0,0.0,2.6149999999999998,12.5,14.8,38.7,1.7399999999999998,1.0550000000000002,5.55,6.55,40.0,76.0,46.0,87.0,11.6,3.5,10.65,1.25,1.3,0.25,302.05,9.95,0.0,16.2,25.4,15.7,21.5,12.95,1.55,19.0,1.2,0.05,2.1399999999999997,9.35,14.5,32.8,1.3,1.085,5.65,7.0,0.0,0.0,0.0,0.0,0.0,3.0,6.0,1.0,3.0,6.0,1.0,1.0,2.0,2.0,3_vs_3,0.1052631578947368,0.0526315789473684,0.3421052631578947,0.2941176470588235,0.1764705882352941,0.2352941176470588,0.0526315789473684,0.088235294117647,0.1176470588235294,0.0294117647058823,72.0,60.0,54.0,66.0,74.0,62.0,54.0,41.0,0.0,0.0,0.0,0.0,0.0,0.0,0.0,0.0,0.0,0.0,0.0,0.0,0.0,0.0,0.0,0.0,0.0,0.0,0.055,0.0,0.055,0.0
2026_special,2,2026-02-14,mcd,2-2,mito,Ｇスタ,13697.0,2,2,8.0,6.0,357.7,Sunny,3-4-2-1,4-4-2,6.0,18.0,-12.0,0.0,0.0,1510.0,1490.0,20.0,19.3,9.7,9.600000000000001,0.0,80.0,3.0,0.0,3.0,0.0,0.029789473684210522,0.026973684210526313,1.2684210526315791,1.4421052631578946,1.2710526315789472,1.3605263157894738,0.0,0.0,0.0,0,0,11.1,3.7,11.0,1.25,1.05,0.35,390.7,11.45,5.25,11.2,17.15,16.25,17.3,9.95,1.2,12.8,1.15,0.05,2.2600000000000002,8.4,17.15,28.7,1.1099999999999999,1.085,5.9,5.65,14.0,31.0,18.0,31.5,10.6,3.1,11.25,0.95,1.8,0.1,427.6,10.8,11.647058823529411,11.3,19.55,14.4,18.6,10.15,1.6,13.3,1.55,0.3,2.54,8.3,14.15,30.25,0.975,1.33,5.9,6.35,35.0,64.0,38.0,72.0,0.0,3.5,5.0,1.5,4.0,5.0,2.0,0.0,2.0,2.0,3_vs_4,0.0,0.0,0.0,0.0,0.0,0.0,0.0,0.0,0.0,0.0,0.0,0.0,0.0,0.0,0.0,0.0,0.0,0.0,0.0526315789473684,0.0,0.2105263157894736,0.2105263157894736,0.0588235294117647,0.1842105263157894,0.0,0.0588235294117647,0.1052631578947368,0.0294117647058823,45.0,44.0,47.0,44.0,45.0,44.5,44.0,44.0,0.055,0.0,0.055,0.0
2026_special,2,2026-02-14,shim,1-1,kyot,アイスタ,13697.0,1,1,6.0,8.0,367.5,Sunny,4-1-2-3,4-1-2-3,16.0,11.0,5.0,0.0,0.0,1490.0,1500.0,-10.0,12.9,15.73,-2.83,78.0,110.5,0.0,1.0,0.0,1.0,0.030605263157894736,0.02923684210526316,1.3447368421052632,1.3526315789473684,1.4263157894736842,1.2157894736842105,0.0,0.0,0.0,0,0,10.1,2.6,11.2,1.0,1.1,0.15,387.4,7.35,8.421052631578947,14.15,22.15,15.35,18.5,8.85,1.8,20.75,0.95,0.05,2.4850000000000003,8.0,13.6,35.95,1.1,1.27,5.6,6.3,39.0,71.0,49.0,83.0,12.25,4.2,12.5,1.05,1.6,0.1,371.5,8.15,10.43498452012384,13.5,23.7,17.15,21.15,11.3,1.3,17.8,2.25,0.05,2.6350000000000002,10.2,15.8,35.8,1.105,1.5,5.75,7.85,27.0,53.0,36.5,80.0,0.0,4.0,4.0,2.0,4.0,3.0,3.0,0.0,2.0,2.0,4_vs_4,0.0,0.0,0.3421052631578947,0.2105263157894736,0.0,0.131578947368421,0.0,0.0526315789473684,0.088235294117647,0.088235294117647,35.0,34.0,47.0,47.0,36.0,44.0,42.0,53.0,0.02786377708978325,0.0,0.2376160990712074,0.2105263157894736,0.07043343653250769,0.0588235294117647,0.0,0.0719814241486068,0.1176470588235294,0.01470588235294115,56.0,35.5,54.5,60.0,56.0,46.0,36.0,38.0,0.055,0.0,0.055,0.0
2026_special,2,2026-02-14,FCtk,1-1,uraw,味スタ,13697.0,1,1,7.0,7.0,234.7,Sunny,4-4-2,4-2-3-1,8.0,5.0,3.0,0.0,0.0,1500.0,1510.0,-10.0,15.68,17.73,-2.0500000000000007,0.0,99.0,1.0,3.0,1.0,3.0,0.04292105263157895,0.03781578947368421,1.2684210526315791,1.3894736842105262,1.3315789473684212,1.305263157894737,0.0,0.0,0.0,0,0,14.75,4.75,9.9,1.5,0.9,0.3,448.65,11.0,0.0,14.15,20.3,16.25,16.4,10.65,1.85,11.7,1.25,0.0,2.605,12.15,16.35,33.5,1.5050000000000001,0.8699999999999999,5.9,7.35,0.0,0.0,0.0,0.0,12.9,3.95,12.3,1.3,0.95,0.35,450.6,10.85,13.205882352941176,12.6,19.9,17.3,18.55,9.65,1.4,12.25,0.8,0.0,2.63,9.95,17.15,30.7,1.285,1.145,5.8,7.15,39.0,78.0,45.0,83.0,0.0,4.0,3.0,3.0,4.0,5.0,1.0,-1.0,2.0,2.0,4_vs_4,0.0,0.0,0.0,0.0,0.0,0.0,0.0,0.0,0.0,0.0,0.0,0.0,0.0,0.0,0.0,0.0,0.0,0.0,0.1842105263157894,0.0294117647058823,0.2352941176470588,0.2352941176470588,0.1176470588235294,0.2368421052631578,0.0263157894736842,0.0526315789473684,0.1470588235294117,0.0263157894736842,46.0,43.0,52.0,42.0,42.0,45.0,53.0,63.0,0.055,0.0,0.055,0.0
2026_special,2,2026-02-14,kasm,1-0,y-fm,メルスタ,13697.0,1,0,7.0,8.0,230.3,Sunny,4-4-2,4-2-1-3,10.0,15.0,-5.0,0.0,0.0,1500.0,1490.0,10.0,23.03,14.43,8.600000000000001,86.0,0.0,1.0,0.0,1.0,0.0,0.038026315789473686,0.03160526315789474,1.2447368421052631,1.2657894736842106,1.3263157894736841,1.3763157894736842,0.0,0.0,0.0,1,1,11.1,3.4,11.65,1.45,0.7,0.55,492.6,7.75,12.264705882352942,12.1,18.55,16.6,18.65,9.15,1.7,13.1,0.95,0.15,2.7399999999999998,10.35,13.6,31.2,1.33,1.05,5.6,6.7,40.0,80.0,45.0,86.0,10.7,2.85,9.85,1.45,1.5,0.15,360.95,10.0,17.205882352941178,13.0,21.35,17.0,17.1,10.5,1.0,14.45,0.8,0.05,2.3850000000000002,8.65,15.9,25.0,1.135,1.075,5.8,6.7,48.0,89.0,44.0,90.0,0.0,4.0,4.0,2.0,4.0,3.0,3.0,-1.0,2.0,2.0,4_vs_4,0.0789473684210526,0.0,0.3823529411764705,0.2941176470588235,0.088235294117647,0.2631578947368421,0.0294117647058823,0.0588235294117647,0.1764705882352941,0.088235294117647,50.0,48.0,58.0,56.0,54.0,62.0,50.0,40.0,0.0,0.0,0.0,0.0,0.0,0.0,0.0,0.0,0.0,0.0,0.0,0.0,0.0,0.0,0.0,0.0,0.0,0.0,0.055,0.0,0.055,0.0
2026_special,2,2026-02-15,chib,0-0,ka-f,フクアリ,13697.0,0,0,8.0,7.0,233.7,Sunny,4-4-2,4-2-3-1,19.0,6.0,13.0,0.0,0.0,1490.0,1510.0,-20.0,11.9,21.3,-9.4,82.0,127.0,0.0,3.0,0.0,3.0,0.03142105263157895,0.030815789473684213,1.0526315789473684,1.2763157894736843,1.3710526315789473,1.3315789473684212,0.0,0.0,0.0,0,0,10.75,3.45,15.65,1.0,1.65,0.1,394.6,11.1,11.647058823529411,11.6,27.0,15.85,16.7,11.35,1.7,13.6,1.55,0.05,2.355,7.95,15.1,28.35,1.135,1.65,5.95,6.05,35.0,64.0,38.0,72.0,11.2,3.3,13.6,1.2,1.45,0.15,485.75,9.3,15.68421052631579,13.3,19.05,14.4,18.1,7.7,1.5,10.15,0.7,0.0,2.5300000000000002,10.95,14.3,31.55,1.1300000000000001,1.48,5.7,6.05,42.0,70.0,44.0,82.0,0.0,4.0,5.0,2.0,4.0,3.0,3.0,0.0,2.0,2.0,4_vs_4,0.0526315789473684,0.0,0.2105263157894736,0.2105263157894736,0.0588235294117647,0.1842105263157894,0.0,0.0588235294117647,0.1052631578947368,0.0294117647058823,45.0,44.0,47.0,44.0,45.0,44.5,44.0,44.0,0.1764705882352941,0.0294117647058823,0.3421052631578947,0.4117647058823529,0.131578947368421,0.3529411764705882,0.0294117647058823,0.088235294117647,0.1764705882352941,0.1176470588235294,51.0,63.0,59.0,53.0,51.0,41.0,73.0,53.0,0.08,0.0,0.08,0.0
2026_special,2,2026-02-15,kasw,1-2,tk-v,三協Ｆ柏,13697.0,1,2,7.0,7.0,0.0,Sunny,3-4-2-1,3-4-2-1,17.0,7.0,10.0,0.0,0.0,1490.0,1510.0,-20.0,18.45,8.7,9.75,101.0,118.5,0.0,3.0,0.0,3.0,0.03671052631578947,0.0235,1.3289473684210527,1.4289473684210525,1.2,1.5105263157894737,0.0,0.0,0.0,-1,-1,12.4,3.7,10.95,1.35,1.3,0.25,529.9,12.15,13.263157894736842,14.9,19.75,16.3,15.75,7.65,1.25,10.65,0.7,0.1,2.75,12.8,17.7,31.45,1.3599999999999999,1.175,6.0,6.85,39.0,80.0,47.0,82.0,9.2,2.65,9.8,1.0,1.3,0.3,353.25,8.25,6.052631578947368,10.2,22.1,18.4,20.9,11.05,1.4,16.05,1.0,0.0,2.2,7.4,14.3,26.8,0.8400000000000001,1.065,5.95,7.2,15.0,26.5,19.0,33.5,0.0,3.0,5.0,2.0,3.0,6.0,1.0,1.0,2.0,2.0,3_vs_3,0.0526315789473684,0.0,0.1842105263157894,0.2105263157894736,0.2058823529411764,0.1842105263157894,0.0588235294117647,0.0588235294117647,0.1764705882352941,0.0588235294117647,50.0,43.0,54.0,45.0,55.0,63.0,43.0,43.0,0.0789473684210526,0.0394736842105263,0.19736842105263155,0.0789473684210526,0.0657894736842105,0.0789473684210526,0.0,0.0789473684210526,0.0394736842105263,0.0131578947368421,22.5,22.5,23.0,19.5,22.5,21.0,22.0,25.0,0.08,0.0,0.08,0.0
2026_special,2,2026-02-15,fuku,0-2,c-os,ベススタ,13697.0,0,2,7.0,8.0,385.9,Sunny,3-4-2-1,4-2-3-1,12.0,13.0,-1.0,0.0,0.0,1500.0,1500.0,0.0,10.83,14.35,-3.5199999999999996,113.0,93.0,1.0,1.0,1.0,1.0,0.025236842105263158,0.03578947368421053,1.3447368421052632,1.394736842105263,1.3026315789473684,1.2210526315789474,0.0,0.0,0.0,-2,-1,10.5,3.2,11.1,0.95,1.45,0.1,334.2,9.5,9.657894736842104,9.75,24.7,16.75,17.7,11.7,1.65,16.05,2.3,0.15,2.175,7.9,14.25,32.1,0.945,1.1400000000000001,5.8,5.6,26.0,52.0,38.0,67.0,11.2,3.95,13.05,1.4,1.05,0.3,427.5,10.4,11.105263157894736,12.85,27.6,17.1,22.4,10.9,1.15,13.65,1.45,0.05,2.5100000000000002,10.8,15.9,32.5,1.295,1.535,6.05,7.05,41.0,62.0,48.0,66.0,0.0,3.0,6.0,1.0,4.0,4.0,2.0,0.0,2.0,2.0,3_vs_4,0.0526315789473684,0.0263157894736842,0.2105263157894736,0.2105263157894736,0.0263157894736842,0.2058823529411764,0.0,0.0263157894736842,0.0789473684210526,0.0263157894736842,42.0,45.0,44.0,47.0,54.0,51.0,40.0,34.0,0.088235294117647,0.0,0.2894736842105263,0.2894736842105263,0.0526315789473684,0.2368421052631578,0.0294117647058823,0.0789473684210526,0.088235294117647,0.0588235294117647,56.0,45.0,45.0,49.0,46.0,44.0,50.0,55.0,0.08,0.0,0.08,0.0
2026_special,2,2026-02-15,g-os,0-0,nago,パナスタ,13697.0,0,0,8.0,7.0,230.3,Sunny,4-2-3-1,3-4-2-1,14.0,8.0,6.0,0.0,0.0,1500.0,1510.0,-10.0,15.43,15.9,-0.47000000000000064,93.0,120.0,1.0,3.0,1.0,3.0,0.037684210526315785,0.037657894736842105,1.3447368421052632,1.2289473684210528,1.3894736842105262,1.1684210526315788,0.0,0.0,0.0,0,0,12.0,4.8,11.35,1.35,1.15,0.2,446.15,11.85,10.794117647058824,12.2,22.55,15.15,20.7,10.0,1.65,14.5,1.2,0.1,2.785,10.65,16.6,39.05,1.295,1.285,5.65,6.2,38.0,67.0,50.0,83.0,12.65,4.5,13.6,1.65,1.5,0.25,426.05,10.0,10.705882352941176,15.95,21.55,17.65,18.9,8.5,1.4,14.05,0.7,0.0,2.625,11.1,18.0,34.0,1.4,1.345,5.6,6.85,39.0,74.0,48.0,79.0,0.0,4.0,4.0,2.0,3.0,6.0,1.0,-1.0,2.0,2.0,4_vs_3,0.131578947368421,0.0263157894736842,0.2631578947368421,0.1764705882352941,0.0588235294117647,0.1764705882352941,0.0263157894736842,0.1470588235294117,0.1470588235294117,0.0294117647058823,41.0,45.0,49.0,49.0,43.0,47.0,55.0,47.0,0.0588235294117647,0.0294117647058823,0.2647058823529412,0.2058823529411764,0.0294117647058823,0.1842105263157894,0.0,0.1052631578947368,0.1470588235294117,0.0526315789473684,51.0,50.0,38.0,45.0,47.0,44.0,43.0,46.0,0.08,0.0,0.08,0.0
2026_special,3,2026-02-21,tk-v,2-2,mcd,味スタ,13697.0,2,2,6.0,7.0,145.05,Sunny,3-4-2-1,3-4-2-1,1.0,7.0,-6.0,0.0,0.0,1519.4249887221547,1509.4249887221547,10.0,8.7,19.3,-10.600000000000001,120.5,0.0,6.0,4.0,6.0,4.0,0.0235,0.029789473684210522,1.2,1.5105263157894737,1.2684210526315791,1.4421052631578946,0.0,0.0,0.0,0,0,9.2,2.65,9.8,1.0,1.3,0.3,353.25,8.25,6.052631578947368,10.2,22.1,18.4,20.9,11.05,1.4,16.05,1.0,0.0,2.2,7.4,14.3,26.8,0.8400000000000001,1.065,5.95,7.2,15.0,26.5,19.0,33.5,11.1,3.7,11.0,1.25,1.05,0.35,390.7,11.45,5.25,11.2,17.15,16.25,17.3,9.95,1.2,12.8,1.15,0.05,2.2600000000000002,8.4,17.15,28.7,1.1099999999999999,1.085,5.9,5.65,14.0,31.0,18.0,31.5,0.0,3.0,6.0,1.0,3.5,5.0,1.5,1.0,2.0,2.0,3_vs_3,0.0789473684210526,0.0394736842105263,0.19736842105263155,0.0789473684210526,0.0657894736842105,0.0789473684210526,0.0,0.0789473684210526,0.0394736842105263,0.0131578947368421,22.5,22.5,23.0,19.5,22.5,21.0,22.0,25.0,0.0,0.0,0.0,0.0,0.0,0.0,0.0,0.0,0.0,0.0,0.0,0.0,0.0,0.0,0.0,0.0,0.0,0.0,0.1,0.0,0.1,0.0
2026_special,3,2026-02-21,y-fm,0-2,uraw,日産ス,13697.0,0,2,7.0,7.0,234.7,Sunny,4-2-1-3,4-2-3-1,18.0,5.0,13.0,0.0,0.0,1480.28774368332,1509.71225631668,-29.424512633359882,14.43,17.73,-3.3000000000000007,0.0,99.0,0.0,4.0,0.0,4.0,0.03160526315789474,0.03781578947368421,1.3263157894736841,1.3763157894736842,1.3315789473684212,1.305263157894737,0.0,0.0,0.0,-2,-1,10.7,2.85,9.85,1.45,1.5,0.15,360.95,10.0,17.205882352941178,13.0,21.35,17.0,17.1,10.5,1.0,14.45,0.8,0.05,2.3850000000000002,8.65,15.9,25.0,1.135,1.075,5.8,6.7,48.0,89.0,44.0,90.0,12.9,3.95,12.3,1.3,0.95,0.35,450.6,10.85,13.205882352941176,12.6,19.9,17.3,18.55,9.65,1.4,12.25,0.8,0.0,2.63,9.95,17.15,30.7,1.285,1.145,5.8,7.15,39.0,78.0,45.0,83.0,0.0,4.0,3.0,3.0,4.0,5.0,1.0,-1.0,2.0,2.0,4_vs_4,0.0,0.0,0.0,0.0,0.0,0.0,0.0,0.0,0.0,0.0,0.0,0.0,0.0,0.0,0.0,0.0,0.0,0.0,0.1842105263157894,0.0294117647058823,0.2352941176470588,0.2352941176470588,0.1176470588235294,0.2368421052631578,0.0263157894736842,0.0526315789473684,0.1470588235294117,0.0263157894736842,46.0,43.0,52.0,42.0,42.0,45.0,53.0,63.0,0.1,0.0,0.1,0.0
2026_special,3,2026-02-21,shim,1-0,kobe,アイスタ,13697.0,1,0,7.0,8.0,412.8,Sunny,4-1-2-3,4-1-2-3,14.0,4.0,10.0,0.0,0.0,1490.28774368332,1509.71225631668,-19.424512633359882,12.9,17.7,-4.799999999999999,78.0,96.0,1.0,4.0,1.0,4.0,0.030605263157894736,0.04521052631578947,1.3447368421052632,1.3526315789473684,1.3710526315789473,1.3236842105263158,0.0,0.0,0.0,1,1,10.1,2.6,11.2,1.0,1.1,0.15,387.4,7.35,8.421052631578947,14.15,22.15,15.35,18.5,8.85,1.8,20.75,0.95,0.05,2.4850000000000003,8.0,13.6,35.95,1.1,1.27,5.6,6.3,39.0,71.0,49.0,83.0,12.4,4.15,10.15,1.6,1.05,0.35,428.6,6.55,12.411764705882351,14.55,23.35,15.85,19.1,7.75,1.75,24.15,1.15,0.05,2.6550000000000002,9.2,12.95,35.7,1.61,1.045,5.7,6.8,42.0,70.0,44.0,88.0,0.0,4.0,4.0,2.0,4.0,3.0,3.0,0.0,2.0,2.0,4_vs_4,0.0,0.0,0.3421052631578947,0.2105263157894736,0.0,0.131578947368421,0.0,0.0526315789473684,0.088235294117647,0.088235294117647,35.0,34.0,47.0,47.0,36.0,44.0,42.0,53.0,0.0789473684210526,0.0263157894736842,0.2941176470588235,0.3823529411764705,0.1052631578947368,0.2105263157894736,0.0789473684210526,0.0789473684210526,0.1052631578947368,0.0294117647058823,57.0,56.0,47.0,43.0,45.0,39.0,54.0,61.0,0.1,0.0,0.1,0.0
2026_special,3,2026-02-21,ka-f,1-2,FCtk,Ｕ等々力,13697.0,1,2,6.0,7.0,225.6,Sunny,4-2-3-1,4-4-2,2.0,10.0,-8.0,0.0,0.0,1509.4249887221547,1500.28774368332,9.137245038834635,21.3,15.68,5.620000000000001,114.0,0.0,4.0,2.0,4.0,2.0,0.030815789473684213,0.04292105263157895,1.3710526315789473,1.3315789473684212,1.2684210526315791,1.3894736842105262,0.0,0.0,0.0,-1,-1,11.2,3.3,13.6,1.2,1.45,0.15,485.75,9.3,15.68421052631579,13.3,19.05,14.4,18.1,7.7,1.5,10.15,0.7,0.0,2.5300000000000002,10.95,14.3,31.55,1.1300000000000001,1.48,5.7,6.05,42.0,70.0,44.0,82.0,14.75,4.75,9.9,1.5,0.9,0.3,448.65,11.0,0.0,14.15,20.3,16.25,16.4,10.65,1.85,11.7,1.25,0.0,2.605,12.15,16.35,33.5,1.5050000000000001,0.8699999999999999,5.9,7.35,0.0,0.0,0.0,0.0,0.0,4.0,3.0,3.0,4.0,3.0,3.0,-1.0,2.0,2.0,4_vs_4,0.1764705882352941,0.0294117647058823,0.3421052631578947,0.4117647058823529,0.131578947368421,0.3529411764705882,0.0294117647058823,0.088235294117647,0.1764705882352941,0.1176470588235294,51.0,63.0,59.0,53.0,51.0,41.0,73.0,53.0,0.0,0.0,0.0,0.0,0.0,0.0,0.0,0.0,0.0,0.0,0.0,0.0,0.0,0.0,0.0,0.0,0.0,0.0,0.1,0.0,0.1,0.0
2026_special,3,2026-02-21,nago,1-3,ngsk,豊田ス,13697.0,1,3,6.0,8.0,357.7,Sunny,3-4-2-1,3-4-2-1,9.0,20.0,-11.0,0.0,0.0,1509.71225631668,1480.28774368332,29.424512633359882,15.9,14.95,0.9500000000000011,114.0,80.0,4.0,0.0,4.0,0.0,0.037657894736842105,0.03452631578947368,1.3894736842105262,1.1684210526315788,1.1921052631578946,1.2289473684210528,0.0,0.0,0.0,-2,-1,12.65,4.5,13.6,1.65,1.5,0.25,426.05,10.0,10.705882352941176,15.95,21.55,17.65,18.9,8.5,1.4,14.05,0.7,0.0,2.625,11.1,18.0,34.0,1.4,1.345,5.6,6.85,39.0,74.0,48.0,79.0,10.4,3.3,14.25,1.05,1.4,0.2,388.0,9.45,11.647058823529411,9.35,25.9,14.65,19.7,9.45,2.3,15.25,1.1,0.05,2.38,8.4,14.1,31.8,1.175,1.575,5.65,6.7,35.0,64.0,38.0,72.0,0.0,3.0,6.0,1.0,4.0,5.0,2.0,1.0,2.0,2.0,3_vs_3,0.0588235294117647,0.0294117647058823,0.2647058823529412,0.2058823529411764,0.0294117647058823,0.1842105263157894,0.0,0.1052631578947368,0.1470588235294117,0.0526315789473684,51.0,50.0,38.0,45.0,47.0,44.0,43.0,46.0,0.0526315789473684,0.0,0.2105263157894736,0.2105263157894736,0.0588235294117647,0.1842105263157894,0.0,0.0588235294117647,0.1052631578947368,0.0294117647058823,45.0,44.0,47.0,44.0,45.0,44.5,44.0,44.0,0.1,0.0,0.1,0.0
2026_special,3,2026-02-21,kasm,2-0,kasw,メルスタ,13697.0,2,0,7.0,6.0,242.7,Sunny,4-4-2,3-4-2-1,8.0,19.0,-11.0,0.0,0.0,1509.71225631668,1480.5750112778453,29.137245038834635,23.03,18.45,4.580000000000002,86.0,96.0,4.0,0.0,4.0,0.0,0.038026315789473686,0.03671052631578947,1.2447368421052631,1.2657894736842106,1.3289473684210527,1.4289473684210525,0.0,0.0,0.0,2,1,11.1,3.4,11.65,1.45,0.7,0.55,492.6,7.75,12.264705882352942,12.1,18.55,16.6,18.65,9.15,1.7,13.1,0.95,0.15,2.7399999999999998,10.35,13.6,31.2,1.33,1.05,5.6,6.7,40.0,80.0,45.0,86.0,12.4,3.7,10.95,1.35,1.3,0.25,529.9,12.15,13.263157894736842,14.9,19.75,16.3,15.75,7.65,1.25,10.65,0.7,0.1,2.75,12.8,17.7,31.45,1.3599999999999999,1.175,6.0,6.85,39.0,80.0,47.0,82.0,0.0,4.0,4.0,2.0,3.0,5.0,2.0,-1.0,2.0,2.0,4_vs_3,0.0789473684210526,0.0,0.3823529411764705,0.2941176470588235,0.088235294117647,0.2631578947368421,0.0294117647058823,0.0588235294117647,0.1764705882352941,0.088235294117647,50.0,48.0,58.0,56.0,54.0,62.0,50.0,40.0,0.0526315789473684,0.0,0.1842105263157894,0.2105263157894736,0.2058823529411764,0.1842105263157894,0.0588235294117647,0.0588235294117647,0.1764705882352941,0.0588235294117647,50.0,43.0,54.0,45.0,55.0,63.0,43.0,43.0,0.1,0.0,0.1,0.0
2026_special,3,2026-02-22,kyot,2-0,fuku,サンガＳ,13697.0,2,0,8.0,7.0,843.1,Sunny,4-1-2-3,3-4-2-1,13.0,17.0,-4.0,0.0,0.0,1499.71225631668,1490.0,9.712256316679941,15.73,10.83,4.9,127.5,121.0,2.0,1.0,2.0,1.0,0.02923684210526316,0.025236842105263158,1.4263157894736842,1.2157894736842105,1.3447368421052632,1.394736842105263,0.0,0.0,0.0,2,1,12.25,4.2,12.5,1.05,1.6,0.1,371.5,8.15,10.43498452012384,13.5,23.7,17.15,21.15,11.3,1.3,17.8,2.25,0.05,2.6350000000000002,10.2,15.8,35.8,1.105,1.5,5.75,7.85,27.0,53.0,36.5,80.0,10.5,3.2,11.1,0.95,1.45,0.1,334.2,9.5,9.657894736842104,9.75,24.7,16.75,17.7,11.7,1.65,16.05,2.3,0.15,2.175,7.9,14.25,32.1,0.945,1.1400000000000001,5.8,5.6,26.0,52.0,38.0,67.0,0.0,4.0,3.0,3.0,3.0,6.0,1.0,-2.0,2.0,2.0,4_vs_3,0.02786377708978325,0.0,0.2376160990712074,0.2105263157894736,0.07043343653250769,0.0588235294117647,0.0,0.0719814241486068,0.1176470588235294,0.01470588235294115,56.0,35.5,54.5,60.0,56.0,46.0,36.0,38.0,0.0526315789473684,0.0263157894736842,0.2105263157894736,0.2105263157894736,0.0263157894736842,0.2058823529411764,0.0,0.0263157894736842,0.0789473684210526,0.0263157894736842,42.0,45.0,44.0,47.0,54.0,51.0,40.0,34.0,0.13,0.0,0.13,0.0
2026_special,3,2026-02-22,mito,1-1,chib,Ｋｓスタ,13697.0,1,1,8.0,7.0,357.7,Sunny,4-4-2,4-4-2,16.0,18.0,-2.0,0.0,0.0,1490.5750112778453,1490.5750112778453,0.0,9.7,11.9,-2.200000000000001,82.0,80.0,1.0,1.0,1.0,1.0,0.026973684210526313,0.03142105263157895,1.2710526315789472,1.3605263157894738,1.0526315789473684,1.2763157894736843,0.0,0.0,0.0,0,0,10.6,3.1,11.25,0.95,1.8,0.1,427.6,10.8,11.647058823529411,11.3,19.55,14.4,18.6,10.15,1.6,13.3,1.55,0.3,2.54,8.3,14.15,30.25,0.975,1.33,5.9,6.35,35.0,64.0,38.0,72.0,10.75,3.45,15.65,1.0,1.65,0.1,394.6,11.1,11.647058823529411,11.6,27.0,15.85,16.7,11.35,1.7,13.6,1.55,0.05,2.355,7.95,15.1,28.35,1.135,1.65,5.95,6.05,35.0,64.0,38.0,72.0,0.0,4.0,5.0,2.0,4.0,5.0,2.0,0.0,2.0,2.0,4_vs_4,0.0526315789473684,0.0,0.2105263157894736,0.2105263157894736,0.0588235294117647,0.1842105263157894,0.0,0.0588235294117647,0.1052631578947368,0.0294117647058823,45.0,44.0,47.0,44.0,45.0,44.5,44.0,44.0,0.0526315789473684,0.0,0.2105263157894736,0.2105263157894736,0.0588235294117647,0.1842105263157894,0.0,0.0588235294117647,0.1052631578947368,0.0294117647058823,45.0,44.0,47.0,44.0,45.0,44.5,44.0,44.0,0.13,0.0,0.13,0.0
2026_special,3,2026-02-22,okay,1-2,g-os,ＪＦＥス,13697.0,1,2,8.0,7.0,383.2,Sunny,3-4-2-1,4-2-3-1,14.0,15.0,-1.0,0.0,0.0,1500.28774368332,1500.28774368332,0.0,11.2,15.43,-4.23,100.0,85.0,2.0,2.0,2.0,2.0,0.032973684210526315,0.037684210526315785,1.4184210526315788,1.2947368421052632,1.3447368421052632,1.2289473684210528,0.0,0.0,0.0,-1,-1,11.6,3.5,10.65,1.25,1.3,0.25,302.05,9.95,0.0,16.2,25.4,15.7,21.5,12.95,1.55,19.0,1.2,0.05,2.1399999999999997,9.35,14.5,32.8,1.3,1.085,5.65,7.0,0.0,0.0,0.0,0.0,12.0,4.8,11.35,1.35,1.15,0.2,446.15,11.85,10.794117647058824,12.2,22.55,15.15,20.7,10.0,1.65,14.5,1.2,0.1,2.785,10.65,16.6,39.05,1.295,1.285,5.65,6.2,38.0,67.0,50.0,83.0,0.0,3.0,6.0,1.0,4.0,4.0,2.0,1.0,2.0,2.0,3_vs_4,0.0,0.0,0.0,0.0,0.0,0.0,0.0,0.0,0.0,0.0,0.0,0.0,0.0,0.0,0.0,0.0,0.0,0.0,0.131578947368421,0.0263157894736842,0.2631578947368421,0.1764705882352941,0.0588235294117647,0.1764705882352941,0.0263157894736842,0.1470588235294117,0.1470588235294117,0.0294117647058823,41.0,45.0,49.0,49.0,43.0,47.0,55.0,47.0,0.13,0.0,0.13,0.0
2026_special,3,2026-02-22,c-os,1-2,hiro,ヨドコウ,13697.0,1,2,7.0,8.0,639.0,Sunny,4-2-3-1,3-4-2-1,7.0,6.0,1.0,0.0,0.0,1510.0,1509.71225631668,0.28774368332005906,14.35,20.9,-6.549999999999999,99.0,117.0,4.0,4.0,4.0,4.0,0.03578947368421053,0.05026315789473684,1.3026315789473684,1.2210526315789474,1.5157894736842106,1.368421052631579,0.0,0.0,0.0,-1,-1,11.2,3.95,13.05,1.4,1.05,0.3,427.5,10.4,11.105263157894736,12.85,27.6,17.1,22.4,10.9,1.15,13.65,1.45,0.05,2.5100000000000002,10.8,15.9,32.5,1.295,1.535,6.05,7.05,41.0,62.0,48.0,66.0,15.3,4.4,9.3,1.55,1.1,0.2,434.8,8.55,14.705882352941176,16.5,17.55,15.85,20.35,10.6,1.4,17.9,1.0,0.0,2.6149999999999998,12.5,14.8,38.7,1.7399999999999998,1.0550000000000002,5.55,6.55,40.0,76.0,46.0,87.0,0.0,4.0,4.0,2.0,3.0,6.0,1.0,-1.0,2.0,2.0,4_vs_3,0.088235294117647,0.0,0.2894736842105263,0.2894736842105263,0.0526315789473684,0.2368421052631578,0.0294117647058823,0.0789473684210526,0.088235294117647,0.0588235294117647,56.0,45.0,45.0,49.0,46.0,44.0,50.0,55.0,0.1052631578947368,0.0526315789473684,0.3421052631578947,0.2941176470588235,0.1764705882352941,0.2352941176470588,0.0526315789473684,0.088235294117647,0.1176470588235294,0.0294117647058823,72.0,60.0,54.0,66.0,74.0,62.0,54.0,41.0,0.13,0.0,0.13,0.0
2026_special,4,2026-02-27,hiro,1-2,kyot,Ｅピース,13697.0,1,2,5.0,5.0,367.5,Sunny,3-4-2-1,4-1-2-3,3.0,5.0,-2.0,0.0,0.0,1519.7205382437342,1509.43278790048,10.287750343254174,20.9,15.73,5.169999999999998,113.0,110.5,7.0,5.0,7.0,5.0,0.05026315789473684,0.02923684210526316,1.5157894736842106,1.368421052631579,1.4263157894736842,1.2157894736842105,0.0,0.0,0.0,-1,-1,15.3,4.4,9.3,1.55,1.1,0.2,434.8,8.55,14.705882352941176,16.5,17.55,15.85,20.35,10.6,1.4,17.9,1.0,0.0,2.6149999999999998,12.5,14.8,38.7,1.7399999999999998,1.0550000000000002,5.55,6.55,40.0,76.0,46.0,87.0,12.25,4.2,12.5,1.05,1.6,0.1,371.5,8.15,10.43498452012384,13.5,23.7,17.15,21.15,11.3,1.3,17.8,2.25,0.05,2.6350000000000002,10.2,15.8,35.8,1.105,1.5,5.75,7.85,27.0,53.0,36.5,80.0,0.0,3.0,6.0,1.0,4.0,3.0,3.0,1.0,2.0,2.0,3_vs_4,0.1052631578947368,0.0526315789473684,0.3421052631578947,0.2941176470588235,0.1764705882352941,0.2352941176470588,0.0526315789473684,0.088235294117647,0.1176470588235294,0.0294117647058823,72.0,60.0,54.0,66.0,74.0,62.0,54.0,41.0,0.02786377708978325,0.0,0.2376160990712074,0.2105263157894736,0.07043343653250769,0.0588235294117647,0.0,0.0719814241486068,0.1176470588235294,0.01470588235294115,56.0,35.5,54.5,60.0,56.0,46.0,36.0,38.0,0.15,0.0,0.15,0.0
2026_special,4,2026-02-27,kobe,2-1,fuku,ノエスタ,13697.0,2,1,6.0,5.0,843.1,Sunny,4-1-2-3,3-4-2-1,11.0,18.0,-7.0,0.0,0.0,1499.153755687768,1480.2794684162,18.874287271567937,17.7,10.83,6.869999999999999,93.0,121.0,4.0,1.0,4.0,1.0,0.04521052631578947,0.025236842105263158,1.3710526315789473,1.3236842105263158,1.3447368421052632,1.394736842105263,0.0,0.0,0.0,1,1,12.4,4.15,10.15,1.6,1.05,0.35,428.6,6.55,12.411764705882351,14.55,23.35,15.85,19.1,7.75,1.75,24.15,1.15,0.05,2.6550000000000002,9.2,12.95,35.7,1.61,1.045,5.7,6.8,42.0,70.0,44.0,88.0,10.5,3.2,11.1,0.95,1.45,0.1,334.2,9.5,9.657894736842104,9.75,24.7,16.75,17.7,11.7,1.65,16.05,2.3,0.15,2.175,7.9,14.25,32.1,0.945,1.1400000000000001,5.8,5.6,26.0,52.0,38.0,67.0,0.0,4.0,3.0,3.0,3.0,6.0,1.0,-1.0,2.0,2.0,4_vs_3,0.0789473684210526,0.0263157894736842,0.2941176470588235,0.3823529411764705,0.1052631578947368,0.2105263157894736,0.0789473684210526,0.0789473684210526,0.1052631578947368,0.0294117647058823,57.0,56.0,47.0,43.0,45.0,39.0,54.0,61.0,0.0526315789473684,0.0263157894736842,0.2105263157894736,0.2105263157894736,0.0263157894736842,0.2058823529411764,0.0,0.0263157894736842,0.0789473684210526,0.0263157894736842,42.0,45.0,44.0,47.0,54.0,51.0,40.0,34.0,0.15,0.0,0.15,0.0
2026_special,4,2026-02-27,mcd,2-1,chib,Ｇスタ,13697.0,2,1,6.0,5.0,357.7,Sunny,3-4-2-1,4-4-2,6.0,17.0,-11.0,0.0,0.0,1509.7127324054748,1490.5750112778453,19.137721127629447,19.3,11.9,7.4,0.0,80.0,5.0,2.0,5.0,2.0,0.029789473684210522,0.03142105263157895,1.2684210526315791,1.4421052631578946,1.0526315789473684,1.2763157894736843,0.0,0.0,0.0,1,1,11.1,3.7,11.0,1.25,1.05,0.35,390.7,11.45,5.25,11.2,17.15,16.25,17.3,9.95,1.2,12.8,1.15,0.05,2.2600000000000002,8.4,17.15,28.7,1.1099999999999999,1.085,5.9,5.65,14.0,31.0,18.0,31.5,10.75,3.45,15.65,1.0,1.65,0.1,394.6,11.1,11.647058823529411,11.6,27.0,15.85,16.7,11.35,1.7,13.6,1.55,0.05,2.355,7.95,15.1,28.35,1.135,1.65,5.95,6.05,35.0,64.0,38.0,72.0,0.0,3.5,5.0,1.5,4.0,5.0,2.0,0.0,2.0,2.0,3_vs_4,0.0,0.0,0.0,0.0,0.0,0.0,0.0,0.0,0.0,0.0,0.0,0.0,0.0,0.0,0.0,0.0,0.0,0.0,0.0526315789473684,0.0,0.2105263157894736,0.2105263157894736,0.0588235294117647,0.1842105263157894,0.0,0.0588235294117647,0.1052631578947368,0.0294117647058823,45.0,44.0,47.0,44.0,45.0,44.5,44.0,44.0,0.15,0.0,0.15,0.0
2026_special,4,2026-02-28,y-fm,3-2,tk-v,日産ス,13697.0,3,2,7.0,7.0,0.0,Sunny,4-2-1-3,3-4-2-1,19.0,4.0,15.0,0.0,0.0,1471.1326302204052,1519.1372450388346,-48.004614818429445,14.43,8.7,5.73,0.0,118.5,0.0,7.0,0.0,7.0,0.03160526315789474,0.0235,1.3263157894736841,1.3763157894736842,1.2,1.5105263157894737,0.0,0.0,0.0,1,1,10.7,2.85,9.85,1.45,1.5,0.15,360.95,10.0,17.205882352941178,13.0,21.35,17.0,17.1,10.5,1.0,14.45,0.8,0.05,2.3850000000000002,8.65,15.9,25.0,1.135,1.075,5.8,6.7,48.0,89.0,44.0,90.0,9.2,2.65,9.8,1.0,1.3,0.3,353.25,8.25,6.052631578947368,10.2,22.1,18.4,20.9,11.05,1.4,16.05,1.0,0.0,2.2,7.4,14.3,26.8,0.8400000000000001,1.065,5.95,7.2,15.0,26.5,19.0,33.5,0.0,4.0,3.0,3.0,3.0,6.0,1.0,-1.0,2.0,2.0,4_vs_3,0.0,0.0,0.0,0.0,0.0,0.0,0.0,0.0,0.0,0.0,0.0,0.0,0.0,0.0,0.0,0.0,0.0,0.0,0.0789473684210526,0.0394736842105263,0.19736842105263155,0.0789473684210526,0.0657894736842105,0.0789473684210526,0.0,0.0789473684210526,0.0394736842105263,0.0131578947368421,22.5,22.5,23.0,19.5,22.5,21.0,22.0,25.0,0.165,0.0,0.165,0.0
2026_special,4,2026-02-28,uraw,2-3,kasm,埼玉,13697.0,2,3,7.0,7.0,289.2,Sunny,4-2-3-1,4-4-2,3.0,5.0,-2.0,0.0,0.0,1518.8673697795948,1518.8755795558989,-0.008209776304056504,17.73,23.03,-5.300000000000001,93.0,88.0,7.0,7.0,7.0,7.0,0.03781578947368421,0.038026315789473686,1.3315789473684212,1.305263157894737,1.2447368421052631,1.2657894736842106,0.0,0.0,0.0,-1,-1,12.9,3.95,12.3,1.3,0.95,0.35,450.6,10.85,13.205882352941176,12.6,19.9,17.3,18.55,9.65,1.4,12.25,0.8,0.0,2.63,9.95,17.15,30.7,1.285,1.145,5.8,7.15,39.0,78.0,45.0,83.0,11.1,3.4,11.65,1.45,0.7,0.55,492.6,7.75,12.264705882352942,12.1,18.55,16.6,18.65,9.15,1.7,13.1,0.95,0.15,2.7399999999999998,10.35,13.6,31.2,1.33,1.05,5.6,6.7,40.0,80.0,45.0,86.0,0.0,4.0,5.0,1.0,4.0,4.0,2.0,0.0,2.0,2.0,4_vs_4,0.1842105263157894,0.0294117647058823,0.2352941176470588,0.2352941176470588,0.1176470588235294,0.2368421052631578,0.0263157894736842,0.0526315789473684,0.1470588235294117,0.0263157894736842,46.0,43.0,52.0,42.0,42.0,45.0,53.0,63.0,0.0789473684210526,0.0,0.3823529411764705,0.2941176470588235,0.088235294117647,0.2631578947368421,0.0294117647058823,0.0588235294117647,0.1764705882352941,0.088235294117647,50.0,48.0,58.0,56.0,54.0,62.0,50.0,40.0,0.165,0.0,0.165,0.0
2026_special,4,2026-02-28,FCtk,0-2,kasw,味スタ,13697.0,0,2,7.0,7.0,242.7,Sunny,4-4-2,3-4-2-1,8.0,20.0,-12.0,0.0,0.0,1510.5506741208396,1471.4116880386264,39.13898608221325,15.68,18.45,-2.7699999999999996,0.0,96.0,5.0,0.0,5.0,0.0,0.04292105263157895,0.03671052631578947,1.2684210526315791,1.3894736842105262,1.3289473684210527,1.4289473684210525,0.0,0.0,0.0,-2,-1,14.75,4.75,9.9,1.5,0.9,0.3,448.65,11.0,0.0,14.15,20.3,16.25,16.4,10.65,1.85,11.7,1.25,0.0,2.605,12.15,16.35,33.5,1.5050000000000001,0.8699999999999999,5.9,7.35,0.0,0.0,0.0,0.0,12.4,3.7,10.95,1.35,1.3,0.25,529.9,12.15,13.263157894736842,14.9,19.75,16.3,15.75,7.65,1.25,10.65,0.7,0.1,2.75,12.8,17.7,31.45,1.3599999999999999,1.175,6.0,6.85,39.0,80.0,47.0,82.0,0.0,4.0,3.0,3.0,3.0,5.0,2.0,-1.0,2.0,2.0,4_vs_3,0.0,0.0,0.0,0.0,0.0,0.0,0.0,0.0,0.0,0.0,0.0,0.0,0.0,0.0,0.0,0.0,0.0,0.0,0.0526315789473684,0.0,0.1842105263157894,0.2105263157894736,0.2058823529411764,0.1842105263157894,0.0588235294117647,0.0588235294117647,0.1764705882352941,0.0588235294117647,50.0,43.0,54.0,45.0,55.0,63.0,43.0,43.0,0.165,0.0,0.165,0.0
2026_special,4,2026-02-28,g-os,2-2,shim,パナスタ,13697.0,2,2,6.0,7.0,222.2,Sunny,4-2-3-1,4-1-2-3,9.0,12.0,-3.0,0.0,0.0,1510.28774368332,1500.846244312232,9.441499371087957,15.43,12.9,2.5299999999999994,93.0,85.0,5.0,4.0,5.0,4.0,0.037684210526315785,0.030605263157894736,1.3447368421052632,1.2289473684210528,1.3447368421052632,1.3526315789473684,0.0,0.0,0.0,0,0,12.0,4.8,11.35,1.35,1.15,0.2,446.15,11.85,10.794117647058824,12.2,22.55,15.15,20.7,10.0,1.65,14.5,1.2,0.1,2.785,10.65,16.6,39.05,1.295,1.285,5.65,6.2,38.0,67.0,50.0,83.0,10.1,2.6,11.2,1.0,1.1,0.15,387.4,7.35,8.421052631578947,14.15,22.15,15.35,18.5,8.85,1.8,20.75,0.95,0.05,2.4850000000000003,8.0,13.6,35.95,1.1,1.27,5.6,6.3,39.0,71.0,49.0,83.0,0.0,4.0,4.0,2.0,4.0,4.0,2.0,-1.0,2.0,2.0,4_vs_4,0.131578947368421,0.0263157894736842,0.2631578947368421,0.1764705882352941,0.0588235294117647,0.1764705882352941,0.0263157894736842,0.1470588235294117,0.1470588235294117,0.0294117647058823,41.0,45.0,49.0,49.0,43.0,47.0,55.0,47.0,0.0,0.0,0.3421052631578947,0.2105263157894736,0.0,0.131578947368421,0.0,0.0526315789473684,0.088235294117647,0.088235294117647,35.0,34.0,47.0,47.0,36.0,44.0,42.0,53.0,0.165,0.0,0.165,0.0
2026_special,4,2026-02-28,ngsk,1-0,c-os,ピースタ,13697.0,1,0,7.0,6.0,385.9,Sunny,3-4-2-1,4-2-3-1,14.0,11.0,3.0,0.0,0.0,1491.1326302204052,1499.9917180729458,-8.859087852540597,14.95,14.35,0.5999999999999996,82.0,93.0,3.0,4.0,3.0,4.0,0.03452631578947368,0.03578947368421053,1.1921052631578946,1.2289473684210528,1.3026315789473684,1.2210526315789474,0.0,0.0,0.0,1,1,10.4,3.3,14.25,1.05,1.4,0.2,388.0,9.45,11.647058823529411,9.35,25.9,14.65,19.7,9.45,2.3,15.25,1.1,0.05,2.38,8.4,14.1,31.8,1.175,1.575,5.65,6.7,35.0,64.0,38.0,72.0,11.2,3.95,13.05,1.4,1.05,0.3,427.5,10.4,11.105263157894736,12.85,27.6,17.1,22.4,10.9,1.15,13.65,1.45,0.05,2.5100000000000002,10.8,15.9,32.5,1.295,1.535,6.05,7.05,41.0,62.0,48.0,66.0,0.0,4.0,5.0,2.0,4.0,4.0,2.0,0.0,2.0,2.0,3_vs_4,0.0526315789473684,0.0,0.2105263157894736,0.2105263157894736,0.0588235294117647,0.1842105263157894,0.0,0.0588235294117647,0.1052631578947368,0.0294117647058823,45.0,44.0,47.0,44.0,45.0,44.5,44.0,44.0,0.088235294117647,0.0,0.2894736842105263,0.2894736842105263,0.0526315789473684,0.2368421052631578,0.0294117647058823,0.0789473684210526,0.088235294117647,0.0588235294117647,56.0,45.0,45.0,49.0,46.0,44.0,50.0,55.0,0.165,0.0,0.165,0.0
2026_special,4,2026-03-01,okay,1-1,nago,ＪＦＥス,13697.0,1,1,7.0,8.0,230.3,Sunny,3-4-2-1,3-4-2-1,17.0,14.0,3.0,0.0,0.0,1490.28774368332,1498.8673697795948,-8.579626096274751,11.2,15.9,-4.700000000000001,100.0,120.0,2.0,4.0,2.0,4.0,0.032973684210526315,0.037657894736842105,1.4184210526315788,1.2947368421052632,1.3894736842105262,1.1684210526315788,0.0,0.0,0.0,0,0,11.6,3.5,10.65,1.25,1.3,0.25,302.05,9.95,0.0,16.2,25.4,15.7,21.5,12.95,1.55,19.0,1.2,0.05,2.1399999999999997,9.35,14.5,32.8,1.3,1.085,5.65,7.0,0.0,0.0,0.0,0.0,12.65,4.5,13.6,1.65,1.5,0.25,426.05,10.0,10.705882352941176,15.95,21.55,17.65,18.9,8.5,1.4,14.05,0.7,0.0,2.625,11.1,18.0,34.0,1.4,1.345,5.6,6.85,39.0,74.0,48.0,79.0,0.0,3.0,6.0,1.0,3.0,6.0,1.0,1.0,2.0,2.0,3_vs_3,0.0,0.0,0.0,0.0,0.0,0.0,0.0,0.0,0.0,0.0,0.0,0.0,0.0,0.0,0.0,0.0,0.0,0.0,0.0588235294117647,0.0294117647058823,0.2647058823529412,0.2058823529411764,0.0294117647058823,0.1842105263157894,0.0,0.1052631578947368,0.1470588235294117,0.0526315789473684,51.0,50.0,38.0,45.0,47.0,44.0,43.0,46.0,0.19,0.0,0.19,0.0
2026_special,4,2026-03-01,ka-f,2-2,mito,Ｕ等々力,13697.0,2,2,8.0,7.0,357.7,Sunny,4-2-3-1,4-4-2,12.0,18.0,-6.0,0.0,0.0,1499.1620582846351,1490.5750112778453,8.587047006789817,21.3,9.7,11.600000000000001,114.0,80.0,4.0,2.0,4.0,2.0,0.030815789473684213,0.026973684210526313,1.3710526315789473,1.3315789473684212,1.2710526315789472,1.3605263157894738,0.0,0.0,0.0,0,0,11.2,3.3,13.6,1.2,1.45,0.15,485.75,9.3,15.68421052631579,13.3,19.05,14.4,18.1,7.7,1.5,10.15,0.7,0.0,2.5300000000000002,10.95,14.3,31.55,1.1300000000000001,1.48,5.7,6.05,42.0,70.0,44.0,82.0,10.6,3.1,11.25,0.95,1.8,0.1,427.6,10.8,11.647058823529411,11.3,19.55,14.4,18.6,10.15,1.6,13.3,1.55,0.3,2.54,8.3,14.15,30.25,0.975,1.33,5.9,6.35,35.0,64.0,38.0,72.0,0.0,4.0,3.0,3.0,4.0,5.0,2.0,-1.0,2.0,2.0,4_vs_4,0.1764705882352941,0.0294117647058823,0.3421052631578947,0.4117647058823529,0.131578947368421,0.3529411764705882,0.0294117647058823,0.088235294117647,0.1764705882352941,0.1176470588235294,51.0,63.0,59.0,53.0,51.0,41.0,73.0,53.0,0.0526315789473684,0.0,0.2105263157894736,0.2105263157894736,0.0588235294117647,0.1842105263157894,0.0,0.0588235294117647,0.1052631578947368,0.0294117647058823,45.0,44.0,47.0,44.0,45.0,44.5,44.0,44.0,0.19,0.0,0.19,0.0
2026_special,5,2026-03-07,chib,2-1,kasw,フクアリ,13697.0,2,1,8.0,7.0,242.7,Sunny,4-4-2,3-4-2-1,19.0,17.0,2.0,0.0,0.0,1481.1252827539279,1482.5334574400736,-1.408174686145685,11.9,18.45,-6.549999999999999,82.0,96.0,2.0,3.0,2.0,3.0,0.03142105263157895,0.03671052631578947,1.0526315789473684,1.2763157894736843,1.3289473684210527,1.4289473684210525,0.0,0.0,0.0,1,1,10.75,3.45,15.65,1.0,1.65,0.1,394.6,11.1,11.647058823529411,11.6,27.0,15.85,16.7,11.35,1.7,13.6,1.55,0.05,2.355,7.95,15.1,28.35,1.135,1.65,5.95,6.05,35.0,64.0,38.0,72.0,12.4,3.7,10.95,1.35,1.3,0.25,529.9,12.15,13.263157894736842,14.9,19.75,16.3,15.75,7.65,1.25,10.65,0.7,0.1,2.75,12.8,17.7,31.45,1.3599999999999999,1.175,6.0,6.85,39.0,80.0,47.0,82.0,0.0,4.0,5.0,2.0,3.0,5.0,2.0,0.0,2.0,2.0,4_vs_3,0.0526315789473684,0.0,0.2105263157894736,0.2105263157894736,0.0588235294117647,0.1842105263157894,0.0,0.0588235294117647,0.1052631578947368,0.0294117647058823,45.0,44.0,47.0,44.0,45.0,44.5,44.0,44.0,0.0526315789473684,0.0,0.1842105263157894,0.2105263157894736,0.2058823529411764,0.1842105263157894,0.0588235294117647,0.0588235294117647,0.1764705882352941,0.0588235294117647,50.0,43.0,54.0,45.0,55.0,63.0,43.0,43.0,0.2,0.0,0.2,0.0
2026_special,5,2026-03-07,FCtk,3-0,y-fm,MUFG国立,13697.0,3,0,7.0,7.0,230.3,Sunny,4-4-2,4-2-1-3,12.0,18.0,-6.0,0.0,0.0,1499.4289047193924,1482.505588379695,16.92331633969752,15.68,14.43,1.25,0.0,0.0,5.0,3.0,5.0,3.0,0.04292105263157895,0.03160526315789474,1.2684210526315791,1.3894736842105262,1.3263157894736841,1.3763157894736842,0.0,0.0,0.0,3,1,14.75,4.75,9.9,1.5,0.9,0.3,448.65,11.0,0.0,14.15,20.3,16.25,16.4,10.65,1.85,11.7,1.25,0.0,2.605,12.15,16.35,33.5,1.5050000000000001,0.8699999999999999,5.9,7.35,0.0,0.0,0.0,0.0,10.7,2.85,9.85,1.45,1.5,0.15,360.95,10.0,17.205882352941178,13.0,21.35,17.0,17.1,10.5,1.0,14.45,0.8,0.05,2.3850000000000002,8.65,15.9,25.0,1.135,1.075,5.8,6.7,48.0,89.0,44.0,90.0,0.0,4.0,3.0,3.0,4.0,3.0,3.0,-1.0,2.0,2.0,4_vs_4,0.0,0.0,0.0,0.0,0.0,0.0,0.0,0.0,0.0,0.0,0.0,0.0,0.0,0.0,0.0,0.0,0.0,0.0,0.0,0.0,0.0,0.0,0.0,0.0,0.0,0.0,0.0,0.0,0.0,0.0,0.0,0.0,0.0,0.0,0.0,0.0,0.2,0.0,0.2,0.0
2026_special,5,2026-03-07,c-os,0-0,shim,ヨドコウ,13697.0,0,0,7.0,7.0,222.2,Sunny,4-2-3-1,4-1-2-3,14.0,11.0,3.0,0.0,0.0,1489.7367882747692,1501.1179256356231,-11.381137360853927,14.35,12.9,1.4499999999999993,99.0,85.0,4.0,5.0,4.0,5.0,0.03578947368421053,0.030605263157894736,1.3026315789473684,1.2210526315789474,1.3447368421052632,1.3526315789473684,0.0,0.0,0.0,0,0,11.2,3.95,13.05,1.4,1.05,0.3,427.5,10.4,11.105263157894736,12.85,27.6,17.1,22.4,10.9,1.15,13.65,1.45,0.05,2.5100000000000002,10.8,15.9,32.5,1.295,1.535,6.05,7.05,41.0,62.0,48.0,66.0,10.1,2.6,11.2,1.0,1.1,0.15,387.4,7.35,8.421052631578947,14.15,22.15,15.35,18.5,8.85,1.8,20.75,0.95,0.05,2.4850000000000003,8.0,13.6,35.95,1.1,1.27,5.6,6.3,39.0,71.0,49.0,83.0,0.0,4.0,4.0,2.0,4.0,4.0,2.0,-1.0,2.0,2.0,4_vs_4,0.088235294117647,0.0,0.2894736842105263,0.2894736842105263,0.0526315789473684,0.2368421052631578,0.0294117647058823,0.0789473684210526,0.088235294117647,0.0588235294117647,56.0,45.0,45.0,49.0,46.0,44.0,50.0,55.0,0.0,0.0,0.3421052631578947,0.2105263157894736,0.0,0.131578947368421,0.0,0.0526315789473684,0.088235294117647,0.088235294117647,35.0,34.0,47.0,47.0,36.0,44.0,42.0,53.0,0.2,0.0,0.2,0.0
2026_special,5,2026-03-07,uraw,2-0,mito,埼玉,13697.0,2,0,7.0,6.0,357.7,Sunny,4-2-3-1,4-4-2,4.0,16.0,-12.0,0.0,0.0,1508.8676060759515,1490.8221160451067,18.045490030844803,17.73,9.7,8.030000000000001,93.0,80.0,7.0,3.0,7.0,3.0,0.03781578947368421,0.026973684210526313,1.3315789473684212,1.305263157894737,1.2710526315789472,1.3605263157894738,0.0,0.0,0.0,2,1,12.9,3.95,12.3,1.3,0.95,0.35,450.6,10.85,13.205882352941176,12.6,19.9,17.3,18.55,9.65,1.4,12.25,0.8,0.0,2.63,9.95,17.15,30.7,1.285,1.145,5.8,7.15,39.0,78.0,45.0,83.0,10.6,3.1,11.25,0.95,1.8,0.1,427.6,10.8,11.647058823529411,11.3,19.55,14.4,18.6,10.15,1.6,13.3,1.55,0.3,2.54,8.3,14.15,30.25,0.975,1.33,5.9,6.35,35.0,64.0,38.0,72.0,0.0,4.0,5.0,1.0,4.0,5.0,2.0,0.0,2.0,2.0,4_vs_4,0.1842105263157894,0.0294117647058823,0.2352941176470588,0.2352941176470588,0.1176470588235294,0.2368421052631578,0.0263157894736842,0.0526315789473684,0.1470588235294117,0.0263157894736842,46.0,43.0,52.0,42.0,42.0,45.0,53.0,63.0,0.0526315789473684,0.0,0.2105263157894736,0.2105263157894736,0.0588235294117647,0.1842105263157894,0.0,0.0588235294117647,0.1052631578947368,0.0294117647058823,45.0,44.0,47.0,44.0,45.0,44.5,44.0,44.0,0.2,0.0,0.2,0.0
2026_special,5,2026-03-07,fuku,1-5,nago,ベススタ,13697.0,1,5,8.0,6.0,230.3,Sunny,3-4-2-1,3-4-2-1,20.0,13.0,7.0,0.0,0.0,1470.8221803013603,1498.620478473,-27.79829817163977,10.83,15.9,-5.07,113.0,120.0,1.0,5.0,1.0,5.0,0.025236842105263158,0.037657894736842105,1.3447368421052632,1.394736842105263,1.3894736842105262,1.1684210526315788,0.0,0.0,0.0,-4,-1,10.5,3.2,11.1,0.95,1.45,0.1,334.2,9.5,9.657894736842104,9.75,24.7,16.75,17.7,11.7,1.65,16.05,2.3,0.15,2.175,7.9,14.25,32.1,0.945,1.1400000000000001,5.8,5.6,26.0,52.0,38.0,67.0,12.65,4.5,13.6,1.65,1.5,0.25,426.05,10.0,10.705882352941176,15.95,21.55,17.65,18.9,8.5,1.4,14.05,0.7,0.0,2.625,11.1,18.0,34.0,1.4,1.345,5.6,6.85,39.0,74.0,48.0,79.0,0.0,3.0,6.0,1.0,3.0,6.0,1.0,0.0,2.0,2.0,3_vs_3,0.0526315789473684,0.0263157894736842,0.2105263157894736,0.2105263157894736,0.0263157894736842,0.2058823529411764,0.0,0.0263157894736842,0.0789473684210526,0.0263157894736842,42.0,45.0,44.0,47.0,54.0,51.0,40.0,34.0,0.0588235294117647,0.0294117647058823,0.2647058823529412,0.2058823529411764,0.0294117647058823,0.1842105263157894,0.0,0.1052631578947368,0.1470588235294117,0.0526315789473684,51.0,50.0,38.0,45.0,47.0,44.0,43.0,46.0,0.2,0.0,0.2,0.0
2026_special,5,2026-03-07,kasm,2-0,tk-v,メルスタ,13697.0,2,0,7.0,7.0,0.0,Sunny,4-4-2,3-4-2-1,1.0,5.0,-4.0,0.0,0.0,1528.8753432595422,1507.764286879545,21.111056379997308,23.03,8.7,14.330000000000002,86.0,118.5,10.0,7.0,10.0,7.0,0.038026315789473686,0.0235,1.2447368421052631,1.2657894736842106,1.2,1.5105263157894737,0.0,0.0,0.0,2,1,11.1,3.4,11.65,1.45,0.7,0.55,492.6,7.75,12.264705882352942,12.1,18.55,16.6,18.65,9.15,1.7,13.1,0.95,0.15,2.7399999999999998,10.35,13.6,31.2,1.33,1.05,5.6,6.7,40.0,80.0,45.0,86.0,9.2,2.65,9.8,1.0,1.3,0.3,353.25,8.25,6.052631578947368,10.2,22.1,18.4,20.9,11.05,1.4,16.05,1.0,0.0,2.2,7.4,14.3,26.8,0.8400000000000001,1.065,5.95,7.2,15.0,26.5,19.0,33.5,0.0,4.0,4.0,2.0,3.0,6.0,1.0,-1.0,2.0,2.0,4_vs_3,0.0789473684210526,0.0,0.3823529411764705,0.2941176470588235,0.088235294117647,0.2631578947368421,0.0294117647058823,0.0588235294117647,0.1764705882352941,0.088235294117647,50.0,48.0,58.0,56.0,54.0,62.0,50.0,40.0,0.0789473684210526,0.0394736842105263,0.19736842105263155,0.0789473684210526,0.0657894736842105,0.0789473684210526,0.0,0.0789473684210526,0.0394736842105263,0.0131578947368421,22.5,22.5,23.0,19.5,22.5,21.0,22.0,25.0,0.2,0.0,0.2,0.0
2026_special,5,2026-03-08,okay,1-0,kyot,ＪＦＥス,13697.0,1,0,7.0,9.0,367.5,Sunny,3-4-2-1,4-1-2-3,16.0,4.0,12.0,0.0,0.0,1490.5346349899148,1519.7288066480385,-29.19417165812365,11.2,15.73,-4.530000000000001,100.0,110.5,3.0,8.0,3.0,8.0,0.032973684210526315,0.02923684210526316,1.4184210526315788,1.2947368421052632,1.4263157894736842,1.2157894736842105,0.0,0.0,0.0,1,1,11.6,3.5,10.65,1.25,1.3,0.25,302.05,9.95,0.0,16.2,25.4,15.7,21.5,12.95,1.55,19.0,1.2,0.05,2.1399999999999997,9.35,14.5,32.8,1.3,1.085,5.65,7.0,0.0,0.0,0.0,0.0,12.25,4.2,12.5,1.05,1.6,0.1,371.5,8.15,10.43498452012384,13.5,23.7,17.15,21.15,11.3,1.3,17.8,2.25,0.05,2.6350000000000002,10.2,15.8,35.8,1.105,1.5,5.75,7.85,27.0,53.0,36.5,80.0,0.0,3.0,6.0,1.0,4.0,3.0,3.0,1.0,2.0,2.0,3_vs_4,0.0,0.0,0.0,0.0,0.0,0.0,0.0,0.0,0.0,0.0,0.0,0.0,0.0,0.0,0.0,0.0,0.0,0.0,0.02786377708978325,0.0,0.2376160990712074,0.2105263157894736,0.07043343653250769,0.0588235294117647,0.0,0.0719814241486068,0.1176470588235294,0.01470588235294115,56.0,35.5,54.5,60.0,56.0,46.0,36.0,38.0,0.23,0.0,0.23,0.0
2026_special,5,2026-03-08,g-os,3-2,ngsk,パナスタ,13697.0,3,2,8.0,8.0,357.7,Sunny,4-2-3-1,3-4-2-1,10.0,12.0,-2.0,0.0,0.0,1510.016062359929,1501.3875600185818,8.628502341347257,15.43,14.95,0.4800000000000004,93.0,80.0,6.0,6.0,6.0,6.0,0.037684210526315785,0.03452631578947368,1.3447368421052632,1.2289473684210528,1.1921052631578946,1.2289473684210528,0.0,0.0,0.0,1,1,12.0,4.8,11.35,1.35,1.15,0.2,446.15,11.85,10.794117647058824,12.2,22.55,15.15,20.7,10.0,1.65,14.5,1.2,0.1,2.785,10.65,16.6,39.05,1.295,1.285,5.65,6.2,38.0,67.0,50.0,83.0,10.4,3.3,14.25,1.05,1.4,0.2,388.0,9.45,11.647058823529411,9.35,25.9,14.65,19.7,9.45,2.3,15.25,1.1,0.05,2.38,8.4,14.1,31.8,1.175,1.575,5.65,6.7,35.0,64.0,38.0,72.0,0.0,4.0,4.0,2.0,4.0,5.0,2.0,-1.0,2.0,2.0,4_vs_3,0.131578947368421,0.0263157894736842,0.2631578947368421,0.1764705882352941,0.0588235294117647,0.1764705882352941,0.0263157894736842,0.1470588235294117,0.1470588235294117,0.0294117647058823,41.0,45.0,49.0,49.0,43.0,47.0,55.0,47.0,0.0526315789473684,0.0,0.2105263157894736,0.2105263157894736,0.0588235294117647,0.1842105263157894,0.0,0.0588235294117647,0.1052631578947368,0.0294117647058823,45.0,44.0,47.0,44.0,45.0,44.5,44.0,44.0,0.23,0.0,0.23,0.0
2026_special,6,2026-03-14,y-fm,2-0,chib,日産ス,13697.0,2,0,7.0,7.0,357.7,Sunny,4-2-1-3,4-4-2,19.0,16.0,3.0,0.0,0.0,1472.9922957209797,1491.1658130575026,-18.17351733652299,14.43,11.9,2.5299999999999994,0.0,80.0,3.0,5.0,3.0,5.0,0.03160526315789474,0.03142105263157895,1.3263157894736841,1.3763157894736842,1.0526315789473684,1.2763157894736843,0.0,0.0,0.0,2,1,10.7,2.85,9.85,1.45,1.5,0.15,360.95,10.0,17.205882352941178,13.0,21.35,17.0,17.1,10.5,1.0,14.45,0.8,0.05,2.3850000000000002,8.65,15.9,25.0,1.135,1.075,5.8,6.7,48.0,89.0,44.0,90.0,10.75,3.45,15.65,1.0,1.65,0.1,394.6,11.1,11.647058823529411,11.6,27.0,15.85,16.7,11.35,1.7,13.6,1.55,0.05,2.355,7.95,15.1,28.35,1.135,1.65,5.95,6.05,35.0,64.0,38.0,72.0,0.0,4.0,3.0,3.0,4.0,5.0,2.0,-1.0,2.0,2.0,4_vs_4,0.0,0.0,0.0,0.0,0.0,0.0,0.0,0.0,0.0,0.0,0.0,0.0,0.0,0.0,0.0,0.0,0.0,0.0,0.0526315789473684,0.0,0.2105263157894736,0.2105263157894736,0.0588235294117647,0.1842105263157894,0.0,0.0588235294117647,0.1052631578947368,0.0294117647058823,45.0,44.0,47.0,44.0,45.0,44.5,44.0,44.0,0.24,0.0,0.24,0.0
2026_special,6,2026-03-14,kasw,0-1,mcd,三協Ｆ柏,13697.0,0,1,7.0,15.0,145.05,Sunny,3-4-2-1,3-4-2-1,17.0,5.0,12.0,0.0,0.0,1472.4929271364988,1519.1624609293922,-46.66953379289339,18.45,19.3,-0.8500000000000014,101.0,0.0,3.0,8.0,3.0,8.0,0.03671052631578947,0.029789473684210522,1.3289473684210527,1.4289473684210525,1.2684210526315791,1.4421052631578946,0.0,0.0,0.0,-1,-1,12.4,3.7,10.95,1.35,1.3,0.25,529.9,12.15,13.263157894736842,14.9,19.75,16.3,15.75,7.65,1.25,10.65,0.7,0.1,2.75,12.8,17.7,31.45,1.3599999999999999,1.175,6.0,6.85,39.0,80.0,47.0,82.0,11.1,3.7,11.0,1.25,1.05,0.35,390.7,11.45,5.25,11.2,17.15,16.25,17.3,9.95,1.2,12.8,1.15,0.05,2.2600000000000002,8.4,17.15,28.7,1.1099999999999999,1.085,5.9,5.65,14.0,31.0,18.0,31.5,0.0,3.0,5.0,2.0,3.5,5.0,1.5,1.0,2.0,2.0,3_vs_3,0.0526315789473684,0.0,0.1842105263157894,0.2105263157894736,0.2058823529411764,0.1842105263157894,0.0588235294117647,0.0588235294117647,0.1764705882352941,0.0588235294117647,50.0,43.0,54.0,45.0,55.0,63.0,43.0,43.0,0.0,0.0,0.0,0.0,0.0,0.0,0.0,0.0,0.0,0.0,0.0,0.0,0.0,0.0,0.0,0.0,0.0,0.0,0.24,0.0,0.24,0.0
2026_special,6,2026-03-14,kyot,1-2,c-os,サンガＳ,13697.0,1,2,6.0,7.0,385.9,Sunny,4-1-2-3,4-2-3-1,7.0,15.0,-8.0,0.0,0.0,1508.8905028995812,1490.0642466213612,18.826256278219944,15.73,14.35,1.3800000000000008,127.5,93.0,8.0,5.0,8.0,5.0,0.02923684210526316,0.03578947368421053,1.4263157894736842,1.2157894736842105,1.3026315789473684,1.2210526315789474,0.0,0.0,0.0,-1,-1,12.25,4.2,12.5,1.05,1.6,0.1,371.5,8.15,10.43498452012384,13.5,23.7,17.15,21.15,11.3,1.3,17.8,2.25,0.05,2.6350000000000002,10.2,15.8,35.8,1.105,1.5,5.75,7.85,27.0,53.0,36.5,80.0,11.2,3.95,13.05,1.4,1.05,0.3,427.5,10.4,11.105263157894736,12.85,27.6,17.1,22.4,10.9,1.15,13.65,1.45,0.05,2.5100000000000002,10.8,15.9,32.5,1.295,1.535,6.05,7.05,41.0,62.0,48.0,66.0,0.0,4.0,3.0,3.0,4.0,4.0,2.0,-2.0,2.0,2.0,4_vs_4,0.02786377708978325,0.0,0.2376160990712074,0.2105263157894736,0.07043343653250769,0.0588235294117647,0.0,0.0719814241486068,0.1176470588235294,0.01470588235294115,56.0,35.5,54.5,60.0,56.0,46.0,36.0,38.0,0.088235294117647,0.0,0.2894736842105263,0.2894736842105263,0.0526315789473684,0.2368421052631578,0.0294117647058823,0.0789473684210526,0.088235294117647,0.0588235294117647,56.0,45.0,45.0,49.0,46.0,44.0,50.0,55.0,0.24,0.0,0.24,0.0
2026_special,6,2026-03-14,mito,1-1,FCtk,Ｋｓスタ,13697.0,1,1,7.0,7.0,225.6,Sunny,4-4-2,4-4-2,18.0,6.0,12.0,0.0,0.0,1481.341040454392,1508.9421973781077,-27.601156923715735,9.7,15.68,-5.98,82.0,0.0,3.0,8.0,3.0,8.0,0.026973684210526313,0.04292105263157895,1.2710526315789472,1.3605263157894738,1.2684210526315791,1.3894736842105262,0.0,0.0,0.0,0,0,10.6,3.1,11.25,0.95,1.8,0.1,427.6,10.8,11.647058823529411,11.3,19.55,14.4,18.6,10.15,1.6,13.3,1.55,0.3,2.54,8.3,14.15,30.25,0.975,1.33,5.9,6.35,35.0,64.0,38.0,72.0,14.75,4.75,9.9,1.5,0.9,0.3,448.65,11.0,0.0,14.15,20.3,16.25,16.4,10.65,1.85,11.7,1.25,0.0,2.605,12.15,16.35,33.5,1.5050000000000001,0.8699999999999999,5.9,7.35,0.0,0.0,0.0,0.0,0.0,4.0,5.0,2.0,4.0,3.0,3.0,0.0,2.0,2.0,4_vs_4,0.0526315789473684,0.0,0.2105263157894736,0.2105263157894736,0.0588235294117647,0.1842105263157894,0.0,0.0588235294117647,0.1052631578947368,0.0294117647058823,45.0,44.0,47.0,44.0,45.0,44.5,44.0,44.0,0.0,0.0,0.0,0.0,0.0,0.0,0.0,0.0,0.0,0.0,0.0,0.0,0.0,0.0,0.0,0.0,0.0,0.0,0.24,0.0,0.24,0.0
2026_special,6,2026-03-14,nago,0-3,kobe,豊田ス,13697.0,0,3,7.0,15.0,412.8,Sunny,3-4-2-1,4-1-2-3,4.0,9.0,-5.0,0.0,0.0,1507.822082077765,1508.6110438026076,-0.788961724842693,15.9,17.7,-1.799999999999999,114.0,96.0,8.0,7.0,8.0,7.0,0.037657894736842105,0.04521052631578947,1.3894736842105262,1.1684210526315788,1.3710526315789473,1.3236842105263158,0.0,0.0,0.0,-3,-1,12.65,4.5,13.6,1.65,1.5,0.25,426.05,10.0,10.705882352941176,15.95,21.55,17.65,18.9,8.5,1.4,14.05,0.7,0.0,2.625,11.1,18.0,34.0,1.4,1.345,5.6,6.85,39.0,74.0,48.0,79.0,12.4,4.15,10.15,1.6,1.05,0.35,428.6,6.55,12.411764705882351,14.55,23.35,15.85,19.1,7.75,1.75,24.15,1.15,0.05,2.6550000000000002,9.2,12.95,35.7,1.61,1.045,5.7,6.8,42.0,70.0,44.0,88.0,0.0,3.0,6.0,1.0,4.0,3.0,3.0,1.0,2.0,2.0,3_vs_4,0.0588235294117647,0.0294117647058823,0.2647058823529412,0.2058823529411764,0.0294117647058823,0.1842105263157894,0.0,0.1052631578947368,0.1470588235294117,0.0526315789473684,51.0,50.0,38.0,45.0,47.0,44.0,43.0,46.0,0.0789473684210526,0.0263157894736842,0.2941176470588235,0.3823529411764705,0.1052631578947368,0.2105263157894736,0.0789473684210526,0.0789473684210526,0.1052631578947368,0.0294117647058823,57.0,56.0,47.0,43.0,45.0,39.0,54.0,61.0,0.24,0.0,0.24,0.0
2026_special,6,2026-03-14,shim,1-1,okay,アイスタ,13697.0,1,1,7.0,6.0,0.0,Sunny,4-1-2-3,3-4-2-1,12.0,11.0,1.0,0.0,0.0,1500.790467289031,1501.372938738372,-0.5824714493410283,12.9,11.2,1.700000000000001,78.0,127.0,6.0,6.0,6.0,6.0,0.030605263157894736,0.032973684210526315,1.3447368421052632,1.3526315789473684,1.4184210526315788,1.2947368421052632,0.0,0.0,0.0,0,0,10.1,2.6,11.2,1.0,1.1,0.15,387.4,7.35,8.421052631578947,14.15,22.15,15.35,18.5,8.85,1.8,20.75,0.95,0.05,2.4850000000000003,8.0,13.6,35.95,1.1,1.27,5.6,6.3,39.0,71.0,49.0,83.0,11.6,3.5,10.65,1.25,1.3,0.25,302.05,9.95,0.0,16.2,25.4,15.7,21.5,12.95,1.55,19.0,1.2,0.05,2.1399999999999997,9.35,14.5,32.8,1.3,1.085,5.65,7.0,0.0,0.0,0.0,0.0,0.0,4.0,4.0,2.0,3.0,6.0,1.0,0.0,2.0,2.0,4_vs_3,0.0,0.0,0.3421052631578947,0.2105263157894736,0.0,0.131578947368421,0.0,0.0526315789473684,0.088235294117647,0.088235294117647,35.0,34.0,47.0,47.0,36.0,44.0,42.0,53.0,0.0,0.0,0.0,0.0,0.0,0.0,0.0,0.0,0.0,0.0,0.0,0.0,0.0,0.0,0.0,0.0,0.0,0.0,0.24,0.0,0.24,0.0
2026_special,6,2026-03-14,hiro,2-0,g-os,Ｅピース,13697.0,2,0,15.0,6.0,383.2,Sunny,3-4-2-1,4-2-3-1,8.0,3.0,5.0,0.0,0.0,1509.4245194961757,1519.767765144312,-10.343245648136417,20.9,15.43,5.469999999999999,113.0,85.0,7.0,9.0,7.0,9.0,0.05026315789473684,0.037684210526315785,1.5157894736842106,1.368421052631579,1.3447368421052632,1.2289473684210528,0.0,0.0,0.0,2,1,15.3,4.4,9.3,1.55,1.1,0.2,434.8,8.55,14.705882352941176,16.5,17.55,15.85,20.35,10.6,1.4,17.9,1.0,0.0,2.6149999999999998,12.5,14.8,38.7,1.7399999999999998,1.0550000000000002,5.55,6.55,40.0,76.0,46.0,87.0,12.0,4.8,11.35,1.35,1.15,0.2,446.15,11.85,10.794117647058824,12.2,22.55,15.15,20.7,10.0,1.65,14.5,1.2,0.1,2.785,10.65,16.6,39.05,1.295,1.285,5.65,6.2,38.0,67.0,50.0,83.0,0.0,3.0,6.0,1.0,4.0,4.0,2.0,1.0,2.0,2.0,3_vs_4,0.1052631578947368,0.0526315789473684,0.3421052631578947,0.2941176470588235,0.1764705882352941,0.2352941176470588,0.0526315789473684,0.088235294117647,0.1176470588235294,0.0294117647058823,72.0,60.0,54.0,66.0,74.0,62.0,54.0,41.0,0.131578947368421,0.0263157894736842,0.2631578947368421,0.1764705882352941,0.0588235294117647,0.1764705882352941,0.0263157894736842,0.1470588235294117,0.1470588235294117,0.0294117647058823,41.0,45.0,49.0,49.0,43.0,47.0,55.0,47.0,0.24,0.0,0.24,0.0
2026_special,6,2026-03-14,kasm,1-0,ka-f,メルスタ,13697.0,1,0,7.0,13.0,233.7,Sunny,4-4-2,4-2-3-1,1.0,14.0,-13.0,0.0,0.0,1538.2684649108328,1498.9149535173738,39.35351139345903,23.03,21.3,1.7300000000000004,86.0,127.0,13.0,5.0,13.0,5.0,0.038026315789473686,0.030815789473684213,1.2447368421052631,1.2657894736842106,1.3710526315789473,1.3315789473684212,0.0,0.0,0.0,1,1,11.1,3.4,11.65,1.45,0.7,0.55,492.6,7.75,12.264705882352942,12.1,18.55,16.6,18.65,9.15,1.7,13.1,0.95,0.15,2.7399999999999998,10.35,13.6,31.2,1.33,1.05,5.6,6.7,40.0,80.0,45.0,86.0,11.2,3.3,13.6,1.2,1.45,0.15,485.75,9.3,15.68421052631579,13.3,19.05,14.4,18.1,7.7,1.5,10.15,0.7,0.0,2.5300000000000002,10.95,14.3,31.55,1.1300000000000001,1.48,5.7,6.05,42.0,70.0,44.0,82.0,0.0,4.0,4.0,2.0,4.0,3.0,3.0,-1.0,2.0,2.0,4_vs_4,0.0789473684210526,0.0,0.3823529411764705,0.2941176470588235,0.088235294117647,0.2631578947368421,0.0294117647058823,0.0588235294117647,0.1764705882352941,0.088235294117647,50.0,48.0,58.0,56.0,54.0,62.0,50.0,40.0,0.1764705882352941,0.0294117647058823,0.3421052631578947,0.4117647058823529,0.131578947368421,0.3529411764705882,0.0294117647058823,0.088235294117647,0.1764705882352941,0.1176470588235294,51.0,63.0,59.0,53.0,51.0,41.0,73.0,53.0,0.24,0.0,0.24,0.0
2026_special,6,2026-03-14,tk-v,1-0,uraw,MUFG国立,13697.0,1,0,7.0,7.0,234.7,Sunny,3-4-2-1,4-2-3-1,10.0,2.0,8.0,0.0,0.0,1498.3711652282543,1518.3486816666662,-19.97751643841184,8.7,17.73,-9.030000000000001,120.5,99.0,7.0,10.0,7.0,10.0,0.0235,0.03781578947368421,1.2,1.5105263157894737,1.3315789473684212,1.305263157894737,0.0,0.0,0.0,1,1,9.2,2.65,9.8,1.0,1.3,0.3,353.25,8.25,6.052631578947368,10.2,22.1,18.4,20.9,11.05,1.4,16.05,1.0,0.0,2.2,7.4,14.3,26.8,0.8400000000000001,1.065,5.95,7.2,15.0,26.5,19.0,33.5,12.9,3.95,12.3,1.3,0.95,0.35,450.6,10.85,13.205882352941176,12.6,19.9,17.3,18.55,9.65,1.4,12.25,0.8,0.0,2.63,9.95,17.15,30.7,1.285,1.145,5.8,7.15,39.0,78.0,45.0,83.0,0.0,3.0,6.0,1.0,4.0,5.0,1.0,1.0,2.0,2.0,3_vs_4,0.0789473684210526,0.0394736842105263,0.19736842105263155,0.0789473684210526,0.0657894736842105,0.0789473684210526,0.0,0.0789473684210526,0.0394736842105263,0.0131578947368421,22.5,22.5,23.0,19.5,22.5,21.0,22.0,25.0,0.1842105263157894,0.0294117647058823,0.2352941176470588,0.2352941176470588,0.1176470588235294,0.2368421052631578,0.0263157894736842,0.0526315789473684,0.1470588235294117,0.0263157894736842,46.0,43.0,52.0,42.0,42.0,45.0,53.0,63.0,0.24,0.0,0.24,0.0
2026_special,6,2026-03-15,ngsk,1-0,fuku,ピースタ,13697.0,1,0,7.0,8.0,843.1,Sunny,3-4-2-1,3-4-2-1,14.0,20.0,-6.0,0.0,0.0,1491.6358572341987,1461.6205766965954,30.015280537603303,14.95,10.83,4.119999999999999,82.0,121.0,6.0,1.0,6.0,1.0,0.03452631578947368,0.025236842105263158,1.1921052631578946,1.2289473684210528,1.3447368421052632,1.394736842105263,0.0,0.0,0.0,1,1,10.4,3.3,14.25,1.05,1.4,0.2,388.0,9.45,11.647058823529411,9.35,25.9,14.65,19.7,9.45,2.3,15.25,1.1,0.05,2.38,8.4,14.1,31.8,1.175,1.575,5.65,6.7,35.0,64.0,38.0,72.0,10.5,3.2,11.1,0.95,1.45,0.1,334.2,9.5,9.657894736842104,9.75,24.7,16.75,17.7,11.7,1.65,16.05,2.3,0.15,2.175,7.9,14.25,32.1,0.945,1.1400000000000001,5.8,5.6,26.0,52.0,38.0,67.0,0.0,4.0,5.0,2.0,3.0,6.0,1.0,0.0,2.0,2.0,3_vs_3,0.0526315789473684,0.0,0.2105263157894736,0.2105263157894736,0.0588235294117647,0.1842105263157894,0.0,0.0588235294117647,0.1052631578947368,0.0294117647058823,45.0,44.0,47.0,44.0,45.0,44.5,44.0,44.0,0.0526315789473684,0.0263157894736842,0.2105263157894736,0.2105263157894736,0.0263157894736842,0.2058823529411764,0.0,0.0263157894736842,0.0789473684210526,0.0263157894736842,42.0,45.0,44.0,47.0,54.0,51.0,40.0,34.0,0.285,0.0,0.285,0.0
2026_special,7,2026-03-18,c-os,1-2,okay,ヨドコウ,13697.0,1,2,4.0,4.0,0.0,Sunny,4-2-3-1,3-4-2-1,11.0,13.0,-2.0,0.0,0.0,1500.605580124868,1501.3561738781243,-0.7505937532562257,14.35,11.2,3.1500000000000004,99.0,127.0,8.0,7.0,7.0,6.0,0.03578947368421053,0.032973684210526315,1.3026315789473684,1.2210526315789474,1.4184210526315788,1.2947368421052632,0.0,0.0,0.0,-1,-1,11.2,3.95,13.05,1.4,1.05,0.3,427.5,10.4,11.105263157894736,12.85,27.6,17.1,22.4,10.9,1.15,13.65,1.45,0.05,2.5100000000000002,10.8,15.9,32.5,1.295,1.535,6.05,7.05,41.0,62.0,48.0,66.0,11.6,3.5,10.65,1.25,1.3,0.25,302.05,9.95,0.0,16.2,25.4,15.7,21.5,12.95,1.55,19.0,1.2,0.05,2.1399999999999997,9.35,14.5,32.8,1.3,1.085,5.65,7.0,0.0,0.0,0.0,0.0,0.0,4.0,4.0,2.0,3.0,6.0,1.0,-1.0,2.0,2.0,4_vs_3,0.088235294117647,0.0,0.2894736842105263,0.2894736842105263,0.0526315789473684,0.2368421052631578,0.0294117647058823,0.0789473684210526,0.088235294117647,0.0588235294117647,56.0,45.0,45.0,49.0,46.0,44.0,50.0,55.0,0.0,0.0,0.0,0.0,0.0,0.0,0.0,0.0,0.0,0.0,0.0,0.0,0.0,0.0,0.0,0.0,0.0,0.0,0.29,0.0,0.29,0.0
2026_special,7,2026-03-18,chib,1-2,FCtk,フクアリ,13697.0,1,2,4.0,4.0,225.6,Sunny,4-4-2,4-4-2,17.0,7.0,10.0,0.0,0.0,1480.6432137194379,1508.1494392496088,-27.506225530170923,11.9,15.68,-3.7799999999999994,82.0,0.0,5.0,9.0,5.0,8.0,0.03142105263157895,0.04292105263157895,1.0526315789473684,1.2763157894736843,1.2684210526315791,1.3894736842105262,0.0,0.0,0.0,-1,-1,10.75,3.45,15.65,1.0,1.65,0.1,394.6,11.1,11.647058823529411,11.6,27.0,15.85,16.7,11.35,1.7,13.6,1.55,0.05,2.355,7.95,15.1,28.35,1.135,1.65,5.95,6.05,35.0,64.0,38.0,72.0,14.75,4.75,9.9,1.5,0.9,0.3,448.65,11.0,0.0,14.15,20.3,16.25,16.4,10.65,1.85,11.7,1.25,0.0,2.605,12.15,16.35,33.5,1.5050000000000001,0.8699999999999999,5.9,7.35,0.0,0.0,0.0,0.0,0.0,4.0,5.0,2.0,4.0,3.0,3.0,0.0,2.0,2.0,4_vs_4,0.0526315789473684,0.0,0.2105263157894736,0.2105263157894736,0.0588235294117647,0.1842105263157894,0.0,0.0588235294117647,0.1052631578947368,0.0294117647058823,45.0,44.0,47.0,44.0,45.0,44.5,44.0,44.0,0.0,0.0,0.0,0.0,0.0,0.0,0.0,0.0,0.0,0.0,0.0,0.0,0.0,0.0,0.0,0.0,0.0,0.0,0.29,0.0,0.29,0.0
2026_special,7,2026-03-18,fuku,1-1,shim,ベススタ,13697.0,1,1,3.0,4.0,222.2,Sunny,3-4-2-1,4-1-2-3,20.0,14.0,6.0,0.0,0.0,1452.4823430817153,1500.807232149279,-48.32488906756362,10.83,12.9,-2.0700000000000003,113.0,85.0,1.0,7.0,0.0,7.0,0.025236842105263158,0.030605263157894736,1.3447368421052632,1.394736842105263,1.3447368421052632,1.3526315789473684,0.0,0.0,0.0,0,0,10.5,3.2,11.1,0.95,1.45,0.1,334.2,9.5,9.657894736842104,9.75,24.7,16.75,17.7,11.7,1.65,16.05,2.3,0.15,2.175,7.9,14.25,32.1,0.945,1.1400000000000001,5.8,5.6,26.0,52.0,38.0,67.0,10.1,2.6,11.2,1.0,1.1,0.15,387.4,7.35,8.421052631578947,14.15,22.15,15.35,18.5,8.85,1.8,20.75,0.95,0.05,2.4850000000000003,8.0,13.6,35.95,1.1,1.27,5.6,6.3,39.0,71.0,49.0,83.0,0.0,3.0,6.0,1.0,4.0,4.0,2.0,0.0,2.0,2.0,3_vs_4,0.0526315789473684,0.0263157894736842,0.2105263157894736,0.2105263157894736,0.0263157894736842,0.2058823529411764,0.0,0.0263157894736842,0.0789473684210526,0.0263157894736842,42.0,45.0,44.0,47.0,54.0,51.0,40.0,34.0,0.0,0.0,0.3421052631578947,0.2105263157894736,0.0,0.131578947368421,0.0,0.0526315789473684,0.088235294117647,0.088235294117647,35.0,34.0,47.0,47.0,36.0,44.0,42.0,53.0,0.29,0.0,0.29,0.0
2026_special,7,2026-03-18,kobe,2-2,g-os,ノエスタ,13697.0,2,2,4.0,4.0,383.2,Sunny,4-1-2-3,4-2-3-1,3.0,8.0,-5.0,0.0,0.0,1518.5883356978077,1509.4701505206938,9.1181851771139,17.7,15.43,2.2699999999999996,93.0,85.0,10.0,9.0,10.0,8.0,0.04521052631578947,0.037684210526315785,1.3710526315789473,1.3236842105263158,1.3447368421052632,1.2289473684210528,0.0,0.0,0.0,0,0,12.4,4.15,10.15,1.6,1.05,0.35,428.6,6.55,12.411764705882351,14.55,23.35,15.85,19.1,7.75,1.75,24.15,1.15,0.05,2.6550000000000002,9.2,12.95,35.7,1.61,1.045,5.7,6.8,42.0,70.0,44.0,88.0,12.0,4.8,11.35,1.35,1.15,0.2,446.15,11.85,10.794117647058824,12.2,22.55,15.15,20.7,10.0,1.65,14.5,1.2,0.1,2.785,10.65,16.6,39.05,1.295,1.285,5.65,6.2,38.0,67.0,50.0,83.0,0.0,4.0,3.0,3.0,4.0,4.0,2.0,-1.0,2.0,2.0,4_vs_4,0.0789473684210526,0.0263157894736842,0.2941176470588235,0.3823529411764705,0.1052631578947368,0.2105263157894736,0.0789473684210526,0.0789473684210526,0.1052631578947368,0.0294117647058823,57.0,56.0,47.0,43.0,45.0,39.0,54.0,61.0,0.131578947368421,0.0263157894736842,0.2631578947368421,0.1764705882352941,0.0588235294117647,0.1764705882352941,0.0263157894736842,0.1470588235294117,0.1470588235294117,0.0294117647058823,41.0,45.0,49.0,49.0,43.0,47.0,55.0,47.0,0.29,0.0,0.29,0.0
2026_special,7,2026-03-18,mito,1-0,y-fm,Ｋｓスタ,13697.0,1,0,4.0,4.0,230.3,Sunny,4-4-2,4-2-1-3,18.0,15.0,3.0,0.0,0.0,1482.133798582891,1483.5148950590444,-1.381096476153516,9.7,14.43,-4.73,82.0,0.0,4.0,6.0,4.0,6.0,0.026973684210526313,0.03160526315789474,1.2710526315789472,1.3605263157894738,1.3263157894736841,1.3763157894736842,0.0,0.0,0.0,1,1,10.6,3.1,11.25,0.95,1.8,0.1,427.6,10.8,11.647058823529411,11.3,19.55,14.4,18.6,10.15,1.6,13.3,1.55,0.3,2.54,8.3,14.15,30.25,0.975,1.33,5.9,6.35,35.0,64.0,38.0,72.0,10.7,2.85,9.85,1.45,1.5,0.15,360.95,10.0,17.205882352941178,13.0,21.35,17.0,17.1,10.5,1.0,14.45,0.8,0.05,2.3850000000000002,8.65,15.9,25.0,1.135,1.075,5.8,6.7,48.0,89.0,44.0,90.0,0.0,4.0,5.0,2.0,4.0,3.0,3.0,0.0,2.0,2.0,4_vs_4,0.0526315789473684,0.0,0.2105263157894736,0.2105263157894736,0.0588235294117647,0.1842105263157894,0.0,0.0588235294117647,0.1052631578947368,0.0294117647058823,45.0,44.0,47.0,44.0,45.0,44.5,44.0,44.0,0.0,0.0,0.0,0.0,0.0,0.0,0.0,0.0,0.0,0.0,0.0,0.0,0.0,0.0,0.0,0.0,0.0,0.0,0.29,0.0,0.29,0.0
2026_special,7,2026-03-18,nago,2-1,hiro,豊田ス,13697.0,2,1,4.0,4.0,639.0,Sunny,3-4-2-1,3-4-2-1,12.0,4.0,8.0,0.0,0.0,1497.8447901825648,1519.722134119794,-21.87734393722917,15.9,20.9,-4.999999999999998,114.0,117.0,8.0,10.0,5.0,10.0,0.037657894736842105,0.05026315789473684,1.3894736842105262,1.1684210526315788,1.5157894736842106,1.368421052631579,0.0,0.0,0.0,1,1,12.65,4.5,13.6,1.65,1.5,0.25,426.05,10.0,10.705882352941176,15.95,21.55,17.65,18.9,8.5,1.4,14.05,0.7,0.0,2.625,11.1,18.0,34.0,1.4,1.345,5.6,6.85,39.0,74.0,48.0,79.0,15.3,4.4,9.3,1.55,1.1,0.2,434.8,8.55,14.705882352941176,16.5,17.55,15.85,20.35,10.6,1.4,17.9,1.0,0.0,2.6149999999999998,12.5,14.8,38.7,1.7399999999999998,1.0550000000000002,5.55,6.55,40.0,76.0,46.0,87.0,0.0,3.0,6.0,1.0,3.0,6.0,1.0,1.0,2.0,2.0,3_vs_3,0.0588235294117647,0.0294117647058823,0.2647058823529412,0.2058823529411764,0.0294117647058823,0.1842105263157894,0.0,0.1052631578947368,0.1470588235294117,0.0526315789473684,51.0,50.0,38.0,45.0,47.0,44.0,43.0,46.0,0.1052631578947368,0.0526315789473684,0.3421052631578947,0.2941176470588235,0.1764705882352941,0.2352941176470588,0.0526315789473684,0.088235294117647,0.1176470588235294,0.0294117647058823,72.0,60.0,54.0,66.0,74.0,62.0,54.0,41.0,0.29,0.0,0.29,0.0
2026_special,7,2026-03-18,ngsk,1-2,kyot,ピースタ,13697.0,1,2,3.0,4.0,367.5,Sunny,3-4-2-1,4-1-2-3,9.0,10.0,-1.0,0.0,0.0,1500.774090849079,1498.3491693960743,2.424921453004572,14.95,15.73,-0.7800000000000011,82.0,110.5,9.0,8.0,9.0,7.0,0.03452631578947368,0.02923684210526316,1.1921052631578946,1.2289473684210528,1.4263157894736842,1.2157894736842105,0.0,0.0,0.0,-1,-1,10.4,3.3,14.25,1.05,1.4,0.2,388.0,9.45,11.647058823529411,9.35,25.9,14.65,19.7,9.45,2.3,15.25,1.1,0.05,2.38,8.4,14.1,31.8,1.175,1.575,5.65,6.7,35.0,64.0,38.0,72.0,12.25,4.2,12.5,1.05,1.6,0.1,371.5,8.15,10.43498452012384,13.5,23.7,17.15,21.15,11.3,1.3,17.8,2.25,0.05,2.6350000000000002,10.2,15.8,35.8,1.105,1.5,5.75,7.85,27.0,53.0,36.5,80.0,0.0,4.0,5.0,2.0,4.0,3.0,3.0,0.0,2.0,2.0,3_vs_4,0.0526315789473684,0.0,0.2105263157894736,0.2105263157894736,0.0588235294117647,0.1842105263157894,0.0,0.0588235294117647,0.1052631578947368,0.0294117647058823,45.0,44.0,47.0,44.0,45.0,44.5,44.0,44.0,0.02786377708978325,0.0,0.2376160990712074,0.2105263157894736,0.07043343653250769,0.0588235294117647,0.0,0.0719814241486068,0.1176470588235294,0.01470588235294115,56.0,35.5,54.5,60.0,56.0,46.0,36.0,38.0,0.29,0.0,0.29,0.0
2026_special,7,2026-03-18,tk-v,0-2,ka-f,味スタ,13697.0,0,2,4.0,4.0,233.7,Sunny,3-4-2-1,4-2-3-1,6.0,16.0,-10.0,0.0,0.0,1508.9455315144326,1490.0428193322978,18.902712182134792,8.7,21.3,-12.600000000000001,120.5,127.0,10.0,5.0,7.0,5.0,0.0235,0.030815789473684213,1.2,1.5105263157894737,1.3710526315789473,1.3315789473684212,0.0,0.0,0.0,-2,-1,9.2,2.65,9.8,1.0,1.3,0.3,353.25,8.25,6.052631578947368,10.2,22.1,18.4,20.9,11.05,1.4,16.05,1.0,0.0,2.2,7.4,14.3,26.8,0.8400000000000001,1.065,5.95,7.2,15.0,26.5,19.0,33.5,11.2,3.3,13.6,1.2,1.45,0.15,485.75,9.3,15.68421052631579,13.3,19.05,14.4,18.1,7.7,1.5,10.15,0.7,0.0,2.5300000000000002,10.95,14.3,31.55,1.1300000000000001,1.48,5.7,6.05,42.0,70.0,44.0,82.0,0.0,3.0,6.0,1.0,4.0,3.0,3.0,1.0,2.0,2.0,3_vs_4,0.0789473684210526,0.0394736842105263,0.19736842105263155,0.0789473684210526,0.0657894736842105,0.0789473684210526,0.0,0.0789473684210526,0.0394736842105263,0.0131578947368421,22.5,22.5,23.0,19.5,22.5,21.0,22.0,25.0,0.1764705882352941,0.0294117647058823,0.3421052631578947,0.4117647058823529,0.131578947368421,0.3529411764705882,0.0294117647058823,0.088235294117647,0.1764705882352941,0.1176470588235294,51.0,63.0,59.0,53.0,51.0,41.0,73.0,53.0,0.29,0.0,0.29,0.0
2026_special,7,2026-03-18,mcd,0-3,kasm,MUFG国立,13697.0,0,3,4.0,4.0,289.2,Sunny,3-4-2-1,4-4-2,2.0,1.0,1.0,0.0,0.0,1527.8272248576905,1547.1405990959088,-19.31337423821833,19.3,23.03,-3.7300000000000004,0.0,88.0,11.0,16.0,11.0,15.0,0.029789473684210522,0.038026315789473686,1.2684210526315791,1.4421052631578946,1.2447368421052631,1.2657894736842106,0.0,0.0,0.0,-3,-1,11.1,3.7,11.0,1.25,1.05,0.35,390.7,11.45,5.25,11.2,17.15,16.25,17.3,9.95,1.2,12.8,1.15,0.05,2.2600000000000002,8.4,17.15,28.7,1.1099999999999999,1.085,5.9,5.65,14.0,31.0,18.0,31.5,11.1,3.4,11.65,1.45,0.7,0.55,492.6,7.75,12.264705882352942,12.1,18.55,16.6,18.65,9.15,1.7,13.1,0.95,0.15,2.7399999999999998,10.35,13.6,31.2,1.33,1.05,5.6,6.7,40.0,80.0,45.0,86.0,0.0,3.5,5.0,1.5,4.0,4.0,2.0,0.0,2.0,2.0,3_vs_4,0.0,0.0,0.0,0.0,0.0,0.0,0.0,0.0,0.0,0.0,0.0,0.0,0.0,0.0,0.0,0.0,0.0,0.0,0.0789473684210526,0.0,0.3823529411764705,0.2941176470588235,0.088235294117647,0.2631578947368421,0.0294117647058823,0.0588235294117647,0.1764705882352941,0.088235294117647,50.0,48.0,58.0,56.0,54.0,62.0,50.0,40.0,0.29,0.0,0.29,0.0
2026_special,7,2026-03-18,uraw,1-1,kasw,埼玉,13697.0,1,1,4.0,4.0,242.7,Sunny,4-2-3-1,3-4-2-1,5.0,19.0,-14.0,0.0,0.0,1507.774315380488,1463.8281632082005,43.946152172287384,17.73,18.45,-0.7199999999999989,93.0,96.0,10.0,3.0,7.0,3.0,0.03781578947368421,0.03671052631578947,1.3315789473684212,1.305263157894737,1.3289473684210527,1.4289473684210525,0.0,0.0,0.0,0,0,12.9,3.95,12.3,1.3,0.95,0.35,450.6,10.85,13.205882352941176,12.6,19.9,17.3,18.55,9.65,1.4,12.25,0.8,0.0,2.63,9.95,17.15,30.7,1.285,1.145,5.8,7.15,39.0,78.0,45.0,83.0,12.4,3.7,10.95,1.35,1.3,0.25,529.9,12.15,13.263157894736842,14.9,19.75,16.3,15.75,7.65,1.25,10.65,0.7,0.1,2.75,12.8,17.7,31.45,1.3599999999999999,1.175,6.0,6.85,39.0,80.0,47.0,82.0,0.0,4.0,5.0,1.0,3.0,5.0,2.0,0.0,2.0,2.0,4_vs_3,0.1842105263157894,0.0294117647058823,0.2352941176470588,0.2352941176470588,0.1176470588235294,0.2368421052631578,0.0263157894736842,0.0526315789473684,0.1470588235294117,0.0263157894736842,46.0,43.0,52.0,42.0,42.0,45.0,53.0,63.0,0.0526315789473684,0.0,0.1842105263157894,0.2105263157894736,0.2058823529411764,0.1842105263157894,0.0588235294117647,0.0588235294117647,0.1764705882352941,0.0588235294117647,50.0,43.0,54.0,45.0,55.0,63.0,43.0,43.0,0.29,0.0,0.29,0.0
2026_special,8,2026-03-21,okay,0-1,ngsk,ＪＦＥス,13697.0,0,1,3.0,3.0,357.7,Sunny,3-4-2-1,3-4-2-1,9.0,12.0,-3.0,0.0,0.0,1511.3345700868952,1490.7042971325002,20.630272954394968,11.2,14.95,-3.75,100.0,80.0,10.0,9.0,8.0,9.0,0.032973684210526315,0.03452631578947368,1.4184210526315788,1.2947368421052632,1.1921052631578946,1.2289473684210528,0.0,0.0,0.0,-1,-1,11.6,3.5,10.65,1.25,1.3,0.25,302.05,9.95,0.0,16.2,25.4,15.7,21.5,12.95,1.55,19.0,1.2,0.05,2.1399999999999997,9.35,14.5,32.8,1.3,1.085,5.65,7.0,0.0,0.0,0.0,0.0,10.4,3.3,14.25,1.05,1.4,0.2,388.0,9.45,11.647058823529411,9.35,25.9,14.65,19.7,9.45,2.3,15.25,1.1,0.05,2.38,8.4,14.1,31.8,1.175,1.575,5.65,6.7,35.0,64.0,38.0,72.0,0.0,3.0,6.0,1.0,4.0,5.0,2.0,1.0,2.0,2.0,3_vs_3,0.0,0.0,0.0,0.0,0.0,0.0,0.0,0.0,0.0,0.0,0.0,0.0,0.0,0.0,0.0,0.0,0.0,0.0,0.0526315789473684,0.0,0.2105263157894736,0.2105263157894736,0.0588235294117647,0.1842105263157894,0.0,0.0588235294117647,0.1052631578947368,0.0294117647058823,45.0,44.0,47.0,44.0,45.0,44.5,44.0,44.0,0.34,0.0,0.34,0.0
2026_special,8,2026-03-21,fuku,2-2,g-os,ベススタ,13697.0,2,2,3.0,3.0,383.2,Sunny,3-4-2-1,4-2-3-1,20.0,10.0,10.0,0.0,0.0,1453.8643445627852,1509.7325327497563,-55.86818818697111,10.83,15.43,-4.6,113.0,85.0,2.0,10.0,1.0,8.0,0.025236842105263158,0.037684210526315785,1.3447368421052632,1.394736842105263,1.3447368421052632,1.2289473684210528,0.0,0.0,0.0,0,0,10.5,3.2,11.1,0.95,1.45,0.1,334.2,9.5,9.657894736842104,9.75,24.7,16.75,17.7,11.7,1.65,16.05,2.3,0.15,2.175,7.9,14.25,32.1,0.945,1.1400000000000001,5.8,5.6,26.0,52.0,38.0,67.0,12.0,4.8,11.35,1.35,1.15,0.2,446.15,11.85,10.794117647058824,12.2,22.55,15.15,20.7,10.0,1.65,14.5,1.2,0.1,2.785,10.65,16.6,39.05,1.295,1.285,5.65,6.2,38.0,67.0,50.0,83.0,0.0,3.0,6.0,1.0,4.0,4.0,2.0,0.0,2.0,2.0,3_vs_4,0.0526315789473684,0.0263157894736842,0.2105263157894736,0.2105263157894736,0.0263157894736842,0.2058823529411764,0.0,0.0263157894736842,0.0789473684210526,0.0263157894736842,42.0,45.0,44.0,47.0,54.0,51.0,40.0,34.0,0.131578947368421,0.0263157894736842,0.2631578947368421,0.1764705882352941,0.0588235294117647,0.1764705882352941,0.0263157894736842,0.1470588235294117,0.1470588235294117,0.0294117647058823,41.0,45.0,49.0,49.0,43.0,47.0,55.0,47.0,0.34,0.0,0.34,0.0
2026_special,8,2026-03-22,shim,3-1,hiro,アイスタ,13697.0,3,1,4.0,4.0,639.0,Sunny,4-1-2-3,3-4-2-1,15.0,10.0,5.0,0.0,0.0,1499.425230668209,1509.0932844495553,-9.668053781346316,12.9,20.9,-7.999999999999998,78.0,117.0,8.0,10.0,7.0,7.0,0.030605263157894736,0.05026315789473684,1.3447368421052632,1.3526315789473684,1.5157894736842106,1.368421052631579,0.0,0.0,0.0,2,1,10.1,2.6,11.2,1.0,1.1,0.15,387.4,7.35,8.421052631578947,14.15,22.15,15.35,18.5,8.85,1.8,20.75,0.95,0.05,2.4850000000000003,8.0,13.6,35.95,1.1,1.27,5.6,6.3,39.0,71.0,49.0,83.0,15.3,4.4,9.3,1.55,1.1,0.2,434.8,8.55,14.705882352941176,16.5,17.55,15.85,20.35,10.6,1.4,17.9,1.0,0.0,2.6149999999999998,12.5,14.8,38.7,1.7399999999999998,1.0550000000000002,5.55,6.55,40.0,76.0,46.0,87.0,0.0,4.0,4.0,2.0,3.0,6.0,1.0,0.0,2.0,2.0,4_vs_3,0.0,0.0,0.3421052631578947,0.2105263157894736,0.0,0.131578947368421,0.0,0.0526315789473684,0.088235294117647,0.088235294117647,35.0,34.0,47.0,47.0,36.0,44.0,42.0,53.0,0.1052631578947368,0.0526315789473684,0.3421052631578947,0.2941176470588235,0.1764705882352941,0.2352941176470588,0.0526315789473684,0.088235294117647,0.1176470588235294,0.0294117647058823,72.0,60.0,54.0,66.0,74.0,62.0,54.0,41.0,0.35,0.0,0.35,0.0
2026_special,8,2026-03-22,kyot,1-1,nago,サンガＳ,13697.0,1,1,4.0,4.0,230.3,Sunny,4-1-2-3,3-4-2-1,6.0,7.0,-1.0,0.0,0.0,1508.418963112653,1508.4736398528034,-0.05467674015039847,15.73,15.9,-0.16999999999999993,127.5,120.0,11.0,11.0,9.0,7.0,0.02923684210526316,0.037657894736842105,1.4263157894736842,1.2157894736842105,1.3894736842105262,1.1684210526315788,0.0,0.0,0.0,0,0,12.25,4.2,12.5,1.05,1.6,0.1,371.5,8.15,10.43498452012384,13.5,23.7,17.15,21.15,11.3,1.3,17.8,2.25,0.05,2.6350000000000002,10.2,15.8,35.8,1.105,1.5,5.75,7.85,27.0,53.0,36.5,80.0,12.65,4.5,13.6,1.65,1.5,0.25,426.05,10.0,10.705882352941176,15.95,21.55,17.65,18.9,8.5,1.4,14.05,0.7,0.0,2.625,11.1,18.0,34.0,1.4,1.345,5.6,6.85,39.0,74.0,48.0,79.0,0.0,4.0,3.0,3.0,3.0,6.0,1.0,-2.0,2.0,2.0,4_vs_3,0.02786377708978325,0.0,0.2376160990712074,0.2105263157894736,0.07043343653250769,0.0588235294117647,0.0,0.0719814241486068,0.1176470588235294,0.01470588235294115,56.0,35.5,54.5,60.0,56.0,46.0,36.0,38.0,0.0588235294117647,0.0294117647058823,0.2647058823529412,0.2058823529411764,0.0294117647058823,0.1842105263157894,0.0,0.1052631578947368,0.1470588235294117,0.0526315789473684,51.0,50.0,38.0,45.0,47.0,44.0,43.0,46.0,0.35,0.0,0.35,0.0
2026_special,8,2026-03-22,tk-v,0-0,FCtk,味スタ,13697.0,0,0,4.0,4.0,225.6,Sunny,3-4-2-1,4-4-2,12.0,2.0,10.0,0.0,0.0,1498.4020039079069,1517.3593963531569,-18.95739244524998,8.7,15.68,-6.98,120.5,0.0,10.0,12.0,4.0,10.0,0.0235,0.04292105263157895,1.2,1.5105263157894737,1.2684210526315791,1.3894736842105262,0.0,0.0,0.0,0,0,9.2,2.65,9.8,1.0,1.3,0.3,353.25,8.25,6.052631578947368,10.2,22.1,18.4,20.9,11.05,1.4,16.05,1.0,0.0,2.2,7.4,14.3,26.8,0.8400000000000001,1.065,5.95,7.2,15.0,26.5,19.0,33.5,14.75,4.75,9.9,1.5,0.9,0.3,448.65,11.0,0.0,14.15,20.3,16.25,16.4,10.65,1.85,11.7,1.25,0.0,2.605,12.15,16.35,33.5,1.5050000000000001,0.8699999999999999,5.9,7.35,0.0,0.0,0.0,0.0,0.0,3.0,6.0,1.0,4.0,3.0,3.0,1.0,2.0,2.0,3_vs_4,0.0789473684210526,0.0394736842105263,0.19736842105263155,0.0789473684210526,0.0657894736842105,0.0789473684210526,0.0,0.0789473684210526,0.0394736842105263,0.0131578947368421,22.5,22.5,23.0,19.5,22.5,21.0,22.0,25.0,0.0,0.0,0.0,0.0,0.0,0.0,0.0,0.0,0.0,0.0,0.0,0.0,0.0,0.0,0.0,0.0,0.0,0.0,0.35,0.0,0.35,0.0
2026_special,8,2026-03-22,c-os,1-1,kobe,ヨドコウ,13697.0,1,1,4.0,4.0,412.8,Sunny,4-2-3-1,4-1-2-3,14.0,4.0,10.0,0.0,0.0,1490.6271839160972,1518.3259534687452,-27.698769552647946,14.35,17.7,-3.3499999999999996,99.0,96.0,8.0,11.0,4.0,10.0,0.03578947368421053,0.04521052631578947,1.3026315789473684,1.2210526315789474,1.3710526315789473,1.3236842105263158,0.0,0.0,0.0,0,0,11.2,3.95,13.05,1.4,1.05,0.3,427.5,10.4,11.105263157894736,12.85,27.6,17.1,22.4,10.9,1.15,13.65,1.45,0.05,2.5100000000000002,10.8,15.9,32.5,1.295,1.535,6.05,7.05,41.0,62.0,48.0,66.0,12.4,4.15,10.15,1.6,1.05,0.35,428.6,6.55,12.411764705882351,14.55,23.35,15.85,19.1,7.75,1.75,24.15,1.15,0.05,2.6550000000000002,9.2,12.95,35.7,1.61,1.045,5.7,6.8,42.0,70.0,44.0,88.0,0.0,4.0,4.0,2.0,4.0,3.0,3.0,-1.0,2.0,2.0,4_vs_4,0.088235294117647,0.0,0.2894736842105263,0.2894736842105263,0.0526315789473684,0.2368421052631578,0.0294117647058823,0.0789473684210526,0.088235294117647,0.0588235294117647,56.0,45.0,45.0,49.0,46.0,44.0,50.0,55.0,0.0789473684210526,0.0263157894736842,0.2941176470588235,0.3823529411764705,0.1052631578947368,0.2105263157894736,0.0789473684210526,0.0789473684210526,0.1052631578947368,0.0294117647058823,57.0,56.0,47.0,43.0,45.0,39.0,54.0,61.0,0.35,0.0,0.35,0.0
2026_special,8,2026-03-22,ka-f,0-5,y-fm,MUFG国立,13697.0,0,5,4.0,4.0,230.3,Sunny,4-2-3-1,4-2-1-3,13.0,17.0,-4.0,0.0,0.0,1500.5863469388235,1473.4751441164449,27.111202822378573,21.3,14.43,6.870000000000001,114.0,0.0,8.0,6.0,5.0,6.0,0.030815789473684213,0.03160526315789474,1.3710526315789473,1.3315789473684212,1.3263157894736841,1.3763157894736842,0.0,0.0,0.0,-5,-1,11.2,3.3,13.6,1.2,1.45,0.15,485.75,9.3,15.68421052631579,13.3,19.05,14.4,18.1,7.7,1.5,10.15,0.7,0.0,2.5300000000000002,10.95,14.3,31.55,1.1300000000000001,1.48,5.7,6.05,42.0,70.0,44.0,82.0,10.7,2.85,9.85,1.45,1.5,0.15,360.95,10.0,17.205882352941178,13.0,21.35,17.0,17.1,10.5,1.0,14.45,0.8,0.05,2.3850000000000002,8.65,15.9,25.0,1.135,1.075,5.8,6.7,48.0,89.0,44.0,90.0,0.0,4.0,3.0,3.0,4.0,3.0,3.0,-1.0,2.0,2.0,4_vs_4,0.1764705882352941,0.0294117647058823,0.3421052631578947,0.4117647058823529,0.131578947368421,0.3529411764705882,0.0294117647058823,0.088235294117647,0.1764705882352941,0.1176470588235294,51.0,63.0,59.0,53.0,51.0,41.0,73.0,53.0,0.0,0.0,0.0,0.0,0.0,0.0,0.0,0.0,0.0,0.0,0.0,0.0,0.0,0.0,0.0,0.0,0.0,0.0,0.35,0.0,0.35,0.0
2026_special,8,2026-03-22,kasm,2-1,chib,メルスタ,13697.0,2,1,4.0,4.0,357.7,Sunny,4-4-2,4-4-2,1.0,18.0,-17.0,0.0,0.0,1556.5852873661538,1471.4332566158898,85.15203075026398,23.03,11.9,11.13,86.0,80.0,19.0,5.0,15.0,4.0,0.038026315789473686,0.03142105263157895,1.2447368421052631,1.2657894736842106,1.0526315789473684,1.2763157894736843,0.0,0.0,0.0,1,1,11.1,3.4,11.65,1.45,0.7,0.55,492.6,7.75,12.264705882352942,12.1,18.55,16.6,18.65,9.15,1.7,13.1,0.95,0.15,2.7399999999999998,10.35,13.6,31.2,1.33,1.05,5.6,6.7,40.0,80.0,45.0,86.0,10.75,3.45,15.65,1.0,1.65,0.1,394.6,11.1,11.647058823529411,11.6,27.0,15.85,16.7,11.35,1.7,13.6,1.55,0.05,2.355,7.95,15.1,28.35,1.135,1.65,5.95,6.05,35.0,64.0,38.0,72.0,0.0,4.0,4.0,2.0,4.0,5.0,2.0,-1.0,2.0,2.0,4_vs_4,0.0789473684210526,0.0,0.3823529411764705,0.2941176470588235,0.088235294117647,0.2631578947368421,0.0294117647058823,0.0588235294117647,0.1764705882352941,0.088235294117647,50.0,48.0,58.0,56.0,54.0,62.0,50.0,40.0,0.0526315789473684,0.0,0.2105263157894736,0.2105263157894736,0.0588235294117647,0.1842105263157894,0.0,0.0588235294117647,0.1052631578947368,0.0294117647058823,45.0,44.0,47.0,44.0,45.0,44.5,44.0,44.0,0.35,0.0,0.35,0.0
2026_special,8,2026-03-22,kasw,3-0,mito,三協Ｆ柏,13697.0,3,0,4.0,4.0,357.7,Sunny,3-4-2-1,4-4-2,19.0,16.0,3.0,0.0,0.0,1465.086332469168,1492.1735495254904,-27.087217056322515,18.45,9.7,8.75,101.0,80.0,4.0,7.0,4.0,6.0,0.03671052631578947,0.026973684210526313,1.3289473684210527,1.4289473684210525,1.2710526315789472,1.3605263157894738,0.0,0.0,0.0,3,1,12.4,3.7,10.95,1.35,1.3,0.25,529.9,12.15,13.263157894736842,14.9,19.75,16.3,15.75,7.65,1.25,10.65,0.7,0.1,2.75,12.8,17.7,31.45,1.3599999999999999,1.175,6.0,6.85,39.0,80.0,47.0,82.0,10.6,3.1,11.25,0.95,1.8,0.1,427.6,10.8,11.647058823529411,11.3,19.55,14.4,18.6,10.15,1.6,13.3,1.55,0.3,2.54,8.3,14.15,30.25,0.975,1.33,5.9,6.35,35.0,64.0,38.0,72.0,0.0,3.0,5.0,2.0,4.0,5.0,2.0,1.0,2.0,2.0,3_vs_4,0.0526315789473684,0.0,0.1842105263157894,0.2105263157894736,0.2058823529411764,0.1842105263157894,0.0588235294117647,0.0588235294117647,0.1764705882352941,0.0588235294117647,50.0,43.0,54.0,45.0,55.0,63.0,43.0,43.0,0.0526315789473684,0.0,0.2105263157894736,0.2105263157894736,0.0588235294117647,0.1842105263157894,0.0,0.0588235294117647,0.1052631578947368,0.0294117647058823,45.0,44.0,47.0,44.0,45.0,44.5,44.0,44.0,0.35,0.0,0.35,0.0
2026_special,8,2026-03-22,uraw,1-2,mcd,埼玉,13697.0,1,2,4.0,4.0,145.05,Sunny,4-2-3-1,3-4-2-1,5.0,9.0,-4.0,0.0,0.0,1506.5161461195205,1518.3825365874454,-11.86639046792493,17.73,19.3,-1.5700000000000003,93.0,0.0,11.0,11.0,7.0,8.0,0.03781578947368421,0.029789473684210522,1.3315789473684212,1.305263157894737,1.2684210526315791,1.4421052631578946,0.0,0.0,0.0,-1,-1,12.9,3.95,12.3,1.3,0.95,0.35,450.6,10.85,13.205882352941176,12.6,19.9,17.3,18.55,9.65,1.4,12.25,0.8,0.0,2.63,9.95,17.15,30.7,1.285,1.145,5.8,7.15,39.0,78.0,45.0,83.0,11.1,3.7,11.0,1.25,1.05,0.35,390.7,11.45,5.25,11.2,17.15,16.25,17.3,9.95,1.2,12.8,1.15,0.05,2.2600000000000002,8.4,17.15,28.7,1.1099999999999999,1.085,5.9,5.65,14.0,31.0,18.0,31.5,0.0,4.0,5.0,1.0,3.5,5.0,1.5,0.0,2.0,2.0,4_vs_3,0.1842105263157894,0.0294117647058823,0.2352941176470588,0.2352941176470588,0.1176470588235294,0.2368421052631578,0.0263157894736842,0.0526315789473684,0.1470588235294117,0.0263157894736842,46.0,43.0,52.0,42.0,42.0,45.0,53.0,63.0,0.0,0.0,0.0,0.0,0.0,0.0,0.0,0.0,0.0,0.0,0.0,0.0,0.0,0.0,0.0,0.0,0.0,0.0,0.35,0.0,0.35,0.0
2026_special,5,2026-03-27,kobe,2-1,hiro,ノエスタ,13697.0,2,1,5.0,5.0,639.0,Sunny,4-1-2-3,3-4-2-1,4.0,12.0,-8.0,0.0,0.0,1517.530403542043,1498.8150872954438,18.71531624659906,17.7,20.9,-3.1999999999999993,93.0,117.0,12.0,10.0,8.0,6.0,0.04521052631578947,0.05026315789473684,1.3710526315789473,1.3236842105263158,1.5157894736842106,1.368421052631579,0.0,0.0,0.0,1,1,12.4,4.15,10.15,1.6,1.05,0.35,428.6,6.55,12.411764705882351,14.55,23.35,15.85,19.1,7.75,1.75,24.15,1.15,0.05,2.6550000000000002,9.2,12.95,35.7,1.61,1.045,5.7,6.8,42.0,70.0,44.0,88.0,15.3,4.4,9.3,1.55,1.1,0.2,434.8,8.55,14.705882352941176,16.5,17.55,15.85,20.35,10.6,1.4,17.9,1.0,0.0,2.6149999999999998,12.5,14.8,38.7,1.7399999999999998,1.0550000000000002,5.55,6.55,40.0,76.0,46.0,87.0,0.0,4.0,3.0,3.0,3.0,6.0,1.0,-1.0,2.0,2.0,4_vs_3,0.0789473684210526,0.0263157894736842,0.2941176470588235,0.3823529411764705,0.1052631578947368,0.2105263157894736,0.0789473684210526,0.0789473684210526,0.1052631578947368,0.0294117647058823,57.0,56.0,47.0,43.0,45.0,39.0,54.0,61.0,0.1052631578947368,0.0526315789473684,0.3421052631578947,0.2941176470588235,0.1764705882352941,0.2352941176470588,0.0526315789473684,0.088235294117647,0.1176470588235294,0.0294117647058823,72.0,60.0,54.0,66.0,74.0,62.0,54.0,41.0,0.39,0.0,0.39,0.0
2026_special,5,2026-03-28,mcd,1-1,ka-f,Ｇスタ,13697.0,1,1,6.0,6.0,233.7,Sunny,3-4-2-1,4-2-3-1,3.0,16.0,-13.0,0.0,0.0,1528.0411271572023,1489.8076037541805,38.23352340302176,19.3,21.3,-2.0,0.0,127.0,14.0,8.0,10.0,4.0,0.029789473684210522,0.030815789473684213,1.2684210526315791,1.4421052631578946,1.3710526315789473,1.3315789473684212,0.0,0.0,0.0,0,0,11.1,3.7,11.0,1.25,1.05,0.35,390.7,11.45,5.25,11.2,17.15,16.25,17.3,9.95,1.2,12.8,1.15,0.05,2.2600000000000002,8.4,17.15,28.7,1.1099999999999999,1.085,5.9,5.65,14.0,31.0,18.0,31.5,11.2,3.3,13.6,1.2,1.45,0.15,485.75,9.3,15.68421052631579,13.3,19.05,14.4,18.1,7.7,1.5,10.15,0.7,0.0,2.5300000000000002,10.95,14.3,31.55,1.1300000000000001,1.48,5.7,6.05,42.0,70.0,44.0,82.0,0.0,3.5,5.0,1.5,4.0,3.0,3.0,0.0,2.0,2.0,3_vs_4,0.0,0.0,0.0,0.0,0.0,0.0,0.0,0.0,0.0,0.0,0.0,0.0,0.0,0.0,0.0,0.0,0.0,0.0,0.1764705882352941,0.0294117647058823,0.3421052631578947,0.4117647058823529,0.131578947368421,0.3529411764705882,0.0294117647058823,0.088235294117647,0.1764705882352941,0.1176470588235294,51.0,63.0,59.0,53.0,51.0,41.0,73.0,53.0,0.395,0.0,0.395,0.0
2026_special,11,2026-04-01,kobe,2-0,shim,ノエスタ,13697.0,2,0,5.0,10.0,222.2,Sunny,4-1-2-3,4-1-2-3,2.0,9.0,-7.0,0.0,0.0,1526.9922538470946,1509.7034278223205,17.288826024774153,17.7,12.9,4.799999999999999,93.0,85.0,15.0,11.0,11.0,7.0,0.04521052631578947,0.030605263157894736,1.3710526315789473,1.3236842105263158,1.3447368421052632,1.3526315789473684,0.5,0.0,0.0,2,1,12.4,4.15,10.15,1.6,1.05,0.35,428.6,6.55,12.411764705882351,14.55,23.35,15.85,19.1,7.75,1.75,24.15,1.15,0.05,2.6550000000000002,9.2,12.95,35.7,1.61,1.045,5.7,6.8,42.0,70.0,44.0,88.0,10.1,2.6,11.2,1.0,1.1,0.15,387.4,7.35,8.421052631578947,14.15,22.15,15.35,18.5,8.85,1.8,20.75,0.95,0.05,2.4850000000000003,8.0,13.6,35.95,1.1,1.27,5.6,6.3,39.0,71.0,49.0,83.0,0.0,4.0,3.0,3.0,4.0,4.0,2.0,-1.0,2.0,2.0,4_vs_4,0.0789473684210526,0.0263157894736842,0.2941176470588235,0.3823529411764705,0.1052631578947368,0.2105263157894736,0.0789473684210526,0.0789473684210526,0.1052631578947368,0.0294117647058823,57.0,56.0,47.0,43.0,45.0,39.0,54.0,61.0,0.0,0.0,0.3421052631578947,0.2105263157894736,0.0,0.131578947368421,0.0,0.0526315789473684,0.088235294117647,0.088235294117647,35.0,34.0,47.0,47.0,36.0,44.0,42.0,53.0,0.4,0.0,0.4,0.0
2026_special,11,2026-04-01,mcd,0-3,FCtk,Ｇスタ,13697.0,0,3,4.0,10.0,225.6,Sunny,3-4-2-1,4-4-2,3.0,4.0,-1.0,0.0,0.0,1526.9450985867677,1516.8142995850108,10.130799001756941,19.3,15.68,3.620000000000001,0.0,0.0,15.0,13.0,10.0,8.0,0.029789473684210522,0.04292105263157895,1.2684210526315791,1.4421052631578946,1.2684210526315791,1.3894736842105262,0.0,0.0,0.0,-3,-1,11.1,3.7,11.0,1.25,1.05,0.35,390.7,11.45,5.25,11.2,17.15,16.25,17.3,9.95,1.2,12.8,1.15,0.05,2.2600000000000002,8.4,17.15,28.7,1.1099999999999999,1.085,5.9,5.65,14.0,31.0,18.0,31.5,14.75,4.75,9.9,1.5,0.9,0.3,448.65,11.0,0.0,14.15,20.3,16.25,16.4,10.65,1.85,11.7,1.25,0.0,2.605,12.15,16.35,33.5,1.5050000000000001,0.8699999999999999,5.9,7.35,0.0,0.0,0.0,0.0,0.0,3.5,5.0,1.5,4.0,3.0,3.0,0.0,2.0,2.0,3_vs_4,0.0,0.0,0.0,0.0,0.0,0.0,0.0,0.0,0.0,0.0,0.0,0.0,0.0,0.0,0.0,0.0,0.0,0.0,0.0,0.0,0.0,0.0,0.0,0.0,0.0,0.0,0.0,0.0,0.0,0.0,0.0,0.0,0.0,0.0,0.0,0.0,0.4,0.0,0.4,0.0
2026_special,9,2026-04-04,chib,3-2,tk-v,フクアリ,13697.0,3,2,13.0,13.0,0.0,Sunny,4-4-2,3-4-2-1,19.0,11.0,8.0,0.0,0.0,1463.8362073608005,1498.947100676053,-35.1108933152525,11.9,8.7,3.200000000000001,82.0,118.5,5.0,11.0,3.0,4.0,0.03142105263157895,0.0235,1.0526315789473684,1.2763157894736843,1.2,1.5105263157894737,0.0,0.0,0.0,1,1,10.75,3.45,15.65,1.0,1.65,0.1,394.6,11.1,11.647058823529411,11.6,27.0,15.85,16.7,11.35,1.7,13.6,1.55,0.05,2.355,7.95,15.1,28.35,1.135,1.65,5.95,6.05,35.0,64.0,38.0,72.0,9.2,2.65,9.8,1.0,1.3,0.3,353.25,8.25,6.052631578947368,10.2,22.1,18.4,20.9,11.05,1.4,16.05,1.0,0.0,2.2,7.4,14.3,26.8,0.8400000000000001,1.065,5.95,7.2,15.0,26.5,19.0,33.5,0.0,4.0,5.0,2.0,3.0,6.0,1.0,0.0,2.0,2.0,4_vs_3,0.0526315789473684,0.0,0.2105263157894736,0.2105263157894736,0.0588235294117647,0.1842105263157894,0.0,0.0588235294117647,0.1052631578947368,0.0294117647058823,45.0,44.0,47.0,44.0,45.0,44.5,44.0,44.0,0.0789473684210526,0.0394736842105263,0.19736842105263155,0.0789473684210526,0.0657894736842105,0.0789473684210526,0.0,0.0789473684210526,0.0394736842105263,0.0131578947368421,22.5,22.5,23.0,19.5,22.5,21.0,22.0,25.0,0.41,0.0,0.41,0.0
2026_special,9,2026-04-04,mito,1-1,kasm,Ｋｓスタ,13697.0,1,1,13.0,13.0,289.2,Sunny,4-4-2,4-4-2,18.0,1.0,17.0,0.0,0.0,1481.3954925237165,1564.1823366212432,-82.78684409752668,9.7,23.03,-13.330000000000002,82.0,88.0,7.0,22.0,5.0,15.0,0.026973684210526313,0.038026315789473686,1.2710526315789472,1.3605263157894738,1.2447368421052631,1.2657894736842106,0.0,0.0,0.0,0,0,10.6,3.1,11.25,0.95,1.8,0.1,427.6,10.8,11.647058823529411,11.3,19.55,14.4,18.6,10.15,1.6,13.3,1.55,0.3,2.54,8.3,14.15,30.25,0.975,1.33,5.9,6.35,35.0,64.0,38.0,72.0,11.1,3.4,11.65,1.45,0.7,0.55,492.6,7.75,12.264705882352942,12.1,18.55,16.6,18.65,9.15,1.7,13.1,0.95,0.15,2.7399999999999998,10.35,13.6,31.2,1.33,1.05,5.6,6.7,40.0,80.0,45.0,86.0,0.0,4.0,5.0,2.0,4.0,4.0,2.0,0.0,2.0,2.0,4_vs_4,0.0526315789473684,0.0,0.2105263157894736,0.2105263157894736,0.0588235294117647,0.1842105263157894,0.0,0.0588235294117647,0.1052631578947368,0.0294117647058823,45.0,44.0,47.0,44.0,45.0,44.5,44.0,44.0,0.0789473684210526,0.0,0.3823529411764705,0.2941176470588235,0.088235294117647,0.2631578947368421,0.0294117647058823,0.0588235294117647,0.1764705882352941,0.088235294117647,50.0,48.0,58.0,56.0,54.0,62.0,50.0,40.0,0.41,0.0,0.41,0.0
2026_special,9,2026-04-04,nago,3-0,c-os,豊田ス,13697.0,3,0,13.0,13.0,385.9,Sunny,3-4-2-1,4-2-3-1,6.0,15.0,-9.0,0.0,0.0,1508.4720661297313,1491.4227338427995,17.049332286931758,15.9,14.35,1.5500000000000007,114.0,93.0,12.0,9.0,8.0,5.0,0.037657894736842105,0.03578947368421053,1.3894736842105262,1.1684210526315788,1.3026315789473684,1.2210526315789474,0.0,0.0,0.0,3,1,12.65,4.5,13.6,1.65,1.5,0.25,426.05,10.0,10.705882352941176,15.95,21.55,17.65,18.9,8.5,1.4,14.05,0.7,0.0,2.625,11.1,18.0,34.0,1.4,1.345,5.6,6.85,39.0,74.0,48.0,79.0,11.2,3.95,13.05,1.4,1.05,0.3,427.5,10.4,11.105263157894736,12.85,27.6,17.1,22.4,10.9,1.15,13.65,1.45,0.05,2.5100000000000002,10.8,15.9,32.5,1.295,1.535,6.05,7.05,41.0,62.0,48.0,66.0,0.0,3.0,6.0,1.0,4.0,4.0,2.0,1.0,2.0,2.0,3_vs_4,0.0588235294117647,0.0294117647058823,0.2647058823529412,0.2058823529411764,0.0294117647058823,0.1842105263157894,0.0,0.1052631578947368,0.1470588235294117,0.0526315789473684,51.0,50.0,38.0,45.0,47.0,44.0,43.0,46.0,0.088235294117647,0.0,0.2894736842105263,0.2894736842105263,0.0526315789473684,0.2368421052631578,0.0294117647058823,0.0789473684210526,0.088235294117647,0.0588235294117647,56.0,45.0,45.0,49.0,46.0,44.0,50.0,55.0,0.41,0.0,0.41,0.0
2026_special,9,2026-04-04,g-os,2-0,kyot,パナスタ,13697.0,2,0,14.0,13.0,367.5,Sunny,4-2-3-1,4-1-2-3,9.0,5.0,4.0,0.0,0.0,1508.1382347362153,1508.4205368357252,-0.2823020995099341,15.43,15.73,-0.3000000000000007,93.0,110.5,11.0,12.0,6.0,7.0,0.037684210526315785,0.02923684210526316,1.3447368421052632,1.2289473684210528,1.4263157894736842,1.2157894736842105,0.0,0.0,0.0,2,1,12.0,4.8,11.35,1.35,1.15,0.2,446.15,11.85,10.794117647058824,12.2,22.55,15.15,20.7,10.0,1.65,14.5,1.2,0.1,2.785,10.65,16.6,39.05,1.295,1.285,5.65,6.2,38.0,67.0,50.0,83.0,12.25,4.2,12.5,1.05,1.6,0.1,371.5,8.15,10.43498452012384,13.5,23.7,17.15,21.15,11.3,1.3,17.8,2.25,0.05,2.6350000000000002,10.2,15.8,35.8,1.105,1.5,5.75,7.85,27.0,53.0,36.5,80.0,0.0,4.0,4.0,2.0,4.0,3.0,3.0,-1.0,2.0,2.0,4_vs_4,0.131578947368421,0.0263157894736842,0.2631578947368421,0.1764705882352941,0.0588235294117647,0.1764705882352941,0.0263157894736842,0.1470588235294117,0.1470588235294117,0.0294117647058823,41.0,45.0,49.0,49.0,43.0,47.0,55.0,47.0,0.02786377708978325,0.0,0.2376160990712074,0.2105263157894736,0.07043343653250769,0.0588235294117647,0.0,0.0719814241486068,0.1176470588235294,0.01470588235294115,56.0,35.5,54.5,60.0,56.0,46.0,36.0,38.0,0.41,0.0,0.41,0.0
2026_special,9,2026-04-05,ngsk,0-3,shim,ピースタ,13697.0,0,3,15.0,4.0,222.2,Sunny,3-4-2-1,4-1-2-3,8.0,10.0,-2.0,0.0,0.0,1501.297387238469,1500.2006299160682,1.0967573224006628,14.95,12.9,2.049999999999999,82.0,85.0,12.0,11.0,9.0,6.0,0.03452631578947368,0.030605263157894736,1.1921052631578946,1.2289473684210528,1.3447368421052632,1.3526315789473684,0.0,0.0,0.0,-3,-1,10.4,3.3,14.25,1.05,1.4,0.2,388.0,9.45,11.647058823529411,9.35,25.9,14.65,19.7,9.45,2.3,15.25,1.1,0.05,2.38,8.4,14.1,31.8,1.175,1.575,5.65,6.7,35.0,64.0,38.0,72.0,10.1,2.6,11.2,1.0,1.1,0.15,387.4,7.35,8.421052631578947,14.15,22.15,15.35,18.5,8.85,1.8,20.75,0.95,0.05,2.4850000000000003,8.0,13.6,35.95,1.1,1.27,5.6,6.3,39.0,71.0,49.0,83.0,0.0,4.0,5.0,2.0,4.0,4.0,2.0,0.0,2.0,2.0,3_vs_4,0.0526315789473684,0.0,0.2105263157894736,0.2105263157894736,0.0588235294117647,0.1842105263157894,0.0,0.0588235294117647,0.1052631578947368,0.0294117647058823,45.0,44.0,47.0,44.0,45.0,44.5,44.0,44.0,0.0,0.0,0.3421052631578947,0.2105263157894736,0.0,0.131578947368421,0.0,0.0526315789473684,0.088235294117647,0.088235294117647,35.0,34.0,47.0,47.0,36.0,44.0,42.0,53.0,0.43,0.0,0.43,0.0
2026_special,9,2026-04-05,hiro,0-1,fuku,Ｅピース,13697.0,0,1,9.0,15.0,843.1,Sunny,3-4-2-1,3-4-2-1,12.0,20.0,-8.0,0.0,0.0,1489.3532369903921,1455.4586425763262,33.89459441406598,20.9,10.83,10.069999999999999,113.0,121.0,10.0,3.0,3.0,2.0,0.05026315789473684,0.025236842105263158,1.5157894736842106,1.368421052631579,1.3447368421052632,1.394736842105263,0.0,0.0,0.0,-1,-1,15.3,4.4,9.3,1.55,1.1,0.2,434.8,8.55,14.705882352941176,16.5,17.55,15.85,20.35,10.6,1.4,17.9,1.0,0.0,2.6149999999999998,12.5,14.8,38.7,1.7399999999999998,1.0550000000000002,5.55,6.55,40.0,76.0,46.0,87.0,10.5,3.2,11.1,0.95,1.45,0.1,334.2,9.5,9.657894736842104,9.75,24.7,16.75,17.7,11.7,1.65,16.05,2.3,0.15,2.175,7.9,14.25,32.1,0.945,1.1400000000000001,5.8,5.6,26.0,52.0,38.0,67.0,0.0,3.0,6.0,1.0,3.0,6.0,1.0,1.0,2.0,2.0,3_vs_3,0.1052631578947368,0.0526315789473684,0.3421052631578947,0.2941176470588235,0.1764705882352941,0.2352941176470588,0.0526315789473684,0.088235294117647,0.1176470588235294,0.0294117647058823,72.0,60.0,54.0,66.0,74.0,62.0,54.0,41.0,0.0526315789473684,0.0263157894736842,0.2105263157894736,0.2105263157894736,0.0263157894736842,0.2058823529411764,0.0,0.0263157894736842,0.0789473684210526,0.0263157894736842,42.0,45.0,44.0,47.0,54.0,51.0,40.0,34.0,0.43,0.0,0.43,0.0
2026_special,9,2026-04-05,kasw,3-0,y-fm,三協Ｆ柏,13697.0,3,0,14.0,14.0,230.3,Sunny,3-4-2-1,4-2-1-3,19.0,14.0,5.0,0.0,0.0,1475.864389470942,1484.2538873010878,-8.389497830145956,18.45,14.43,4.02,101.0,0.0,7.0,9.0,7.0,9.0,0.03671052631578947,0.03160526315789474,1.3289473684210527,1.4289473684210525,1.3263157894736841,1.3763157894736842,0.0,0.0,0.0,3,1,12.4,3.7,10.95,1.35,1.3,0.25,529.9,12.15,13.263157894736842,14.9,19.75,16.3,15.75,7.65,1.25,10.65,0.7,0.1,2.75,12.8,17.7,31.45,1.3599999999999999,1.175,6.0,6.85,39.0,80.0,47.0,82.0,10.7,2.85,9.85,1.45,1.5,0.15,360.95,10.0,17.205882352941178,13.0,21.35,17.0,17.1,10.5,1.0,14.45,0.8,0.05,2.3850000000000002,8.65,15.9,25.0,1.135,1.075,5.8,6.7,48.0,89.0,44.0,90.0,0.0,3.0,5.0,2.0,4.0,3.0,3.0,1.0,2.0,2.0,3_vs_4,0.0526315789473684,0.0,0.1842105263157894,0.2105263157894736,0.2058823529411764,0.1842105263157894,0.0588235294117647,0.0588235294117647,0.1764705882352941,0.0588235294117647,50.0,43.0,54.0,45.0,55.0,63.0,43.0,43.0,0.0,0.0,0.0,0.0,0.0,0.0,0.0,0.0,0.0,0.0,0.0,0.0,0.0,0.0,0.0,0.0,0.0,0.0,0.43,0.0,0.43,0.0
2026_special,9,2026-04-05,okay,1-4,kobe,ＪＦＥス,13697.0,1,4,15.0,4.0,412.8,Sunny,3-4-2-1,4-1-2-3,13.0,2.0,11.0,0.0,0.0,1500.7414799809264,1536.4950517533468,-35.7535717724204,11.2,17.7,-6.5,100.0,96.0,10.0,18.0,8.0,11.0,0.032973684210526315,0.04521052631578947,1.4184210526315788,1.2947368421052632,1.3710526315789473,1.3236842105263158,0.0,0.0,0.0,-3,-1,11.6,3.5,10.65,1.25,1.3,0.25,302.05,9.95,0.0,16.2,25.4,15.7,21.5,12.95,1.55,19.0,1.2,0.05,2.1399999999999997,9.35,14.5,32.8,1.3,1.085,5.65,7.0,0.0,0.0,0.0,0.0,12.4,4.15,10.15,1.6,1.05,0.35,428.6,6.55,12.411764705882351,14.55,23.35,15.85,19.1,7.75,1.75,24.15,1.15,0.05,2.6550000000000002,9.2,12.95,35.7,1.61,1.045,5.7,6.8,42.0,70.0,44.0,88.0,0.0,3.0,6.0,1.0,4.0,3.0,3.0,1.0,2.0,2.0,3_vs_4,0.0,0.0,0.0,0.0,0.0,0.0,0.0,0.0,0.0,0.0,0.0,0.0,0.0,0.0,0.0,0.0,0.0,0.0,0.0789473684210526,0.0263157894736842,0.2941176470588235,0.3823529411764705,0.1052631578947368,0.2105263157894736,0.0789473684210526,0.0789473684210526,0.1052631578947368,0.0294117647058823,57.0,56.0,47.0,43.0,45.0,39.0,54.0,61.0,0.43,0.0,0.43,0.0
2026_special,9,2026-04-05,FCtk,0-0,mcd,味スタ,13697.0,0,0,4.0,4.0,145.05,Sunny,4-4-2,3-4-2-1,3.0,5.0,-2.0,0.0,0.0,1527.1058048082655,1516.653593363513,10.452211444752493,15.68,19.3,-3.620000000000001,0.0,0.0,16.0,15.0,11.0,7.0,0.04292105263157895,0.029789473684210522,1.2684210526315791,1.3894736842105262,1.2684210526315791,1.4421052631578946,1.5,0.0,0.0,0,0,14.75,4.75,9.9,1.5,0.9,0.3,448.65,11.0,0.0,14.15,20.3,16.25,16.4,10.65,1.85,11.7,1.25,0.0,2.605,12.15,16.35,33.5,1.5050000000000001,0.8699999999999999,5.9,7.35,0.0,0.0,0.0,0.0,11.1,3.7,11.0,1.25,1.05,0.35,390.7,11.45,5.25,11.2,17.15,16.25,17.3,9.95,1.2,12.8,1.15,0.05,2.2600000000000002,8.4,17.15,28.7,1.1099999999999999,1.085,5.9,5.65,14.0,31.0,18.0,31.5,0.0,4.0,3.0,3.0,3.5,5.0,1.5,-1.0,2.0,2.0,4_vs_3,0.0,0.0,0.0,0.0,0.0,0.0,0.0,0.0,0.0,0.0,0.0,0.0,0.0,0.0,0.0,0.0,0.0,0.0,0.0,0.0,0.0,0.0,0.0,0.0,0.0,0.0,0.0,0.0,0.0,0.0,0.0,0.0,0.0,0.0,0.0,0.0,0.43,0.0,0.43,0.0
2026_special,9,2026-04-05,ka-f,3-2,uraw,Ｕ等々力,13697.0,3,2,8.0,14.0,234.7,Sunny,4-2-3-1,4-2-3-1,15.0,9.0,6.0,0.0,0.0,1490.903632324615,1496.8575555497637,-5.953923225148628,21.3,17.73,3.5700000000000003,114.0,99.0,9.0,11.0,5.0,4.0,0.030815789473684213,0.03781578947368421,1.3710526315789473,1.3315789473684212,1.3315789473684212,1.305263157894737,0.0,0.0,0.0,1,1,11.2,3.3,13.6,1.2,1.45,0.15,485.75,9.3,15.68421052631579,13.3,19.05,14.4,18.1,7.7,1.5,10.15,0.7,0.0,2.5300000000000002,10.95,14.3,31.55,1.1300000000000001,1.48,5.7,6.05,42.0,70.0,44.0,82.0,12.9,3.95,12.3,1.3,0.95,0.35,450.6,10.85,13.205882352941176,12.6,19.9,17.3,18.55,9.65,1.4,12.25,0.8,0.0,2.63,9.95,17.15,30.7,1.285,1.145,5.8,7.15,39.0,78.0,45.0,83.0,0.0,4.0,3.0,3.0,4.0,5.0,1.0,-1.0,2.0,2.0,4_vs_4,0.1764705882352941,0.0294117647058823,0.3421052631578947,0.4117647058823529,0.131578947368421,0.3529411764705882,0.0294117647058823,0.088235294117647,0.1764705882352941,0.1176470588235294,51.0,63.0,59.0,53.0,51.0,41.0,73.0,53.0,0.1842105263157894,0.0294117647058823,0.2352941176470588,0.2352941176470588,0.1176470588235294,0.2368421052631578,0.0263157894736842,0.0526315789473684,0.1470588235294117,0.0263157894736842,46.0,43.0,52.0,42.0,42.0,45.0,53.0,63.0,0.43,0.0,0.43,0.0
2026_special,10,2026-04-11,chib,1-1,mito,フクアリ,13697.0,1,1,7.0,7.0,357.7,Sunny,4-4-2,4-4-2,18.0,19.0,-1.0,0.0,0.0,1474.8433539180162,1483.7341944165319,-8.890840498515672,11.9,9.7,2.200000000000001,82.0,80.0,8.0,8.0,6.0,5.0,0.03142105263157895,0.026973684210526313,1.0526315789473684,1.2763157894736843,1.2710526315789472,1.3605263157894738,1.0,0.0,0.0,0,0,10.75,3.45,15.65,1.0,1.65,0.1,394.6,11.1,11.647058823529411,11.6,27.0,15.85,16.7,11.35,1.7,13.6,1.55,0.05,2.355,7.95,15.1,28.35,1.135,1.65,5.95,6.05,35.0,64.0,38.0,72.0,10.6,3.1,11.25,0.95,1.8,0.1,427.6,10.8,11.647058823529411,11.3,19.55,14.4,18.6,10.15,1.6,13.3,1.55,0.3,2.54,8.3,14.15,30.25,0.975,1.33,5.9,6.35,35.0,64.0,38.0,72.0,0.0,4.0,5.0,2.0,4.0,5.0,2.0,0.0,2.0,2.0,4_vs_4,0.0526315789473684,0.0,0.2105263157894736,0.2105263157894736,0.0588235294117647,0.1842105263157894,0.0,0.0588235294117647,0.1052631578947368,0.0294117647058823,45.0,44.0,47.0,44.0,45.0,44.5,44.0,44.0,0.0526315789473684,0.0,0.2105263157894736,0.2105263157894736,0.0588235294117647,0.1842105263157894,0.0,0.0588235294117647,0.1052631578947368,0.0294117647058823,45.0,44.0,47.0,44.0,45.0,44.5,44.0,44.0,0.46,0.0,0.46,0.0
2026_special,10,2026-04-11,fuku,1-0,ngsk,ベススタ,13697.0,1,0,6.0,6.0,357.7,Sunny,3-4-2-1,3-4-2-1,20.0,10.0,10.0,0.0,0.0,1466.431124257065,1491.2658201300583,-24.83469587299328,10.83,14.95,-4.119999999999999,113.0,80.0,6.0,12.0,5.0,6.0,0.025236842105263158,0.03452631578947368,1.3447368421052632,1.394736842105263,1.1921052631578946,1.2289473684210528,0.5,0.0,0.0,1,1,10.5,3.2,11.1,0.95,1.45,0.1,334.2,9.5,9.657894736842104,9.75,24.7,16.75,17.7,11.7,1.65,16.05,2.3,0.15,2.175,7.9,14.25,32.1,0.945,1.1400000000000001,5.8,5.6,26.0,52.0,38.0,67.0,10.4,3.3,14.25,1.05,1.4,0.2,388.0,9.45,11.647058823529411,9.35,25.9,14.65,19.7,9.45,2.3,15.25,1.1,0.05,2.38,8.4,14.1,31.8,1.175,1.575,5.65,6.7,35.0,64.0,38.0,72.0,0.0,3.0,6.0,1.0,4.0,5.0,2.0,0.0,2.0,2.0,3_vs_3,0.0526315789473684,0.0263157894736842,0.2105263157894736,0.2105263157894736,0.0263157894736842,0.2058823529411764,0.0,0.0263157894736842,0.0789473684210526,0.0263157894736842,42.0,45.0,44.0,47.0,54.0,51.0,40.0,34.0,0.0526315789473684,0.0,0.2105263157894736,0.2105263157894736,0.0588235294117647,0.1842105263157894,0.0,0.0588235294117647,0.1052631578947368,0.0294117647058823,45.0,44.0,47.0,44.0,45.0,44.5,44.0,44.0,0.46,0.0,0.46,0.0
2026_special,10,2026-04-11,hiro,1-1,shim,Ｅピース,13697.0,1,1,6.0,6.0,222.2,Sunny,3-4-2-1,4-1-2-3,14.0,6.0,8.0,0.0,0.0,1478.3807553096533,1510.2321970244789,-31.85144171482557,20.9,12.9,7.999999999999998,113.0,85.0,10.0,14.0,3.0,8.0,0.05026315789473684,0.030605263157894736,1.5157894736842106,1.368421052631579,1.3447368421052632,1.3526315789473684,2.0,0.0,0.0,0,0,15.3,4.4,9.3,1.55,1.1,0.2,434.8,8.55,14.705882352941176,16.5,17.55,15.85,20.35,10.6,1.4,17.9,1.0,0.0,2.6149999999999998,12.5,14.8,38.7,1.7399999999999998,1.0550000000000002,5.55,6.55,40.0,76.0,46.0,87.0,10.1,2.6,11.2,1.0,1.1,0.15,387.4,7.35,8.421052631578947,14.15,22.15,15.35,18.5,8.85,1.8,20.75,0.95,0.05,2.4850000000000003,8.0,13.6,35.95,1.1,1.27,5.6,6.3,39.0,71.0,49.0,83.0,0.0,3.0,6.0,1.0,4.0,4.0,2.0,1.0,2.0,2.0,3_vs_4,0.1052631578947368,0.0526315789473684,0.3421052631578947,0.2941176470588235,0.1764705882352941,0.2352941176470588,0.0526315789473684,0.088235294117647,0.1176470588235294,0.0294117647058823,72.0,60.0,54.0,66.0,74.0,62.0,54.0,41.0,0.0,0.0,0.3421052631578947,0.2105263157894736,0.0,0.131578947368421,0.0,0.0526315789473684,0.088235294117647,0.088235294117647,35.0,34.0,47.0,47.0,36.0,44.0,42.0,53.0,0.46,0.0,0.46,0.0
2026_special,10,2026-04-11,mcd,1-0,kasw,Ｇスタ,13697.0,1,0,6.0,6.0,242.7,Sunny,3-4-2-1,3-4-2-1,4.0,13.0,-9.0,0.0,0.0,1516.954341467567,1486.1058117084767,30.848529759090297,19.3,18.45,0.8500000000000014,0.0,96.0,16.0,10.0,5.0,7.0,0.029789473684210522,0.03671052631578947,1.2684210526315791,1.4421052631578946,1.3289473684210527,1.4289473684210525,0.5,0.0,0.0,1,1,11.1,3.7,11.0,1.25,1.05,0.35,390.7,11.45,5.25,11.2,17.15,16.25,17.3,9.95,1.2,12.8,1.15,0.05,2.2600000000000002,8.4,17.15,28.7,1.1099999999999999,1.085,5.9,5.65,14.0,31.0,18.0,31.5,12.4,3.7,10.95,1.35,1.3,0.25,529.9,12.15,13.263157894736842,14.9,19.75,16.3,15.75,7.65,1.25,10.65,0.7,0.1,2.75,12.8,17.7,31.45,1.3599999999999999,1.175,6.0,6.85,39.0,80.0,47.0,82.0,0.0,3.5,5.0,1.5,3.0,5.0,2.0,0.0,2.0,2.0,3_vs_3,0.0,0.0,0.0,0.0,0.0,0.0,0.0,0.0,0.0,0.0,0.0,0.0,0.0,0.0,0.0,0.0,0.0,0.0,0.0526315789473684,0.0,0.1842105263157894,0.2105263157894736,0.2058823529411764,0.1842105263157894,0.0588235294117647,0.0588235294117647,0.1764705882352941,0.0588235294117647,50.0,43.0,54.0,45.0,55.0,63.0,43.0,43.0,0.46,0.0,0.46,0.0
2026_special,10,2026-04-11,kobe,3-2,nago,ノエスタ,13697.0,3,2,6.0,7.0,230.3,Sunny,4-1-2-3,3-4-2-1,2.0,5.0,-3.0,0.0,0.0,1545.469598485692,1517.981740413817,27.487858071874825,17.7,15.9,1.799999999999999,93.0,120.0,21.0,15.0,11.0,10.0,0.04521052631578947,0.037657894736842105,1.3710526315789473,1.3236842105263158,1.3894736842105262,1.1684210526315788,1.5,0.0,0.0,1,1,12.4,4.15,10.15,1.6,1.05,0.35,428.6,6.55,12.411764705882351,14.55,23.35,15.85,19.1,7.75,1.75,24.15,1.15,0.05,2.6550000000000002,9.2,12.95,35.7,1.61,1.045,5.7,6.8,42.0,70.0,44.0,88.0,12.65,4.5,13.6,1.65,1.5,0.25,426.05,10.0,10.705882352941176,15.95,21.55,17.65,18.9,8.5,1.4,14.05,0.7,0.0,2.625,11.1,18.0,34.0,1.4,1.345,5.6,6.85,39.0,74.0,48.0,79.0,0.0,4.0,3.0,3.0,3.0,6.0,1.0,-1.0,2.0,2.0,4_vs_3,0.0789473684210526,0.0263157894736842,0.2941176470588235,0.3823529411764705,0.1052631578947368,0.2105263157894736,0.0789473684210526,0.0789473684210526,0.1052631578947368,0.0294117647058823,57.0,56.0,47.0,43.0,45.0,39.0,54.0,61.0,0.0588235294117647,0.0294117647058823,0.2647058823529412,0.2058823529411764,0.0294117647058823,0.1842105263157894,0.0,0.1052631578947368,0.1470588235294117,0.0526315789473684,51.0,50.0,38.0,45.0,47.0,44.0,43.0,46.0,0.46,0.0,0.46,0.0
2026_special,10,2026-04-11,y-fm,1-3,FCtk,日産ス,13697.0,1,3,6.0,6.0,225.6,Sunny,4-2-1-3,4-4-2,16.0,3.0,13.0,0.0,0.0,1474.012465063553,1526.8050567042114,-52.79259164065843,14.43,15.68,-1.25,0.0,0.0,9.0,17.0,6.0,9.0,0.03160526315789474,0.04292105263157895,1.3263157894736841,1.3763157894736842,1.2684210526315791,1.3894736842105262,1.5,0.0,0.0,-2,-1,10.7,2.85,9.85,1.45,1.5,0.15,360.95,10.0,17.205882352941178,13.0,21.35,17.0,17.1,10.5,1.0,14.45,0.8,0.05,2.3850000000000002,8.65,15.9,25.0,1.135,1.075,5.8,6.7,48.0,89.0,44.0,90.0,14.75,4.75,9.9,1.5,0.9,0.3,448.65,11.0,0.0,14.15,20.3,16.25,16.4,10.65,1.85,11.7,1.25,0.0,2.605,12.15,16.35,33.5,1.5050000000000001,0.8699999999999999,5.9,7.35,0.0,0.0,0.0,0.0,0.0,4.0,3.0,3.0,4.0,3.0,3.0,-1.0,2.0,2.0,4_vs_4,0.0,0.0,0.0,0.0,0.0,0.0,0.0,0.0,0.0,0.0,0.0,0.0,0.0,0.0,0.0,0.0,0.0,0.0,0.0,0.0,0.0,0.0,0.0,0.0,0.0,0.0,0.0,0.0,0.0,0.0,0.0,0.0,0.0,0.0,0.0,0.0,0.46,0.0,0.46,0.0
2026_special,10,2026-04-11,g-os,0-1,c-os,パナスタ,13697.0,0,1,7.0,7.0,385.9,Sunny,4-2-3-1,4-2-3-1,7.0,17.0,-10.0,0.0,0.0,1518.146360042003,1481.9130595587137,36.23330048328921,15.43,14.35,1.08,93.0,93.0,14.0,9.0,8.0,5.0,0.037684210526315785,0.03578947368421053,1.3447368421052632,1.2289473684210528,1.3026315789473684,1.2210526315789474,0.0,0.0,0.0,-1,-1,12.0,4.8,11.35,1.35,1.15,0.2,446.15,11.85,10.794117647058824,12.2,22.55,15.15,20.7,10.0,1.65,14.5,1.2,0.1,2.785,10.65,16.6,39.05,1.295,1.285,5.65,6.2,38.0,67.0,50.0,83.0,11.2,3.95,13.05,1.4,1.05,0.3,427.5,10.4,11.105263157894736,12.85,27.6,17.1,22.4,10.9,1.15,13.65,1.45,0.05,2.5100000000000002,10.8,15.9,32.5,1.295,1.535,6.05,7.05,41.0,62.0,48.0,66.0,0.0,4.0,4.0,2.0,4.0,4.0,2.0,-1.0,2.0,2.0,4_vs_4,0.131578947368421,0.0263157894736842,0.2631578947368421,0.1764705882352941,0.0588235294117647,0.1764705882352941,0.0263157894736842,0.1470588235294117,0.1470588235294117,0.0294117647058823,41.0,45.0,49.0,49.0,43.0,47.0,55.0,47.0,0.088235294117647,0.0,0.2894736842105263,0.2894736842105263,0.0526315789473684,0.2368421052631578,0.0294117647058823,0.0789473684210526,0.088235294117647,0.0588235294117647,56.0,45.0,45.0,49.0,46.0,44.0,50.0,55.0,0.46,0.0,0.46,0.0
2026_special,10,2026-04-11,kyot,5-1,okay,サンガＳ,13697.0,5,1,7.0,6.0,0.0,Sunny,4-1-2-3,3-4-2-1,8.0,15.0,-7.0,0.0,0.0,1498.4124115299376,1491.7669332485814,6.645478281356191,15.73,11.2,4.530000000000001,127.5,127.0,12.0,10.0,4.0,7.0,0.02923684210526316,0.032973684210526315,1.4263157894736842,1.2157894736842105,1.4184210526315788,1.2947368421052632,0.5,0.0,0.0,4,1,12.25,4.2,12.5,1.05,1.6,0.1,371.5,8.15,10.43498452012384,13.5,23.7,17.15,21.15,11.3,1.3,17.8,2.25,0.05,2.6350000000000002,10.2,15.8,35.8,1.105,1.5,5.75,7.85,27.0,53.0,36.5,80.0,11.6,3.5,10.65,1.25,1.3,0.25,302.05,9.95,0.0,16.2,25.4,15.7,21.5,12.95,1.55,19.0,1.2,0.05,2.1399999999999997,9.35,14.5,32.8,1.3,1.085,5.65,7.0,0.0,0.0,0.0,0.0,0.0,4.0,3.0,3.0,3.0,6.0,1.0,-2.0,2.0,2.0,4_vs_3,0.02786377708978325,0.0,0.2376160990712074,0.2105263157894736,0.07043343653250769,0.0588235294117647,0.0,0.0719814241486068,0.1176470588235294,0.01470588235294115,56.0,35.5,54.5,60.0,56.0,46.0,36.0,38.0,0.0,0.0,0.0,0.0,0.0,0.0,0.0,0.0,0.0,0.0,0.0,0.0,0.0,0.0,0.0,0.0,0.0,0.0,0.46,0.0,0.46,0.0
2026_special,10,2026-04-12,uraw,1-1,tk-v,埼玉,13697.0,1,1,7.0,8.0,0.0,Sunny,4-2-3-1,3-4-2-1,12.0,14.0,-2.0,0.0,0.0,1486.6862046371216,1487.9399541188372,-1.2537494817156585,17.73,8.7,9.030000000000001,93.0,118.5,11.0,11.0,4.0,4.0,0.03781578947368421,0.0235,1.3315789473684212,1.305263157894737,1.2,1.5105263157894737,0.5,0.0,0.0,0,0,12.9,3.95,12.3,1.3,0.95,0.35,450.6,10.85,13.205882352941176,12.6,19.9,17.3,18.55,9.65,1.4,12.25,0.8,0.0,2.63,9.95,17.15,30.7,1.285,1.145,5.8,7.15,39.0,78.0,45.0,83.0,9.2,2.65,9.8,1.0,1.3,0.3,353.25,8.25,6.052631578947368,10.2,22.1,18.4,20.9,11.05,1.4,16.05,1.0,0.0,2.2,7.4,14.3,26.8,0.8400000000000001,1.065,5.95,7.2,15.0,26.5,19.0,33.5,0.0,4.0,5.0,1.0,3.0,6.0,1.0,0.0,2.0,2.0,4_vs_3,0.1842105263157894,0.0294117647058823,0.2352941176470588,0.2352941176470588,0.1176470588235294,0.2368421052631578,0.0263157894736842,0.0526315789473684,0.1470588235294117,0.0263157894736842,46.0,43.0,52.0,42.0,42.0,45.0,53.0,63.0,0.0789473684210526,0.0394736842105263,0.19736842105263155,0.0789473684210526,0.0657894736842105,0.0789473684210526,0.0,0.0789473684210526,0.0394736842105263,0.0131578947368421,22.5,22.5,23.0,19.5,22.5,21.0,22.0,25.0,0.5,0.0,0.5,0.0
2026_special,10,2026-04-12,ka-f,0-2,kasm,Ｕ等々力,13697.0,0,2,7.0,8.0,289.2,Sunny,4-2-3-1,4-4-2,9.0,2.0,7.0,0.0,0.0,1501.0749832372571,1561.8436347284278,-60.76865149117066,21.3,23.03,-1.7300000000000004,114.0,88.0,12.0,23.0,7.0,13.0,0.030815789473684213,0.038026315789473686,1.3710526315789473,1.3315789473684212,1.2447368421052631,1.2657894736842106,0.5,0.0,0.0,-2,-1,11.2,3.3,13.6,1.2,1.45,0.15,485.75,9.3,15.68421052631579,13.3,19.05,14.4,18.1,7.7,1.5,10.15,0.7,0.0,2.5300000000000002,10.95,14.3,31.55,1.1300000000000001,1.48,5.7,6.05,42.0,70.0,44.0,82.0,11.1,3.4,11.65,1.45,0.7,0.55,492.6,7.75,12.264705882352942,12.1,18.55,16.6,18.65,9.15,1.7,13.1,0.95,0.15,2.7399999999999998,10.35,13.6,31.2,1.33,1.05,5.6,6.7,40.0,80.0,45.0,86.0,0.0,4.0,3.0,3.0,4.0,4.0,2.0,-1.0,2.0,2.0,4_vs_4,0.1764705882352941,0.0294117647058823,0.3421052631578947,0.4117647058823529,0.131578947368421,0.3529411764705882,0.0294117647058823,0.088235294117647,0.1764705882352941,0.1176470588235294,51.0,63.0,59.0,53.0,51.0,41.0,73.0,53.0,0.0789473684210526,0.0,0.3823529411764705,0.2941176470588235,0.088235294117647,0.2631578947368421,0.0294117647058823,0.0588235294117647,0.1764705882352941,0.088235294117647,50.0,48.0,58.0,56.0,54.0,62.0,50.0,40.0,0.5,0.0,0.5,0.0
2026_special,11,2026-04-18,y-fm,1-2,ka-f,日産ス,13697.0,1,2,7.0,6.0,233.7,Sunny,4-2-1-3,4-2-3-1,17.0,12.0,5.0,0.0,0.0,1465.520370682064,1492.8064253270234,-27.28605464495945,14.43,21.3,-6.870000000000001,0.0,127.0,9.0,12.0,6.0,7.0,0.03160526315789474,0.030815789473684213,1.3263157894736841,1.3763157894736842,1.3710526315789473,1.3315789473684212,2.5,0.0,0.0,-1,-1,10.7,2.85,9.85,1.45,1.5,0.15,360.95,10.0,17.205882352941178,13.0,21.35,17.0,17.1,10.5,1.0,14.45,0.8,0.05,2.3850000000000002,8.65,15.9,25.0,1.135,1.075,5.8,6.7,48.0,89.0,44.0,90.0,11.2,3.3,13.6,1.2,1.45,0.15,485.75,9.3,15.68421052631579,13.3,19.05,14.4,18.1,7.7,1.5,10.15,0.7,0.0,2.5300000000000002,10.95,14.3,31.55,1.1300000000000001,1.48,5.7,6.05,42.0,70.0,44.0,82.0,0.0,4.0,3.0,3.0,4.0,3.0,3.0,-1.0,2.0,2.0,4_vs_4,0.0,0.0,0.0,0.0,0.0,0.0,0.0,0.0,0.0,0.0,0.0,0.0,0.0,0.0,0.0,0.0,0.0,0.0,0.1764705882352941,0.0294117647058823,0.3421052631578947,0.4117647058823529,0.131578947368421,0.3529411764705882,0.0294117647058823,0.088235294117647,0.1764705882352941,0.1176470588235294,51.0,63.0,59.0,53.0,51.0,41.0,73.0,53.0,0.51,0.0,0.51,0.0
2026_special,11,2026-04-18,kasm,1-0,uraw,メルスタ,13697.0,1,0,6.0,6.0,234.7,Sunny,4-4-2,4-2-3-1,1.0,9.0,-8.0,0.0,0.0,1570.1121926386616,1486.7222902913245,83.38990234733706,23.03,17.73,5.300000000000001,86.0,99.0,26.0,12.0,13.0,2.0,0.038026315789473686,0.03781578947368421,1.2447368421052631,1.2657894736842106,1.3315789473684212,1.305263157894737,2.5,0.0,0.0,1,1,11.1,3.4,11.65,1.45,0.7,0.55,492.6,7.75,12.264705882352942,12.1,18.55,16.6,18.65,9.15,1.7,13.1,0.95,0.15,2.7399999999999998,10.35,13.6,31.2,1.33,1.05,5.6,6.7,40.0,80.0,45.0,86.0,12.9,3.95,12.3,1.3,0.95,0.35,450.6,10.85,13.205882352941176,12.6,19.9,17.3,18.55,9.65,1.4,12.25,0.8,0.0,2.63,9.95,17.15,30.7,1.285,1.145,5.8,7.15,39.0,78.0,45.0,83.0,0.0,4.0,4.0,2.0,4.0,5.0,1.0,-1.0,2.0,2.0,4_vs_4,0.0789473684210526,0.0,0.3823529411764705,0.2941176470588235,0.088235294117647,0.2631578947368421,0.0294117647058823,0.0588235294117647,0.1764705882352941,0.088235294117647,50.0,48.0,58.0,56.0,54.0,62.0,50.0,40.0,0.1842105263157894,0.0294117647058823,0.2352941176470588,0.2352941176470588,0.1176470588235294,0.2368421052631578,0.0263157894736842,0.0526315789473684,0.1470588235294117,0.0263157894736842,46.0,43.0,52.0,42.0,42.0,45.0,53.0,63.0,0.51,0.0,0.51,0.0
2026_special,11,2026-04-18,hiro,2-0,ngsk,Ｅピース,13697.0,2,0,7.0,7.0,357.7,Sunny,3-4-2-1,3-4-2-1,14.0,13.0,1.0,0.0,0.0,1479.294953815906,1480.5522350382537,-1.2572812223477285,20.9,14.95,5.949999999999999,113.0,80.0,11.0,12.0,1.0,6.0,0.05026315789473684,0.03452631578947368,1.5157894736842106,1.368421052631579,1.1921052631578946,1.2289473684210528,2.0,0.0,0.0,2,1,15.3,4.4,9.3,1.55,1.1,0.2,434.8,8.55,14.705882352941176,16.5,17.55,15.85,20.35,10.6,1.4,17.9,1.0,0.0,2.6149999999999998,12.5,14.8,38.7,1.7399999999999998,1.0550000000000002,5.55,6.55,40.0,76.0,46.0,87.0,10.4,3.3,14.25,1.05,1.4,0.2,388.0,9.45,11.647058823529411,9.35,25.9,14.65,19.7,9.45,2.3,15.25,1.1,0.05,2.38,8.4,14.1,31.8,1.175,1.575,5.65,6.7,35.0,64.0,38.0,72.0,0.0,3.0,6.0,1.0,4.0,5.0,2.0,1.0,2.0,2.0,3_vs_3,0.1052631578947368,0.0526315789473684,0.3421052631578947,0.2941176470588235,0.1764705882352941,0.2352941176470588,0.0526315789473684,0.088235294117647,0.1176470588235294,0.0294117647058823,72.0,60.0,54.0,66.0,74.0,62.0,54.0,41.0,0.0526315789473684,0.0,0.2105263157894736,0.2105263157894736,0.0588235294117647,0.1842105263157894,0.0,0.0588235294117647,0.1052631578947368,0.0294117647058823,45.0,44.0,47.0,44.0,45.0,44.5,44.0,44.0,0.51,0.0,0.51,0.0
2026_special,11,2026-04-18,tk-v,1-0,chib,味スタ,13697.0,1,0,6.0,7.0,357.7,Sunny,3-4-2-1,4-4-2,10.0,18.0,-8.0,0.0,0.0,1487.9038684646343,1475.0991970347325,12.804671429901873,8.7,11.9,-3.200000000000001,120.5,80.0,12.0,9.0,5.0,4.0,0.0235,0.03142105263157895,1.2,1.5105263157894737,1.0526315789473684,1.2763157894736843,2.5,0.0,0.0,1,1,9.2,2.65,9.8,1.0,1.3,0.3,353.25,8.25,6.052631578947368,10.2,22.1,18.4,20.9,11.05,1.4,16.05,1.0,0.0,2.2,7.4,14.3,26.8,0.8400000000000001,1.065,5.95,7.2,15.0,26.5,19.0,33.5,10.75,3.45,15.65,1.0,1.65,0.1,394.6,11.1,11.647058823529411,11.6,27.0,15.85,16.7,11.35,1.7,13.6,1.55,0.05,2.355,7.95,15.1,28.35,1.135,1.65,5.95,6.05,35.0,64.0,38.0,72.0,0.0,3.0,6.0,1.0,4.0,5.0,2.0,1.0,2.0,2.0,3_vs_4,0.0789473684210526,0.0394736842105263,0.19736842105263155,0.0789473684210526,0.0657894736842105,0.0789473684210526,0.0,0.0789473684210526,0.0394736842105263,0.0131578947368421,22.5,22.5,23.0,19.5,22.5,21.0,22.0,25.0,0.0526315789473684,0.0,0.2105263157894736,0.2105263157894736,0.0588235294117647,0.1842105263157894,0.0,0.0588235294117647,0.1052631578947368,0.0294117647058823,45.0,44.0,47.0,44.0,45.0,44.5,44.0,44.0,0.51,0.0,0.51,0.0
2026_special,11,2026-04-18,c-os,3-0,kyot,ハナサカ,13697.0,3,0,7.0,7.0,367.5,Sunny,4-2-3-1,4-1-2-3,11.0,5.0,6.0,0.0,0.0,1492.9521733901954,1508.221162611888,-15.268989221692664,14.35,15.73,-1.3800000000000008,99.0,110.5,12.0,15.0,7.0,7.0,0.03578947368421053,0.02923684210526316,1.3026315789473684,1.2210526315789474,1.4263157894736842,1.2157894736842105,1.5,0.0,0.0,3,1,11.2,3.95,13.05,1.4,1.05,0.3,427.5,10.4,11.105263157894736,12.85,27.6,17.1,22.4,10.9,1.15,13.65,1.45,0.05,2.5100000000000002,10.8,15.9,32.5,1.295,1.535,6.05,7.05,41.0,62.0,48.0,66.0,12.25,4.2,12.5,1.05,1.6,0.1,371.5,8.15,10.43498452012384,13.5,23.7,17.15,21.15,11.3,1.3,17.8,2.25,0.05,2.6350000000000002,10.2,15.8,35.8,1.105,1.5,5.75,7.85,27.0,53.0,36.5,80.0,0.0,4.0,4.0,2.0,4.0,3.0,3.0,-1.0,2.0,2.0,4_vs_4,0.088235294117647,0.0,0.2894736842105263,0.2894736842105263,0.0526315789473684,0.2368421052631578,0.0294117647058823,0.0789473684210526,0.088235294117647,0.0588235294117647,56.0,45.0,45.0,49.0,46.0,44.0,50.0,55.0,0.02786377708978325,0.0,0.2376160990712074,0.2105263157894736,0.07043343653250769,0.0588235294117647,0.0,0.0719814241486068,0.1176470588235294,0.01470588235294115,56.0,35.5,54.5,60.0,56.0,46.0,36.0,38.0,0.51,0.0,0.51,0.0
2026_special,11,2026-04-19,mito,2-0,kasw,Ｋｓスタ,13697.0,2,0,8.0,8.0,242.7,Sunny,4-4-2,3-4-2-1,19.0,15.0,4.0,0.0,0.0,1483.4783512998156,1476.991377863097,6.486973436718699,9.7,18.45,-8.75,82.0,96.0,9.0,10.0,6.0,7.0,0.026973684210526313,0.03671052631578947,1.2710526315789472,1.3605263157894738,1.3289473684210527,1.4289473684210525,1.5,0.0,0.0,2,1,10.6,3.1,11.25,0.95,1.8,0.1,427.6,10.8,11.647058823529411,11.3,19.55,14.4,18.6,10.15,1.6,13.3,1.55,0.3,2.54,8.3,14.15,30.25,0.975,1.33,5.9,6.35,35.0,64.0,38.0,72.0,12.4,3.7,10.95,1.35,1.3,0.25,529.9,12.15,13.263157894736842,14.9,19.75,16.3,15.75,7.65,1.25,10.65,0.7,0.1,2.75,12.8,17.7,31.45,1.3599999999999999,1.175,6.0,6.85,39.0,80.0,47.0,82.0,0.0,4.0,5.0,2.0,3.0,5.0,2.0,0.0,2.0,2.0,4_vs_3,0.0526315789473684,0.0,0.2105263157894736,0.2105263157894736,0.0588235294117647,0.1842105263157894,0.0,0.0588235294117647,0.1052631578947368,0.0294117647058823,45.0,44.0,47.0,44.0,45.0,44.5,44.0,44.0,0.0526315789473684,0.0,0.1842105263157894,0.2105263157894736,0.2058823529411764,0.1842105263157894,0.0588235294117647,0.0588235294117647,0.1764705882352941,0.0588235294117647,50.0,43.0,54.0,45.0,55.0,63.0,43.0,43.0,0.535,0.0,0.535,0.0
2026_special,11,2026-04-19,g-os,2-2,okay,パナスタ,13697.0,2,2,8.0,8.0,0.0,Sunny,4-2-3-1,3-4-2-1,12.0,16.0,-4.0,0.0,0.0,1507.1072462105212,1481.9581821666309,25.14906404389035,15.43,11.2,4.23,93.0,127.0,14.0,10.0,5.0,4.0,0.037684210526315785,0.032973684210526315,1.3447368421052632,1.2289473684210528,1.4184210526315788,1.2947368421052632,1.5,0.0,0.0,0,0,12.0,4.8,11.35,1.35,1.15,0.2,446.15,11.85,10.794117647058824,12.2,22.55,15.15,20.7,10.0,1.65,14.5,1.2,0.1,2.785,10.65,16.6,39.05,1.295,1.285,5.65,6.2,38.0,67.0,50.0,83.0,11.6,3.5,10.65,1.25,1.3,0.25,302.05,9.95,0.0,16.2,25.4,15.7,21.5,12.95,1.55,19.0,1.2,0.05,2.1399999999999997,9.35,14.5,32.8,1.3,1.085,5.65,7.0,0.0,0.0,0.0,0.0,0.0,4.0,4.0,2.0,3.0,6.0,1.0,-1.0,2.0,2.0,4_vs_3,0.131578947368421,0.0263157894736842,0.2631578947368421,0.1764705882352941,0.0588235294117647,0.1764705882352941,0.0263157894736842,0.1470588235294117,0.1470588235294117,0.0294117647058823,41.0,45.0,49.0,49.0,43.0,47.0,55.0,47.0,0.0,0.0,0.0,0.0,0.0,0.0,0.0,0.0,0.0,0.0,0.0,0.0,0.0,0.0,0.0,0.0,0.0,0.0,0.535,0.0,0.535,0.0
2026_special,11,2026-04-19,nago,2-2,fuku,パロ瑞穂,13697.0,2,2,8.0,8.0,843.1,Sunny,3-4-2-1,3-4-2-1,5.0,20.0,-15.0,0.0,0.0,1508.7712579498418,1477.1447093488696,31.626548600972228,15.9,10.83,5.07,114.0,121.0,15.0,9.0,7.0,8.0,0.037657894736842105,0.025236842105263158,1.3894736842105262,1.1684210526315788,1.3447368421052632,1.394736842105263,3.0,0.0,0.0,0,0,12.65,4.5,13.6,1.65,1.5,0.25,426.05,10.0,10.705882352941176,15.95,21.55,17.65,18.9,8.5,1.4,14.05,0.7,0.0,2.625,11.1,18.0,34.0,1.4,1.345,5.6,6.85,39.0,74.0,48.0,79.0,10.5,3.2,11.1,0.95,1.45,0.1,334.2,9.5,9.657894736842104,9.75,24.7,16.75,17.7,11.7,1.65,16.05,2.3,0.15,2.175,7.9,14.25,32.1,0.945,1.1400000000000001,5.8,5.6,26.0,52.0,38.0,67.0,0.0,3.0,6.0,1.0,3.0,6.0,1.0,1.0,2.0,2.0,3_vs_3,0.0588235294117647,0.0294117647058823,0.2647058823529412,0.2058823529411764,0.0294117647058823,0.1842105263157894,0.0,0.1052631578947368,0.1470588235294117,0.0526315789473684,51.0,50.0,38.0,45.0,47.0,44.0,43.0,46.0,0.0526315789473684,0.0263157894736842,0.2105263157894736,0.2105263157894736,0.0263157894736842,0.2058823529411764,0.0,0.0263157894736842,0.0789473684210526,0.0263157894736842,42.0,45.0,44.0,47.0,54.0,51.0,40.0,34.0,0.535,0.0,0.535,0.0
2026_special,17,2026-04-22,g-os,1-2,fuku,パナスタ,13697.0,1,2,3.0,3.0,843.1,Sunny,4-2-3-1,3-4-2-1,7.0,18.0,-11.0,0.0,0.0,1506.3846595330658,1478.0524886302214,28.332170902844382,15.43,10.83,4.6,93.0,121.0,15.0,10.0,6.0,9.0,0.037684210526315785,0.025236842105263158,1.3447368421052632,1.2289473684210528,1.3447368421052632,1.394736842105263,2.0,0.0,0.0,-1,-1,12.0,4.8,11.35,1.35,1.15,0.2,446.15,11.85,10.794117647058824,12.2,22.55,15.15,20.7,10.0,1.65,14.5,1.2,0.1,2.785,10.65,16.6,39.05,1.295,1.285,5.65,6.2,38.0,67.0,50.0,83.0,10.5,3.2,11.1,0.95,1.45,0.1,334.2,9.5,9.657894736842104,9.75,24.7,16.75,17.7,11.7,1.65,16.05,2.3,0.15,2.175,7.9,14.25,32.1,0.945,1.1400000000000001,5.8,5.6,26.0,52.0,38.0,67.0,0.0,4.0,4.0,2.0,3.0,6.0,1.0,-1.0,2.0,2.0,4_vs_3,0.131578947368421,0.0263157894736842,0.2631578947368421,0.1764705882352941,0.0588235294117647,0.1764705882352941,0.0263157894736842,0.1470588235294117,0.1470588235294117,0.0294117647058823,41.0,45.0,49.0,49.0,43.0,47.0,55.0,47.0,0.0526315789473684,0.0263157894736842,0.2105263157894736,0.2105263157894736,0.0263157894736842,0.2058823529411764,0.0,0.0263157894736842,0.0789473684210526,0.0263157894736842,42.0,45.0,44.0,47.0,54.0,51.0,40.0,34.0,0.55,0.0,0.55,0.0
2026_special,12,2026-04-24,FCtk,5-2,mito,味スタ,13697.0,5,2,13.0,5.0,357.7,Sunny,4-4-2,4-4-2,3.0,15.0,-12.0,0.0,0.0,1535.2971510857005,1493.291662888742,42.005488196958595,15.68,9.7,5.98,0.0,80.0,20.0,12.0,11.0,8.0,0.04292105263157895,0.026973684210526313,1.2684210526315791,1.3894736842105262,1.2710526315789472,1.3605263157894738,1.0,0.0,0.0,3,1,14.75,4.75,9.9,1.5,0.9,0.3,448.65,11.0,0.0,14.15,20.3,16.25,16.4,10.65,1.85,11.7,1.25,0.0,2.605,12.15,16.35,33.5,1.5050000000000001,0.8699999999999999,5.9,7.35,0.0,0.0,0.0,0.0,10.6,3.1,11.25,0.95,1.8,0.1,427.6,10.8,11.647058823529411,11.3,19.55,14.4,18.6,10.15,1.6,13.3,1.55,0.3,2.54,8.3,14.15,30.25,0.975,1.33,5.9,6.35,35.0,64.0,38.0,72.0,0.0,4.0,3.0,3.0,4.0,5.0,2.0,-1.0,2.0,2.0,4_vs_4,0.0,0.0,0.0,0.0,0.0,0.0,0.0,0.0,0.0,0.0,0.0,0.0,0.0,0.0,0.0,0.0,0.0,0.0,0.0526315789473684,0.0,0.2105263157894736,0.2105263157894736,0.0588235294117647,0.1842105263157894,0.0,0.0588235294117647,0.1052631578947368,0.0294117647058823,45.0,44.0,47.0,44.0,45.0,44.5,44.0,44.0,0.555,0.0,0.555,0.0
2026_special,12,2026-04-24,kasw,0-1,kasm,三協Ｆ柏,13697.0,0,1,5.0,6.0,289.2,Sunny,3-4-2-1,4-4-2,18.0,1.0,17.0,0.0,0.0,1467.1780662741705,1577.7570893767959,-110.57902310262534,18.45,23.03,-4.580000000000002,101.0,88.0,10.0,29.0,7.0,13.0,0.03671052631578947,0.038026315789473686,1.3289473684210527,1.4289473684210525,1.2447368421052631,1.2657894736842106,1.0,0.0,0.0,-1,-1,12.4,3.7,10.95,1.35,1.3,0.25,529.9,12.15,13.263157894736842,14.9,19.75,16.3,15.75,7.65,1.25,10.65,0.7,0.1,2.75,12.8,17.7,31.45,1.3599999999999999,1.175,6.0,6.85,39.0,80.0,47.0,82.0,11.1,3.4,11.65,1.45,0.7,0.55,492.6,7.75,12.264705882352942,12.1,18.55,16.6,18.65,9.15,1.7,13.1,0.95,0.15,2.7399999999999998,10.35,13.6,31.2,1.33,1.05,5.6,6.7,40.0,80.0,45.0,86.0,0.0,3.0,5.0,2.0,4.0,4.0,2.0,1.0,2.0,2.0,3_vs_4,0.0526315789473684,0.0,0.1842105263157894,0.2105263157894736,0.2058823529411764,0.1842105263157894,0.0588235294117647,0.0588235294117647,0.1764705882352941,0.0588235294117647,50.0,43.0,54.0,45.0,55.0,63.0,43.0,43.0,0.0789473684210526,0.0,0.3823529411764705,0.2941176470588235,0.088235294117647,0.2631578947368421,0.0294117647058823,0.0588235294117647,0.1764705882352941,0.088235294117647,50.0,48.0,58.0,56.0,54.0,62.0,50.0,40.0,0.555,0.0,0.555,0.0
2026_special,12,2026-04-25,shim,0-2,nago,アイスタ,13697.0,0,2,14.0,6.0,230.3,Sunny,4-1-2-3,3-4-2-1,6.0,5.0,1.0,0.0,0.0,1509.3179985182262,1507.86347866849,1.4545198497362435,12.9,15.9,-3.0,78.0,120.0,15.0,16.0,8.0,8.0,0.030605263157894736,0.037657894736842105,1.3447368421052632,1.3526315789473684,1.3894736842105262,1.1684210526315788,0.5,0.0,0.0,-2,-1,10.1,2.6,11.2,1.0,1.1,0.15,387.4,7.35,8.421052631578947,14.15,22.15,15.35,18.5,8.85,1.8,20.75,0.95,0.05,2.4850000000000003,8.0,13.6,35.95,1.1,1.27,5.6,6.3,39.0,71.0,49.0,83.0,12.65,4.5,13.6,1.65,1.5,0.25,426.05,10.0,10.705882352941176,15.95,21.55,17.65,18.9,8.5,1.4,14.05,0.7,0.0,2.625,11.1,18.0,34.0,1.4,1.345,5.6,6.85,39.0,74.0,48.0,79.0,0.0,4.0,4.0,2.0,3.0,6.0,1.0,0.0,2.0,2.0,4_vs_3,0.0,0.0,0.3421052631578947,0.2105263157894736,0.0,0.131578947368421,0.0,0.0526315789473684,0.088235294117647,0.088235294117647,35.0,34.0,47.0,47.0,36.0,44.0,42.0,53.0,0.0588235294117647,0.0294117647058823,0.2647058823529412,0.2058823529411764,0.0294117647058823,0.1842105263157894,0.0,0.1052631578947368,0.1470588235294117,0.0526315789473684,51.0,50.0,38.0,45.0,47.0,44.0,43.0,46.0,0.565,0.0,0.565,0.0
2026_special,12,2026-04-25,uraw,2-3,y-fm,埼玉,13697.0,2,3,7.0,7.0,230.3,Sunny,4-2-3-1,4-2-1-3,14.0,19.0,-5.0,0.0,0.0,1479.0773935531902,1456.3041157902646,22.773277762925545,17.73,14.43,3.3000000000000007,93.0,0.0,12.0,9.0,2.0,3.0,0.03781578947368421,0.03160526315789474,1.3315789473684212,1.305263157894737,1.3263157894736841,1.3763157894736842,1.0,0.0,0.0,-1,-1,12.9,3.95,12.3,1.3,0.95,0.35,450.6,10.85,13.205882352941176,12.6,19.9,17.3,18.55,9.65,1.4,12.25,0.8,0.0,2.63,9.95,17.15,30.7,1.285,1.145,5.8,7.15,39.0,78.0,45.0,83.0,10.7,2.85,9.85,1.45,1.5,0.15,360.95,10.0,17.205882352941178,13.0,21.35,17.0,17.1,10.5,1.0,14.45,0.8,0.05,2.3850000000000002,8.65,15.9,25.0,1.135,1.075,5.8,6.7,48.0,89.0,44.0,90.0,0.0,4.0,5.0,1.0,4.0,3.0,3.0,0.0,2.0,2.0,4_vs_4,0.1842105263157894,0.0294117647058823,0.2352941176470588,0.2352941176470588,0.1176470588235294,0.2368421052631578,0.0263157894736842,0.0526315789473684,0.1470588235294117,0.0263157894736842,46.0,43.0,52.0,42.0,42.0,45.0,53.0,63.0,0.0,0.0,0.0,0.0,0.0,0.0,0.0,0.0,0.0,0.0,0.0,0.0,0.0,0.0,0.0,0.0,0.0,0.0,0.565,0.0,0.565,0.0
2026_special,12,2026-04-25,okay,2-0,fuku,ＪＦＥス,13697.0,2,0,6.0,3.0,843.1,Sunny,3-4-2-1,3-4-2-1,17.0,13.0,4.0,0.0,0.0,1482.6807688440863,1488.866151283818,-6.185382439731711,11.2,10.83,0.3699999999999992,100.0,121.0,11.0,13.0,4.0,11.0,0.032973684210526315,0.025236842105263158,1.4184210526315788,1.2947368421052632,1.3447368421052632,1.394736842105263,1.0,0.0,0.0,2,1,11.6,3.5,10.65,1.25,1.3,0.25,302.05,9.95,0.0,16.2,25.4,15.7,21.5,12.95,1.55,19.0,1.2,0.05,2.1399999999999997,9.35,14.5,32.8,1.3,1.085,5.65,7.0,0.0,0.0,0.0,0.0,10.5,3.2,11.1,0.95,1.45,0.1,334.2,9.5,9.657894736842104,9.75,24.7,16.75,17.7,11.7,1.65,16.05,2.3,0.15,2.175,7.9,14.25,32.1,0.945,1.1400000000000001,5.8,5.6,26.0,52.0,38.0,67.0,0.0,3.0,6.0,1.0,3.0,6.0,1.0,1.0,2.0,2.0,3_vs_3,0.0,0.0,0.0,0.0,0.0,0.0,0.0,0.0,0.0,0.0,0.0,0.0,0.0,0.0,0.0,0.0,0.0,0.0,0.0526315789473684,0.0263157894736842,0.2105263157894736,0.2105263157894736,0.0263157894736842,0.2058823529411764,0.0,0.0263157894736842,0.0789473684210526,0.0263157894736842,42.0,45.0,44.0,47.0,54.0,51.0,40.0,34.0,0.565,0.0,0.565,0.0
2026_special,12,2026-04-25,ka-f,2-1,chib,Ｕ等々力,13697.0,2,1,7.0,7.0,357.7,Sunny,4-2-3-1,4-4-2,11.0,20.0,-9.0,0.0,0.0,1502.0226802188226,1465.467578331351,36.555101887471665,21.3,11.9,9.4,114.0,80.0,15.0,9.0,7.0,4.0,0.030815789473684213,0.03142105263157895,1.3710526315789473,1.3315789473684212,1.0526315789473684,1.2763157894736843,0.0,0.0,0.0,1,1,11.2,3.3,13.6,1.2,1.45,0.15,485.75,9.3,15.68421052631579,13.3,19.05,14.4,18.1,7.7,1.5,10.15,0.7,0.0,2.5300000000000002,10.95,14.3,31.55,1.1300000000000001,1.48,5.7,6.05,42.0,70.0,44.0,82.0,10.75,3.45,15.65,1.0,1.65,0.1,394.6,11.1,11.647058823529411,11.6,27.0,15.85,16.7,11.35,1.7,13.6,1.55,0.05,2.355,7.95,15.1,28.35,1.135,1.65,5.95,6.05,35.0,64.0,38.0,72.0,0.0,4.0,3.0,3.0,4.0,5.0,2.0,-1.0,2.0,2.0,4_vs_4,0.1764705882352941,0.0294117647058823,0.3421052631578947,0.4117647058823529,0.131578947368421,0.3529411764705882,0.0294117647058823,0.088235294117647,0.1764705882352941,0.1176470588235294,51.0,63.0,59.0,53.0,51.0,41.0,73.0,53.0,0.0526315789473684,0.0,0.2105263157894736,0.2105263157894736,0.0588235294117647,0.1842105263157894,0.0,0.0588235294117647,0.1052631578947368,0.0294117647058823,45.0,44.0,47.0,44.0,45.0,44.5,44.0,44.0,0.565,0.0,0.565,0.0
2026_special,12,2026-04-25,hiro,2-1,c-os,Ｅピース,13697.0,2,1,7.0,7.0,385.9,Sunny,3-4-2-1,4-2-3-1,12.0,8.0,4.0,0.0,0.0,1489.3311411204481,1503.3913675106687,-14.060226390220578,20.9,14.35,6.549999999999999,113.0,93.0,14.0,15.0,4.0,7.0,0.05026315789473684,0.03578947368421053,1.5157894736842106,1.368421052631579,1.3026315789473684,1.2210526315789474,1.5,0.0,0.0,1,1,15.3,4.4,9.3,1.55,1.1,0.2,434.8,8.55,14.705882352941176,16.5,17.55,15.85,20.35,10.6,1.4,17.9,1.0,0.0,2.6149999999999998,12.5,14.8,38.7,1.7399999999999998,1.0550000000000002,5.55,6.55,40.0,76.0,46.0,87.0,11.2,3.95,13.05,1.4,1.05,0.3,427.5,10.4,11.105263157894736,12.85,27.6,17.1,22.4,10.9,1.15,13.65,1.45,0.05,2.5100000000000002,10.8,15.9,32.5,1.295,1.535,6.05,7.05,41.0,62.0,48.0,66.0,0.0,3.0,6.0,1.0,4.0,4.0,2.0,1.0,2.0,2.0,3_vs_4,0.1052631578947368,0.0526315789473684,0.3421052631578947,0.2941176470588235,0.1764705882352941,0.2352941176470588,0.0526315789473684,0.088235294117647,0.1176470588235294,0.0294117647058823,72.0,60.0,54.0,66.0,74.0,62.0,54.0,41.0,0.088235294117647,0.0,0.2894736842105263,0.2894736842105263,0.0526315789473684,0.2368421052631578,0.0294117647058823,0.0789473684210526,0.088235294117647,0.0588235294117647,56.0,45.0,45.0,49.0,46.0,44.0,50.0,55.0,0.565,0.0,0.565,0.0
2026_special,12,2026-04-25,ngsk,1-1,g-os,ピースタ,13697.0,1,1,7.0,3.0,383.2,Sunny,3-4-2-1,4-2-3-1,16.0,9.0,7.0,0.0,0.0,1470.5160477337115,1495.5709968794692,-25.054949145757746,14.95,15.43,-0.4800000000000004,82.0,85.0,12.0,15.0,3.0,5.0,0.03452631578947368,0.037684210526315785,1.1921052631578946,1.2289473684210528,1.3447368421052632,1.2289473684210528,2.5,0.0,0.0,0,0,10.4,3.3,14.25,1.05,1.4,0.2,388.0,9.45,11.647058823529411,9.35,25.9,14.65,19.7,9.45,2.3,15.25,1.1,0.05,2.38,8.4,14.1,31.8,1.175,1.575,5.65,6.7,35.0,64.0,38.0,72.0,12.0,4.8,11.35,1.35,1.15,0.2,446.15,11.85,10.794117647058824,12.2,22.55,15.15,20.7,10.0,1.65,14.5,1.2,0.1,2.785,10.65,16.6,39.05,1.295,1.285,5.65,6.2,38.0,67.0,50.0,83.0,0.0,4.0,5.0,2.0,4.0,4.0,2.0,0.0,2.0,2.0,3_vs_4,0.0526315789473684,0.0,0.2105263157894736,0.2105263157894736,0.0588235294117647,0.1842105263157894,0.0,0.0588235294117647,0.1052631578947368,0.0294117647058823,45.0,44.0,47.0,44.0,45.0,44.5,44.0,44.0,0.131578947368421,0.0263157894736842,0.2631578947368421,0.1764705882352941,0.0588235294117647,0.1764705882352941,0.0263157894736842,0.1470588235294117,0.1470588235294117,0.0294117647058823,41.0,45.0,49.0,49.0,43.0,47.0,55.0,47.0,0.565,0.0,0.565,0.0
2026_special,13,2026-04-29,shim,1-2,ngsk,アイスタ,13697.0,1,2,4.0,4.0,357.7,Sunny,4-1-2-3,3-4-2-1,10.0,14.0,-4.0,0.0,0.0,1499.2761343162576,1471.2359396576987,28.040194658558903,12.9,14.95,-2.049999999999999,78.0,80.0,15.0,13.0,7.0,4.0,0.030605263157894736,0.03452631578947368,1.3447368421052632,1.3526315789473684,1.1921052631578946,1.2289473684210528,1.5,0.0,0.0,-1,-1,10.1,2.6,11.2,1.0,1.1,0.15,387.4,7.35,8.421052631578947,14.15,22.15,15.35,18.5,8.85,1.8,20.75,0.95,0.05,2.4850000000000003,8.0,13.6,35.95,1.1,1.27,5.6,6.3,39.0,71.0,49.0,83.0,10.4,3.3,14.25,1.05,1.4,0.2,388.0,9.45,11.647058823529411,9.35,25.9,14.65,19.7,9.45,2.3,15.25,1.1,0.05,2.38,8.4,14.1,31.8,1.175,1.575,5.65,6.7,35.0,64.0,38.0,72.0,0.0,4.0,4.0,2.0,4.0,5.0,2.0,0.0,2.0,2.0,4_vs_3,0.0,0.0,0.3421052631578947,0.2105263157894736,0.0,0.131578947368421,0.0,0.0526315789473684,0.088235294117647,0.088235294117647,35.0,34.0,47.0,47.0,36.0,44.0,42.0,53.0,0.0526315789473684,0.0,0.2105263157894736,0.2105263157894736,0.0588235294117647,0.1842105263157894,0.0,0.0588235294117647,0.1052631578947368,0.0294117647058823,45.0,44.0,47.0,44.0,45.0,44.5,44.0,44.0,0.595,0.0,0.595,0.0
2026_special,13,2026-04-29,tk-v,2-1,kasm,味スタ,13697.0,2,1,11.0,5.0,289.2,Sunny,3-4-2-1,4-4-2,12.0,1.0,11.0,0.0,0.0,1497.5354871680158,1584.6776530651903,-87.14216589717444,8.7,23.03,-14.330000000000002,120.5,88.0,15.0,32.0,5.0,13.0,0.0235,0.038026315789473686,1.2,1.5105263157894737,1.2447368421052631,1.2657894736842106,1.0,0.0,0.0,1,1,9.2,2.65,9.8,1.0,1.3,0.3,353.25,8.25,6.052631578947368,10.2,22.1,18.4,20.9,11.05,1.4,16.05,1.0,0.0,2.2,7.4,14.3,26.8,0.8400000000000001,1.065,5.95,7.2,15.0,26.5,19.0,33.5,11.1,3.4,11.65,1.45,0.7,0.55,492.6,7.75,12.264705882352942,12.1,18.55,16.6,18.65,9.15,1.7,13.1,0.95,0.15,2.7399999999999998,10.35,13.6,31.2,1.33,1.05,5.6,6.7,40.0,80.0,45.0,86.0,0.0,3.0,6.0,1.0,4.0,4.0,2.0,1.0,2.0,2.0,3_vs_4,0.0789473684210526,0.0394736842105263,0.19736842105263155,0.0789473684210526,0.0657894736842105,0.0789473684210526,0.0,0.0789473684210526,0.0394736842105263,0.0131578947368421,22.5,22.5,23.0,19.5,22.5,21.0,22.0,25.0,0.0789473684210526,0.0,0.3823529411764705,0.2941176470588235,0.088235294117647,0.2631578947368421,0.0294117647058823,0.0588235294117647,0.1764705882352941,0.088235294117647,50.0,48.0,58.0,56.0,54.0,62.0,50.0,40.0,0.595,0.0,0.595,0.0
2026_special,13,2026-04-29,chib,2-3,y-fm,フクアリ,13697.0,2,3,4.0,4.0,230.3,Sunny,4-4-2,4-2-1-3,20.0,17.0,3.0,0.0,0.0,1456.515853458254,1466.9586463121448,-10.44279285389075,11.9,14.43,-2.5299999999999994,82.0,0.0,9.0,12.0,4.0,6.0,0.03142105263157895,0.03160526315789474,1.0526315789473684,1.2763157894736843,1.3263157894736841,1.3763157894736842,1.0,0.0,0.0,-1,-1,10.75,3.45,15.65,1.0,1.65,0.1,394.6,11.1,11.647058823529411,11.6,27.0,15.85,16.7,11.35,1.7,13.6,1.55,0.05,2.355,7.95,15.1,28.35,1.135,1.65,5.95,6.05,35.0,64.0,38.0,72.0,10.7,2.85,9.85,1.45,1.5,0.15,360.95,10.0,17.205882352941178,13.0,21.35,17.0,17.1,10.5,1.0,14.45,0.8,0.05,2.3850000000000002,8.65,15.9,25.0,1.135,1.075,5.8,6.7,48.0,89.0,44.0,90.0,0.0,4.0,5.0,2.0,4.0,3.0,3.0,0.0,2.0,2.0,4_vs_4,0.0526315789473684,0.0,0.2105263157894736,0.2105263157894736,0.0588235294117647,0.1842105263157894,0.0,0.0588235294117647,0.1052631578947368,0.0294117647058823,45.0,44.0,47.0,44.0,45.0,44.5,44.0,44.0,0.0,0.0,0.0,0.0,0.0,0.0,0.0,0.0,0.0,0.0,0.0,0.0,0.0,0.0,0.0,0.0,0.0,0.0,0.595,0.0,0.595,0.0
2026_special,13,2026-04-29,fuku,2-2,hiro,ベススタ,13697.0,2,2,4.0,4.0,639.0,Sunny,3-4-2-1,3-4-2-1,15.0,7.0,8.0,0.0,0.0,1478.6881404724902,1499.7356061923417,-21.047465719851516,10.83,20.9,-10.069999999999999,113.0,117.0,13.0,17.0,10.0,7.0,0.025236842105263158,0.05026315789473684,1.3447368421052632,1.394736842105263,1.5157894736842106,1.368421052631579,0.5,0.0,0.0,0,0,10.5,3.2,11.1,0.95,1.45,0.1,334.2,9.5,9.657894736842104,9.75,24.7,16.75,17.7,11.7,1.65,16.05,2.3,0.15,2.175,7.9,14.25,32.1,0.945,1.1400000000000001,5.8,5.6,26.0,52.0,38.0,67.0,15.3,4.4,9.3,1.55,1.1,0.2,434.8,8.55,14.705882352941176,16.5,17.55,15.85,20.35,10.6,1.4,17.9,1.0,0.0,2.6149999999999998,12.5,14.8,38.7,1.7399999999999998,1.0550000000000002,5.55,6.55,40.0,76.0,46.0,87.0,0.0,3.0,6.0,1.0,3.0,6.0,1.0,0.0,2.0,2.0,3_vs_3,0.0526315789473684,0.0263157894736842,0.2105263157894736,0.2105263157894736,0.0263157894736842,0.2058823529411764,0.0,0.0263157894736842,0.0789473684210526,0.0263157894736842,42.0,45.0,44.0,47.0,54.0,51.0,40.0,34.0,0.1052631578947368,0.0526315789473684,0.3421052631578947,0.2941176470588235,0.1764705882352941,0.2352941176470588,0.0526315789473684,0.088235294117647,0.1176470588235294,0.0294117647058823,72.0,60.0,54.0,66.0,74.0,62.0,54.0,41.0,0.595,0.0,0.595,0.0
2026_special,13,2026-04-29,kobe,0-0,c-os,ノエスタ,13697.0,0,0,18.0,4.0,385.9,Sunny,4-1-2-3,4-2-3-1,2.0,11.0,-9.0,0.0,0.0,1554.6800809496672,1492.9869024387751,61.69317851089204,17.7,14.35,3.3499999999999996,93.0,93.0,24.0,15.0,13.0,7.0,0.04521052631578947,0.03578947368421053,1.3710526315789473,1.3236842105263158,1.3026315789473684,1.2210526315789474,1.0,0.0,0.0,0,0,12.4,4.15,10.15,1.6,1.05,0.35,428.6,6.55,12.411764705882351,14.55,23.35,15.85,19.1,7.75,1.75,24.15,1.15,0.05,2.6550000000000002,9.2,12.95,35.7,1.61,1.045,5.7,6.8,42.0,70.0,44.0,88.0,11.2,3.95,13.05,1.4,1.05,0.3,427.5,10.4,11.105263157894736,12.85,27.6,17.1,22.4,10.9,1.15,13.65,1.45,0.05,2.5100000000000002,10.8,15.9,32.5,1.295,1.535,6.05,7.05,41.0,62.0,48.0,66.0,0.0,4.0,3.0,3.0,4.0,4.0,2.0,-1.0,2.0,2.0,4_vs_4,0.0789473684210526,0.0263157894736842,0.2941176470588235,0.3823529411764705,0.1052631578947368,0.2105263157894736,0.0789473684210526,0.0789473684210526,0.1052631578947368,0.0294117647058823,57.0,56.0,47.0,43.0,45.0,39.0,54.0,61.0,0.088235294117647,0.0,0.2894736842105263,0.2894736842105263,0.0526315789473684,0.2368421052631578,0.0294117647058823,0.0789473684210526,0.088235294117647,0.0588235294117647,56.0,45.0,45.0,49.0,46.0,44.0,50.0,55.0,0.595,0.0,0.595,0.0
2026_special,13,2026-04-29,kyot,1-1,g-os,サンガＳ,13697.0,1,1,11.0,4.0,383.2,Sunny,4-1-2-3,4-2-3-1,9.0,8.0,1.0,0.0,0.0,1497.7819684914148,1494.851104955482,2.930863535932758,15.73,15.43,0.3000000000000007,127.5,85.0,15.0,16.0,7.0,5.0,0.02923684210526316,0.037684210526315785,1.4263157894736842,1.2157894736842105,1.3447368421052632,1.2289473684210528,1.0,0.0,0.0,0,0,12.25,4.2,12.5,1.05,1.6,0.1,371.5,8.15,10.43498452012384,13.5,23.7,17.15,21.15,11.3,1.3,17.8,2.25,0.05,2.6350000000000002,10.2,15.8,35.8,1.105,1.5,5.75,7.85,27.0,53.0,36.5,80.0,12.0,4.8,11.35,1.35,1.15,0.2,446.15,11.85,10.794117647058824,12.2,22.55,15.15,20.7,10.0,1.65,14.5,1.2,0.1,2.785,10.65,16.6,39.05,1.295,1.285,5.65,6.2,38.0,67.0,50.0,83.0,0.0,4.0,3.0,3.0,4.0,4.0,2.0,-2.0,2.0,2.0,4_vs_4,0.02786377708978325,0.0,0.2376160990712074,0.2105263157894736,0.07043343653250769,0.0588235294117647,0.0,0.0719814241486068,0.1176470588235294,0.01470588235294115,56.0,35.5,54.5,60.0,56.0,46.0,36.0,38.0,0.131578947368421,0.0263157894736842,0.2631578947368421,0.1764705882352941,0.0588235294117647,0.1764705882352941,0.0263157894736842,0.1470588235294117,0.1470588235294117,0.0294117647058823,41.0,45.0,49.0,49.0,43.0,47.0,55.0,47.0,0.595,0.0,0.595,0.0
2026_special,13,2026-04-29,nago,1-1,okay,パロ瑞穂,13697.0,1,1,4.0,4.0,0.0,Sunny,3-4-2-1,3-4-2-1,4.0,13.0,-9.0,0.0,0.0,1517.9053428704585,1492.858779655414,25.046563215044443,15.9,11.2,4.700000000000001,114.0,127.0,19.0,14.0,8.0,4.0,0.037657894736842105,0.032973684210526315,1.3894736842105262,1.1684210526315788,1.4184210526315788,1.2947368421052632,1.0,0.0,0.0,0,0,12.65,4.5,13.6,1.65,1.5,0.25,426.05,10.0,10.705882352941176,15.95,21.55,17.65,18.9,8.5,1.4,14.05,0.7,0.0,2.625,11.1,18.0,34.0,1.4,1.345,5.6,6.85,39.0,74.0,48.0,79.0,11.6,3.5,10.65,1.25,1.3,0.25,302.05,9.95,0.0,16.2,25.4,15.7,21.5,12.95,1.55,19.0,1.2,0.05,2.1399999999999997,9.35,14.5,32.8,1.3,1.085,5.65,7.0,0.0,0.0,0.0,0.0,0.0,3.0,6.0,1.0,3.0,6.0,1.0,1.0,2.0,2.0,3_vs_3,0.0588235294117647,0.0294117647058823,0.2647058823529412,0.2058823529411764,0.0294117647058823,0.1842105263157894,0.0,0.1052631578947368,0.1470588235294117,0.0526315789473684,51.0,50.0,38.0,45.0,47.0,44.0,43.0,46.0,0.0,0.0,0.0,0.0,0.0,0.0,0.0,0.0,0.0,0.0,0.0,0.0,0.0,0.0,0.0,0.0,0.0,0.0,0.595,0.0,0.595,0.0
2026_special,13,2026-04-29,uraw,2-0,ka-f,埼玉,13697.0,2,0,4.0,4.0,233.7,Sunny,4-2-3-1,4-2-3-1,16.0,6.0,10.0,0.0,0.0,1468.42286303131,1510.9744050919196,-42.55154206060956,17.73,21.3,-3.5700000000000003,93.0,127.0,12.0,18.0,1.0,10.0,0.03781578947368421,0.030815789473684213,1.3315789473684212,1.305263157894737,1.3710526315789473,1.3315789473684212,2.5,0.0,0.0,2,1,12.9,3.95,12.3,1.3,0.95,0.35,450.6,10.85,13.205882352941176,12.6,19.9,17.3,18.55,9.65,1.4,12.25,0.8,0.0,2.63,9.95,17.15,30.7,1.285,1.145,5.8,7.15,39.0,78.0,45.0,83.0,11.2,3.3,13.6,1.2,1.45,0.15,485.75,9.3,15.68421052631579,13.3,19.05,14.4,18.1,7.7,1.5,10.15,0.7,0.0,2.5300000000000002,10.95,14.3,31.55,1.1300000000000001,1.48,5.7,6.05,42.0,70.0,44.0,82.0,0.0,4.0,5.0,1.0,4.0,3.0,3.0,0.0,2.0,2.0,4_vs_4,0.1842105263157894,0.0294117647058823,0.2352941176470588,0.2352941176470588,0.1176470588235294,0.2368421052631578,0.0263157894736842,0.0526315789473684,0.1470588235294117,0.0263157894736842,46.0,43.0,52.0,42.0,42.0,45.0,53.0,63.0,0.1764705882352941,0.0294117647058823,0.3421052631578947,0.4117647058823529,0.131578947368421,0.3529411764705882,0.0294117647058823,0.088235294117647,0.1764705882352941,0.1176470588235294,51.0,63.0,59.0,53.0,51.0,41.0,73.0,53.0,0.595,0.0,0.595,0.0
2026_special,13,2026-04-29,kasw,1-3,FCtk,三協Ｆ柏,13697.0,1,3,5.0,5.0,225.6,Sunny,3-4-2-1,4-4-2,19.0,3.0,16.0,0.0,0.0,1460.2575025857761,1544.0939925044179,-83.83648991864175,18.45,15.68,2.7699999999999996,101.0,0.0,10.0,23.0,6.0,11.0,0.03671052631578947,0.04292105263157895,1.3289473684210527,1.4289473684210525,1.2684210526315791,1.3894736842105262,1.0,0.0,0.0,-2,-1,12.4,3.7,10.95,1.35,1.3,0.25,529.9,12.15,13.263157894736842,14.9,19.75,16.3,15.75,7.65,1.25,10.65,0.7,0.1,2.75,12.8,17.7,31.45,1.3599999999999999,1.175,6.0,6.85,39.0,80.0,47.0,82.0,14.75,4.75,9.9,1.5,0.9,0.3,448.65,11.0,0.0,14.15,20.3,16.25,16.4,10.65,1.85,11.7,1.25,0.0,2.605,12.15,16.35,33.5,1.5050000000000001,0.8699999999999999,5.9,7.35,0.0,0.0,0.0,0.0,0.0,3.0,5.0,2.0,4.0,3.0,3.0,1.0,2.0,2.0,3_vs_4,0.0526315789473684,0.0,0.1842105263157894,0.2105263157894736,0.2058823529411764,0.1842105263157894,0.0588235294117647,0.0588235294117647,0.1764705882352941,0.0588235294117647,50.0,43.0,54.0,45.0,55.0,63.0,43.0,43.0,0.0,0.0,0.0,0.0,0.0,0.0,0.0,0.0,0.0,0.0,0.0,0.0,0.0,0.0,0.0,0.0,0.0,0.0,0.595,0.0,0.595,0.0
2026_special,13,2026-04-29,mito,2-2,mcd,Ｋｓスタ,13697.0,2,2,5.0,18.0,145.05,Sunny,4-4-2,3-4-2-1,18.0,5.0,13.0,0.0,0.0,1484.4948214700246,1526.0687753129469,-41.573953842922265,9.7,19.3,-9.600000000000001,82.0,0.0,12.0,19.0,5.0,8.0,0.026973684210526313,0.029789473684210522,1.2710526315789472,1.3605263157894738,1.2684210526315791,1.4421052631578946,2.0,0.0,0.0,0,0,10.6,3.1,11.25,0.95,1.8,0.1,427.6,10.8,11.647058823529411,11.3,19.55,14.4,18.6,10.15,1.6,13.3,1.55,0.3,2.54,8.3,14.15,30.25,0.975,1.33,5.9,6.35,35.0,64.0,38.0,72.0,11.1,3.7,11.0,1.25,1.05,0.35,390.7,11.45,5.25,11.2,17.15,16.25,17.3,9.95,1.2,12.8,1.15,0.05,2.2600000000000002,8.4,17.15,28.7,1.1099999999999999,1.085,5.9,5.65,14.0,31.0,18.0,31.5,0.0,4.0,5.0,2.0,3.5,5.0,1.5,0.0,2.0,2.0,4_vs_3,0.0526315789473684,0.0,0.2105263157894736,0.2105263157894736,0.0588235294117647,0.1842105263157894,0.0,0.0588235294117647,0.1052631578947368,0.0294117647058823,45.0,44.0,47.0,44.0,45.0,44.5,44.0,44.0,0.0,0.0,0.0,0.0,0.0,0.0,0.0,0.0,0.0,0.0,0.0,0.0,0.0,0.0,0.0,0.0,0.0,0.0,0.595,0.0,0.595,0.0
2026_special,14,2026-05-02,okay,1-0,hiro,ＪＦＥス,13697.0,1,0,3.0,3.0,639.0,Sunny,3-4-2-1,3-4-2-1,16.0,6.0,10.0,0.0,0.0,1493.5784314633643,1499.1305514092248,-5.552119945860568,11.2,20.9,-9.7,100.0,117.0,15.0,18.0,5.0,8.0,0.032973684210526315,0.05026315789473684,1.4184210526315788,1.2947368421052632,1.5157894736842106,1.368421052631579,1.0,0.0,0.0,1,1,11.6,3.5,10.65,1.25,1.3,0.25,302.05,9.95,0.0,16.2,25.4,15.7,21.5,12.95,1.55,19.0,1.2,0.05,2.1399999999999997,9.35,14.5,32.8,1.3,1.085,5.65,7.0,0.0,0.0,0.0,0.0,15.3,4.4,9.3,1.55,1.1,0.2,434.8,8.55,14.705882352941176,16.5,17.55,15.85,20.35,10.6,1.4,17.9,1.0,0.0,2.6149999999999998,12.5,14.8,38.7,1.7399999999999998,1.0550000000000002,5.55,6.55,40.0,76.0,46.0,87.0,0.0,3.0,6.0,1.0,3.0,6.0,1.0,1.0,2.0,2.0,3_vs_3,0.0,0.0,0.0,0.0,0.0,0.0,0.0,0.0,0.0,0.0,0.0,0.0,0.0,0.0,0.0,0.0,0.0,0.0,0.1052631578947368,0.0526315789473684,0.3421052631578947,0.2941176470588235,0.1764705882352941,0.2352941176470588,0.0526315789473684,0.088235294117647,0.1176470588235294,0.0294117647058823,72.0,60.0,54.0,66.0,74.0,62.0,54.0,41.0,0.645,0.0,0.645,0.0
2026_special,14,2026-05-02,kyot,1-2,shim,サンガＳ,13697.0,1,2,3.0,3.0,222.2,Sunny,4-1-2-3,4-1-2-3,10.0,14.0,-4.0,0.0,0.0,1497.6976134587444,1488.470820346629,9.226793112115502,15.73,12.9,2.83,127.5,85.0,16.0,15.0,5.0,4.0,0.02923684210526316,0.030605263157894736,1.4263157894736842,1.2157894736842105,1.3447368421052632,1.3526315789473684,1.0,0.0,0.0,-1,-1,12.25,4.2,12.5,1.05,1.6,0.1,371.5,8.15,10.43498452012384,13.5,23.7,17.15,21.15,11.3,1.3,17.8,2.25,0.05,2.6350000000000002,10.2,15.8,35.8,1.105,1.5,5.75,7.85,27.0,53.0,36.5,80.0,10.1,2.6,11.2,1.0,1.1,0.15,387.4,7.35,8.421052631578947,14.15,22.15,15.35,18.5,8.85,1.8,20.75,0.95,0.05,2.4850000000000003,8.0,13.6,35.95,1.1,1.27,5.6,6.3,39.0,71.0,49.0,83.0,0.0,4.0,3.0,3.0,4.0,4.0,2.0,-2.0,2.0,2.0,4_vs_4,0.02786377708978325,0.0,0.2376160990712074,0.2105263157894736,0.07043343653250769,0.0588235294117647,0.0,0.0719814241486068,0.1176470588235294,0.01470588235294115,56.0,35.5,54.5,60.0,56.0,46.0,36.0,38.0,0.0,0.0,0.3421052631578947,0.2105263157894736,0.0,0.131578947368421,0.0,0.0526315789473684,0.088235294117647,0.088235294117647,35.0,34.0,47.0,47.0,36.0,44.0,42.0,53.0,0.645,0.0,0.645,0.0
2026_special,14,2026-05-02,y-fm,1-1,mito,日産ス,13697.0,1,1,3.0,3.0,357.7,Sunny,4-2-1-3,4-4-2,15.0,18.0,-3.0,0.0,0.0,1476.6581690519497,1485.6857374697636,-9.027568417813882,14.43,9.7,4.73,0.0,80.0,15.0,13.0,6.0,6.0,0.03160526315789474,0.026973684210526313,1.3263157894736841,1.3763157894736842,1.2710526315789472,1.3605263157894738,0.5,0.0,0.0,0,0,10.7,2.85,9.85,1.45,1.5,0.15,360.95,10.0,17.205882352941178,13.0,21.35,17.0,17.1,10.5,1.0,14.45,0.8,0.05,2.3850000000000002,8.65,15.9,25.0,1.135,1.075,5.8,6.7,48.0,89.0,44.0,90.0,10.6,3.1,11.25,0.95,1.8,0.1,427.6,10.8,11.647058823529411,11.3,19.55,14.4,18.6,10.15,1.6,13.3,1.55,0.3,2.54,8.3,14.15,30.25,0.975,1.33,5.9,6.35,35.0,64.0,38.0,72.0,0.0,4.0,3.0,3.0,4.0,5.0,2.0,-1.0,2.0,2.0,4_vs_4,0.0,0.0,0.0,0.0,0.0,0.0,0.0,0.0,0.0,0.0,0.0,0.0,0.0,0.0,0.0,0.0,0.0,0.0,0.0526315789473684,0.0,0.2105263157894736,0.2105263157894736,0.0588235294117647,0.1842105263157894,0.0,0.0588235294117647,0.1052631578947368,0.0294117647058823,45.0,44.0,47.0,44.0,45.0,44.5,44.0,44.0,0.645,0.0,0.645,0.0
2026_special,14,2026-05-02,FCtk,2-0,ka-f,味スタ,13697.0,2,0,3.0,3.0,233.7,Sunny,4-4-2,4-2-3-1,2.0,8.0,-6.0,0.0,0.0,1551.7267520386513,1499.7557602715797,51.97099176707161,15.68,21.3,-5.620000000000001,0.0,127.0,26.0,18.0,13.0,9.0,0.04292105263157895,0.030815789473684213,1.2684210526315791,1.3894736842105262,1.3710526315789473,1.3315789473684212,1.5,0.0,0.0,2,1,14.75,4.75,9.9,1.5,0.9,0.3,448.65,11.0,0.0,14.15,20.3,16.25,16.4,10.65,1.85,11.7,1.25,0.0,2.605,12.15,16.35,33.5,1.5050000000000001,0.8699999999999999,5.9,7.35,0.0,0.0,0.0,0.0,11.2,3.3,13.6,1.2,1.45,0.15,485.75,9.3,15.68421052631579,13.3,19.05,14.4,18.1,7.7,1.5,10.15,0.7,0.0,2.5300000000000002,10.95,14.3,31.55,1.1300000000000001,1.48,5.7,6.05,42.0,70.0,44.0,82.0,0.0,4.0,3.0,3.0,4.0,3.0,3.0,-1.0,2.0,2.0,4_vs_4,0.0,0.0,0.0,0.0,0.0,0.0,0.0,0.0,0.0,0.0,0.0,0.0,0.0,0.0,0.0,0.0,0.0,0.0,0.1764705882352941,0.0294117647058823,0.3421052631578947,0.4117647058823529,0.131578947368421,0.3529411764705882,0.0294117647058823,0.088235294117647,0.1764705882352941,0.1176470588235294,51.0,63.0,59.0,53.0,51.0,41.0,73.0,53.0,0.645,0.0,0.645,0.0
2026_special,14,2026-05-02,g-os,5-0,kobe,パナスタ,13697.0,5,0,3.0,3.0,412.8,Sunny,4-2-3-1,4-1-2-3,9.0,3.0,6.0,0.0,0.0,1494.9354599881524,1552.9228385210863,-57.98737853293392,15.43,17.7,-2.2699999999999996,93.0,96.0,17.0,25.0,3.0,13.0,0.037684210526315785,0.04521052631578947,1.3447368421052632,1.2289473684210528,1.3710526315789473,1.3236842105263158,2.0,0.0,0.0,5,1,12.0,4.8,11.35,1.35,1.15,0.2,446.15,11.85,10.794117647058824,12.2,22.55,15.15,20.7,10.0,1.65,14.5,1.2,0.1,2.785,10.65,16.6,39.05,1.295,1.285,5.65,6.2,38.0,67.0,50.0,83.0,12.4,4.15,10.15,1.6,1.05,0.35,428.6,6.55,12.411764705882351,14.55,23.35,15.85,19.1,7.75,1.75,24.15,1.15,0.05,2.6550000000000002,9.2,12.95,35.7,1.61,1.045,5.7,6.8,42.0,70.0,44.0,88.0,0.0,4.0,4.0,2.0,4.0,3.0,3.0,-1.0,2.0,2.0,4_vs_4,0.131578947368421,0.0263157894736842,0.2631578947368421,0.1764705882352941,0.0588235294117647,0.1764705882352941,0.0263157894736842,0.1470588235294117,0.1470588235294117,0.0294117647058823,41.0,45.0,49.0,49.0,43.0,47.0,55.0,47.0,0.0789473684210526,0.0263157894736842,0.2941176470588235,0.3823529411764705,0.1052631578947368,0.2105263157894736,0.0789473684210526,0.0789473684210526,0.1052631578947368,0.0294117647058823,57.0,56.0,47.0,43.0,45.0,39.0,54.0,61.0,0.645,0.0,0.645,0.0
2026_special,14,2026-05-02,uraw,2-0,chib,埼玉,13697.0,2,0,3.0,3.0,357.7,Sunny,4-2-3-1,4-4-2,13.0,20.0,-7.0,0.0,0.0,1479.64150785165,1446.816330718449,32.825177133200896,17.73,11.9,5.83,93.0,80.0,15.0,9.0,4.0,4.0,0.03781578947368421,0.03142105263157895,1.3315789473684212,1.305263157894737,1.0526315789473684,1.2763157894736843,1.0,0.0,0.0,2,1,12.9,3.95,12.3,1.3,0.95,0.35,450.6,10.85,13.205882352941176,12.6,19.9,17.3,18.55,9.65,1.4,12.25,0.8,0.0,2.63,9.95,17.15,30.7,1.285,1.145,5.8,7.15,39.0,78.0,45.0,83.0,10.75,3.45,15.65,1.0,1.65,0.1,394.6,11.1,11.647058823529411,11.6,27.0,15.85,16.7,11.35,1.7,13.6,1.55,0.05,2.355,7.95,15.1,28.35,1.135,1.65,5.95,6.05,35.0,64.0,38.0,72.0,0.0,4.0,5.0,1.0,4.0,5.0,2.0,0.0,2.0,2.0,4_vs_4,0.1842105263157894,0.0294117647058823,0.2352941176470588,0.2352941176470588,0.1176470588235294,0.2368421052631578,0.0263157894736842,0.0526315789473684,0.1470588235294117,0.0263157894736842,46.0,43.0,52.0,42.0,42.0,45.0,53.0,63.0,0.0526315789473684,0.0,0.2105263157894736,0.2105263157894736,0.0588235294117647,0.1842105263157894,0.0,0.0588235294117647,0.1052631578947368,0.0294117647058823,45.0,44.0,47.0,44.0,45.0,44.5,44.0,44.0,0.645,0.0,0.645,0.0
2026_special,14,2026-05-03,tk-v,1-0,kasw,味スタ,13697.0,1,0,4.0,4.0,242.7,Sunny,3-4-2-1,3-4-2-1,10.0,19.0,-9.0,0.0,0.0,1509.992336344267,1452.6247430515427,57.36759329272422,8.7,18.45,-9.75,120.5,96.0,18.0,10.0,8.0,3.0,0.0235,0.03671052631578947,1.2,1.5105263157894737,1.3289473684210527,1.4289473684210525,1.5,0.0,0.0,1,1,9.2,2.65,9.8,1.0,1.3,0.3,353.25,8.25,6.052631578947368,10.2,22.1,18.4,20.9,11.05,1.4,16.05,1.0,0.0,2.2,7.4,14.3,26.8,0.8400000000000001,1.065,5.95,7.2,15.0,26.5,19.0,33.5,12.4,3.7,10.95,1.35,1.3,0.25,529.9,12.15,13.263157894736842,14.9,19.75,16.3,15.75,7.65,1.25,10.65,0.7,0.1,2.75,12.8,17.7,31.45,1.3599999999999999,1.175,6.0,6.85,39.0,80.0,47.0,82.0,0.0,3.0,6.0,1.0,3.0,5.0,2.0,1.0,2.0,2.0,3_vs_3,0.0789473684210526,0.0394736842105263,0.19736842105263155,0.0789473684210526,0.0657894736842105,0.0789473684210526,0.0,0.0789473684210526,0.0394736842105263,0.0131578947368421,22.5,22.5,23.0,19.5,22.5,21.0,22.0,25.0,0.0526315789473684,0.0,0.1842105263157894,0.2105263157894736,0.2058823529411764,0.1842105263157894,0.0588235294117647,0.0588235294117647,0.1764705882352941,0.0588235294117647,50.0,43.0,54.0,45.0,55.0,63.0,43.0,43.0,0.675,0.0,0.675,0.0
2026_special,14,2026-05-03,c-os,1-1,fuku,ハナサカ,13697.0,1,1,4.0,4.0,843.1,Sunny,4-2-3-1,3-4-2-1,14.0,18.0,-4.0,0.0,0.0,1494.744144867356,1479.293195255607,15.45094961174891,14.35,10.83,3.5199999999999996,99.0,121.0,16.0,14.0,7.0,8.0,0.03578947368421053,0.025236842105263158,1.3026315789473684,1.2210526315789474,1.3447368421052632,1.394736842105263,1.0,0.0,0.0,0,0,11.2,3.95,13.05,1.4,1.05,0.3,427.5,10.4,11.105263157894736,12.85,27.6,17.1,22.4,10.9,1.15,13.65,1.45,0.05,2.5100000000000002,10.8,15.9,32.5,1.295,1.535,6.05,7.05,41.0,62.0,48.0,66.0,10.5,3.2,11.1,0.95,1.45,0.1,334.2,9.5,9.657894736842104,9.75,24.7,16.75,17.7,11.7,1.65,16.05,2.3,0.15,2.175,7.9,14.25,32.1,0.945,1.1400000000000001,5.8,5.6,26.0,52.0,38.0,67.0,0.0,4.0,4.0,2.0,3.0,6.0,1.0,-1.0,2.0,2.0,4_vs_3,0.088235294117647,0.0,0.2894736842105263,0.2894736842105263,0.0526315789473684,0.2368421052631578,0.0294117647058823,0.0789473684210526,0.088235294117647,0.0588235294117647,56.0,45.0,45.0,49.0,46.0,44.0,50.0,55.0,0.0526315789473684,0.0263157894736842,0.2105263157894736,0.2105263157894736,0.0263157894736842,0.2058823529411764,0.0,0.0263157894736842,0.0789473684210526,0.0263157894736842,42.0,45.0,44.0,47.0,54.0,51.0,40.0,34.0,0.675,0.0,0.675,0.0
2026_special,14,2026-05-03,kasm,1-1,mcd,メルスタ,13697.0,1,1,4.0,4.0,145.05,Sunny,4-4-2,3-4-2-1,1.0,6.0,-5.0,0.0,0.0,1572.2208038889391,1524.8778593132079,47.34294457573128,23.03,19.3,3.7300000000000004,86.0,0.0,32.0,20.0,10.0,6.0,0.038026315789473686,0.029789473684210522,1.2447368421052631,1.2657894736842106,1.2684210526315791,1.4421052631578946,1.5,0.0,0.0,0,0,11.1,3.4,11.65,1.45,0.7,0.55,492.6,7.75,12.264705882352942,12.1,18.55,16.6,18.65,9.15,1.7,13.1,0.95,0.15,2.7399999999999998,10.35,13.6,31.2,1.33,1.05,5.6,6.7,40.0,80.0,45.0,86.0,11.1,3.7,11.0,1.25,1.05,0.35,390.7,11.45,5.25,11.2,17.15,16.25,17.3,9.95,1.2,12.8,1.15,0.05,2.2600000000000002,8.4,17.15,28.7,1.1099999999999999,1.085,5.9,5.65,14.0,31.0,18.0,31.5,0.0,4.0,4.0,2.0,3.5,5.0,1.5,-1.0,2.0,2.0,4_vs_3,0.0789473684210526,0.0,0.3823529411764705,0.2941176470588235,0.088235294117647,0.2631578947368421,0.0294117647058823,0.0588235294117647,0.1764705882352941,0.088235294117647,50.0,48.0,58.0,56.0,54.0,62.0,50.0,40.0,0.0,0.0,0.0,0.0,0.0,0.0,0.0,0.0,0.0,0.0,0.0,0.0,0.0,0.0,0.0,0.0,0.0,0.0,0.675,0.0,0.675,0.0
2026_special,14,2026-05-03,ngsk,1-2,nago,ピースタ,13697.0,1,2,4.0,4.0,230.3,Sunny,3-4-2-1,3-4-2-1,16.0,5.0,11.0,0.0,0.0,1482.0412536273275,1517.1856910625083,-35.14443743518086,14.95,15.9,-0.9500000000000011,82.0,120.0,16.0,20.0,4.0,8.0,0.03452631578947368,0.037657894736842105,1.1921052631578946,1.2289473684210528,1.3894736842105262,1.1684210526315788,2.0,0.0,0.0,-1,-1,10.4,3.3,14.25,1.05,1.4,0.2,388.0,9.45,11.647058823529411,9.35,25.9,14.65,19.7,9.45,2.3,15.25,1.1,0.05,2.38,8.4,14.1,31.8,1.175,1.575,5.65,6.7,35.0,64.0,38.0,72.0,12.65,4.5,13.6,1.65,1.5,0.25,426.05,10.0,10.705882352941176,15.95,21.55,17.65,18.9,8.5,1.4,14.05,0.7,0.0,2.625,11.1,18.0,34.0,1.4,1.345,5.6,6.85,39.0,74.0,48.0,79.0,0.0,4.0,5.0,2.0,3.0,6.0,1.0,0.0,2.0,2.0,3_vs_3,0.0526315789473684,0.0,0.2105263157894736,0.2105263157894736,0.0588235294117647,0.1842105263157894,0.0,0.0588235294117647,0.1052631578947368,0.0294117647058823,45.0,44.0,47.0,44.0,45.0,44.5,44.0,44.0,0.0588235294117647,0.0294117647058823,0.2647058823529412,0.2058823529411764,0.0294117647058823,0.1842105263157894,0.0,0.1052631578947368,0.1470588235294117,0.0526315789473684,51.0,50.0,38.0,45.0,47.0,44.0,43.0,46.0,0.675,0.0,0.675,0.0
2026_special,15,2026-05-06,shim,1-1,c-os,アイスタ,13697.0,1,1,4.0,3.0,385.9,Sunny,4-1-2-3,4-2-3-1,10.0,13.0,-3.0,0.0,0.0,1498.736326385551,1494.2997237287614,4.436602656789546,12.9,14.35,-1.4499999999999993,78.0,93.0,18.0,17.0,7.0,8.0,0.030605263157894736,0.03578947368421053,1.3447368421052632,1.3526315789473684,1.3026315789473684,1.2210526315789474,0.0,0.0,0.0,0,0,10.1,2.6,11.2,1.0,1.1,0.15,387.4,7.35,8.421052631578947,14.15,22.15,15.35,18.5,8.85,1.8,20.75,0.95,0.05,2.4850000000000003,8.0,13.6,35.95,1.1,1.27,5.6,6.3,39.0,71.0,49.0,83.0,11.2,3.95,13.05,1.4,1.05,0.3,427.5,10.4,11.105263157894736,12.85,27.6,17.1,22.4,10.9,1.15,13.65,1.45,0.05,2.5100000000000002,10.8,15.9,32.5,1.295,1.535,6.05,7.05,41.0,62.0,48.0,66.0,0.0,4.0,4.0,2.0,4.0,4.0,2.0,0.0,2.0,2.0,4_vs_4,0.0,0.0,0.3421052631578947,0.2105263157894736,0.0,0.131578947368421,0.0,0.0526315789473684,0.088235294117647,0.088235294117647,35.0,34.0,47.0,47.0,36.0,44.0,42.0,53.0,0.088235294117647,0.0,0.2894736842105263,0.2894736842105263,0.0526315789473684,0.2368421052631578,0.0294117647058823,0.0789473684210526,0.088235294117647,0.0588235294117647,56.0,45.0,45.0,49.0,46.0,44.0,50.0,55.0,0.695,0.0,0.695,0.0
2026_special,15,2026-05-06,ngsk,2-1,okay,ピースタ,13697.0,2,1,3.0,4.0,0.0,Sunny,3-4-2-1,3-4-2-1,16.0,11.0,5.0,0.0,0.0,1473.049355859365,1503.7382207195997,-30.688864860234617,14.95,11.2,3.75,82.0,127.0,16.0,18.0,4.0,8.0,0.03452631578947368,0.032973684210526315,1.1921052631578946,1.2289473684210528,1.4184210526315788,1.2947368421052632,0.5,0.0,0.0,1,1,10.4,3.3,14.25,1.05,1.4,0.2,388.0,9.45,11.647058823529411,9.35,25.9,14.65,19.7,9.45,2.3,15.25,1.1,0.05,2.38,8.4,14.1,31.8,1.175,1.575,5.65,6.7,35.0,64.0,38.0,72.0,11.6,3.5,10.65,1.25,1.3,0.25,302.05,9.95,0.0,16.2,25.4,15.7,21.5,12.95,1.55,19.0,1.2,0.05,2.1399999999999997,9.35,14.5,32.8,1.3,1.085,5.65,7.0,0.0,0.0,0.0,0.0,0.0,4.0,5.0,2.0,3.0,6.0,1.0,0.0,2.0,2.0,3_vs_3,0.0526315789473684,0.0,0.2105263157894736,0.2105263157894736,0.0588235294117647,0.1842105263157894,0.0,0.0588235294117647,0.1052631578947368,0.0294117647058823,45.0,44.0,47.0,44.0,45.0,44.5,44.0,44.0,0.0,0.0,0.0,0.0,0.0,0.0,0.0,0.0,0.0,0.0,0.0,0.0,0.0,0.0,0.0,0.0,0.0,0.0,0.695,0.0,0.695,0.0
2026_special,15,2026-05-06,fuku,1-1,kyot,ベススタ,13697.0,1,1,3.0,4.0,367.5,Sunny,3-4-2-1,4-1-2-3,17.0,14.0,3.0,0.0,0.0,1479.7376163942017,1487.4321074198224,-7.694491025620664,10.83,15.73,-4.9,113.0,110.5,15.0,16.0,6.0,4.0,0.025236842105263158,0.02923684210526316,1.3447368421052632,1.394736842105263,1.4263157894736842,1.2157894736842105,1.0,0.0,0.0,0,0,10.5,3.2,11.1,0.95,1.45,0.1,334.2,9.5,9.657894736842104,9.75,24.7,16.75,17.7,11.7,1.65,16.05,2.3,0.15,2.175,7.9,14.25,32.1,0.945,1.1400000000000001,5.8,5.6,26.0,52.0,38.0,67.0,12.25,4.2,12.5,1.05,1.6,0.1,371.5,8.15,10.43498452012384,13.5,23.7,17.15,21.15,11.3,1.3,17.8,2.25,0.05,2.6350000000000002,10.2,15.8,35.8,1.105,1.5,5.75,7.85,27.0,53.0,36.5,80.0,0.0,3.0,6.0,1.0,4.0,3.0,3.0,0.0,2.0,2.0,3_vs_4,0.0526315789473684,0.0263157894736842,0.2105263157894736,0.2105263157894736,0.0263157894736842,0.2058823529411764,0.0,0.0263157894736842,0.0789473684210526,0.0263157894736842,42.0,45.0,44.0,47.0,54.0,51.0,40.0,34.0,0.02786377708978325,0.0,0.2376160990712074,0.2105263157894736,0.07043343653250769,0.0588235294117647,0.0,0.0719814241486068,0.1176470588235294,0.01470588235294115,56.0,35.5,54.5,60.0,56.0,46.0,36.0,38.0,0.695,0.0,0.695,0.0
2026_special,15,2026-05-06,nago,2-1,g-os,豊田ス,13697.0,2,1,3.0,4.0,383.2,Sunny,3-4-2-1,4-2-3-1,4.0,7.0,-3.0,0.0,0.0,1526.1775888304708,1506.589144348916,19.58844448155469,15.9,15.43,0.47000000000000064,114.0,85.0,23.0,20.0,8.0,6.0,0.037657894736842105,0.037684210526315785,1.3894736842105262,1.1684210526315788,1.3447368421052632,1.2289473684210528,0.0,0.0,0.0,1,1,12.65,4.5,13.6,1.65,1.5,0.25,426.05,10.0,10.705882352941176,15.95,21.55,17.65,18.9,8.5,1.4,14.05,0.7,0.0,2.625,11.1,18.0,34.0,1.4,1.345,5.6,6.85,39.0,74.0,48.0,79.0,12.0,4.8,11.35,1.35,1.15,0.2,446.15,11.85,10.794117647058824,12.2,22.55,15.15,20.7,10.0,1.65,14.5,1.2,0.1,2.785,10.65,16.6,39.05,1.295,1.285,5.65,6.2,38.0,67.0,50.0,83.0,0.0,3.0,6.0,1.0,4.0,4.0,2.0,1.0,2.0,2.0,3_vs_4,0.0588235294117647,0.0294117647058823,0.2647058823529412,0.2058823529411764,0.0294117647058823,0.1842105263157894,0.0,0.1052631578947368,0.1470588235294117,0.0526315789473684,51.0,50.0,38.0,45.0,47.0,44.0,43.0,46.0,0.131578947368421,0.0263157894736842,0.2631578947368421,0.1764705882352941,0.0588235294117647,0.1764705882352941,0.0263157894736842,0.1470588235294117,0.1470588235294117,0.0294117647058823,41.0,45.0,49.0,49.0,43.0,47.0,55.0,47.0,0.695,0.0,0.695,0.0
2026_special,15,2026-05-06,FCtk,0-3,chib,味スタ,13697.0,0,3,4.0,4.0,357.7,Sunny,4-4-2,4-4-2,2.0,20.0,-18.0,0.0,0.0,1560.241964472809,1437.758314158444,122.48365031436515,15.68,11.9,3.7799999999999994,0.0,80.0,29.0,9.0,13.0,1.0,0.04292105263157895,0.03142105263157895,1.2684210526315791,1.3894736842105262,1.0526315789473684,1.2763157894736843,1.5,0.0,0.0,-3,-1,14.75,4.75,9.9,1.5,0.9,0.3,448.65,11.0,0.0,14.15,20.3,16.25,16.4,10.65,1.85,11.7,1.25,0.0,2.605,12.15,16.35,33.5,1.5050000000000001,0.8699999999999999,5.9,7.35,0.0,0.0,0.0,0.0,10.75,3.45,15.65,1.0,1.65,0.1,394.6,11.1,11.647058823529411,11.6,27.0,15.85,16.7,11.35,1.7,13.6,1.55,0.05,2.355,7.95,15.1,28.35,1.135,1.65,5.95,6.05,35.0,64.0,38.0,72.0,0.0,4.0,3.0,3.0,4.0,5.0,2.0,-1.0,2.0,2.0,4_vs_4,0.0,0.0,0.0,0.0,0.0,0.0,0.0,0.0,0.0,0.0,0.0,0.0,0.0,0.0,0.0,0.0,0.0,0.0,0.0526315789473684,0.0,0.2105263157894736,0.2105263157894736,0.0588235294117647,0.1842105263157894,0.0,0.0588235294117647,0.1052631578947368,0.0294117647058823,45.0,44.0,47.0,44.0,45.0,44.5,44.0,44.0,0.695,0.0,0.695,0.0
2026_special,15,2026-05-06,hiro,1-1,kobe,Ｅピース,13697.0,1,1,4.0,4.0,412.8,Sunny,3-4-2-1,4-1-2-3,9.0,3.0,6.0,0.0,0.0,1488.9707621529894,1541.2691541603226,-52.29839200733318,20.9,17.7,3.1999999999999993,113.0,96.0,18.0,25.0,8.0,10.0,0.05026315789473684,0.04521052631578947,1.5157894736842106,1.368421052631579,1.3710526315789473,1.3236842105263158,1.5,0.0,0.0,0,0,15.3,4.4,9.3,1.55,1.1,0.2,434.8,8.55,14.705882352941176,16.5,17.55,15.85,20.35,10.6,1.4,17.9,1.0,0.0,2.6149999999999998,12.5,14.8,38.7,1.7399999999999998,1.0550000000000002,5.55,6.55,40.0,76.0,46.0,87.0,12.4,4.15,10.15,1.6,1.05,0.35,428.6,6.55,12.411764705882351,14.55,23.35,15.85,19.1,7.75,1.75,24.15,1.15,0.05,2.6550000000000002,9.2,12.95,35.7,1.61,1.045,5.7,6.8,42.0,70.0,44.0,88.0,0.0,3.0,6.0,1.0,4.0,3.0,3.0,1.0,2.0,2.0,3_vs_4,0.1052631578947368,0.0526315789473684,0.3421052631578947,0.2941176470588235,0.1764705882352941,0.2352941176470588,0.0526315789473684,0.088235294117647,0.1176470588235294,0.0294117647058823,72.0,60.0,54.0,66.0,74.0,62.0,54.0,41.0,0.0789473684210526,0.0263157894736842,0.2941176470588235,0.3823529411764705,0.1052631578947368,0.2105263157894736,0.0789473684210526,0.0789473684210526,0.1052631578947368,0.0294117647058823,57.0,56.0,47.0,43.0,45.0,39.0,54.0,61.0,0.695,0.0,0.695,0.0
2026_special,15,2026-05-06,kasm,3-0,mito,メルスタ,13697.0,3,0,3.0,4.0,357.7,Sunny,4-4-2,4-4-2,1.0,18.0,-17.0,0.0,0.0,1570.8665360048617,1485.4259616228946,85.44057438196705,23.03,9.7,13.330000000000002,86.0,80.0,33.0,14.0,10.0,6.0,0.038026315789473686,0.026973684210526313,1.2447368421052631,1.2657894736842106,1.2710526315789472,1.3605263157894738,1.0,0.0,0.0,3,1,11.1,3.4,11.65,1.45,0.7,0.55,492.6,7.75,12.264705882352942,12.1,18.55,16.6,18.65,9.15,1.7,13.1,0.95,0.15,2.7399999999999998,10.35,13.6,31.2,1.33,1.05,5.6,6.7,40.0,80.0,45.0,86.0,10.6,3.1,11.25,0.95,1.8,0.1,427.6,10.8,11.647058823529411,11.3,19.55,14.4,18.6,10.15,1.6,13.3,1.55,0.3,2.54,8.3,14.15,30.25,0.975,1.33,5.9,6.35,35.0,64.0,38.0,72.0,0.0,4.0,4.0,2.0,4.0,5.0,2.0,-1.0,2.0,2.0,4_vs_4,0.0789473684210526,0.0,0.3823529411764705,0.2941176470588235,0.088235294117647,0.2631578947368421,0.0294117647058823,0.0588235294117647,0.1764705882352941,0.088235294117647,50.0,48.0,58.0,56.0,54.0,62.0,50.0,40.0,0.0526315789473684,0.0,0.2105263157894736,0.2105263157894736,0.0588235294117647,0.1842105263157894,0.0,0.0588235294117647,0.1052631578947368,0.0294117647058823,45.0,44.0,47.0,44.0,45.0,44.5,44.0,44.0,0.695,0.0,0.695,0.0
2026_special,15,2026-05-06,mcd,2-0,y-fm,Ｇスタ,13697.0,2,0,3.0,4.0,230.3,Sunny,3-4-2-1,4-2-1-3,6.0,15.0,-9.0,0.0,0.0,1526.2321271972853,1476.9179448988186,49.314182298466676,19.3,14.43,4.870000000000001,0.0,0.0,21.0,16.0,6.0,7.0,0.029789473684210522,0.03160526315789474,1.2684210526315791,1.4421052631578946,1.3263157894736841,1.3763157894736842,2.5,0.0,0.0,2,1,11.1,3.7,11.0,1.25,1.05,0.35,390.7,11.45,5.25,11.2,17.15,16.25,17.3,9.95,1.2,12.8,1.15,0.05,2.2600000000000002,8.4,17.15,28.7,1.1099999999999999,1.085,5.9,5.65,14.0,31.0,18.0,31.5,10.7,2.85,9.85,1.45,1.5,0.15,360.95,10.0,17.205882352941178,13.0,21.35,17.0,17.1,10.5,1.0,14.45,0.8,0.05,2.3850000000000002,8.65,15.9,25.0,1.135,1.075,5.8,6.7,48.0,89.0,44.0,90.0,0.0,3.5,5.0,1.5,4.0,3.0,3.0,0.0,2.0,2.0,3_vs_4,0.0,0.0,0.0,0.0,0.0,0.0,0.0,0.0,0.0,0.0,0.0,0.0,0.0,0.0,0.0,0.0,0.0,0.0,0.0,0.0,0.0,0.0,0.0,0.0,0.0,0.0,0.0,0.0,0.0,0.0,0.0,0.0,0.0,0.0,0.0,0.0,0.695,0.0,0.695,0.0
2026_special,15,2026-05-06,ka-f,1-0,tk-v,Ｕ等々力,13697.0,1,0,4.0,3.0,0.0,Sunny,4-2-3-1,3-4-2-1,12.0,5.0,7.0,0.0,0.0,1491.240547837422,1518.3560081041894,-27.115460266767514,21.3,8.7,12.600000000000001,114.0,118.5,18.0,21.0,6.0,10.0,0.030815789473684213,0.0235,1.3710526315789473,1.3315789473684212,1.2,1.5105263157894737,1.0,0.0,0.0,1,1,11.2,3.3,13.6,1.2,1.45,0.15,485.75,9.3,15.68421052631579,13.3,19.05,14.4,18.1,7.7,1.5,10.15,0.7,0.0,2.5300000000000002,10.95,14.3,31.55,1.1300000000000001,1.48,5.7,6.05,42.0,70.0,44.0,82.0,9.2,2.65,9.8,1.0,1.3,0.3,353.25,8.25,6.052631578947368,10.2,22.1,18.4,20.9,11.05,1.4,16.05,1.0,0.0,2.2,7.4,14.3,26.8,0.8400000000000001,1.065,5.95,7.2,15.0,26.5,19.0,33.5,0.0,4.0,3.0,3.0,3.0,6.0,1.0,-1.0,2.0,2.0,4_vs_3,0.1764705882352941,0.0294117647058823,0.3421052631578947,0.4117647058823529,0.131578947368421,0.3529411764705882,0.0294117647058823,0.088235294117647,0.1764705882352941,0.1176470588235294,51.0,63.0,59.0,53.0,51.0,41.0,73.0,53.0,0.0789473684210526,0.0394736842105263,0.19736842105263155,0.0789473684210526,0.0657894736842105,0.0789473684210526,0.0,0.0789473684210526,0.0394736842105263,0.0131578947368421,22.5,22.5,23.0,19.5,22.5,21.0,22.0,25.0,0.695,0.0,0.695,0.0
2026_special,15,2026-05-06,kasw,0-1,uraw,三協Ｆ柏,13697.0,0,1,3.0,4.0,234.7,Sunny,3-4-2-1,4-2-3-1,19.0,8.0,11.0,0.0,0.0,1444.2610712916203,1488.6995244116551,-44.438453120034865,18.45,17.73,0.7199999999999989,101.0,99.0,10.0,18.0,0.0,7.0,0.03671052631578947,0.03781578947368421,1.3289473684210527,1.4289473684210525,1.3315789473684212,1.305263157894737,1.0,0.0,0.0,-1,-1,12.4,3.7,10.95,1.35,1.3,0.25,529.9,12.15,13.263157894736842,14.9,19.75,16.3,15.75,7.65,1.25,10.65,0.7,0.1,2.75,12.8,17.7,31.45,1.3599999999999999,1.175,6.0,6.85,39.0,80.0,47.0,82.0,12.9,3.95,12.3,1.3,0.95,0.35,450.6,10.85,13.205882352941176,12.6,19.9,17.3,18.55,9.65,1.4,12.25,0.8,0.0,2.63,9.95,17.15,30.7,1.285,1.145,5.8,7.15,39.0,78.0,45.0,83.0,0.0,3.0,5.0,2.0,4.0,5.0,1.0,1.0,2.0,2.0,3_vs_4,0.0526315789473684,0.0,0.1842105263157894,0.2105263157894736,0.2058823529411764,0.1842105263157894,0.0588235294117647,0.0588235294117647,0.1764705882352941,0.0588235294117647,50.0,43.0,54.0,45.0,55.0,63.0,43.0,43.0,0.1842105263157894,0.0294117647058823,0.2352941176470588,0.2352941176470588,0.1176470588235294,0.2368421052631578,0.0263157894736842,0.0526315789473684,0.1470588235294117,0.0263157894736842,46.0,43.0,52.0,42.0,42.0,45.0,53.0,63.0,0.695,0.0,0.695,0.0
2026_special,16,2026-05-09,mito,1-4,uraw,Ｋｓスタ,13697.0,1,4,3.0,3.0,234.7,Sunny,4-4-2,4-2-3-1,18.0,6.0,12.0,0.0,0.0,1477.8367362156494,1497.427412388106,-19.590676172456597,9.7,17.73,-8.030000000000001,82.0,99.0,14.0,21.0,5.0,9.0,0.026973684210526313,0.03781578947368421,1.2710526315789472,1.3605263157894738,1.3315789473684212,1.305263157894737,1.0,0.0,0.0,-3,-1,10.6,3.1,11.25,0.95,1.8,0.1,427.6,10.8,11.647058823529411,11.3,19.55,14.4,18.6,10.15,1.6,13.3,1.55,0.3,2.54,8.3,14.15,30.25,0.975,1.33,5.9,6.35,35.0,64.0,38.0,72.0,12.9,3.95,12.3,1.3,0.95,0.35,450.6,10.85,13.205882352941176,12.6,19.9,17.3,18.55,9.65,1.4,12.25,0.8,0.0,2.63,9.95,17.15,30.7,1.285,1.145,5.8,7.15,39.0,78.0,45.0,83.0,0.0,4.0,5.0,2.0,4.0,5.0,1.0,0.0,2.0,2.0,4_vs_4,0.0526315789473684,0.0,0.2105263157894736,0.2105263157894736,0.0588235294117647,0.1842105263157894,0.0,0.0588235294117647,0.1052631578947368,0.0294117647058823,45.0,44.0,47.0,44.0,45.0,44.5,44.0,44.0,0.1842105263157894,0.0294117647058823,0.2352941176470588,0.2352941176470588,0.1176470588235294,0.2368421052631578,0.0263157894736842,0.0526315789473684,0.1470588235294117,0.0263157894736842,46.0,43.0,52.0,42.0,42.0,45.0,53.0,63.0,0.745,0.0,0.745,0.0
2026_special,16,2026-05-09,c-os,3-2,ngsk,ハナサカ,13697.0,3,2,3.0,3.0,357.7,Sunny,4-2-3-1,3-4-2-1,13.0,12.0,1.0,0.0,0.0,1494.4274124777105,1483.9303623429125,10.497050134797973,14.35,14.95,-0.5999999999999996,99.0,80.0,18.0,19.0,6.0,7.0,0.03578947368421053,0.03452631578947368,1.3026315789473684,1.2210526315789474,1.1921052631578946,1.2289473684210528,0.5,0.0,0.0,1,1,11.2,3.95,13.05,1.4,1.05,0.3,427.5,10.4,11.105263157894736,12.85,27.6,17.1,22.4,10.9,1.15,13.65,1.45,0.05,2.5100000000000002,10.8,15.9,32.5,1.295,1.535,6.05,7.05,41.0,62.0,48.0,66.0,10.4,3.3,14.25,1.05,1.4,0.2,388.0,9.45,11.647058823529411,9.35,25.9,14.65,19.7,9.45,2.3,15.25,1.1,0.05,2.38,8.4,14.1,31.8,1.175,1.575,5.65,6.7,35.0,64.0,38.0,72.0,0.0,4.0,4.0,2.0,4.0,5.0,2.0,-1.0,2.0,2.0,4_vs_3,0.088235294117647,0.0,0.2894736842105263,0.2894736842105263,0.0526315789473684,0.2368421052631578,0.0294117647058823,0.0789473684210526,0.088235294117647,0.0588235294117647,56.0,45.0,45.0,49.0,46.0,44.0,50.0,55.0,0.0526315789473684,0.0,0.2105263157894736,0.2105263157894736,0.0588235294117647,0.1842105263157894,0.0,0.0588235294117647,0.1052631578947368,0.0294117647058823,45.0,44.0,47.0,44.0,45.0,44.5,44.0,44.0,0.745,0.0,0.745,0.0
2026_special,16,2026-05-10,kobe,0-3,okay,ノエスタ,13697.0,0,3,4.0,4.0,0.0,Sunny,4-1-2-3,3-4-2-1,4.0,14.0,-10.0,0.0,0.0,1539.775152296352,1492.8572142360522,46.917938060299775,17.7,11.2,6.5,93.0,127.0,26.0,18.0,8.0,8.0,0.04521052631578947,0.032973684210526315,1.3710526315789473,1.3236842105263158,1.4184210526315788,1.2947368421052632,2.5,0.0,0.0,-3,-1,12.4,4.15,10.15,1.6,1.05,0.35,428.6,6.55,12.411764705882351,14.55,23.35,15.85,19.1,7.75,1.75,24.15,1.15,0.05,2.6550000000000002,9.2,12.95,35.7,1.61,1.045,5.7,6.8,42.0,70.0,44.0,88.0,11.6,3.5,10.65,1.25,1.3,0.25,302.05,9.95,0.0,16.2,25.4,15.7,21.5,12.95,1.55,19.0,1.2,0.05,2.1399999999999997,9.35,14.5,32.8,1.3,1.085,5.65,7.0,0.0,0.0,0.0,0.0,0.0,4.0,3.0,3.0,3.0,6.0,1.0,-1.0,2.0,2.0,4_vs_3,0.0789473684210526,0.0263157894736842,0.2941176470588235,0.3823529411764705,0.1052631578947368,0.2105263157894736,0.0789473684210526,0.0789473684210526,0.1052631578947368,0.0294117647058823,57.0,56.0,47.0,43.0,45.0,39.0,54.0,61.0,0.0,0.0,0.0,0.0,0.0,0.0,0.0,0.0,0.0,0.0,0.0,0.0,0.0,0.0,0.0,0.0,0.0,0.0,0.755,0.0,0.755,0.0
2026_special,16,2026-05-10,shim,1-1,fuku,アイスタ,13697.0,1,1,4.0,4.0,843.1,Sunny,4-1-2-3,3-4-2-1,12.0,17.0,-5.0,0.0,0.0,1498.6086376366018,1479.9590454482257,18.64959218837612,12.9,10.83,2.0700000000000003,78.0,121.0,19.0,16.0,5.0,6.0,0.030605263157894736,0.025236842105263158,1.3447368421052632,1.3526315789473684,1.3447368421052632,1.394736842105263,1.0,0.0,0.0,0,0,10.1,2.6,11.2,1.0,1.1,0.15,387.4,7.35,8.421052631578947,14.15,22.15,15.35,18.5,8.85,1.8,20.75,0.95,0.05,2.4850000000000003,8.0,13.6,35.95,1.1,1.27,5.6,6.3,39.0,71.0,49.0,83.0,10.5,3.2,11.1,0.95,1.45,0.1,334.2,9.5,9.657894736842104,9.75,24.7,16.75,17.7,11.7,1.65,16.05,2.3,0.15,2.175,7.9,14.25,32.1,0.945,1.1400000000000001,5.8,5.6,26.0,52.0,38.0,67.0,0.0,4.0,4.0,2.0,3.0,6.0,1.0,0.0,2.0,2.0,4_vs_3,0.0,0.0,0.3421052631578947,0.2105263157894736,0.0,0.131578947368421,0.0,0.0526315789473684,0.088235294117647,0.088235294117647,35.0,34.0,47.0,47.0,36.0,44.0,42.0,53.0,0.0526315789473684,0.0263157894736842,0.2105263157894736,0.2105263157894736,0.0263157894736842,0.2058823529411764,0.0,0.0263157894736842,0.0789473684210526,0.0263157894736842,42.0,45.0,44.0,47.0,54.0,51.0,40.0,34.0,0.755,0.0,0.755,0.0
2026_special,16,2026-05-10,y-fm,1-1,kasm,日産ス,13697.0,1,1,4.0,4.0,289.2,Sunny,4-2-1-3,4-4-2,16.0,1.0,15.0,0.0,0.0,1468.3278656301648,1578.455761412107,-110.12789578194224,14.43,23.03,-8.600000000000001,0.0,88.0,16.0,36.0,7.0,10.0,0.03160526315789474,0.038026315789473686,1.3263157894736841,1.3763157894736842,1.2447368421052631,1.2657894736842106,0.5,0.0,0.0,0,0,10.7,2.85,9.85,1.45,1.5,0.15,360.95,10.0,17.205882352941178,13.0,21.35,17.0,17.1,10.5,1.0,14.45,0.8,0.05,2.3850000000000002,8.65,15.9,25.0,1.135,1.075,5.8,6.7,48.0,89.0,44.0,90.0,11.1,3.4,11.65,1.45,0.7,0.55,492.6,7.75,12.264705882352942,12.1,18.55,16.6,18.65,9.15,1.7,13.1,0.95,0.15,2.7399999999999998,10.35,13.6,31.2,1.33,1.05,5.6,6.7,40.0,80.0,45.0,86.0,0.0,4.0,3.0,3.0,4.0,4.0,2.0,-1.0,2.0,2.0,4_vs_4,0.0,0.0,0.0,0.0,0.0,0.0,0.0,0.0,0.0,0.0,0.0,0.0,0.0,0.0,0.0,0.0,0.0,0.0,0.0789473684210526,0.0,0.3823529411764705,0.2941176470588235,0.088235294117647,0.2631578947368421,0.0294117647058823,0.0588235294117647,0.1764705882352941,0.088235294117647,50.0,48.0,58.0,56.0,54.0,62.0,50.0,40.0,0.755,0.0,0.755,0.0
2026_special,16,2026-05-10,FCtk,2-1,tk-v,味スタ,13697.0,2,1,4.0,4.0,0.0,Sunny,4-4-2,3-4-2-1,2.0,8.0,-6.0,0.0,0.0,1546.8557351768864,1507.5771431236901,39.278592053196235,15.68,8.7,6.98,0.0,118.5,29.0,21.0,12.0,10.0,0.04292105263157895,0.0235,1.2684210526315791,1.3894736842105262,1.2,1.5105263157894737,0.0,0.0,0.0,1,1,14.75,4.75,9.9,1.5,0.9,0.3,448.65,11.0,0.0,14.15,20.3,16.25,16.4,10.65,1.85,11.7,1.25,0.0,2.605,12.15,16.35,33.5,1.5050000000000001,0.8699999999999999,5.9,7.35,0.0,0.0,0.0,0.0,9.2,2.65,9.8,1.0,1.3,0.3,353.25,8.25,6.052631578947368,10.2,22.1,18.4,20.9,11.05,1.4,16.05,1.0,0.0,2.2,7.4,14.3,26.8,0.8400000000000001,1.065,5.95,7.2,15.0,26.5,19.0,33.5,0.0,4.0,3.0,3.0,3.0,6.0,1.0,-1.0,2.0,2.0,4_vs_3,0.0,0.0,0.0,0.0,0.0,0.0,0.0,0.0,0.0,0.0,0.0,0.0,0.0,0.0,0.0,0.0,0.0,0.0,0.0789473684210526,0.0394736842105263,0.19736842105263155,0.0789473684210526,0.0657894736842105,0.0789473684210526,0.0,0.0789473684210526,0.0394736842105263,0.0131578947368421,22.5,22.5,23.0,19.5,22.5,21.0,22.0,25.0,0.755,0.0,0.755,0.0
2026_special,16,2026-05-10,g-os,0-1,hiro,パナスタ,13697.0,0,1,4.0,4.0,639.0,Sunny,4-2-3-1,3-4-2-1,10.0,11.0,-1.0,0.0,0.0,1497.152348473828,1490.46476401696,6.687584456867853,15.43,20.9,-5.469999999999999,93.0,117.0,20.0,19.0,5.0,8.0,0.037684210526315785,0.05026315789473684,1.3447368421052632,1.2289473684210528,1.5157894736842106,1.368421052631579,1.0,0.0,0.0,-1,-1,12.0,4.8,11.35,1.35,1.15,0.2,446.15,11.85,10.794117647058824,12.2,22.55,15.15,20.7,10.0,1.65,14.5,1.2,0.1,2.785,10.65,16.6,39.05,1.295,1.285,5.65,6.2,38.0,67.0,50.0,83.0,15.3,4.4,9.3,1.55,1.1,0.2,434.8,8.55,14.705882352941176,16.5,17.55,15.85,20.35,10.6,1.4,17.9,1.0,0.0,2.6149999999999998,12.5,14.8,38.7,1.7399999999999998,1.0550000000000002,5.55,6.55,40.0,76.0,46.0,87.0,0.0,4.0,4.0,2.0,3.0,6.0,1.0,-1.0,2.0,2.0,4_vs_3,0.131578947368421,0.0263157894736842,0.2631578947368421,0.1764705882352941,0.0588235294117647,0.1764705882352941,0.0263157894736842,0.1470588235294117,0.1470588235294117,0.0294117647058823,41.0,45.0,49.0,49.0,43.0,47.0,55.0,47.0,0.1052631578947368,0.0526315789473684,0.3421052631578947,0.2941176470588235,0.1764705882352941,0.2352941176470588,0.0526315789473684,0.088235294117647,0.1176470588235294,0.0294117647058823,72.0,60.0,54.0,66.0,74.0,62.0,54.0,41.0,0.755,0.0,0.755,0.0
2026_special,16,2026-05-10,kasw,1-0,ka-f,三協Ｆ柏,13697.0,1,0,4.0,4.0,233.7,Sunny,3-4-2-1,4-2-3-1,20.0,9.0,11.0,0.0,0.0,1435.5331833151695,1502.0194128179212,-66.48622950275171,18.45,21.3,-2.8500000000000014,101.0,127.0,10.0,21.0,0.0,9.0,0.03671052631578947,0.030815789473684213,1.3289473684210527,1.4289473684210525,1.3710526315789473,1.3315789473684212,4.0,0.0,0.0,1,1,12.4,3.7,10.95,1.35,1.3,0.25,529.9,12.15,13.263157894736842,14.9,19.75,16.3,15.75,7.65,1.25,10.65,0.7,0.1,2.75,12.8,17.7,31.45,1.3599999999999999,1.175,6.0,6.85,39.0,80.0,47.0,82.0,11.2,3.3,13.6,1.2,1.45,0.15,485.75,9.3,15.68421052631579,13.3,19.05,14.4,18.1,7.7,1.5,10.15,0.7,0.0,2.5300000000000002,10.95,14.3,31.55,1.1300000000000001,1.48,5.7,6.05,42.0,70.0,44.0,82.0,0.0,3.0,5.0,2.0,4.0,3.0,3.0,1.0,2.0,2.0,3_vs_4,0.0526315789473684,0.0,0.1842105263157894,0.2105263157894736,0.2058823529411764,0.1842105263157894,0.0588235294117647,0.0588235294117647,0.1764705882352941,0.0588235294117647,50.0,43.0,54.0,45.0,55.0,63.0,43.0,43.0,0.1764705882352941,0.0294117647058823,0.3421052631578947,0.4117647058823529,0.131578947368421,0.3529411764705882,0.0294117647058823,0.088235294117647,0.1764705882352941,0.1176470588235294,51.0,63.0,59.0,53.0,51.0,41.0,73.0,53.0,0.755,0.0,0.755,0.0
2026_special,16,2026-05-10,nago,3-0,kyot,豊田ス,13697.0,3,0,4.0,4.0,367.5,Sunny,3-4-2-1,4-1-2-3,3.0,15.0,-12.0,0.0,0.0,1535.614384705559,1487.2106783657985,48.40370633976045,15.9,15.73,0.16999999999999993,114.0,110.5,26.0,17.0,11.0,5.0,0.037657894736842105,0.02923684210526316,1.3894736842105262,1.1684210526315788,1.4263157894736842,1.2157894736842105,1.0,0.0,0.0,3,1,12.65,4.5,13.6,1.65,1.5,0.25,426.05,10.0,10.705882352941176,15.95,21.55,17.65,18.9,8.5,1.4,14.05,0.7,0.0,2.625,11.1,18.0,34.0,1.4,1.345,5.6,6.85,39.0,74.0,48.0,79.0,12.25,4.2,12.5,1.05,1.6,0.1,371.5,8.15,10.43498452012384,13.5,23.7,17.15,21.15,11.3,1.3,17.8,2.25,0.05,2.6350000000000002,10.2,15.8,35.8,1.105,1.5,5.75,7.85,27.0,53.0,36.5,80.0,0.0,3.0,6.0,1.0,4.0,3.0,3.0,1.0,2.0,2.0,3_vs_4,0.0588235294117647,0.0294117647058823,0.2647058823529412,0.2058823529411764,0.0294117647058823,0.1842105263157894,0.0,0.1052631578947368,0.1470588235294117,0.0526315789473684,51.0,50.0,38.0,45.0,47.0,44.0,43.0,46.0,0.02786377708978325,0.0,0.2376160990712074,0.2105263157894736,0.07043343653250769,0.0588235294117647,0.0,0.0719814241486068,0.1176470588235294,0.01470588235294115,56.0,35.5,54.5,60.0,56.0,46.0,36.0,38.0,0.755,0.0,0.755,0.0
2026_special,16,2026-05-10,chib,0-2,mcd,フクアリ,13697.0,0,2,4.0,4.0,145.05,Sunny,4-4-2,3-4-2-1,19.0,6.0,13.0,0.0,0.0,1451.1445434543666,1534.8222064659392,-83.67766301157258,11.9,19.3,-7.4,82.0,0.0,12.0,24.0,3.0,9.0,0.03142105263157895,0.029789473684210522,1.0526315789473684,1.2763157894736843,1.2684210526315791,1.4421052631578946,1.5,0.0,0.0,-2,-1,10.75,3.45,15.65,1.0,1.65,0.1,394.6,11.1,11.647058823529411,11.6,27.0,15.85,16.7,11.35,1.7,13.6,1.55,0.05,2.355,7.95,15.1,28.35,1.135,1.65,5.95,6.05,35.0,64.0,38.0,72.0,11.1,3.7,11.0,1.25,1.05,0.35,390.7,11.45,5.25,11.2,17.15,16.25,17.3,9.95,1.2,12.8,1.15,0.05,2.2600000000000002,8.4,17.15,28.7,1.1099999999999999,1.085,5.9,5.65,14.0,31.0,18.0,31.5,0.0,4.0,5.0,2.0,3.5,5.0,1.5,0.0,2.0,2.0,4_vs_3,0.0526315789473684,0.0,0.2105263157894736,0.2105263157894736,0.0588235294117647,0.1842105263157894,0.0,0.0588235294117647,0.1052631578947368,0.0294117647058823,45.0,44.0,47.0,44.0,45.0,44.5,44.0,44.0,0.0,0.0,0.0,0.0,0.0,0.0,0.0,0.0,0.0,0.0,0.0,0.0,0.0,0.0,0.0,0.0,0.0,0.0,0.755,0.0,0.755,0.0
2026_special,12,2026-05-13,kobe,1-0,kyot,ノエスタ,13697.0,1,0,3.0,3.0,367.5,Sunny,4-1-2-3,4-1-2-3,5.0,15.0,-10.0,0.0,0.0,1528.4328947145239,1478.5949049929707,49.837989721553186,17.7,15.73,1.9699999999999989,93.0,110.5,26.0,17.0,5.0,2.0,0.04521052631578947,0.02923684210526316,1.3710526315789473,1.3236842105263158,1.4263157894736842,1.2157894736842105,1.0,0.0,0.0,1,1,12.4,4.15,10.15,1.6,1.05,0.35,428.6,6.55,12.411764705882351,14.55,23.35,15.85,19.1,7.75,1.75,24.15,1.15,0.05,2.6550000000000002,9.2,12.95,35.7,1.61,1.045,5.7,6.8,42.0,70.0,44.0,88.0,12.25,4.2,12.5,1.05,1.6,0.1,371.5,8.15,10.43498452012384,13.5,23.7,17.15,21.15,11.3,1.3,17.8,2.25,0.05,2.6350000000000002,10.2,15.8,35.8,1.105,1.5,5.75,7.85,27.0,53.0,36.5,80.0,0.0,4.0,3.0,3.0,4.0,3.0,3.0,-1.0,2.0,2.0,4_vs_4,0.0789473684210526,0.0263157894736842,0.2941176470588235,0.3823529411764705,0.1052631578947368,0.2105263157894736,0.0789473684210526,0.0789473684210526,0.1052631578947368,0.0294117647058823,57.0,56.0,47.0,43.0,45.0,39.0,54.0,61.0,0.02786377708978325,0.0,0.2376160990712074,0.2105263157894736,0.07043343653250769,0.0588235294117647,0.0,0.0719814241486068,0.1176470588235294,0.01470588235294115,56.0,35.5,54.5,60.0,56.0,46.0,36.0,38.0,0.795,0.0,0.795,0.0
2026_special,12,2026-05-13,mcd,0-0,tk-v,Ｇスタ,13697.0,0,0,3.0,3.0,0.0,Sunny,3-4-2-1,3-4-2-1,4.0,9.0,-5.0,0.0,0.0,1542.4592816990628,1498.702879965468,43.756401733594885,19.3,8.7,10.600000000000001,0.0,118.5,27.0,21.0,11.0,9.0,0.029789473684210522,0.0235,1.2684210526315791,1.4421052631578946,1.2,1.5105263157894737,2.0,0.0,0.0,0,0,11.1,3.7,11.0,1.25,1.05,0.35,390.7,11.45,5.25,11.2,17.15,16.25,17.3,9.95,1.2,12.8,1.15,0.05,2.2600000000000002,8.4,17.15,28.7,1.1099999999999999,1.085,5.9,5.65,14.0,31.0,18.0,31.5,9.2,2.65,9.8,1.0,1.3,0.3,353.25,8.25,6.052631578947368,10.2,22.1,18.4,20.9,11.05,1.4,16.05,1.0,0.0,2.2,7.4,14.3,26.8,0.8400000000000001,1.065,5.95,7.2,15.0,26.5,19.0,33.5,0.0,3.5,5.0,1.5,3.0,6.0,1.0,0.0,2.0,2.0,3_vs_3,0.0,0.0,0.0,0.0,0.0,0.0,0.0,0.0,0.0,0.0,0.0,0.0,0.0,0.0,0.0,0.0,0.0,0.0,0.0789473684210526,0.0394736842105263,0.19736842105263155,0.0789473684210526,0.0657894736842105,0.0789473684210526,0.0,0.0789473684210526,0.0394736842105263,0.0131578947368421,22.5,22.5,23.0,19.5,22.5,21.0,22.0,25.0,0.795,0.0,0.795,0.0
2026_special,17,2026-05-16,mito,0-1,tk-v,Ｋｓスタ,13697.0,0,1,7.0,3.0,0.0,Sunny,4-4-2,3-4-2-1,18.0,8.0,10.0,0.0,0.0,1468.4000043700185,1499.955673855267,-31.555669485248472,9.7,8.7,1.0,82.0,118.5,14.0,22.0,2.0,7.0,0.026973684210526313,0.0235,1.2710526315789472,1.3605263157894738,1.2,1.5105263157894737,2.0,0.0,0.0,-1,-1,10.6,3.1,11.25,0.95,1.8,0.1,427.6,10.8,11.647058823529411,11.3,19.55,14.4,18.6,10.15,1.6,13.3,1.55,0.3,2.54,8.3,14.15,30.25,0.975,1.33,5.9,6.35,35.0,64.0,38.0,72.0,9.2,2.65,9.8,1.0,1.3,0.3,353.25,8.25,6.052631578947368,10.2,22.1,18.4,20.9,11.05,1.4,16.05,1.0,0.0,2.2,7.4,14.3,26.8,0.8400000000000001,1.065,5.95,7.2,15.0,26.5,19.0,33.5,0.0,4.0,5.0,2.0,3.0,6.0,1.0,0.0,2.0,2.0,4_vs_3,0.0526315789473684,0.0,0.2105263157894736,0.2105263157894736,0.0588235294117647,0.1842105263157894,0.0,0.0588235294117647,0.1052631578947368,0.0294117647058823,45.0,44.0,47.0,44.0,45.0,44.5,44.0,44.0,0.0789473684210526,0.0394736842105263,0.19736842105263155,0.0789473684210526,0.0657894736842105,0.0789473684210526,0.0,0.0789473684210526,0.0394736842105263,0.0131578947368421,22.5,22.5,23.0,19.5,22.5,21.0,22.0,25.0,0.805,0.0,0.805,0.0
2026_special,17,2026-05-16,uraw,0-0,FCtk,埼玉,13697.0,0,0,7.0,6.0,225.6,Sunny,4-2-3-1,4-4-2,6.0,2.0,4.0,0.0,0.0,1506.8641442337369,1555.7299983351086,-48.865854101371724,17.73,15.68,2.0500000000000007,93.0,0.0,24.0,32.0,12.0,12.0,0.03781578947368421,0.04292105263157895,1.3315789473684212,1.305263157894737,1.2684210526315791,1.3894736842105262,1.0,0.0,0.0,0,0,12.9,3.95,12.3,1.3,0.95,0.35,450.6,10.85,13.205882352941176,12.6,19.9,17.3,18.55,9.65,1.4,12.25,0.8,0.0,2.63,9.95,17.15,30.7,1.285,1.145,5.8,7.15,39.0,78.0,45.0,83.0,14.75,4.75,9.9,1.5,0.9,0.3,448.65,11.0,0.0,14.15,20.3,16.25,16.4,10.65,1.85,11.7,1.25,0.0,2.605,12.15,16.35,33.5,1.5050000000000001,0.8699999999999999,5.9,7.35,0.0,0.0,0.0,0.0,0.0,4.0,5.0,1.0,4.0,3.0,3.0,0.0,2.0,2.0,4_vs_4,0.1842105263157894,0.0294117647058823,0.2352941176470588,0.2352941176470588,0.1176470588235294,0.2368421052631578,0.0263157894736842,0.0526315789473684,0.1470588235294117,0.0263157894736842,46.0,43.0,52.0,42.0,42.0,45.0,53.0,63.0,0.0,0.0,0.0,0.0,0.0,0.0,0.0,0.0,0.0,0.0,0.0,0.0,0.0,0.0,0.0,0.0,0.0,0.0,0.805,0.0,0.805,0.0
2026_special,17,2026-05-16,y-fm,0-1,kasw,日産ス,13697.0,0,1,6.0,6.0,242.7,Sunny,4-2-1-3,3-4-2-1,16.0,19.0,-3.0,0.0,0.0,1471.3955440686104,1447.4237891634125,23.97175490519794,14.43,18.45,-4.02,0.0,96.0,17.0,13.0,8.0,3.0,0.03160526315789474,0.03671052631578947,1.3263157894736841,1.3763157894736842,1.3289473684210527,1.4289473684210525,1.5,0.0,0.0,-1,-1,10.7,2.85,9.85,1.45,1.5,0.15,360.95,10.0,17.205882352941178,13.0,21.35,17.0,17.1,10.5,1.0,14.45,0.8,0.05,2.3850000000000002,8.65,15.9,25.0,1.135,1.075,5.8,6.7,48.0,89.0,44.0,90.0,12.4,3.7,10.95,1.35,1.3,0.25,529.9,12.15,13.263157894736842,14.9,19.75,16.3,15.75,7.65,1.25,10.65,0.7,0.1,2.75,12.8,17.7,31.45,1.3599999999999999,1.175,6.0,6.85,39.0,80.0,47.0,82.0,0.0,4.0,3.0,3.0,3.0,5.0,2.0,-1.0,2.0,2.0,4_vs_3,0.0,0.0,0.0,0.0,0.0,0.0,0.0,0.0,0.0,0.0,0.0,0.0,0.0,0.0,0.0,0.0,0.0,0.0,0.0526315789473684,0.0,0.1842105263157894,0.2105263157894736,0.2058823529411764,0.1842105263157894,0.0588235294117647,0.0588235294117647,0.1764705882352941,0.0588235294117647,50.0,43.0,54.0,45.0,55.0,63.0,43.0,43.0,0.805,0.0,0.805,0.0
2026_special,17,2026-05-17,ngsk,2-2,kobe,ピースタ,13697.0,2,2,8.0,4.0,412.8,Sunny,3-4-2-1,4-1-2-3,14.0,4.0,10.0,0.0,0.0,1474.2323998358909,1537.0082004451606,-62.77580060926971,14.95,17.7,-2.75,82.0,96.0,19.0,29.0,7.0,5.0,0.03452631578947368,0.04521052631578947,1.1921052631578946,1.2289473684210528,1.3710526315789473,1.3236842105263158,1.0,0.0,0.0,0,0,10.4,3.3,14.25,1.05,1.4,0.2,388.0,9.45,11.647058823529411,9.35,25.9,14.65,19.7,9.45,2.3,15.25,1.1,0.05,2.38,8.4,14.1,31.8,1.175,1.575,5.65,6.7,35.0,64.0,38.0,72.0,12.4,4.15,10.15,1.6,1.05,0.35,428.6,6.55,12.411764705882351,14.55,23.35,15.85,19.1,7.75,1.75,24.15,1.15,0.05,2.6550000000000002,9.2,12.95,35.7,1.61,1.045,5.7,6.8,42.0,70.0,44.0,88.0,0.0,4.0,5.0,2.0,4.0,3.0,3.0,0.0,2.0,2.0,3_vs_4,0.0526315789473684,0.0,0.2105263157894736,0.2105263157894736,0.0588235294117647,0.1842105263157894,0.0,0.0588235294117647,0.1052631578947368,0.0294117647058823,45.0,44.0,47.0,44.0,45.0,44.5,44.0,44.0,0.0789473684210526,0.0263157894736842,0.2941176470588235,0.3823529411764705,0.1052631578947368,0.2105263157894736,0.0789473684210526,0.0789473684210526,0.1052631578947368,0.0294117647058823,57.0,56.0,47.0,43.0,45.0,39.0,54.0,61.0,0.82,0.0,0.82,0.0
2026_special,17,2026-05-17,chib,0-2,kasm,フクアリ,13697.0,0,2,7.0,7.0,289.2,Sunny,4-4-2,4-4-2,20.0,1.0,19.0,0.0,0.0,1443.507468221243,1575.3880829736613,-131.8806147524183,11.9,23.03,-11.13,82.0,88.0,12.0,37.0,3.0,8.0,0.03142105263157895,0.038026315789473686,1.0526315789473684,1.2763157894736843,1.2447368421052631,1.2657894736842106,1.5,0.0,0.0,-2,-1,10.75,3.45,15.65,1.0,1.65,0.1,394.6,11.1,11.647058823529411,11.6,27.0,15.85,16.7,11.35,1.7,13.6,1.55,0.05,2.355,7.95,15.1,28.35,1.135,1.65,5.95,6.05,35.0,64.0,38.0,72.0,11.1,3.4,11.65,1.45,0.7,0.55,492.6,7.75,12.264705882352942,12.1,18.55,16.6,18.65,9.15,1.7,13.1,0.95,0.15,2.7399999999999998,10.35,13.6,31.2,1.33,1.05,5.6,6.7,40.0,80.0,45.0,86.0,0.0,4.0,5.0,2.0,4.0,4.0,2.0,0.0,2.0,2.0,4_vs_4,0.0526315789473684,0.0,0.2105263157894736,0.2105263157894736,0.0588235294117647,0.1842105263157894,0.0,0.0588235294117647,0.1052631578947368,0.0294117647058823,45.0,44.0,47.0,44.0,45.0,44.5,44.0,44.0,0.0789473684210526,0.0,0.3823529411764705,0.2941176470588235,0.088235294117647,0.2631578947368421,0.0294117647058823,0.0588235294117647,0.1764705882352941,0.088235294117647,50.0,48.0,58.0,56.0,54.0,62.0,50.0,40.0,0.82,0.0,0.82,0.0
2026_special,17,2026-05-17,okay,2-0,shim,ＪＦＥス,13697.0,2,0,7.0,7.0,222.2,Sunny,3-4-2-1,4-1-2-3,10.0,13.0,-3.0,0.0,0.0,1504.1994718178803,1498.07237417286,6.127097645020285,11.2,12.9,-1.700000000000001,100.0,85.0,21.0,20.0,10.0,5.0,0.032973684210526315,0.030605263157894736,1.4184210526315788,1.2947368421052632,1.3447368421052632,1.3526315789473684,1.0,0.0,0.0,2,1,11.6,3.5,10.65,1.25,1.3,0.25,302.05,9.95,0.0,16.2,25.4,15.7,21.5,12.95,1.55,19.0,1.2,0.05,2.1399999999999997,9.35,14.5,32.8,1.3,1.085,5.65,7.0,0.0,0.0,0.0,0.0,10.1,2.6,11.2,1.0,1.1,0.15,387.4,7.35,8.421052631578947,14.15,22.15,15.35,18.5,8.85,1.8,20.75,0.95,0.05,2.4850000000000003,8.0,13.6,35.95,1.1,1.27,5.6,6.3,39.0,71.0,49.0,83.0,0.0,3.0,6.0,1.0,4.0,4.0,2.0,1.0,2.0,2.0,3_vs_4,0.0,0.0,0.0,0.0,0.0,0.0,0.0,0.0,0.0,0.0,0.0,0.0,0.0,0.0,0.0,0.0,0.0,0.0,0.0,0.0,0.3421052631578947,0.2105263157894736,0.0,0.131578947368421,0.0,0.0526315789473684,0.088235294117647,0.088235294117647,35.0,34.0,47.0,47.0,36.0,44.0,42.0,53.0,0.82,0.0,0.82,0.0
2026_special,17,2026-05-17,c-os,6-1,nago,ハナサカ,13697.0,6,1,8.0,7.0,230.3,Sunny,4-2-3-1,3-4-2-1,9.0,3.0,6.0,0.0,0.0,1504.1253749847322,1544.2301580783867,-40.10478309365453,14.35,15.9,-1.5500000000000007,99.0,120.0,21.0,29.0,6.0,13.0,0.03578947368421053,0.037657894736842105,1.3026315789473684,1.2210526315789474,1.3894736842105262,1.1684210526315788,1.5,0.0,0.0,5,1,11.2,3.95,13.05,1.4,1.05,0.3,427.5,10.4,11.105263157894736,12.85,27.6,17.1,22.4,10.9,1.15,13.65,1.45,0.05,2.5100000000000002,10.8,15.9,32.5,1.295,1.535,6.05,7.05,41.0,62.0,48.0,66.0,12.65,4.5,13.6,1.65,1.5,0.25,426.05,10.0,10.705882352941176,15.95,21.55,17.65,18.9,8.5,1.4,14.05,0.7,0.0,2.625,11.1,18.0,34.0,1.4,1.345,5.6,6.85,39.0,74.0,48.0,79.0,0.0,4.0,4.0,2.0,3.0,6.0,1.0,-1.0,2.0,2.0,4_vs_3,0.088235294117647,0.0,0.2894736842105263,0.2894736842105263,0.0526315789473684,0.2368421052631578,0.0294117647058823,0.0789473684210526,0.088235294117647,0.0588235294117647,56.0,45.0,45.0,49.0,46.0,44.0,50.0,55.0,0.0588235294117647,0.0294117647058823,0.2647058823529412,0.2058823529411764,0.0294117647058823,0.1842105263157894,0.0,0.1052631578947368,0.1470588235294117,0.0526315789473684,51.0,50.0,38.0,45.0,47.0,44.0,43.0,46.0,0.82,0.0,0.82,0.0
2026_special,17,2026-05-17,kyot,0-4,hiro,サンガＳ,13697.0,0,4,4.0,7.0,639.0,Sunny,4-1-2-3,3-4-2-1,15.0,8.0,7.0,0.0,0.0,1470.019599262334,1500.6572244020754,-30.63762513974143,15.73,20.9,-5.169999999999998,127.5,117.0,17.0,22.0,2.0,8.0,0.02923684210526316,0.05026315789473684,1.4263157894736842,1.2157894736842105,1.5157894736842106,1.368421052631579,1.5,0.0,0.0,-4,-1,12.25,4.2,12.5,1.05,1.6,0.1,371.5,8.15,10.43498452012384,13.5,23.7,17.15,21.15,11.3,1.3,17.8,2.25,0.05,2.6350000000000002,10.2,15.8,35.8,1.105,1.5,5.75,7.85,27.0,53.0,36.5,80.0,15.3,4.4,9.3,1.55,1.1,0.2,434.8,8.55,14.705882352941176,16.5,17.55,15.85,20.35,10.6,1.4,17.9,1.0,0.0,2.6149999999999998,12.5,14.8,38.7,1.7399999999999998,1.0550000000000002,5.55,6.55,40.0,76.0,46.0,87.0,0.0,4.0,3.0,3.0,3.0,6.0,1.0,-2.0,2.0,2.0,4_vs_3,0.02786377708978325,0.0,0.2376160990712074,0.2105263157894736,0.07043343653250769,0.0588235294117647,0.0,0.0719814241486068,0.1176470588235294,0.01470588235294115,56.0,35.5,54.5,60.0,56.0,46.0,36.0,38.0,0.1052631578947368,0.0526315789473684,0.3421052631578947,0.2941176470588235,0.1764705882352941,0.2352941176470588,0.0526315789473684,0.088235294117647,0.1176470588235294,0.0294117647058823,72.0,60.0,54.0,66.0,74.0,62.0,54.0,41.0,0.82,0.0,0.82,0.0
2026_special,17,2026-05-17,ka-f,1-1,mcd,Ｕ等々力,13697.0,1,1,7.0,4.0,145.05,Sunny,4-2-3-1,3-4-2-1,11.0,5.0,6.0,0.0,0.0,1490.1288069696782,1541.2064878092638,-51.07768083958558,21.3,19.3,2.0,114.0,0.0,21.0,28.0,6.0,9.0,0.030815789473684213,0.029789473684210522,1.3710526315789473,1.3315789473684212,1.2684210526315791,1.4421052631578946,1.0,0.0,0.0,0,0,11.2,3.3,13.6,1.2,1.45,0.15,485.75,9.3,15.68421052631579,13.3,19.05,14.4,18.1,7.7,1.5,10.15,0.7,0.0,2.5300000000000002,10.95,14.3,31.55,1.1300000000000001,1.48,5.7,6.05,42.0,70.0,44.0,82.0,11.1,3.7,11.0,1.25,1.05,0.35,390.7,11.45,5.25,11.2,17.15,16.25,17.3,9.95,1.2,12.8,1.15,0.05,2.2600000000000002,8.4,17.15,28.7,1.1099999999999999,1.085,5.9,5.65,14.0,31.0,18.0,31.5,0.0,4.0,3.0,3.0,3.5,5.0,1.5,-1.0,2.0,2.0,4_vs_3,0.1764705882352941,0.0294117647058823,0.3421052631578947,0.4117647058823529,0.131578947368421,0.3529411764705882,0.0294117647058823,0.088235294117647,0.1764705882352941,0.1176470588235294,51.0,63.0,59.0,53.0,51.0,41.0,73.0,53.0,0.0,0.0,0.0,0.0,0.0,0.0,0.0,0.0,0.0,0.0,0.0,0.0,0.0,0.0,0.0,0.0,0.0,0.0,0.82,0.0,0.82,0.0
2026_special,18,2026-05-22,mcd,1-0,uraw,MUFG国立,13697.0,1,0,5.0,6.0,234.7,Sunny,3-4-2-1,4-2-3-1,5.0,6.0,-1.0,0.0,0.0,1539.7468545108115,1508.2614152619315,31.485439248880084,19.3,17.73,1.5700000000000003,0.0,99.0,29.0,25.0,9.0,13.0,0.029789473684210522,0.03781578947368421,1.2684210526315791,1.4421052631578946,1.3315789473684212,1.305263157894737,1.5,0.0,0.0,1,1,11.1,3.7,11.0,1.25,1.05,0.35,390.7,11.45,5.25,11.2,17.15,16.25,17.3,9.95,1.2,12.8,1.15,0.05,2.2600000000000002,8.4,17.15,28.7,1.1099999999999999,1.085,5.9,5.65,14.0,31.0,18.0,31.5,12.9,3.95,12.3,1.3,0.95,0.35,450.6,10.85,13.205882352941176,12.6,19.9,17.3,18.55,9.65,1.4,12.25,0.8,0.0,2.63,9.95,17.15,30.7,1.285,1.145,5.8,7.15,39.0,78.0,45.0,83.0,0.0,3.5,5.0,1.5,4.0,5.0,1.0,0.0,2.0,2.0,3_vs_4,0.0,0.0,0.0,0.0,0.0,0.0,0.0,0.0,0.0,0.0,0.0,0.0,0.0,0.0,0.0,0.0,0.0,0.0,0.1842105263157894,0.0294117647058823,0.2352941176470588,0.2352941176470588,0.1176470588235294,0.2368421052631578,0.0263157894736842,0.0526315789473684,0.1470588235294117,0.0263157894736842,46.0,43.0,52.0,42.0,42.0,45.0,53.0,63.0,0.85,0.0,0.85,0.0
2026_special,18,2026-05-23,hiro,4-2,nago,Ｅピース,13697.0,4,2,6.0,6.0,230.3,Sunny,3-4-2-1,3-4-2-1,7.0,5.0,2.0,0.0,0.0,1509.777681288265,1533.0809492306278,-23.30326794236271,20.9,15.9,4.999999999999998,113.0,120.0,25.0,29.0,8.0,10.0,0.05026315789473684,0.037657894736842105,1.5157894736842106,1.368421052631579,1.3894736842105262,1.1684210526315788,1.5,0.0,0.0,2,1,15.3,4.4,9.3,1.55,1.1,0.2,434.8,8.55,14.705882352941176,16.5,17.55,15.85,20.35,10.6,1.4,17.9,1.0,0.0,2.6149999999999998,12.5,14.8,38.7,1.7399999999999998,1.0550000000000002,5.55,6.55,40.0,76.0,46.0,87.0,12.65,4.5,13.6,1.65,1.5,0.25,426.05,10.0,10.705882352941176,15.95,21.55,17.65,18.9,8.5,1.4,14.05,0.7,0.0,2.625,11.1,18.0,34.0,1.4,1.345,5.6,6.85,39.0,74.0,48.0,79.0,0.0,3.0,6.0,1.0,3.0,6.0,1.0,1.0,2.0,2.0,3_vs_3,0.1052631578947368,0.0526315789473684,0.3421052631578947,0.2941176470588235,0.1764705882352941,0.2352941176470588,0.0526315789473684,0.088235294117647,0.1176470588235294,0.0294117647058823,72.0,60.0,54.0,66.0,74.0,62.0,54.0,41.0,0.0588235294117647,0.0294117647058823,0.2647058823529412,0.2058823529411764,0.0294117647058823,0.1842105263157894,0.0,0.1052631578947368,0.1470588235294117,0.0526315789473684,51.0,50.0,38.0,45.0,47.0,44.0,43.0,46.0,0.855,0.0,0.855,0.0
2026_special,18,2026-05-23,fuku,0-1,kobe,ベススタ,13697.0,0,1,13.0,6.0,412.8,Sunny,3-4-2-1,4-1-2-3,17.0,4.0,13.0,0.0,0.0,1480.4953089119674,1535.2207764730795,-54.725467561112055,10.83,17.7,-6.869999999999999,113.0,96.0,17.0,30.0,4.0,5.0,0.025236842105263158,0.04521052631578947,1.3447368421052632,1.394736842105263,1.3710526315789473,1.3236842105263158,1.5,0.0,0.0,-1,-1,10.5,3.2,11.1,0.95,1.45,0.1,334.2,9.5,9.657894736842104,9.75,24.7,16.75,17.7,11.7,1.65,16.05,2.3,0.15,2.175,7.9,14.25,32.1,0.945,1.1400000000000001,5.8,5.6,26.0,52.0,38.0,67.0,12.4,4.15,10.15,1.6,1.05,0.35,428.6,6.55,12.411764705882351,14.55,23.35,15.85,19.1,7.75,1.75,24.15,1.15,0.05,2.6550000000000002,9.2,12.95,35.7,1.61,1.045,5.7,6.8,42.0,70.0,44.0,88.0,0.0,3.0,6.0,1.0,4.0,3.0,3.0,0.0,2.0,2.0,3_vs_4,0.0526315789473684,0.0263157894736842,0.2105263157894736,0.2105263157894736,0.0263157894736842,0.2058823529411764,0.0,0.0263157894736842,0.0789473684210526,0.0263157894736842,42.0,45.0,44.0,47.0,54.0,51.0,40.0,34.0,0.0789473684210526,0.0263157894736842,0.2941176470588235,0.3823529411764705,0.1052631578947368,0.2105263157894736,0.0789473684210526,0.0789473684210526,0.1052631578947368,0.0294117647058823,57.0,56.0,47.0,43.0,45.0,39.0,54.0,61.0,0.855,0.0,0.855,0.0
2026_special,18,2026-05-23,kasm,1-0,FCtk,メルスタ,13697.0,1,0,6.0,7.0,225.6,Sunny,4-4-2,4-4-2,1.0,2.0,-1.0,0.0,0.0,1581.7646309317863,1554.332727306914,27.431903624872348,23.03,15.68,7.350000000000001,86.0,0.0,40.0,33.0,8.0,10.0,0.038026315789473686,0.04292105263157895,1.2447368421052631,1.2657894736842106,1.2684210526315791,1.3894736842105262,1.0,0.0,0.0,1,1,11.1,3.4,11.65,1.45,0.7,0.55,492.6,7.75,12.264705882352942,12.1,18.55,16.6,18.65,9.15,1.7,13.1,0.95,0.15,2.7399999999999998,10.35,13.6,31.2,1.33,1.05,5.6,6.7,40.0,80.0,45.0,86.0,14.75,4.75,9.9,1.5,0.9,0.3,448.65,11.0,0.0,14.15,20.3,16.25,16.4,10.65,1.85,11.7,1.25,0.0,2.605,12.15,16.35,33.5,1.5050000000000001,0.8699999999999999,5.9,7.35,0.0,0.0,0.0,0.0,0.0,4.0,4.0,2.0,4.0,3.0,3.0,-1.0,2.0,2.0,4_vs_4,0.0789473684210526,0.0,0.3823529411764705,0.2941176470588235,0.088235294117647,0.2631578947368421,0.0294117647058823,0.0588235294117647,0.1764705882352941,0.088235294117647,50.0,48.0,58.0,56.0,54.0,62.0,50.0,40.0,0.0,0.0,0.0,0.0,0.0,0.0,0.0,0.0,0.0,0.0,0.0,0.0,0.0,0.0,0.0,0.0,0.0,0.0,0.855,0.0,0.855,0.0
2026_special,18,2026-05-23,kasw,4-2,chib,三協Ｆ柏,13697.0,4,2,7.0,6.0,357.7,Sunny,3-4-2-1,4-4-2,18.0,20.0,-2.0,0.0,0.0,1458.1126589611335,1437.130920263118,20.981738698015533,18.45,11.9,6.549999999999999,101.0,80.0,16.0,12.0,6.0,3.0,0.03671052631578947,0.03142105263157895,1.3289473684210527,1.4289473684210525,1.0526315789473684,1.2763157894736843,1.5,0.0,0.0,2,1,12.4,3.7,10.95,1.35,1.3,0.25,529.9,12.15,13.263157894736842,14.9,19.75,16.3,15.75,7.65,1.25,10.65,0.7,0.1,2.75,12.8,17.7,31.45,1.3599999999999999,1.175,6.0,6.85,39.0,80.0,47.0,82.0,10.75,3.45,15.65,1.0,1.65,0.1,394.6,11.1,11.647058823529411,11.6,27.0,15.85,16.7,11.35,1.7,13.6,1.55,0.05,2.355,7.95,15.1,28.35,1.135,1.65,5.95,6.05,35.0,64.0,38.0,72.0,0.0,3.0,5.0,2.0,4.0,5.0,2.0,1.0,2.0,2.0,3_vs_4,0.0526315789473684,0.0,0.1842105263157894,0.2105263157894736,0.2058823529411764,0.1842105263157894,0.0588235294117647,0.0588235294117647,0.1764705882352941,0.0588235294117647,50.0,43.0,54.0,45.0,55.0,63.0,43.0,43.0,0.0526315789473684,0.0,0.2105263157894736,0.2105263157894736,0.0588235294117647,0.1842105263157894,0.0,0.0588235294117647,0.1052631578947368,0.0294117647058823,45.0,44.0,47.0,44.0,45.0,44.5,44.0,44.0,0.855,0.0,0.855,0.0
2026_special,18,2026-05-23,kyot,1-0,ngsk,サンガＳ,13697.0,1,0,6.0,6.0,357.7,Sunny,4-1-2-3,3-4-2-1,16.0,14.0,2.0,0.0,0.0,1460.8991423761443,1476.019823807972,-15.120681431827734,15.73,14.95,0.7800000000000011,127.5,80.0,17.0,20.0,1.0,7.0,0.02923684210526316,0.03452631578947368,1.4263157894736842,1.2157894736842105,1.1921052631578946,1.2289473684210528,1.5,0.0,0.0,1,1,12.25,4.2,12.5,1.05,1.6,0.1,371.5,8.15,10.43498452012384,13.5,23.7,17.15,21.15,11.3,1.3,17.8,2.25,0.05,2.6350000000000002,10.2,15.8,35.8,1.105,1.5,5.75,7.85,27.0,53.0,36.5,80.0,10.4,3.3,14.25,1.05,1.4,0.2,388.0,9.45,11.647058823529411,9.35,25.9,14.65,19.7,9.45,2.3,15.25,1.1,0.05,2.38,8.4,14.1,31.8,1.175,1.575,5.65,6.7,35.0,64.0,38.0,72.0,0.0,4.0,3.0,3.0,4.0,5.0,2.0,-2.0,2.0,2.0,4_vs_3,0.02786377708978325,0.0,0.2376160990712074,0.2105263157894736,0.07043343653250769,0.0588235294117647,0.0,0.0719814241486068,0.1176470588235294,0.01470588235294115,56.0,35.5,54.5,60.0,56.0,46.0,36.0,38.0,0.0526315789473684,0.0,0.2105263157894736,0.2105263157894736,0.0588235294117647,0.1842105263157894,0.0,0.0588235294117647,0.1052631578947368,0.0294117647058823,45.0,44.0,47.0,44.0,45.0,44.5,44.0,44.0,0.855,0.0,0.855,0.0
2026_special,18,2026-05-24,okay,2-3,c-os,ＪＦＥス,13697.0,2,3,7.0,7.0,385.9,Sunny,3-4-2-1,4-2-3-1,10.0,9.0,1.0,0.0,0.0,1514.0231380512018,1515.274583832491,-1.2514457812892488,11.2,14.35,-3.1500000000000004,100.0,93.0,24.0,24.0,10.0,9.0,0.032973684210526315,0.03578947368421053,1.4184210526315788,1.2947368421052632,1.3026315789473684,1.2210526315789474,1.5,0.0,0.0,-1,-1,11.6,3.5,10.65,1.25,1.3,0.25,302.05,9.95,0.0,16.2,25.4,15.7,21.5,12.95,1.55,19.0,1.2,0.05,2.1399999999999997,9.35,14.5,32.8,1.3,1.085,5.65,7.0,0.0,0.0,0.0,0.0,11.2,3.95,13.05,1.4,1.05,0.3,427.5,10.4,11.105263157894736,12.85,27.6,17.1,22.4,10.9,1.15,13.65,1.45,0.05,2.5100000000000002,10.8,15.9,32.5,1.295,1.535,6.05,7.05,41.0,62.0,48.0,66.0,0.0,3.0,6.0,1.0,4.0,4.0,2.0,1.0,2.0,2.0,3_vs_4,0.0,0.0,0.0,0.0,0.0,0.0,0.0,0.0,0.0,0.0,0.0,0.0,0.0,0.0,0.0,0.0,0.0,0.0,0.088235294117647,0.0,0.2894736842105263,0.2894736842105263,0.0526315789473684,0.2368421052631578,0.0294117647058823,0.0789473684210526,0.088235294117647,0.0588235294117647,56.0,45.0,45.0,49.0,46.0,44.0,50.0,55.0,0.88,0.0,0.88,0.0
2026_special,18,2026-05-24,mito,1-3,ka-f,Ｋｓスタ,13697.0,1,3,8.0,7.0,233.7,Sunny,4-4-2,4-2-3-1,19.0,11.0,8.0,0.0,0.0,1459.3057603604125,1491.5884402681304,-32.28267990771792,9.7,21.3,-11.600000000000001,82.0,127.0,14.0,22.0,2.0,4.0,0.026973684210526313,0.030815789473684213,1.2710526315789472,1.3605263157894738,1.3710526315789473,1.3315789473684212,2.0,0.0,0.0,-2,-1,10.6,3.1,11.25,0.95,1.8,0.1,427.6,10.8,11.647058823529411,11.3,19.55,14.4,18.6,10.15,1.6,13.3,1.55,0.3,2.54,8.3,14.15,30.25,0.975,1.33,5.9,6.35,35.0,64.0,38.0,72.0,11.2,3.3,13.6,1.2,1.45,0.15,485.75,9.3,15.68421052631579,13.3,19.05,14.4,18.1,7.7,1.5,10.15,0.7,0.0,2.5300000000000002,10.95,14.3,31.55,1.1300000000000001,1.48,5.7,6.05,42.0,70.0,44.0,82.0,0.0,4.0,5.0,2.0,4.0,3.0,3.0,0.0,2.0,2.0,4_vs_4,0.0526315789473684,0.0,0.2105263157894736,0.2105263157894736,0.0588235294117647,0.1842105263157894,0.0,0.0588235294117647,0.1052631578947368,0.0294117647058823,45.0,44.0,47.0,44.0,45.0,44.5,44.0,44.0,0.1764705882352941,0.0294117647058823,0.3421052631578947,0.4117647058823529,0.131578947368421,0.3529411764705882,0.0294117647058823,0.088235294117647,0.1764705882352941,0.1176470588235294,51.0,63.0,59.0,53.0,51.0,41.0,73.0,53.0,0.88,0.0,0.88,0.0
2026_special,18,2026-05-24,tk-v,0-6,y-fm,味スタ,13697.0,0,6,8.0,8.0,230.3,Sunny,3-4-2-1,4-2-1-3,8.0,17.0,-9.0,0.0,0.0,1509.049917864873,1460.7066742708894,48.343243593983516,8.7,14.43,-5.73,120.5,0.0,25.0,17.0,7.0,5.0,0.0235,0.03160526315789474,1.2,1.5105263157894737,1.3263157894736841,1.3763157894736842,2.5,0.0,0.0,-6,-1,9.2,2.65,9.8,1.0,1.3,0.3,353.25,8.25,6.052631578947368,10.2,22.1,18.4,20.9,11.05,1.4,16.05,1.0,0.0,2.2,7.4,14.3,26.8,0.8400000000000001,1.065,5.95,7.2,15.0,26.5,19.0,33.5,10.7,2.85,9.85,1.45,1.5,0.15,360.95,10.0,17.205882352941178,13.0,21.35,17.0,17.1,10.5,1.0,14.45,0.8,0.05,2.3850000000000002,8.65,15.9,25.0,1.135,1.075,5.8,6.7,48.0,89.0,44.0,90.0,0.0,3.0,6.0,1.0,4.0,3.0,3.0,1.0,2.0,2.0,3_vs_4,0.0789473684210526,0.0394736842105263,0.19736842105263155,0.0789473684210526,0.0657894736842105,0.0789473684210526,0.0,0.0789473684210526,0.0394736842105263,0.0131578947368421,22.5,22.5,23.0,19.5,22.5,21.0,22.0,25.0,0.0,0.0,0.0,0.0,0.0,0.0,0.0,0.0,0.0,0.0,0.0,0.0,0.0,0.0,0.0,0.0,0.0,0.0,0.88,0.0,0.88,0.0
2026_special,18,2026-05-24,shim,1-2,g-os,MUFG国立,13697.0,1,2,7.0,14.0,383.2,Sunny,4-1-2-3,4-2-3-1,13.0,12.0,1.0,0.0,0.0,1488.2487079395385,1486.9598880887127,1.2888198508258029,12.9,15.43,-2.5299999999999994,78.0,85.0,20.0,20.0,5.0,5.0,0.030605263157894736,0.037684210526315785,1.3447368421052632,1.3526315789473684,1.3447368421052632,1.2289473684210528,2.0,0.0,0.0,-1,-1,10.1,2.6,11.2,1.0,1.1,0.15,387.4,7.35,8.421052631578947,14.15,22.15,15.35,18.5,8.85,1.8,20.75,0.95,0.05,2.4850000000000003,8.0,13.6,35.95,1.1,1.27,5.6,6.3,39.0,71.0,49.0,83.0,12.0,4.8,11.35,1.35,1.15,0.2,446.15,11.85,10.794117647058824,12.2,22.55,15.15,20.7,10.0,1.65,14.5,1.2,0.1,2.785,10.65,16.6,39.05,1.295,1.285,5.65,6.2,38.0,67.0,50.0,83.0,0.0,4.0,4.0,2.0,4.0,4.0,2.0,0.0,2.0,2.0,4_vs_4,0.0,0.0,0.3421052631578947,0.2105263157894736,0.0,0.131578947368421,0.0,0.0526315789473684,0.088235294117647,0.088235294117647,35.0,34.0,47.0,47.0,36.0,44.0,42.0,53.0,0.131578947368421,0.0263157894736842,0.2631578947368421,0.1764705882352941,0.0588235294117647,0.1764705882352941,0.0263157894736842,0.1470588235294117,0.1470588235294117,0.0294117647058823,41.0,45.0,49.0,49.0,43.0,47.0,55.0,47.0,0.88,0.0,0.88,0.0
2026_special,101,2026-05-30,hiro,2-1,ka-f,Ｅピース,13697.0,2,1,7.0,6.0,233.7,Sunny,3-4-2-1,4-2-3-1,6.0,9.0,-3.0,0.0,0.0,1520.4473992744008,1500.6619348664087,19.785464407992094,20.9,21.3,-0.40000000000000213,113.0,127.0,28.0,25.0,10.0,7.0,0.05026315789473684,0.030815789473684213,1.5157894736842106,1.368421052631579,1.3710526315789473,1.3315789473684212,0.0,0.0,0.0,1,1,15.3,4.4,9.3,1.55,1.1,0.2,434.8,8.55,14.705882352941176,16.5,17.55,15.85,20.35,10.6,1.4,17.9,1.0,0.0,2.6149999999999998,12.5,14.8,38.7,1.7399999999999998,1.0550000000000002,5.55,6.55,40.0,76.0,46.0,87.0,11.2,3.3,13.6,1.2,1.45,0.15,485.75,9.3,15.68421052631579,13.3,19.05,14.4,18.1,7.7,1.5,10.15,0.7,0.0,2.5300000000000002,10.95,14.3,31.55,1.1300000000000001,1.48,5.7,6.05,42.0,70.0,44.0,82.0,0.0,3.0,6.0,1.0,4.0,3.0,3.0,1.0,2.0,2.0,3_vs_4,0.1052631578947368,0.0526315789473684,0.3421052631578947,0.2941176470588235,0.1764705882352941,0.2352941176470588,0.0526315789473684,0.088235294117647,0.1176470588235294,0.0294117647058823,72.0,60.0,54.0,66.0,74.0,62.0,54.0,41.0,0.1764705882352941,0.0294117647058823,0.3421052631578947,0.4117647058823529,0.131578947368421,0.3529411764705882,0.0294117647058823,0.088235294117647,0.1764705882352941,0.1176470588235294,51.0,63.0,59.0,53.0,51.0,41.0,73.0,53.0,0.9,0.0,0.9,0.0
2026_special,101,2026-05-30,kobe,5-0,kasm,ノエスタ,13697.0,5,0,7.0,7.0,289.2,Sunny,4-1-2-3,4-4-2,3.0,1.0,2.0,0.0,0.0,1543.6585493071545,1590.9767138756947,-47.31816456854017,17.7,23.03,-5.330000000000002,93.0,88.0,33.0,43.0,8.0,11.0,0.04521052631578947,0.038026315789473686,1.3710526315789473,1.3236842105263158,1.2447368421052631,1.2657894736842106,0.0,0.0,0.0,5,1,12.4,4.15,10.15,1.6,1.05,0.35,428.6,6.55,12.411764705882351,14.55,23.35,15.85,19.1,7.75,1.75,24.15,1.15,0.05,2.6550000000000002,9.2,12.95,35.7,1.61,1.045,5.7,6.8,42.0,70.0,44.0,88.0,11.1,3.4,11.65,1.45,0.7,0.55,492.6,7.75,12.264705882352942,12.1,18.55,16.6,18.65,9.15,1.7,13.1,0.95,0.15,2.7399999999999998,10.35,13.6,31.2,1.33,1.05,5.6,6.7,40.0,80.0,45.0,86.0,0.0,4.0,3.0,3.0,4.0,4.0,2.0,-1.0,2.0,2.0,4_vs_4,0.0789473684210526,0.0263157894736842,0.2941176470588235,0.3823529411764705,0.1052631578947368,0.2105263157894736,0.0789473684210526,0.0789473684210526,0.1052631578947368,0.0294117647058823,57.0,56.0,47.0,43.0,45.0,39.0,54.0,61.0,0.0789473684210526,0.0,0.3823529411764705,0.2941176470588235,0.088235294117647,0.2631578947368421,0.0294117647058823,0.0588235294117647,0.1764705882352941,0.088235294117647,50.0,48.0,58.0,56.0,54.0,62.0,50.0,40.0,0.9,0.0,0.9,0.0
2026_special,101,2026-05-30,nago,2-2,mcd,パロ瑞穂,13697.0,2,2,7.0,8.0,145.05,Sunny,3-4-2-1,3-4-2-1,5.0,4.0,1.0,0.0,0.0,1522.411231244492,1548.8431033624383,-26.43187211794634,15.9,19.3,-3.4000000000000004,114.0,0.0,29.0,32.0,9.0,11.0,0.037657894736842105,0.029789473684210522,1.3894736842105262,1.1684210526315788,1.2684210526315791,1.4421052631578946,0.0,0.0,0.0,0,0,12.65,4.5,13.6,1.65,1.5,0.25,426.05,10.0,10.705882352941176,15.95,21.55,17.65,18.9,8.5,1.4,14.05,0.7,0.0,2.625,11.1,18.0,34.0,1.4,1.345,5.6,6.85,39.0,74.0,48.0,79.0,11.1,3.7,11.0,1.25,1.05,0.35,390.7,11.45,5.25,11.2,17.15,16.25,17.3,9.95,1.2,12.8,1.15,0.05,2.2600000000000002,8.4,17.15,28.7,1.1099999999999999,1.085,5.9,5.65,14.0,31.0,18.0,31.5,0.0,3.0,6.0,1.0,3.5,5.0,1.5,1.0,2.0,2.0,3_vs_3,0.0588235294117647,0.0294117647058823,0.2647058823529412,0.2058823529411764,0.0294117647058823,0.1842105263157894,0.0,0.1052631578947368,0.1470588235294117,0.0526315789473684,51.0,50.0,38.0,45.0,47.0,44.0,43.0,46.0,0.0,0.0,0.0,0.0,0.0,0.0,0.0,0.0,0.0,0.0,0.0,0.0,0.0,0.0,0.0,0.0,0.0,0.0,0.9,0.0,0.9,0.0
2026_special,101,2026-05-30,c-os,2-2,FCtk,ハナサカ,13697.0,2,2,6.0,7.0,225.6,Sunny,4-2-3-1,4-4-2,7.0,2.0,5.0,0.0,0.0,1525.2385644832545,1545.1206443630056,-19.882079879751018,14.35,15.68,-1.33,99.0,0.0,27.0,33.0,11.0,7.0,0.03578947368421053,0.04292105263157895,1.3026315789473684,1.2210526315789474,1.2684210526315791,1.3894736842105262,0.0,0.0,0.0,0,0,11.2,3.95,13.05,1.4,1.05,0.3,427.5,10.4,11.105263157894736,12.85,27.6,17.1,22.4,10.9,1.15,13.65,1.45,0.05,2.5100000000000002,10.8,15.9,32.5,1.295,1.535,6.05,7.05,41.0,62.0,48.0,66.0,14.75,4.75,9.9,1.5,0.9,0.3,448.65,11.0,0.0,14.15,20.3,16.25,16.4,10.65,1.85,11.7,1.25,0.0,2.605,12.15,16.35,33.5,1.5050000000000001,0.8699999999999999,5.9,7.35,0.0,0.0,0.0,0.0,0.0,4.0,4.0,2.0,4.0,3.0,3.0,-1.0,2.0,2.0,4_vs_4,0.088235294117647,0.0,0.2894736842105263,0.2894736842105263,0.0526315789473684,0.2368421052631578,0.0294117647058823,0.0789473684210526,0.088235294117647,0.0588235294117647,56.0,45.0,45.0,49.0,46.0,44.0,50.0,55.0,0.0,0.0,0.0,0.0,0.0,0.0,0.0,0.0,0.0,0.0,0.0,0.0,0.0,0.0,0.0,0.0,0.0,0.0,0.9,0.0,0.9,0.0
2026_special,101,2026-05-30,fuku,2-2,chib,ベススタ,13697.0,2,2,7.0,7.0,357.7,Sunny,3-4-2-1,4-4-2,18.0,20.0,-2.0,0.0,0.0,1472.0575360778923,1427.7340901745504,44.32344590334196,10.83,11.9,-1.0700000000000003,113.0,80.0,17.0,12.0,4.0,3.0,0.025236842105263158,0.03142105263157895,1.3447368421052632,1.394736842105263,1.0526315789473684,1.2763157894736843,0.0,0.0,0.0,0,0,10.5,3.2,11.1,0.95,1.45,0.1,334.2,9.5,9.657894736842104,9.75,24.7,16.75,17.7,11.7,1.65,16.05,2.3,0.15,2.175,7.9,14.25,32.1,0.945,1.1400000000000001,5.8,5.6,26.0,52.0,38.0,67.0,10.75,3.45,15.65,1.0,1.65,0.1,394.6,11.1,11.647058823529411,11.6,27.0,15.85,16.7,11.35,1.7,13.6,1.55,0.05,2.355,7.95,15.1,28.35,1.135,1.65,5.95,6.05,35.0,64.0,38.0,72.0,0.0,3.0,6.0,1.0,4.0,5.0,2.0,0.0,2.0,2.0,3_vs_4,0.0526315789473684,0.0263157894736842,0.2105263157894736,0.2105263157894736,0.0263157894736842,0.2058823529411764,0.0,0.0263157894736842,0.0789473684210526,0.0263157894736842,42.0,45.0,44.0,47.0,54.0,51.0,40.0,34.0,0.0526315789473684,0.0,0.2105263157894736,0.2105263157894736,0.0588235294117647,0.1842105263157894,0.0,0.0588235294117647,0.1052631578947368,0.0294117647058823,45.0,44.0,47.0,44.0,45.0,44.5,44.0,44.0,0.9,0.0,0.9,0.0
2026_special,101,2026-05-30,g-os,1-1,tk-v,パナスタ,13697.0,1,1,6.0,6.0,0.0,Sunny,4-2-3-1,3-4-2-1,12.0,10.0,2.0,0.0,0.0,1496.9969831357641,1497.667398191728,-0.6704150559637583,15.43,8.7,6.73,93.0,118.5,23.0,25.0,7.0,4.0,0.037684210526315785,0.0235,1.3447368421052632,1.2289473684210528,1.2,1.5105263157894737,0.0,0.0,0.0,0,0,12.0,4.8,11.35,1.35,1.15,0.2,446.15,11.85,10.794117647058824,12.2,22.55,15.15,20.7,10.0,1.65,14.5,1.2,0.1,2.785,10.65,16.6,39.05,1.295,1.285,5.65,6.2,38.0,67.0,50.0,83.0,9.2,2.65,9.8,1.0,1.3,0.3,353.25,8.25,6.052631578947368,10.2,22.1,18.4,20.9,11.05,1.4,16.05,1.0,0.0,2.2,7.4,14.3,26.8,0.8400000000000001,1.065,5.95,7.2,15.0,26.5,19.0,33.5,0.0,4.0,4.0,2.0,3.0,6.0,1.0,-1.0,2.0,2.0,4_vs_3,0.131578947368421,0.0263157894736842,0.2631578947368421,0.1764705882352941,0.0588235294117647,0.1764705882352941,0.0263157894736842,0.1470588235294117,0.1470588235294117,0.0294117647058823,41.0,45.0,49.0,49.0,43.0,47.0,55.0,47.0,0.0789473684210526,0.0394736842105263,0.19736842105263155,0.0789473684210526,0.0657894736842105,0.0789473684210526,0.0,0.0789473684210526,0.0394736842105263,0.0131578947368421,22.5,22.5,23.0,19.5,22.5,21.0,22.0,25.0,0.9,0.0,0.9,0.0
2026_special,101,2026-05-30,ngsk,1-0,mito,ピースタ,13697.0,1,0,7.0,6.0,357.7,Sunny,3-4-2-1,4-4-2,16.0,19.0,-3.0,0.0,0.0,1465.584890174595,1450.2322657621341,15.352624412460955,14.95,9.7,5.25,82.0,80.0,20.0,14.0,4.0,1.0,0.03452631578947368,0.026973684210526313,1.1921052631578946,1.2289473684210528,1.2710526315789472,1.3605263157894738,0.0,0.0,0.0,1,1,10.4,3.3,14.25,1.05,1.4,0.2,388.0,9.45,11.647058823529411,9.35,25.9,14.65,19.7,9.45,2.3,15.25,1.1,0.05,2.38,8.4,14.1,31.8,1.175,1.575,5.65,6.7,35.0,64.0,38.0,72.0,10.6,3.1,11.25,0.95,1.8,0.1,427.6,10.8,11.647058823529411,11.3,19.55,14.4,18.6,10.15,1.6,13.3,1.55,0.3,2.54,8.3,14.15,30.25,0.975,1.33,5.9,6.35,35.0,64.0,38.0,72.0,0.0,4.0,5.0,2.0,4.0,5.0,2.0,0.0,2.0,2.0,3_vs_4,0.0526315789473684,0.0,0.2105263157894736,0.2105263157894736,0.0588235294117647,0.1842105263157894,0.0,0.0588235294117647,0.1052631578947368,0.0294117647058823,45.0,44.0,47.0,44.0,45.0,44.5,44.0,44.0,0.0526315789473684,0.0,0.2105263157894736,0.2105263157894736,0.0588235294117647,0.1842105263157894,0.0,0.0588235294117647,0.1052631578947368,0.0294117647058823,45.0,44.0,47.0,44.0,45.0,44.5,44.0,44.0,0.9,0.0,0.9,0.0
2026_special,101,2026-05-30,kyot,2-6,kasw,サンガＳ,13697.0,2,6,7.0,7.0,242.7,Sunny,4-1-2-3,3-4-2-1,15.0,17.0,-2.0,0.0,0.0,1471.3340760095211,1467.5094890497012,3.8245869598199533,15.73,18.45,-2.719999999999999,127.5,96.0,20.0,19.0,4.0,9.0,0.02923684210526316,0.03671052631578947,1.4263157894736842,1.2157894736842105,1.3289473684210527,1.4289473684210525,0.0,0.0,0.0,-4,-1,12.25,4.2,12.5,1.05,1.6,0.1,371.5,8.15,10.43498452012384,13.5,23.7,17.15,21.15,11.3,1.3,17.8,2.25,0.05,2.6350000000000002,10.2,15.8,35.8,1.105,1.5,5.75,7.85,27.0,53.0,36.5,80.0,12.4,3.7,10.95,1.35,1.3,0.25,529.9,12.15,13.263157894736842,14.9,19.75,16.3,15.75,7.65,1.25,10.65,0.7,0.1,2.75,12.8,17.7,31.45,1.3599999999999999,1.175,6.0,6.85,39.0,80.0,47.0,82.0,0.0,4.0,3.0,3.0,3.0,5.0,2.0,-2.0,2.0,2.0,4_vs_3,0.02786377708978325,0.0,0.2376160990712074,0.2105263157894736,0.07043343653250769,0.0588235294117647,0.0,0.0719814241486068,0.1176470588235294,0.01470588235294115,56.0,35.5,54.5,60.0,56.0,46.0,36.0,38.0,0.0526315789473684,0.0,0.1842105263157894,0.2105263157894736,0.2058823529411764,0.1842105263157894,0.0588235294117647,0.0588235294117647,0.1764705882352941,0.0588235294117647,50.0,43.0,54.0,45.0,55.0,63.0,43.0,43.0,0.9,0.0,0.9,0.0
2026_special,102,2026-05-31,okay,1-1,uraw,ＪＦＥス,13697.0,1,1,7.0,9.0,234.7,Sunny,3-4-2-1,4-2-3-1,12.0,9.0,3.0,0.0,0.0,1504.0591574004384,1499.1651664103047,4.893990990133716,11.2,17.73,-6.530000000000001,100.0,99.0,24.0,25.0,9.0,10.0,0.032973684210526315,0.03781578947368421,1.4184210526315788,1.2947368421052632,1.3315789473684212,1.305263157894737,0.0,0.0,0.0,0,0,11.6,3.5,10.65,1.25,1.3,0.25,302.05,9.95,0.0,16.2,25.4,15.7,21.5,12.95,1.55,19.0,1.2,0.05,2.1399999999999997,9.35,14.5,32.8,1.3,1.085,5.65,7.0,0.0,0.0,0.0,0.0,12.9,3.95,12.3,1.3,0.95,0.35,450.6,10.85,13.205882352941176,12.6,19.9,17.3,18.55,9.65,1.4,12.25,0.8,0.0,2.63,9.95,17.15,30.7,1.285,1.145,5.8,7.15,39.0,78.0,45.0,83.0,0.0,3.0,6.0,1.0,4.0,5.0,1.0,1.0,2.0,2.0,3_vs_4,0.0,0.0,0.0,0.0,0.0,0.0,0.0,0.0,0.0,0.0,0.0,0.0,0.0,0.0,0.0,0.0,0.0,0.0,0.1842105263157894,0.0294117647058823,0.2352941176470588,0.2352941176470588,0.1176470588235294,0.2368421052631578,0.0263157894736842,0.0526315789473684,0.1470588235294117,0.0263157894736842,46.0,43.0,52.0,42.0,42.0,45.0,53.0,63.0,0.94,0.0,0.94,0.0
2026_special,102,2026-05-31,shim,1-1,y-fm,アイスタ,13697.0,1,1,7.0,7.0,230.3,Sunny,4-1-2-3,4-2-1-3,16.0,15.0,1.0,0.0,0.0,1478.211612892487,1472.0891939440344,6.122418948452605,12.9,14.43,-1.5299999999999994,78.0,0.0,20.0,20.0,5.0,5.0,0.030605263157894736,0.03160526315789474,1.3447368421052632,1.3526315789473684,1.3263157894736841,1.3763157894736842,0.0,0.0,0.0,0,0,10.1,2.6,11.2,1.0,1.1,0.15,387.4,7.35,8.421052631578947,14.15,22.15,15.35,18.5,8.85,1.8,20.75,0.95,0.05,2.4850000000000003,8.0,13.6,35.95,1.1,1.27,5.6,6.3,39.0,71.0,49.0,83.0,10.7,2.85,9.85,1.45,1.5,0.15,360.95,10.0,17.205882352941178,13.0,21.35,17.0,17.1,10.5,1.0,14.45,0.8,0.05,2.3850000000000002,8.65,15.9,25.0,1.135,1.075,5.8,6.7,48.0,89.0,44.0,90.0,0.0,4.0,4.0,2.0,4.0,3.0,3.0,0.0,2.0,2.0,4_vs_4,0.0,0.0,0.3421052631578947,0.2105263157894736,0.0,0.131578947368421,0.0,0.0526315789473684,0.088235294117647,0.088235294117647,35.0,34.0,47.0,47.0,36.0,44.0,42.0,53.0,0.0,0.0,0.0,0.0,0.0,0.0,0.0,0.0,0.0,0.0,0.0,0.0,0.0,0.0,0.0,0.0,0.0,0.0,0.94,0.0,0.94,0.0
2026_special,201,2026-06-06,chib,1-2,fuku,フクアリ,13697.0,1,2,7.0,7.0,843.1,Sunny,4-4-2,3-4-2-1,20.0,18.0,2.0,0.0,0.0,1429.0029454548119,1470.7886807976308,-41.78573534281895,11.9,10.83,1.0700000000000003,82.0,121.0,13.0,18.0,4.0,4.0,0.03142105263157895,0.025236842105263158,1.0526315789473684,1.2763157894736843,1.3447368421052632,1.394736842105263,2.0,0.0,0.0,-1,-1,10.75,3.45,15.65,1.0,1.65,0.1,394.6,11.1,11.647058823529411,11.6,27.0,15.85,16.7,11.35,1.7,13.6,1.55,0.05,2.355,7.95,15.1,28.35,1.135,1.65,5.95,6.05,35.0,64.0,38.0,72.0,10.5,3.2,11.1,0.95,1.45,0.1,334.2,9.5,9.657894736842104,9.75,24.7,16.75,17.7,11.7,1.65,16.05,2.3,0.15,2.175,7.9,14.25,32.1,0.945,1.1400000000000001,5.8,5.6,26.0,52.0,38.0,67.0,0.0,4.0,5.0,2.0,3.0,6.0,1.0,0.0,2.0,2.0,4_vs_3,0.0526315789473684,0.0,0.2105263157894736,0.2105263157894736,0.0588235294117647,0.1842105263157894,0.0,0.0588235294117647,0.1052631578947368,0.0294117647058823,45.0,44.0,47.0,44.0,45.0,44.5,44.0,44.0,0.0526315789473684,0.0263157894736842,0.2105263157894736,0.2105263157894736,0.0263157894736842,0.2058823529411764,0.0,0.0263157894736842,0.0789473684210526,0.0263157894736842,42.0,45.0,44.0,47.0,54.0,51.0,40.0,34.0,0.95,0.0,0.95,0.0
2026_special,201,2026-06-06,kasm,2-0,kobe,メルスタ,13697.0,2,0,7.0,7.0,412.8,Sunny,4-4-2,4-1-2-3,1.0,2.0,-1.0,0.0,0.0,1579.6231461434586,1555.0121170393907,24.61102910406794,23.03,17.7,5.330000000000002,86.0,96.0,43.0,36.0,10.0,10.0,0.038026315789473686,0.04521052631578947,1.2447368421052631,1.2657894736842106,1.3710526315789473,1.3236842105263158,2.5,0.0,0.0,2,1,11.1,3.4,11.65,1.45,0.7,0.55,492.6,7.75,12.264705882352942,12.1,18.55,16.6,18.65,9.15,1.7,13.1,0.95,0.15,2.7399999999999998,10.35,13.6,31.2,1.33,1.05,5.6,6.7,40.0,80.0,45.0,86.0,12.4,4.15,10.15,1.6,1.05,0.35,428.6,6.55,12.411764705882351,14.55,23.35,15.85,19.1,7.75,1.75,24.15,1.15,0.05,2.6550000000000002,9.2,12.95,35.7,1.61,1.045,5.7,6.8,42.0,70.0,44.0,88.0,0.0,4.0,4.0,2.0,4.0,3.0,3.0,-1.0,2.0,2.0,4_vs_4,0.0789473684210526,0.0,0.3823529411764705,0.2941176470588235,0.088235294117647,0.2631578947368421,0.0294117647058823,0.0588235294117647,0.1764705882352941,0.088235294117647,50.0,48.0,58.0,56.0,54.0,62.0,50.0,40.0,0.0789473684210526,0.0263157894736842,0.2941176470588235,0.3823529411764705,0.1052631578947368,0.2105263157894736,0.0789473684210526,0.0789473684210526,0.1052631578947368,0.0294117647058823,57.0,56.0,47.0,43.0,45.0,39.0,54.0,61.0,0.95,0.0,0.95,0.0
2026_special,201,2026-06-06,FCtk,1-3,c-os,MUFG国立,13697.0,1,3,7.0,7.0,385.9,Sunny,4-4-2,4-2-3-1,3.0,7.0,-4.0,0.0,0.0,1544.5490159430396,1525.8101929032205,18.73882303981918,15.68,14.35,1.33,0.0,93.0,34.0,28.0,5.0,11.0,0.04292105263157895,0.03578947368421053,1.2684210526315791,1.3894736842105262,1.3026315789473684,1.2210526315789474,2.0,0.0,0.0,-2,-1,14.75,4.75,9.9,1.5,0.9,0.3,448.65,11.0,0.0,14.15,20.3,16.25,16.4,10.65,1.85,11.7,1.25,0.0,2.605,12.15,16.35,33.5,1.5050000000000001,0.8699999999999999,5.9,7.35,0.0,0.0,0.0,0.0,11.2,3.95,13.05,1.4,1.05,0.3,427.5,10.4,11.105263157894736,12.85,27.6,17.1,22.4,10.9,1.15,13.65,1.45,0.05,2.5100000000000002,10.8,15.9,32.5,1.295,1.535,6.05,7.05,41.0,62.0,48.0,66.0,0.0,4.0,3.0,3.0,4.0,4.0,2.0,-1.0,2.0,2.0,4_vs_4,0.0,0.0,0.0,0.0,0.0,0.0,0.0,0.0,0.0,0.0,0.0,0.0,0.0,0.0,0.0,0.0,0.0,0.0,0.088235294117647,0.0,0.2894736842105263,0.2894736842105263,0.0526315789473684,0.2368421052631578,0.0294117647058823,0.0789473684210526,0.088235294117647,0.0588235294117647,56.0,45.0,45.0,49.0,46.0,44.0,50.0,55.0,0.95,0.0,0.95,0.0
2026_special,201,2026-06-06,mcd,2-1,nago,Ｇスタ,13697.0,2,1,7.0,7.0,230.3,Sunny,3-4-2-1,3-4-2-1,4.0,6.0,-2.0,0.0,0.0,1548.0837972463978,1523.1705373605325,24.913259885865273,19.3,15.9,3.4000000000000004,0.0,120.0,33.0,30.0,9.0,7.0,0.029789473684210522,0.037657894736842105,1.2684210526315791,1.4421052631578946,1.3894736842105262,1.1684210526315788,2.0,0.0,0.0,1,1,11.1,3.7,11.0,1.25,1.05,0.35,390.7,11.45,5.25,11.2,17.15,16.25,17.3,9.95,1.2,12.8,1.15,0.05,2.2600000000000002,8.4,17.15,28.7,1.1099999999999999,1.085,5.9,5.65,14.0,31.0,18.0,31.5,12.65,4.5,13.6,1.65,1.5,0.25,426.05,10.0,10.705882352941176,15.95,21.55,17.65,18.9,8.5,1.4,14.05,0.7,0.0,2.625,11.1,18.0,34.0,1.4,1.345,5.6,6.85,39.0,74.0,48.0,79.0,0.0,3.5,5.0,1.5,3.0,6.0,1.0,0.0,2.0,2.0,3_vs_3,0.0,0.0,0.0,0.0,0.0,0.0,0.0,0.0,0.0,0.0,0.0,0.0,0.0,0.0,0.0,0.0,0.0,0.0,0.0588235294117647,0.0294117647058823,0.2647058823529412,0.2058823529411764,0.0294117647058823,0.1842105263157894,0.0,0.1052631578947368,0.1470588235294117,0.0526315789473684,51.0,50.0,38.0,45.0,47.0,44.0,43.0,46.0,0.95,0.0,0.95,0.0
2026_special,201,2026-06-06,mito,0-1,ngsk,Ｋｓスタ,13697.0,0,1,7.0,7.0,357.7,Sunny,4-4-2,3-4-2-1,19.0,13.0,6.0,0.0,0.0,1440.6738624281431,1475.143293508586,-34.46943108044297,9.7,14.95,-5.25,82.0,80.0,14.0,23.0,0.0,7.0,0.026973684210526313,0.03452631578947368,1.2710526315789472,1.3605263157894738,1.1921052631578946,1.2289473684210528,0.5,0.0,0.0,-1,-1,10.6,3.1,11.25,0.95,1.8,0.1,427.6,10.8,11.647058823529411,11.3,19.55,14.4,18.6,10.15,1.6,13.3,1.55,0.3,2.54,8.3,14.15,30.25,0.975,1.33,5.9,6.35,35.0,64.0,38.0,72.0,10.4,3.3,14.25,1.05,1.4,0.2,388.0,9.45,11.647058823529411,9.35,25.9,14.65,19.7,9.45,2.3,15.25,1.1,0.05,2.38,8.4,14.1,31.8,1.175,1.575,5.65,6.7,35.0,64.0,38.0,72.0,0.0,4.0,5.0,2.0,4.0,5.0,2.0,0.0,2.0,2.0,4_vs_3,0.0526315789473684,0.0,0.2105263157894736,0.2105263157894736,0.0588235294117647,0.1842105263157894,0.0,0.0588235294117647,0.1052631578947368,0.0294117647058823,45.0,44.0,47.0,44.0,45.0,44.5,44.0,44.0,0.0526315789473684,0.0,0.2105263157894736,0.2105263157894736,0.0588235294117647,0.1842105263157894,0.0,0.0588235294117647,0.1052631578947368,0.0294117647058823,45.0,44.0,47.0,44.0,45.0,44.5,44.0,44.0,0.95,0.0,0.95,0.0
2026_special,201,2026-06-06,tk-v,2-4,g-os,味スタ,13697.0,2,4,7.0,7.0,383.2,Sunny,3-4-2-1,4-2-3-1,9.0,12.0,-3.0,0.0,0.0,1497.6481021192521,1497.01627920824,0.6318229110122502,8.7,15.43,-6.73,120.5,85.0,26.0,24.0,5.0,7.0,0.0235,0.037684210526315785,1.2,1.5105263157894737,1.3447368421052632,1.2289473684210528,1.0,0.0,0.0,-2,-1,9.2,2.65,9.8,1.0,1.3,0.3,353.25,8.25,6.052631578947368,10.2,22.1,18.4,20.9,11.05,1.4,16.05,1.0,0.0,2.2,7.4,14.3,26.8,0.8400000000000001,1.065,5.95,7.2,15.0,26.5,19.0,33.5,12.0,4.8,11.35,1.35,1.15,0.2,446.15,11.85,10.794117647058824,12.2,22.55,15.15,20.7,10.0,1.65,14.5,1.2,0.1,2.785,10.65,16.6,39.05,1.295,1.285,5.65,6.2,38.0,67.0,50.0,83.0,0.0,3.0,6.0,1.0,4.0,4.0,2.0,1.0,2.0,2.0,3_vs_4,0.0789473684210526,0.0394736842105263,0.19736842105263155,0.0789473684210526,0.0657894736842105,0.0789473684210526,0.0,0.0789473684210526,0.0394736842105263,0.0131578947368421,22.5,22.5,23.0,19.5,22.5,21.0,22.0,25.0,0.131578947368421,0.0263157894736842,0.2631578947368421,0.1764705882352941,0.0588235294117647,0.1764705882352941,0.0263157894736842,0.1470588235294117,0.1470588235294117,0.0294117647058823,41.0,45.0,49.0,49.0,43.0,47.0,55.0,47.0,0.95,0.0,0.95,0.0
2026_special,201,2026-06-06,uraw,0-2,okay,埼玉,13697.0,0,2,6.0,6.0,0.0,Sunny,4-2-3-1,3-4-2-1,8.0,10.0,-2.0,0.0,0.0,1499.3060174784428,1503.9183063323003,-4.612288853857535,17.73,11.2,6.530000000000001,93.0,127.0,26.0,25.0,8.0,7.0,0.03781578947368421,0.032973684210526315,1.3315789473684212,1.305263157894737,1.4184210526315788,1.2947368421052632,1.0,0.0,0.0,-2,-1,12.9,3.95,12.3,1.3,0.95,0.35,450.6,10.85,13.205882352941176,12.6,19.9,17.3,18.55,9.65,1.4,12.25,0.8,0.0,2.63,9.95,17.15,30.7,1.285,1.145,5.8,7.15,39.0,78.0,45.0,83.0,11.6,3.5,10.65,1.25,1.3,0.25,302.05,9.95,0.0,16.2,25.4,15.7,21.5,12.95,1.55,19.0,1.2,0.05,2.1399999999999997,9.35,14.5,32.8,1.3,1.085,5.65,7.0,0.0,0.0,0.0,0.0,0.0,4.0,5.0,1.0,3.0,6.0,1.0,0.0,2.0,2.0,4_vs_3,0.1842105263157894,0.0294117647058823,0.2352941176470588,0.2352941176470588,0.1176470588235294,0.2368421052631578,0.0263157894736842,0.0526315789473684,0.1470588235294117,0.0263157894736842,46.0,43.0,52.0,42.0,42.0,45.0,53.0,63.0,0.0,0.0,0.0,0.0,0.0,0.0,0.0,0.0,0.0,0.0,0.0,0.0,0.0,0.0,0.0,0.0,0.0,0.0,0.95,0.0,0.95,0.0
2026_special,201,2026-06-06,y-fm,3-0,shim,日産ス,13697.0,3,0,6.0,6.0,222.2,Sunny,4-2-1-3,4-1-2-3,15.0,16.0,-1.0,0.0,0.0,1472.2653930888405,1478.0354137476809,-5.770020658840394,14.43,12.9,1.5299999999999994,0.0,85.0,21.0,21.0,5.0,3.0,0.03160526315789474,0.030605263157894736,1.3263157894736841,1.3763157894736842,1.3447368421052632,1.3526315789473684,1.0,0.0,0.0,3,1,10.7,2.85,9.85,1.45,1.5,0.15,360.95,10.0,17.205882352941178,13.0,21.35,17.0,17.1,10.5,1.0,14.45,0.8,0.05,2.3850000000000002,8.65,15.9,25.0,1.135,1.075,5.8,6.7,48.0,89.0,44.0,90.0,10.1,2.6,11.2,1.0,1.1,0.15,387.4,7.35,8.421052631578947,14.15,22.15,15.35,18.5,8.85,1.8,20.75,0.95,0.05,2.4850000000000003,8.0,13.6,35.95,1.1,1.27,5.6,6.3,39.0,71.0,49.0,83.0,0.0,4.0,3.0,3.0,4.0,4.0,2.0,-1.0,2.0,2.0,4_vs_4,0.0,0.0,0.0,0.0,0.0,0.0,0.0,0.0,0.0,0.0,0.0,0.0,0.0,0.0,0.0,0.0,0.0,0.0,0.0,0.0,0.3421052631578947,0.2105263157894736,0.0,0.131578947368421,0.0,0.0526315789473684,0.088235294117647,0.088235294117647,35.0,34.0,47.0,47.0,36.0,44.0,42.0,53.0,0.95,0.0,0.95,0.0
2026_special,201,2026-06-06,kasw,0-1,kyot,三協Ｆ柏,13697.0,0,1,7.0,7.0,367.5,Sunny,3-4-2-1,4-1-2-3,14.0,17.0,-3.0,0.0,0.0,1477.6195650650138,1461.2239999942085,16.395565070805333,18.45,15.73,2.719999999999999,101.0,110.5,22.0,20.0,12.0,3.0,0.03671052631578947,0.02923684210526316,1.3289473684210527,1.4289473684210525,1.4263157894736842,1.2157894736842105,4.0,0.0,0.0,-1,-1,12.4,3.7,10.95,1.35,1.3,0.25,529.9,12.15,13.263157894736842,14.9,19.75,16.3,15.75,7.65,1.25,10.65,0.7,0.1,2.75,12.8,17.7,31.45,1.3599999999999999,1.175,6.0,6.85,39.0,80.0,47.0,82.0,12.25,4.2,12.5,1.05,1.6,0.1,371.5,8.15,10.43498452012384,13.5,23.7,17.15,21.15,11.3,1.3,17.8,2.25,0.05,2.6350000000000002,10.2,15.8,35.8,1.105,1.5,5.75,7.85,27.0,53.0,36.5,80.0,0.0,3.0,5.0,2.0,4.0,3.0,3.0,1.0,2.0,2.0,3_vs_4,0.0526315789473684,0.0,0.1842105263157894,0.2105263157894736,0.2058823529411764,0.1842105263157894,0.0588235294117647,0.0588235294117647,0.1764705882352941,0.0588235294117647,50.0,43.0,54.0,45.0,55.0,63.0,43.0,43.0,0.02786377708978325,0.0,0.2376160990712074,0.2105263157894736,0.07043343653250769,0.0588235294117647,0.0,0.0719814241486068,0.1176470588235294,0.01470588235294115,56.0,35.5,54.5,60.0,56.0,46.0,36.0,38.0,0.95,0.0,0.95,0.0
2026_special,201,2026-06-06,ka-f,0-1,hiro,Ｕ等々力,13697.0,0,1,7.0,7.0,639.0,Sunny,4-2-3-1,3-4-2-1,11.0,5.0,6.0,0.0,0.0,1491.2307915121442,1529.8785426286654,-38.64775111652125,21.3,20.9,0.40000000000000213,114.0,117.0,25.0,31.0,7.0,13.0,0.030815789473684213,0.05026315789473684,1.3710526315789473,1.3315789473684212,1.5157894736842106,1.368421052631579,1.5,0.0,0.0,-1,-1,11.2,3.3,13.6,1.2,1.45,0.15,485.75,9.3,15.68421052631579,13.3,19.05,14.4,18.1,7.7,1.5,10.15,0.7,0.0,2.5300000000000002,10.95,14.3,31.55,1.1300000000000001,1.48,5.7,6.05,42.0,70.0,44.0,82.0,15.3,4.4,9.3,1.55,1.1,0.2,434.8,8.55,14.705882352941176,16.5,17.55,15.85,20.35,10.6,1.4,17.9,1.0,0.0,2.6149999999999998,12.5,14.8,38.7,1.7399999999999998,1.0550000000000002,5.55,6.55,40.0,76.0,46.0,87.0,0.0,4.0,3.0,3.0,3.0,6.0,1.0,-1.0,2.0,2.0,4_vs_3,0.1764705882352941,0.0294117647058823,0.3421052631578947,0.4117647058823529,0.131578947368421,0.3529411764705882,0.0294117647058823,0.088235294117647,0.1764705882352941,0.1176470588235294,51.0,63.0,59.0,53.0,51.0,41.0,73.0,53.0,0.1052631578947368,0.0526315789473684,0.3421052631578947,0.2941176470588235,0.1764705882352941,0.2352941176470588,0.0526315789473684,0.088235294117647,0.1176470588235294,0.0294117647058823,72.0,60.0,54.0,66.0,74.0,62.0,54.0,41.0,0.95,0.0,0.95,0.0
